scene_id,bank_id,base_map_cluster_id,canonical_base_map_digest,regenerated_canonical_base_map_digest,observation_noise_binding_sha256,regenerated_observation_noise_binding_sha256,role,maps_match,canonical_foundation_identity_match,csi_repeat_match,observation_noise_seed_binding_match,csi_clean_match,noop_maps_match,path_power_match,noop_path_power_match,free_space_match,phase_reference_ids_match,phase_reference_values_match,phase_reference_source_sha256_match,path_ids_match,path_surface_ids_match,noop_path_ids_match,noop_path_surface_ids_match,passed,artifact_label,dataset_sha256,config_sha256,fixture,scientific_use,source_tree_sha256,requirements_lock_sha256,runtime_provenance_sha256
osm-sionna-source-chicago-bank-00,osm-sionna-source-chicago-bank-00,osm-foundation-source-chicago-00,833851c9a59ecf9ce091a382694cef9e85639c00b5a2d7b3b4b1be6d68b8f58a,833851c9a59ecf9ce091a382694cef9e85639c00b5a2d7b3b4b1be6d68b8f58a,6f3579bf075c2d7bebca39988b54a76cea785c645b96de314ebfd25055da6d74,6f3579bf075c2d7bebca39988b54a76cea785c645b96de314ebfd25055da6d74,source_encoder_train,True,True,True,True,True,True,True,True,True,True,True,True,True,True,True,True,True,csi-pairs-formal-v2.1-v6,060d8671380acaf43bd0beb2c77ac5c6ec112e4ddc083451ab36a5916b7c9cac,3424a269a751f219f4897b969db7cc13d2236fc72e8e2ccb663dec8d7f8f477c,False,CANDIDATE_NOT_CLAIM,8e8eaf212578b3dc624e40d1d979f0c37787afa3e7e464eac52d5b68610dfe07,9548a24a4faf5db17b5251df407b4402de033ae8648ec321c850fe6105002cf1,b932e19891ce63535cf1714a6b3adb0ade296d0a6a6326a4aebf3c1041117a30
osm-sionna-source-chicago-bank-01,osm-sionna-source-chicago-bank-01,osm-foundation-source-chicago-01,99c878fc6a182adaf71eacb3734ea1cd1c6dff555d74f5dcfc2826dcd3916327,99c878fc6a182adaf71eacb3734ea1cd1c6dff555d74f5dcfc2826dcd3916327,bb5b5961618890fceb5acb0cac3be690c6e36a6500b44305e6620ae9dc195462,bb5b5961618890fceb5acb0cac3be690c6e36a6500b44305e6620ae9dc195462,source_encoder_train,True,True,True,True,True,True,True,True,True,True,True,True,True,True,True,True,True,csi-pairs-formal-v2.1-v6,060d8671380acaf43bd0beb2c77ac5c6ec112e4ddc083451ab36a5916b7c9cac,3424a269a751f219f4897b969db7cc13d2236fc72e8e2ccb663dec8d7f8f477c,False,CANDIDATE_NOT_CLAIM,8e8eaf212578b3dc624e40d1d979f0c37787afa3e7e464eac52d5b68610dfe07,9548a24a4faf5db17b5251df407b4402de033ae8648ec321c850fe6105002cf1,b932e19891ce63535cf1714a6b3adb0ade296d0a6a6326a4aebf3c1041117a30
osm-sionna-source-chicago-bank-02,osm-sionna-source-chicago-bank-02,osm-foundation-source-chicago-02,137ed20e929c97fbc72ec864c24c0ce3b03ec2116eb5f250d0b5a2adb1cedd82,137ed20e929c97fbc72ec864c24c0ce3b03ec2116eb5f250d0b5a2adb1cedd82,8c628ea26592e79019b840a2c33d121ca87f5a17a95873ffd343440682e1138c,8c628ea26592e79019b840a2c33d121ca87f5a17a95873ffd343440682e1138c,source_encoder_train,True,True,True,True,True,True,True,True,True,True,True,True,True,True,True,True,True,csi-pairs-formal-v2.1-v6,060d8671380acaf43bd0beb2c77ac5c6ec112e4ddc083451ab36a5916b7c9cac,3424a269a751f219f4897b969db7cc13d2236fc72e8e2ccb663dec8d7f8f477c,False,CANDIDATE_NOT_CLAIM,8e8eaf212578b3dc624e40d1d979f0c37787afa3e7e464eac52d5b68610dfe07,9548a24a4faf5db17b5251df407b4402de033ae8648ec321c850fe6105002cf1,b932e19891ce63535cf1714a6b3adb0ade296d0a6a6326a4aebf3c1041117a30
osm-sionna-source-chicago-bank-03,osm-sionna-source-chicago-bank-03,osm-foundation-source-chicago-03,ee31fc1ea9ecf0c7142c84c52a7ca08eb0a89c5d6ee61a4e51edffde57be7de8,ee31fc1ea9ecf0c7142c84c52a7ca08eb0a89c5d6ee61a4e51edffde57be7de8,39e7be977272c3e9e79d54cf26b7ca8df64d6750e21af6c014a166e618a92951,39e7be977272c3e9e79d54cf26b7ca8df64d6750e21af6c014a166e618a92951,source_encoder_train,True,True,True,True,True,True,True,True,True,True,True,True,True,True,True,True,True,csi-pairs-formal-v2.1-v6,060d8671380acaf43bd0beb2c77ac5c6ec112e4ddc083451ab36a5916b7c9cac,3424a269a751f219f4897b969db7cc13d2236fc72e8e2ccb663dec8d7f8f477c,False,CANDIDATE_NOT_CLAIM,8e8eaf212578b3dc624e40d1d979f0c37787afa3e7e464eac52d5b68610dfe07,9548a24a4faf5db17b5251df407b4402de033ae8648ec321c850fe6105002cf1,b932e19891ce63535cf1714a6b3adb0ade296d0a6a6326a4aebf3c1041117a30
osm-sionna-source-chicago-bank-04,osm-sionna-source-chicago-bank-04,osm-foundation-source-chicago-04,8b47740e768ba4606828d8ef537c985054836627bb8b345adbc61e1c1a8d19f5,8b47740e768ba4606828d8ef537c985054836627bb8b345adbc61e1c1a8d19f5,727d8a8bde1bab0054a0c394d8defb264cee7d7c852b01b88191f06e2464c75e,727d8a8bde1bab0054a0c394d8defb264cee7d7c852b01b88191f06e2464c75e,source_encoder_train,True,True,True,True,True,True,True,True,True,True,True,True,True,True,True,True,True,csi-pairs-formal-v2.1-v6,060d8671380acaf43bd0beb2c77ac5c6ec112e4ddc083451ab36a5916b7c9cac,3424a269a751f219f4897b969db7cc13d2236fc72e8e2ccb663dec8d7f8f477c,False,CANDIDATE_NOT_CLAIM,8e8eaf212578b3dc624e40d1d979f0c37787afa3e7e464eac52d5b68610dfe07,9548a24a4faf5db17b5251df407b4402de033ae8648ec321c850fe6105002cf1,b932e19891ce63535cf1714a6b3adb0ade296d0a6a6326a4aebf3c1041117a30
osm-sionna-source-chicago-bank-05,osm-sionna-source-chicago-bank-05,osm-foundation-source-chicago-05,64d5b7145838e6d9e9793e124c6676beefafd4c18656175ca8bae1b6fafc9c23,64d5b7145838e6d9e9793e124c6676beefafd4c18656175ca8bae1b6fafc9c23,51947e88296819e5564ad4dd0a58547a341cbaebf1c9883e85028d22c400de92,51947e88296819e5564ad4dd0a58547a341cbaebf1c9883e85028d22c400de92,source_encoder_train,True,True,True,True,True,True,True,True,True,True,True,True,True,True,True,True,True,csi-pairs-formal-v2.1-v6,060d8671380acaf43bd0beb2c77ac5c6ec112e4ddc083451ab36a5916b7c9cac,3424a269a751f219f4897b969db7cc13d2236fc72e8e2ccb663dec8d7f8f477c,False,CANDIDATE_NOT_CLAIM,8e8eaf212578b3dc624e40d1d979f0c37787afa3e7e464eac52d5b68610dfe07,9548a24a4faf5db17b5251df407b4402de033ae8648ec321c850fe6105002cf1,b932e19891ce63535cf1714a6b3adb0ade296d0a6a6326a4aebf3c1041117a30
osm-sionna-source-chicago-bank-06,osm-sionna-source-chicago-bank-06,osm-foundation-source-chicago-06,ccdd239147e070748cd47894b72c3a28036b0e4136d3bcfd0d3ce0cafb987bb1,ccdd239147e070748cd47894b72c3a28036b0e4136d3bcfd0d3ce0cafb987bb1,99dade40a5c6c7745d5c722fbf6744e793fcfe55b218a9812d84227b803026d7,99dade40a5c6c7745d5c722fbf6744e793fcfe55b218a9812d84227b803026d7,source_encoder_train,True,True,True,True,True,True,True,True,True,True,True,True,True,True,True,True,True,csi-pairs-formal-v2.1-v6,060d8671380acaf43bd0beb2c77ac5c6ec112e4ddc083451ab36a5916b7c9cac,3424a269a751f219f4897b969db7cc13d2236fc72e8e2ccb663dec8d7f8f477c,False,CANDIDATE_NOT_CLAIM,8e8eaf212578b3dc624e40d1d979f0c37787afa3e7e464eac52d5b68610dfe07,9548a24a4faf5db17b5251df407b4402de033ae8648ec321c850fe6105002cf1,b932e19891ce63535cf1714a6b3adb0ade296d0a6a6326a4aebf3c1041117a30
osm-sionna-source-chicago-bank-07,osm-sionna-source-chicago-bank-07,osm-foundation-source-chicago-07,7debdc1f3236883069b486dea5fdc70be82cfebede9b05e98bf6561cc514c94f,7debdc1f3236883069b486dea5fdc70be82cfebede9b05e98bf6561cc514c94f,4d5e822863e86727af0947cf8ad23f9ce08adc50e1674cf3c96e6d9892c110d2,4d5e822863e86727af0947cf8ad23f9ce08adc50e1674cf3c96e6d9892c110d2,source_encoder_train,True,True,True,True,True,True,True,True,True,True,True,True,True,True,True,True,True,csi-pairs-formal-v2.1-v6,060d8671380acaf43bd0beb2c77ac5c6ec112e4ddc083451ab36a5916b7c9cac,3424a269a751f219f4897b969db7cc13d2236fc72e8e2ccb663dec8d7f8f477c,False,CANDIDATE_NOT_CLAIM,8e8eaf212578b3dc624e40d1d979f0c37787afa3e7e464eac52d5b68610dfe07,9548a24a4faf5db17b5251df407b4402de033ae8648ec321c850fe6105002cf1,b932e19891ce63535cf1714a6b3adb0ade296d0a6a6326a4aebf3c1041117a30
osm-sionna-source-chicago-bank-08,osm-sionna-source-chicago-bank-08,osm-foundation-source-chicago-08,6f886b083845ff9b21b671af995058b5bd4b8c8fe8d4cb38e33ee391bbb0351a,6f886b083845ff9b21b671af995058b5bd4b8c8fe8d4cb38e33ee391bbb0351a,74d29f31f0fe7190495531fd19a6f60ef5f592d23a5df55f27f6bc9c236887a6,74d29f31f0fe7190495531fd19a6f60ef5f592d23a5df55f27f6bc9c236887a6,source_encoder_train,True,True,True,True,True,True,True,True,True,True,True,True,True,True,True,True,True,csi-pairs-formal-v2.1-v6,060d8671380acaf43bd0beb2c77ac5c6ec112e4ddc083451ab36a5916b7c9cac,3424a269a751f219f4897b969db7cc13d2236fc72e8e2ccb663dec8d7f8f477c,False,CANDIDATE_NOT_CLAIM,8e8eaf212578b3dc624e40d1d979f0c37787afa3e7e464eac52d5b68610dfe07,9548a24a4faf5db17b5251df407b4402de033ae8648ec321c850fe6105002cf1,b932e19891ce63535cf1714a6b3adb0ade296d0a6a6326a4aebf3c1041117a30
osm-sionna-source-chicago-bank-09,osm-sionna-source-chicago-bank-09,osm-foundation-source-chicago-09,5077c285bffba9e2894f8b547da6c22841c0fd7b3ae01ce5c03bb48770c458ac,5077c285bffba9e2894f8b547da6c22841c0fd7b3ae01ce5c03bb48770c458ac,bd56cf7f2051bb2abee33d6e219fc4233b9a7fba6d1290ca3b4af0ddfe1688b7,bd56cf7f2051bb2abee33d6e219fc4233b9a7fba6d1290ca3b4af0ddfe1688b7,source_encoder_train,True,True,True,True,True,True,True,True,True,True,True,True,True,True,True,True,True,csi-pairs-formal-v2.1-v6,060d8671380acaf43bd0beb2c77ac5c6ec112e4ddc083451ab36a5916b7c9cac,3424a269a751f219f4897b969db7cc13d2236fc72e8e2ccb663dec8d7f8f477c,False,CANDIDATE_NOT_CLAIM,8e8eaf212578b3dc624e40d1d979f0c37787afa3e7e464eac52d5b68610dfe07,9548a24a4faf5db17b5251df407b4402de033ae8648ec321c850fe6105002cf1,b932e19891ce63535cf1714a6b3adb0ade296d0a6a6326a4aebf3c1041117a30
osm-sionna-source-chicago-bank-10,osm-sionna-source-chicago-bank-10,osm-foundation-source-chicago-10,02d2e23292781edeb453a45f742e85bdb011b113acbab5e3bbd9f86fc9e5268d,02d2e23292781edeb453a45f742e85bdb011b113acbab5e3bbd9f86fc9e5268d,510e64ea644d3e4c296ca5019957e7624971e8396da51d28c88587f670b8a837,510e64ea644d3e4c296ca5019957e7624971e8396da51d28c88587f670b8a837,source_encoder_train,True,True,True,True,True,True,True,True,True,True,True,True,True,True,True,True,True,csi-pairs-formal-v2.1-v6,060d8671380acaf43bd0beb2c77ac5c6ec112e4ddc083451ab36a5916b7c9cac,3424a269a751f219f4897b969db7cc13d2236fc72e8e2ccb663dec8d7f8f477c,False,CANDIDATE_NOT_CLAIM,8e8eaf212578b3dc624e40d1d979f0c37787afa3e7e464eac52d5b68610dfe07,9548a24a4faf5db17b5251df407b4402de033ae8648ec321c850fe6105002cf1,b932e19891ce63535cf1714a6b3adb0ade296d0a6a6326a4aebf3c1041117a30
osm-sionna-source-chicago-bank-11,osm-sionna-source-chicago-bank-11,osm-foundation-source-chicago-11,22a60938100ed983fd0e853e6123b0a3c95a112c4cbddfd904207895a3fd3ace,22a60938100ed983fd0e853e6123b0a3c95a112c4cbddfd904207895a3fd3ace,090a811d2176fccdb7c5a46547d773406e81ce1aaa3fe0f232cb9a2f90b026f4,090a811d2176fccdb7c5a46547d773406e81ce1aaa3fe0f232cb9a2f90b026f4,source_encoder_train,True,True,True,True,True,True,True,True,True,True,True,True,True,True,True,True,True,csi-pairs-formal-v2.1-v6,060d8671380acaf43bd0beb2c77ac5c6ec112e4ddc083451ab36a5916b7c9cac,3424a269a751f219f4897b969db7cc13d2236fc72e8e2ccb663dec8d7f8f477c,False,CANDIDATE_NOT_CLAIM,8e8eaf212578b3dc624e40d1d979f0c37787afa3e7e464eac52d5b68610dfe07,9548a24a4faf5db17b5251df407b4402de033ae8648ec321c850fe6105002cf1,b932e19891ce63535cf1714a6b3adb0ade296d0a6a6326a4aebf3c1041117a30
osm-sionna-source-chicago-bank-12,osm-sionna-source-chicago-bank-12,osm-foundation-source-chicago-12,3ca8d3580f886ab1c7289b279e18bf0992e9296a2ee5b780fe06cf092d22a0d2,3ca8d3580f886ab1c7289b279e18bf0992e9296a2ee5b780fe06cf092d22a0d2,896a94d21e2fc48dcec9db0167e32ddf7b3ff9c8b982ff804a639db5edffa86b,896a94d21e2fc48dcec9db0167e32ddf7b3ff9c8b982ff804a639db5edffa86b,source_encoder_train,True,True,True,True,True,True,True,True,True,True,True,True,True,True,True,True,True,csi-pairs-formal-v2.1-v6,060d8671380acaf43bd0beb2c77ac5c6ec112e4ddc083451ab36a5916b7c9cac,3424a269a751f219f4897b969db7cc13d2236fc72e8e2ccb663dec8d7f8f477c,False,CANDIDATE_NOT_CLAIM,8e8eaf212578b3dc624e40d1d979f0c37787afa3e7e464eac52d5b68610dfe07,9548a24a4faf5db17b5251df407b4402de033ae8648ec321c850fe6105002cf1,b932e19891ce63535cf1714a6b3adb0ade296d0a6a6326a4aebf3c1041117a30
osm-sionna-source-chicago-bank-13,osm-sionna-source-chicago-bank-13,osm-foundation-source-chicago-13,0c7ee484bd64815fccd3c277a234c1a68fb1c57dd263898d4c95c4c5d66cbeff,0c7ee484bd64815fccd3c277a234c1a68fb1c57dd263898d4c95c4c5d66cbeff,7bf5f0fc53fbffbc162ce8fd5d3482c650adf47261aa8dc993e7df9c78da8e7e,7bf5f0fc53fbffbc162ce8fd5d3482c650adf47261aa8dc993e7df9c78da8e7e,source_encoder_train,True,True,True,True,True,True,True,True,True,True,True,True,True,True,True,True,True,csi-pairs-formal-v2.1-v6,060d8671380acaf43bd0beb2c77ac5c6ec112e4ddc083451ab36a5916b7c9cac,3424a269a751f219f4897b969db7cc13d2236fc72e8e2ccb663dec8d7f8f477c,False,CANDIDATE_NOT_CLAIM,8e8eaf212578b3dc624e40d1d979f0c37787afa3e7e464eac52d5b68610dfe07,9548a24a4faf5db17b5251df407b4402de033ae8648ec321c850fe6105002cf1,b932e19891ce63535cf1714a6b3adb0ade296d0a6a6326a4aebf3c1041117a30
osm-sionna-source-chicago-bank-14,osm-sionna-source-chicago-bank-14,osm-foundation-source-chicago-14,191f6454829c4f56d97f4fda6bd56d9709a2cbd8ae77a3286af068b18a492a58,191f6454829c4f56d97f4fda6bd56d9709a2cbd8ae77a3286af068b18a492a58,3c40980043c64e64b4d16f7bce21ef028000f529b60f8fdf4d1c54da1e6c528d,3c40980043c64e64b4d16f7bce21ef028000f529b60f8fdf4d1c54da1e6c528d,source_encoder_train,True,True,True,True,True,True,True,True,True,True,True,True,True,True,True,True,True,csi-pairs-formal-v2.1-v6,060d8671380acaf43bd0beb2c77ac5c6ec112e4ddc083451ab36a5916b7c9cac,3424a269a751f219f4897b969db7cc13d2236fc72e8e2ccb663dec8d7f8f477c,False,CANDIDATE_NOT_CLAIM,8e8eaf212578b3dc624e40d1d979f0c37787afa3e7e464eac52d5b68610dfe07,9548a24a4faf5db17b5251df407b4402de033ae8648ec321c850fe6105002cf1,b932e19891ce63535cf1714a6b3adb0ade296d0a6a6326a4aebf3c1041117a30
osm-sionna-source-chicago-bank-15,osm-sionna-source-chicago-bank-15,osm-foundation-source-chicago-15,1f50d6d6ff56259d82fef5235b0a0ed43bccbe7dc2515bc7fe0d966b9bdcb4df,1f50d6d6ff56259d82fef5235b0a0ed43bccbe7dc2515bc7fe0d966b9bdcb4df,ad2b3b03930ecf3e4d24b0fbf134d4ac64ebd9a34708edb43e6db7880f17c544,ad2b3b03930ecf3e4d24b0fbf134d4ac64ebd9a34708edb43e6db7880f17c544,source_encoder_train,True,True,True,True,True,True,True,True,True,True,True,True,True,True,True,True,True,csi-pairs-formal-v2.1-v6,060d8671380acaf43bd0beb2c77ac5c6ec112e4ddc083451ab36a5916b7c9cac,3424a269a751f219f4897b969db7cc13d2236fc72e8e2ccb663dec8d7f8f477c,False,CANDIDATE_NOT_CLAIM,8e8eaf212578b3dc624e40d1d979f0c37787afa3e7e464eac52d5b68610dfe07,9548a24a4faf5db17b5251df407b4402de033ae8648ec321c850fe6105002cf1,b932e19891ce63535cf1714a6b3adb0ade296d0a6a6326a4aebf3c1041117a30
osm-sionna-source-austin-bank-00,osm-sionna-source-austin-bank-00,osm-foundation-source-austin-00,69fc020a5e73cea52c52b36fc057a8cdb0fb6de645802cfb7d82a2ef5862ce26,69fc020a5e73cea52c52b36fc057a8cdb0fb6de645802cfb7d82a2ef5862ce26,404cce22b0de139ae190bc53ed9b4641614021795c5a1f7e3de8cfba609d2610,404cce22b0de139ae190bc53ed9b4641614021795c5a1f7e3de8cfba609d2610,source_encoder_train,True,True,True,True,True,True,True,True,True,True,True,True,True,True,True,True,True,csi-pairs-formal-v2.1-v6,060d8671380acaf43bd0beb2c77ac5c6ec112e4ddc083451ab36a5916b7c9cac,3424a269a751f219f4897b969db7cc13d2236fc72e8e2ccb663dec8d7f8f477c,False,CANDIDATE_NOT_CLAIM,8e8eaf212578b3dc624e40d1d979f0c37787afa3e7e464eac52d5b68610dfe07,9548a24a4faf5db17b5251df407b4402de033ae8648ec321c850fe6105002cf1,b932e19891ce63535cf1714a6b3adb0ade296d0a6a6326a4aebf3c1041117a30
osm-sionna-source-austin-bank-01,osm-sionna-source-austin-bank-01,osm-foundation-source-austin-01,c63ed125481cbca0be678ecf088414ff517b3ef8449c440794ad65081df1d037,c63ed125481cbca0be678ecf088414ff517b3ef8449c440794ad65081df1d037,43e560837bde09353c7d15f448aacc97a688614079c5f371dfe0e027fdc55c6c,43e560837bde09353c7d15f448aacc97a688614079c5f371dfe0e027fdc55c6c,source_encoder_train,True,True,True,True,True,True,True,True,True,True,True,True,True,True,True,True,True,csi-pairs-formal-v2.1-v6,060d8671380acaf43bd0beb2c77ac5c6ec112e4ddc083451ab36a5916b7c9cac,3424a269a751f219f4897b969db7cc13d2236fc72e8e2ccb663dec8d7f8f477c,False,CANDIDATE_NOT_CLAIM,8e8eaf212578b3dc624e40d1d979f0c37787afa3e7e464eac52d5b68610dfe07,9548a24a4faf5db17b5251df407b4402de033ae8648ec321c850fe6105002cf1,b932e19891ce63535cf1714a6b3adb0ade296d0a6a6326a4aebf3c1041117a30
osm-sionna-source-austin-bank-02,osm-sionna-source-austin-bank-02,osm-foundation-source-austin-02,7dbe071072f75d44ba3925e364a8d467b5f0be7c70b5a7f442d3524c09c1a038,7dbe071072f75d44ba3925e364a8d467b5f0be7c70b5a7f442d3524c09c1a038,6a58840b23328f4dc592ca95cf6dff696ecb0d782dbe1802477735583a7c9ede,6a58840b23328f4dc592ca95cf6dff696ecb0d782dbe1802477735583a7c9ede,source_encoder_train,True,True,True,True,True,True,True,True,True,True,True,True,True,True,True,True,True,csi-pairs-formal-v2.1-v6,060d8671380acaf43bd0beb2c77ac5c6ec112e4ddc083451ab36a5916b7c9cac,3424a269a751f219f4897b969db7cc13d2236fc72e8e2ccb663dec8d7f8f477c,False,CANDIDATE_NOT_CLAIM,8e8eaf212578b3dc624e40d1d979f0c37787afa3e7e464eac52d5b68610dfe07,9548a24a4faf5db17b5251df407b4402de033ae8648ec321c850fe6105002cf1,b932e19891ce63535cf1714a6b3adb0ade296d0a6a6326a4aebf3c1041117a30
osm-sionna-source-austin-bank-03,osm-sionna-source-austin-bank-03,osm-foundation-source-austin-03,8cd99937677ab3d2889b33bbb53e69be66611310ab132b5370fac46ade6d34ee,8cd99937677ab3d2889b33bbb53e69be66611310ab132b5370fac46ade6d34ee,a82ecf83cf403c0da50fb5d17dc32964d26f2ee0489cc057dd80a634bec6649e,a82ecf83cf403c0da50fb5d17dc32964d26f2ee0489cc057dd80a634bec6649e,source_encoder_train,True,True,True,True,True,True,True,True,True,True,True,True,True,True,True,True,True,csi-pairs-formal-v2.1-v6,060d8671380acaf43bd0beb2c77ac5c6ec112e4ddc083451ab36a5916b7c9cac,3424a269a751f219f4897b969db7cc13d2236fc72e8e2ccb663dec8d7f8f477c,False,CANDIDATE_NOT_CLAIM,8e8eaf212578b3dc624e40d1d979f0c37787afa3e7e464eac52d5b68610dfe07,9548a24a4faf5db17b5251df407b4402de033ae8648ec321c850fe6105002cf1,b932e19891ce63535cf1714a6b3adb0ade296d0a6a6326a4aebf3c1041117a30
osm-sionna-source-austin-bank-04,osm-sionna-source-austin-bank-04,osm-foundation-source-austin-04,cb92c41943530a496b5d5e1a0db19d84034828b8dc06ca737597356b65def0ff,cb92c41943530a496b5d5e1a0db19d84034828b8dc06ca737597356b65def0ff,d8b232f47378021ba3f41d75a6dea15db885c5e02e8143c079aaf0f3d7b38fb3,d8b232f47378021ba3f41d75a6dea15db885c5e02e8143c079aaf0f3d7b38fb3,source_encoder_train,True,True,True,True,True,True,True,True,True,True,True,True,True,True,True,True,True,csi-pairs-formal-v2.1-v6,060d8671380acaf43bd0beb2c77ac5c6ec112e4ddc083451ab36a5916b7c9cac,3424a269a751f219f4897b969db7cc13d2236fc72e8e2ccb663dec8d7f8f477c,False,CANDIDATE_NOT_CLAIM,8e8eaf212578b3dc624e40d1d979f0c37787afa3e7e464eac52d5b68610dfe07,9548a24a4faf5db17b5251df407b4402de033ae8648ec321c850fe6105002cf1,b932e19891ce63535cf1714a6b3adb0ade296d0a6a6326a4aebf3c1041117a30
osm-sionna-source-austin-bank-05,osm-sionna-source-austin-bank-05,osm-foundation-source-austin-05,62fe6d56f23f5e9083bc782d17c22bd2045a63f82c8aae2add988da5163c9040,62fe6d56f23f5e9083bc782d17c22bd2045a63f82c8aae2add988da5163c9040,1f78113ca5f00db21a25f247fe499c9a5b35c09c2d65bbb82e40606072d09748,1f78113ca5f00db21a25f247fe499c9a5b35c09c2d65bbb82e40606072d09748,source_encoder_train,True,True,True,True,True,True,True,True,True,True,True,True,True,True,True,True,True,csi-pairs-formal-v2.1-v6,060d8671380acaf43bd0beb2c77ac5c6ec112e4ddc083451ab36a5916b7c9cac,3424a269a751f219f4897b969db7cc13d2236fc72e8e2ccb663dec8d7f8f477c,False,CANDIDATE_NOT_CLAIM,8e8eaf212578b3dc624e40d1d979f0c37787afa3e7e464eac52d5b68610dfe07,9548a24a4faf5db17b5251df407b4402de033ae8648ec321c850fe6105002cf1,b932e19891ce63535cf1714a6b3adb0ade296d0a6a6326a4aebf3c1041117a30
osm-sionna-source-austin-bank-06,osm-sionna-source-austin-bank-06,osm-foundation-source-austin-06,6bb2556c7bf4c6655afe6547d446144d38193d98b65d60fd6b28736693ecf4df,6bb2556c7bf4c6655afe6547d446144d38193d98b65d60fd6b28736693ecf4df,f338f6730280d1a45c427a55ae3a1dede674174cd600ec8f7c992f83e11712d9,f338f6730280d1a45c427a55ae3a1dede674174cd600ec8f7c992f83e11712d9,source_encoder_train,True,True,True,True,True,True,True,True,True,True,True,True,True,True,True,True,True,csi-pairs-formal-v2.1-v6,060d8671380acaf43bd0beb2c77ac5c6ec112e4ddc083451ab36a5916b7c9cac,3424a269a751f219f4897b969db7cc13d2236fc72e8e2ccb663dec8d7f8f477c,False,CANDIDATE_NOT_CLAIM,8e8eaf212578b3dc624e40d1d979f0c37787afa3e7e464eac52d5b68610dfe07,9548a24a4faf5db17b5251df407b4402de033ae8648ec321c850fe6105002cf1,b932e19891ce63535cf1714a6b3adb0ade296d0a6a6326a4aebf3c1041117a30
osm-sionna-source-austin-bank-07,osm-sionna-source-austin-bank-07,osm-foundation-source-austin-07,51d89eba4328bc773e0b5c350300ce82db653ed03974bd57375481d0d45874b6,51d89eba4328bc773e0b5c350300ce82db653ed03974bd57375481d0d45874b6,064799b92d665a0b6293cd56491337882546ebb10d09876f4635b9d53a79b58b,064799b92d665a0b6293cd56491337882546ebb10d09876f4635b9d53a79b58b,source_encoder_train,True,True,True,True,True,True,True,True,True,True,True,True,True,True,True,True,True,csi-pairs-formal-v2.1-v6,060d8671380acaf43bd0beb2c77ac5c6ec112e4ddc083451ab36a5916b7c9cac,3424a269a751f219f4897b969db7cc13d2236fc72e8e2ccb663dec8d7f8f477c,False,CANDIDATE_NOT_CLAIM,8e8eaf212578b3dc624e40d1d979f0c37787afa3e7e464eac52d5b68610dfe07,9548a24a4faf5db17b5251df407b4402de033ae8648ec321c850fe6105002cf1,b932e19891ce63535cf1714a6b3adb0ade296d0a6a6326a4aebf3c1041117a30
osm-sionna-source-austin-bank-08,osm-sionna-source-austin-bank-08,osm-foundation-source-austin-08,f5cfabc17112306238ad9bbb94fb69b5baa4a1485c6bfa6732430070fe96f132,f5cfabc17112306238ad9bbb94fb69b5baa4a1485c6bfa6732430070fe96f132,0cf34df7e2cd4dab65b49dea0f9c83f7fd6dfafa2310d75d682cee60a0b663db,0cf34df7e2cd4dab65b49dea0f9c83f7fd6dfafa2310d75d682cee60a0b663db,source_encoder_train,True,True,True,True,True,True,True,True,True,True,True,True,True,True,True,True,True,csi-pairs-formal-v2.1-v6,060d8671380acaf43bd0beb2c77ac5c6ec112e4ddc083451ab36a5916b7c9cac,3424a269a751f219f4897b969db7cc13d2236fc72e8e2ccb663dec8d7f8f477c,False,CANDIDATE_NOT_CLAIM,8e8eaf212578b3dc624e40d1d979f0c37787afa3e7e464eac52d5b68610dfe07,9548a24a4faf5db17b5251df407b4402de033ae8648ec321c850fe6105002cf1,b932e19891ce63535cf1714a6b3adb0ade296d0a6a6326a4aebf3c1041117a30
osm-sionna-source-austin-bank-09,osm-sionna-source-austin-bank-09,osm-foundation-source-austin-09,a9573b185b1a2cd7545b28baee3c016ebcee3a7451022e4089ab5965d8eaec98,a9573b185b1a2cd7545b28baee3c016ebcee3a7451022e4089ab5965d8eaec98,11878b82d0d09fa8d21b4af02d61d1800193fe112364a6ef2e5b0c115e835d35,11878b82d0d09fa8d21b4af02d61d1800193fe112364a6ef2e5b0c115e835d35,source_encoder_train,True,True,True,True,True,True,True,True,True,True,True,True,True,True,True,True,True,csi-pairs-formal-v2.1-v6,060d8671380acaf43bd0beb2c77ac5c6ec112e4ddc083451ab36a5916b7c9cac,3424a269a751f219f4897b969db7cc13d2236fc72e8e2ccb663dec8d7f8f477c,False,CANDIDATE_NOT_CLAIM,8e8eaf212578b3dc624e40d1d979f0c37787afa3e7e464eac52d5b68610dfe07,9548a24a4faf5db17b5251df407b4402de033ae8648ec321c850fe6105002cf1,b932e19891ce63535cf1714a6b3adb0ade296d0a6a6326a4aebf3c1041117a30
osm-sionna-source-austin-bank-10,osm-sionna-source-austin-bank-10,osm-foundation-source-austin-10,5101d5466ca8065fbef825265c75c3c6effa7705510086b4c757efe27147168f,5101d5466ca8065fbef825265c75c3c6effa7705510086b4c757efe27147168f,34184b90ad32da8df0cdffa4b664e78be1082a397897a0811ac6e9e3b67c0abc,34184b90ad32da8df0cdffa4b664e78be1082a397897a0811ac6e9e3b67c0abc,source_encoder_train,True,True,True,True,True,True,True,True,True,True,True,True,True,True,True,True,True,csi-pairs-formal-v2.1-v6,060d8671380acaf43bd0beb2c77ac5c6ec112e4ddc083451ab36a5916b7c9cac,3424a269a751f219f4897b969db7cc13d2236fc72e8e2ccb663dec8d7f8f477c,False,CANDIDATE_NOT_CLAIM,8e8eaf212578b3dc624e40d1d979f0c37787afa3e7e464eac52d5b68610dfe07,9548a24a4faf5db17b5251df407b4402de033ae8648ec321c850fe6105002cf1,b932e19891ce63535cf1714a6b3adb0ade296d0a6a6326a4aebf3c1041117a30
osm-sionna-source-austin-bank-11,osm-sionna-source-austin-bank-11,osm-foundation-source-austin-11,eb2f3dd4f0e631f2bd2356d38c70a890ce6ee4a432a71b6f145c012dd7f567b5,eb2f3dd4f0e631f2bd2356d38c70a890ce6ee4a432a71b6f145c012dd7f567b5,3a47d54c29116296698f83986a7c11e0a7be9510e0c537d84c8bab976f67ef08,3a47d54c29116296698f83986a7c11e0a7be9510e0c537d84c8bab976f67ef08,source_encoder_train,True,True,True,True,True,True,True,True,True,True,True,True,True,True,True,True,True,csi-pairs-formal-v2.1-v6,060d8671380acaf43bd0beb2c77ac5c6ec112e4ddc083451ab36a5916b7c9cac,3424a269a751f219f4897b969db7cc13d2236fc72e8e2ccb663dec8d7f8f477c,False,CANDIDATE_NOT_CLAIM,8e8eaf212578b3dc624e40d1d979f0c37787afa3e7e464eac52d5b68610dfe07,9548a24a4faf5db17b5251df407b4402de033ae8648ec321c850fe6105002cf1,b932e19891ce63535cf1714a6b3adb0ade296d0a6a6326a4aebf3c1041117a30
osm-sionna-source-austin-bank-12,osm-sionna-source-austin-bank-12,osm-foundation-source-austin-12,7d5150dcaf4c11b16471f86f62aaf73af5394cf06378c464fb8da0ab45d6cabd,7d5150dcaf4c11b16471f86f62aaf73af5394cf06378c464fb8da0ab45d6cabd,f52d0d00189ee03f9bb84f087727965b3140810869874348eef63a43729a1d02,f52d0d00189ee03f9bb84f087727965b3140810869874348eef63a43729a1d02,source_encoder_train,True,True,True,True,True,True,True,True,True,True,True,True,True,True,True,True,True,csi-pairs-formal-v2.1-v6,060d8671380acaf43bd0beb2c77ac5c6ec112e4ddc083451ab36a5916b7c9cac,3424a269a751f219f4897b969db7cc13d2236fc72e8e2ccb663dec8d7f8f477c,False,CANDIDATE_NOT_CLAIM,8e8eaf212578b3dc624e40d1d979f0c37787afa3e7e464eac52d5b68610dfe07,9548a24a4faf5db17b5251df407b4402de033ae8648ec321c850fe6105002cf1,b932e19891ce63535cf1714a6b3adb0ade296d0a6a6326a4aebf3c1041117a30
osm-sionna-source-austin-bank-13,osm-sionna-source-austin-bank-13,osm-foundation-source-austin-13,69749ffadedf1affc71451b3aed753466361ebea7d7ac75d47ad251e41526632,69749ffadedf1affc71451b3aed753466361ebea7d7ac75d47ad251e41526632,c40e7464ac492ff574d0c6f39ba0ba5246f7d5a920fcc9376e4ac9fa999624ed,c40e7464ac492ff574d0c6f39ba0ba5246f7d5a920fcc9376e4ac9fa999624ed,source_encoder_train,True,True,True,True,True,True,True,True,True,True,True,True,True,True,True,True,True,csi-pairs-formal-v2.1-v6,060d8671380acaf43bd0beb2c77ac5c6ec112e4ddc083451ab36a5916b7c9cac,3424a269a751f219f4897b969db7cc13d2236fc72e8e2ccb663dec8d7f8f477c,False,CANDIDATE_NOT_CLAIM,8e8eaf212578b3dc624e40d1d979f0c37787afa3e7e464eac52d5b68610dfe07,9548a24a4faf5db17b5251df407b4402de033ae8648ec321c850fe6105002cf1,b932e19891ce63535cf1714a6b3adb0ade296d0a6a6326a4aebf3c1041117a30
osm-sionna-source-austin-bank-14,osm-sionna-source-austin-bank-14,osm-foundation-source-austin-14,ad6046535537c5c3e8f58868c4bd50a4c2fb2f5247db4af9e15812869ad52b9f,ad6046535537c5c3e8f58868c4bd50a4c2fb2f5247db4af9e15812869ad52b9f,d0fd999b8297a6a62f5dd42fb91cdd05260fb52cd3a8155177702fd9eb579b60,d0fd999b8297a6a62f5dd42fb91cdd05260fb52cd3a8155177702fd9eb579b60,source_encoder_train,True,True,True,True,True,True,True,True,True,True,True,True,True,True,True,True,True,csi-pairs-formal-v2.1-v6,060d8671380acaf43bd0beb2c77ac5c6ec112e4ddc083451ab36a5916b7c9cac,3424a269a751f219f4897b969db7cc13d2236fc72e8e2ccb663dec8d7f8f477c,False,CANDIDATE_NOT_CLAIM,8e8eaf212578b3dc624e40d1d979f0c37787afa3e7e464eac52d5b68610dfe07,9548a24a4faf5db17b5251df407b4402de033ae8648ec321c850fe6105002cf1,b932e19891ce63535cf1714a6b3adb0ade296d0a6a6326a4aebf3c1041117a30
osm-sionna-source-austin-bank-15,osm-sionna-source-austin-bank-15,osm-foundation-source-austin-15,85f232d812ddf5f9e907c25d923e8064cf8c2640a51df33ec80255629c49eb12,85f232d812ddf5f9e907c25d923e8064cf8c2640a51df33ec80255629c49eb12,1fa5df7dda019d66255c9b0d93e7b4e5b1fd944a35e8e33f2ad50f5209bd9e93,1fa5df7dda019d66255c9b0d93e7b4e5b1fd944a35e8e33f2ad50f5209bd9e93,source_encoder_train,True,True,True,True,True,True,True,True,True,True,True,True,True,True,True,True,True,csi-pairs-formal-v2.1-v6,060d8671380acaf43bd0beb2c77ac5c6ec112e4ddc083451ab36a5916b7c9cac,3424a269a751f219f4897b969db7cc13d2236fc72e8e2ccb663dec8d7f8f477c,False,CANDIDATE_NOT_CLAIM,8e8eaf212578b3dc624e40d1d979f0c37787afa3e7e464eac52d5b68610dfe07,9548a24a4faf5db17b5251df407b4402de033ae8648ec321c850fe6105002cf1,b932e19891ce63535cf1714a6b3adb0ade296d0a6a6326a4aebf3c1041117a30
osm-sionna-source-chicago-bank-16,osm-sionna-source-chicago-bank-16,osm-foundation-source-chicago-16,206fe5a43cf10f3c64cb4540820075e22084c23c4411432db02b8a77eeb7a5e5,206fe5a43cf10f3c64cb4540820075e22084c23c4411432db02b8a77eeb7a5e5,eae95b59160ad41c3eef1d8c9296463063f205d66b7c11fd92cf787ffd393701,eae95b59160ad41c3eef1d8c9296463063f205d66b7c11fd92cf787ffd393701,source_method_selection,True,True,True,True,True,True,True,True,True,True,True,True,True,True,True,True,True,csi-pairs-formal-v2.1-v6,060d8671380acaf43bd0beb2c77ac5c6ec112e4ddc083451ab36a5916b7c9cac,3424a269a751f219f4897b969db7cc13d2236fc72e8e2ccb663dec8d7f8f477c,False,CANDIDATE_NOT_CLAIM,8e8eaf212578b3dc624e40d1d979f0c37787afa3e7e464eac52d5b68610dfe07,9548a24a4faf5db17b5251df407b4402de033ae8648ec321c850fe6105002cf1,b932e19891ce63535cf1714a6b3adb0ade296d0a6a6326a4aebf3c1041117a30
osm-sionna-source-chicago-bank-17,osm-sionna-source-chicago-bank-17,osm-foundation-source-chicago-17,7cc1e57e9fe9fcae76b5c7e23382b94b65f2a18442e0990fff14b39935a69ed7,7cc1e57e9fe9fcae76b5c7e23382b94b65f2a18442e0990fff14b39935a69ed7,8c747d857b0814c81e2a57cf1e7d8566e23c6b72ac8be59b9970876746fdb660,8c747d857b0814c81e2a57cf1e7d8566e23c6b72ac8be59b9970876746fdb660,source_method_selection,True,True,True,True,True,True,True,True,True,True,True,True,True,True,True,True,True,csi-pairs-formal-v2.1-v6,060d8671380acaf43bd0beb2c77ac5c6ec112e4ddc083451ab36a5916b7c9cac,3424a269a751f219f4897b969db7cc13d2236fc72e8e2ccb663dec8d7f8f477c,False,CANDIDATE_NOT_CLAIM,8e8eaf212578b3dc624e40d1d979f0c37787afa3e7e464eac52d5b68610dfe07,9548a24a4faf5db17b5251df407b4402de033ae8648ec321c850fe6105002cf1,b932e19891ce63535cf1714a6b3adb0ade296d0a6a6326a4aebf3c1041117a30
osm-sionna-source-chicago-bank-18,osm-sionna-source-chicago-bank-18,osm-foundation-source-chicago-18,e4b88467673fb5306729b56c8531eee24d958292d8ce8081b2f0fcbd54800492,e4b88467673fb5306729b56c8531eee24d958292d8ce8081b2f0fcbd54800492,e45d48174e7bdd16eec0c0099ad72a15ed546a979578b404acdb879579246675,e45d48174e7bdd16eec0c0099ad72a15ed546a979578b404acdb879579246675,source_method_selection,True,True,True,True,True,True,True,True,True,True,True,True,True,True,True,True,True,csi-pairs-formal-v2.1-v6,060d8671380acaf43bd0beb2c77ac5c6ec112e4ddc083451ab36a5916b7c9cac,3424a269a751f219f4897b969db7cc13d2236fc72e8e2ccb663dec8d7f8f477c,False,CANDIDATE_NOT_CLAIM,8e8eaf212578b3dc624e40d1d979f0c37787afa3e7e464eac52d5b68610dfe07,9548a24a4faf5db17b5251df407b4402de033ae8648ec321c850fe6105002cf1,b932e19891ce63535cf1714a6b3adb0ade296d0a6a6326a4aebf3c1041117a30
osm-sionna-source-chicago-bank-19,osm-sionna-source-chicago-bank-19,osm-foundation-source-chicago-19,dd507730641c15b387f7e91dcb214700f51cb8b44a272031ee65cba674d819c9,dd507730641c15b387f7e91dcb214700f51cb8b44a272031ee65cba674d819c9,7a7d0e8302b3e7f54a622fa87be12fb906144a71b4a762f667b27863f1596403,7a7d0e8302b3e7f54a622fa87be12fb906144a71b4a762f667b27863f1596403,source_method_selection,True,True,True,True,True,True,True,True,True,True,True,True,True,True,True,True,True,csi-pairs-formal-v2.1-v6,060d8671380acaf43bd0beb2c77ac5c6ec112e4ddc083451ab36a5916b7c9cac,3424a269a751f219f4897b969db7cc13d2236fc72e8e2ccb663dec8d7f8f477c,False,CANDIDATE_NOT_CLAIM,8e8eaf212578b3dc624e40d1d979f0c37787afa3e7e464eac52d5b68610dfe07,9548a24a4faf5db17b5251df407b4402de033ae8648ec321c850fe6105002cf1,b932e19891ce63535cf1714a6b3adb0ade296d0a6a6326a4aebf3c1041117a30
osm-sionna-source-austin-bank-16,osm-sionna-source-austin-bank-16,osm-foundation-source-austin-16,e7b118bc1e2f9cf1d11fe6747734db8eef1def0210a1f47d4b88e1e0f8463f99,e7b118bc1e2f9cf1d11fe6747734db8eef1def0210a1f47d4b88e1e0f8463f99,8cd7572c6f3127f0c5cd221a97250cb04f2b82d9cfda64820a6aecb70ebc987c,8cd7572c6f3127f0c5cd221a97250cb04f2b82d9cfda64820a6aecb70ebc987c,source_method_selection,True,True,True,True,True,True,True,True,True,True,True,True,True,True,True,True,True,csi-pairs-formal-v2.1-v6,060d8671380acaf43bd0beb2c77ac5c6ec112e4ddc083451ab36a5916b7c9cac,3424a269a751f219f4897b969db7cc13d2236fc72e8e2ccb663dec8d7f8f477c,False,CANDIDATE_NOT_CLAIM,8e8eaf212578b3dc624e40d1d979f0c37787afa3e7e464eac52d5b68610dfe07,9548a24a4faf5db17b5251df407b4402de033ae8648ec321c850fe6105002cf1,b932e19891ce63535cf1714a6b3adb0ade296d0a6a6326a4aebf3c1041117a30
osm-sionna-source-austin-bank-17,osm-sionna-source-austin-bank-17,osm-foundation-source-austin-17,932285815ffd8710e471d81ae02e9c8aa5dc2eec6964f22a4eae366ed11fbff8,932285815ffd8710e471d81ae02e9c8aa5dc2eec6964f22a4eae366ed11fbff8,b1a8b7b301f277f0910622f87a03a21b3fd653da87bf65d375ffb4c9af9f3612,b1a8b7b301f277f0910622f87a03a21b3fd653da87bf65d375ffb4c9af9f3612,source_method_selection,True,True,True,True,True,True,True,True,True,True,True,True,True,True,True,True,True,csi-pairs-formal-v2.1-v6,060d8671380acaf43bd0beb2c77ac5c6ec112e4ddc083451ab36a5916b7c9cac,3424a269a751f219f4897b969db7cc13d2236fc72e8e2ccb663dec8d7f8f477c,False,CANDIDATE_NOT_CLAIM,8e8eaf212578b3dc624e40d1d979f0c37787afa3e7e464eac52d5b68610dfe07,9548a24a4faf5db17b5251df407b4402de033ae8648ec321c850fe6105002cf1,b932e19891ce63535cf1714a6b3adb0ade296d0a6a6326a4aebf3c1041117a30
osm-sionna-source-austin-bank-18,osm-sionna-source-austin-bank-18,osm-foundation-source-austin-18,96ff775aab26d3c539b6eed6ac108aadc9a5d333e53da4d4a329f10d60f785ea,96ff775aab26d3c539b6eed6ac108aadc9a5d333e53da4d4a329f10d60f785ea,9c4e4d6bf30148f8c2d86cf81e06a24082b6b81c4ac1e325699068912e70cd59,9c4e4d6bf30148f8c2d86cf81e06a24082b6b81c4ac1e325699068912e70cd59,source_method_selection,True,True,True,True,True,True,True,True,True,True,True,True,True,True,True,True,True,csi-pairs-formal-v2.1-v6,060d8671380acaf43bd0beb2c77ac5c6ec112e4ddc083451ab36a5916b7c9cac,3424a269a751f219f4897b969db7cc13d2236fc72e8e2ccb663dec8d7f8f477c,False,CANDIDATE_NOT_CLAIM,8e8eaf212578b3dc624e40d1d979f0c37787afa3e7e464eac52d5b68610dfe07,9548a24a4faf5db17b5251df407b4402de033ae8648ec321c850fe6105002cf1,b932e19891ce63535cf1714a6b3adb0ade296d0a6a6326a4aebf3c1041117a30
osm-sionna-source-austin-bank-19,osm-sionna-source-austin-bank-19,osm-foundation-source-austin-19,14b70a6ae04e4f818a577bec3fc2ee2d445f6be4d79b8245a292cd19d59e64b2,14b70a6ae04e4f818a577bec3fc2ee2d445f6be4d79b8245a292cd19d59e64b2,955fece40d65d2f7578dc837b6d553bc40d5b44e89784083deb6af127bc610ac,955fece40d65d2f7578dc837b6d553bc40d5b44e89784083deb6af127bc610ac,source_method_selection,True,True,True,True,True,True,True,True,True,True,True,True,True,True,True,True,True,csi-pairs-formal-v2.1-v6,060d8671380acaf43bd0beb2c77ac5c6ec112e4ddc083451ab36a5916b7c9cac,3424a269a751f219f4897b969db7cc13d2236fc72e8e2ccb663dec8d7f8f477c,False,CANDIDATE_NOT_CLAIM,8e8eaf212578b3dc624e40d1d979f0c37787afa3e7e464eac52d5b68610dfe07,9548a24a4faf5db17b5251df407b4402de033ae8648ec321c850fe6105002cf1,b932e19891ce63535cf1714a6b3adb0ade296d0a6a6326a4aebf3c1041117a30
osm-sionna-source-chicago-bank-20,osm-sionna-source-chicago-bank-20,osm-foundation-source-chicago-20,7f022cdd18a7d28c19874c18ddf17892e52ceb7723e8584a612fb149b94840f9,7f022cdd18a7d28c19874c18ddf17892e52ceb7723e8584a612fb149b94840f9,db472853003843bb0e9e28040ac68ca913bd4490d89a5203be468c0c24a85ffe,db472853003843bb0e9e28040ac68ca913bd4490d89a5203be468c0c24a85ffe,source_probe_train,True,True,True,True,True,True,True,True,True,True,True,True,True,True,True,True,True,csi-pairs-formal-v2.1-v6,060d8671380acaf43bd0beb2c77ac5c6ec112e4ddc083451ab36a5916b7c9cac,3424a269a751f219f4897b969db7cc13d2236fc72e8e2ccb663dec8d7f8f477c,False,CANDIDATE_NOT_CLAIM,8e8eaf212578b3dc624e40d1d979f0c37787afa3e7e464eac52d5b68610dfe07,9548a24a4faf5db17b5251df407b4402de033ae8648ec321c850fe6105002cf1,b932e19891ce63535cf1714a6b3adb0ade296d0a6a6326a4aebf3c1041117a30
osm-sionna-source-chicago-bank-21,osm-sionna-source-chicago-bank-21,osm-foundation-source-chicago-21,2bd139e74eaa087fbf845d7b958d893c5903870b130a89fed1d78cf9a9674f60,2bd139e74eaa087fbf845d7b958d893c5903870b130a89fed1d78cf9a9674f60,33488a2fee85886448fac6216f834cedbc6427d71a74750675fd8a45257188c6,33488a2fee85886448fac6216f834cedbc6427d71a74750675fd8a45257188c6,source_probe_train,True,True,True,True,True,True,True,True,True,True,True,True,True,True,True,True,True,csi-pairs-formal-v2.1-v6,060d8671380acaf43bd0beb2c77ac5c6ec112e4ddc083451ab36a5916b7c9cac,3424a269a751f219f4897b969db7cc13d2236fc72e8e2ccb663dec8d7f8f477c,False,CANDIDATE_NOT_CLAIM,8e8eaf212578b3dc624e40d1d979f0c37787afa3e7e464eac52d5b68610dfe07,9548a24a4faf5db17b5251df407b4402de033ae8648ec321c850fe6105002cf1,b932e19891ce63535cf1714a6b3adb0ade296d0a6a6326a4aebf3c1041117a30
osm-sionna-source-chicago-bank-22,osm-sionna-source-chicago-bank-22,osm-foundation-source-chicago-22,e4a4511edb9ac3578109d73dfc05cb97fb0517be94d38f82fe5a3f3e3760c541,e4a4511edb9ac3578109d73dfc05cb97fb0517be94d38f82fe5a3f3e3760c541,c970e9c46f5c00cebc82103901ca876e9ec87c5c6b2e190ec2b1ccaa10233908,c970e9c46f5c00cebc82103901ca876e9ec87c5c6b2e190ec2b1ccaa10233908,source_probe_train,True,True,True,True,True,True,True,True,True,True,True,True,True,True,True,True,True,csi-pairs-formal-v2.1-v6,060d8671380acaf43bd0beb2c77ac5c6ec112e4ddc083451ab36a5916b7c9cac,3424a269a751f219f4897b969db7cc13d2236fc72e8e2ccb663dec8d7f8f477c,False,CANDIDATE_NOT_CLAIM,8e8eaf212578b3dc624e40d1d979f0c37787afa3e7e464eac52d5b68610dfe07,9548a24a4faf5db17b5251df407b4402de033ae8648ec321c850fe6105002cf1,b932e19891ce63535cf1714a6b3adb0ade296d0a6a6326a4aebf3c1041117a30
osm-sionna-source-chicago-bank-23,osm-sionna-source-chicago-bank-23,osm-foundation-source-chicago-23,9cffe0ffaaf6e7f01d54c31012faad5c6c9663a8ab1b990016016d288e1f8749,9cffe0ffaaf6e7f01d54c31012faad5c6c9663a8ab1b990016016d288e1f8749,61b08d6d066ecd97efd2a7dde7abee70d0a52253e22d1e1a53f88195087412fe,61b08d6d066ecd97efd2a7dde7abee70d0a52253e22d1e1a53f88195087412fe,source_probe_train,True,True,True,True,True,True,True,True,True,True,True,True,True,True,True,True,True,csi-pairs-formal-v2.1-v6,060d8671380acaf43bd0beb2c77ac5c6ec112e4ddc083451ab36a5916b7c9cac,3424a269a751f219f4897b969db7cc13d2236fc72e8e2ccb663dec8d7f8f477c,False,CANDIDATE_NOT_CLAIM,8e8eaf212578b3dc624e40d1d979f0c37787afa3e7e464eac52d5b68610dfe07,9548a24a4faf5db17b5251df407b4402de033ae8648ec321c850fe6105002cf1,b932e19891ce63535cf1714a6b3adb0ade296d0a6a6326a4aebf3c1041117a30
osm-sionna-source-austin-bank-20,osm-sionna-source-austin-bank-20,osm-foundation-source-austin-20,954c805276a807ea0b561cb1d35b69832bae681cb53f625ac964976dbca05c60,954c805276a807ea0b561cb1d35b69832bae681cb53f625ac964976dbca05c60,a348120e4b5a15709ace6b3b0fa01ffd3a5358d71f535a59435a0bcb78110004,a348120e4b5a15709ace6b3b0fa01ffd3a5358d71f535a59435a0bcb78110004,source_probe_train,True,True,True,True,True,True,True,True,True,True,True,True,True,True,True,True,True,csi-pairs-formal-v2.1-v6,060d8671380acaf43bd0beb2c77ac5c6ec112e4ddc083451ab36a5916b7c9cac,3424a269a751f219f4897b969db7cc13d2236fc72e8e2ccb663dec8d7f8f477c,False,CANDIDATE_NOT_CLAIM,8e8eaf212578b3dc624e40d1d979f0c37787afa3e7e464eac52d5b68610dfe07,9548a24a4faf5db17b5251df407b4402de033ae8648ec321c850fe6105002cf1,b932e19891ce63535cf1714a6b3adb0ade296d0a6a6326a4aebf3c1041117a30
osm-sionna-source-austin-bank-21,osm-sionna-source-austin-bank-21,osm-foundation-source-austin-21,48f22d9351ced09a9d0eb1dbae20533a58327c5fd063c482d438be35ef65526a,48f22d9351ced09a9d0eb1dbae20533a58327c5fd063c482d438be35ef65526a,192e00f59d5daa3180bce9449aa9fe296ae07c7c6a631cace4e9adca3d20fe54,192e00f59d5daa3180bce9449aa9fe296ae07c7c6a631cace4e9adca3d20fe54,source_probe_train,True,True,True,True,True,True,True,True,True,True,True,True,True,True,True,True,True,csi-pairs-formal-v2.1-v6,060d8671380acaf43bd0beb2c77ac5c6ec112e4ddc083451ab36a5916b7c9cac,3424a269a751f219f4897b969db7cc13d2236fc72e8e2ccb663dec8d7f8f477c,False,CANDIDATE_NOT_CLAIM,8e8eaf212578b3dc624e40d1d979f0c37787afa3e7e464eac52d5b68610dfe07,9548a24a4faf5db17b5251df407b4402de033ae8648ec321c850fe6105002cf1,b932e19891ce63535cf1714a6b3adb0ade296d0a6a6326a4aebf3c1041117a30
osm-sionna-source-austin-bank-22,osm-sionna-source-austin-bank-22,osm-foundation-source-austin-22,5186a19482f8bcbf7e4b9e0a25e8654524438b0603e2b6ff97a1075874f166c4,5186a19482f8bcbf7e4b9e0a25e8654524438b0603e2b6ff97a1075874f166c4,fa2f3e765939a55bfb09d539e06b7b9407091e3fbda986d265b85197338b6199,fa2f3e765939a55bfb09d539e06b7b9407091e3fbda986d265b85197338b6199,source_probe_train,True,True,True,True,True,True,True,True,True,True,True,True,True,True,True,True,True,csi-pairs-formal-v2.1-v6,060d8671380acaf43bd0beb2c77ac5c6ec112e4ddc083451ab36a5916b7c9cac,3424a269a751f219f4897b969db7cc13d2236fc72e8e2ccb663dec8d7f8f477c,False,CANDIDATE_NOT_CLAIM,8e8eaf212578b3dc624e40d1d979f0c37787afa3e7e464eac52d5b68610dfe07,9548a24a4faf5db17b5251df407b4402de033ae8648ec321c850fe6105002cf1,b932e19891ce63535cf1714a6b3adb0ade296d0a6a6326a4aebf3c1041117a30
osm-sionna-source-austin-bank-23,osm-sionna-source-austin-bank-23,osm-foundation-source-austin-23,85c9be1f56a0fd745a55fed67da7263868b26a564d7f36a0d3edc566d1295415,85c9be1f56a0fd745a55fed67da7263868b26a564d7f36a0d3edc566d1295415,d8b4967238a2e06ad7c4dc71eae3ca8f55731635f7b254721710f03185186878,d8b4967238a2e06ad7c4dc71eae3ca8f55731635f7b254721710f03185186878,source_probe_train,True,True,True,True,True,True,True,True,True,True,True,True,True,True,True,True,True,csi-pairs-formal-v2.1-v6,060d8671380acaf43bd0beb2c77ac5c6ec112e4ddc083451ab36a5916b7c9cac,3424a269a751f219f4897b969db7cc13d2236fc72e8e2ccb663dec8d7f8f477c,False,CANDIDATE_NOT_CLAIM,8e8eaf212578b3dc624e40d1d979f0c37787afa3e7e464eac52d5b68610dfe07,9548a24a4faf5db17b5251df407b4402de033ae8648ec321c850fe6105002cf1,b932e19891ce63535cf1714a6b3adb0ade296d0a6a6326a4aebf3c1041117a30
osm-sionna-source-chicago-bank-24,osm-sionna-source-chicago-bank-24,osm-foundation-source-chicago-24,156ecf79f69df9237ba11fa437bcad0784ed3621b4540675a37385b4691d0aa5,156ecf79f69df9237ba11fa437bcad0784ed3621b4540675a37385b4691d0aa5,1e766f3a3a4bba0e3403ecb9440949ba30495f3d2e8331300a662923562d4b58,1e766f3a3a4bba0e3403ecb9440949ba30495f3d2e8331300a662923562d4b58,source_probe_selection,True,True,True,True,True,True,True,True,True,True,True,True,True,True,True,True,True,csi-pairs-formal-v2.1-v6,060d8671380acaf43bd0beb2c77ac5c6ec112e4ddc083451ab36a5916b7c9cac,3424a269a751f219f4897b969db7cc13d2236fc72e8e2ccb663dec8d7f8f477c,False,CANDIDATE_NOT_CLAIM,8e8eaf212578b3dc624e40d1d979f0c37787afa3e7e464eac52d5b68610dfe07,9548a24a4faf5db17b5251df407b4402de033ae8648ec321c850fe6105002cf1,b932e19891ce63535cf1714a6b3adb0ade296d0a6a6326a4aebf3c1041117a30
osm-sionna-source-chicago-bank-25,osm-sionna-source-chicago-bank-25,osm-foundation-source-chicago-25,2e5d739052b623724de7507c3ed29ebbcba2ddead6c3e2a0472f102020d73bce,2e5d739052b623724de7507c3ed29ebbcba2ddead6c3e2a0472f102020d73bce,ec26f0a30b00c0a482d435bdaba4175c28820cc918d54d8efce98e97f50cedda,ec26f0a30b00c0a482d435bdaba4175c28820cc918d54d8efce98e97f50cedda,source_probe_selection,True,True,True,True,True,True,True,True,True,True,True,True,True,True,True,True,True,csi-pairs-formal-v2.1-v6,060d8671380acaf43bd0beb2c77ac5c6ec112e4ddc083451ab36a5916b7c9cac,3424a269a751f219f4897b969db7cc13d2236fc72e8e2ccb663dec8d7f8f477c,False,CANDIDATE_NOT_CLAIM,8e8eaf212578b3dc624e40d1d979f0c37787afa3e7e464eac52d5b68610dfe07,9548a24a4faf5db17b5251df407b4402de033ae8648ec321c850fe6105002cf1,b932e19891ce63535cf1714a6b3adb0ade296d0a6a6326a4aebf3c1041117a30
osm-sionna-source-chicago-bank-26,osm-sionna-source-chicago-bank-26,osm-foundation-source-chicago-26,0aa803a28cc9d705defff54b4e60184949041acc915242394de610a5c1b5aa9f,0aa803a28cc9d705defff54b4e60184949041acc915242394de610a5c1b5aa9f,9e4d7e952ce64b6a06e10c7825fec50287433b9d409b08405b467b8ad543a216,9e4d7e952ce64b6a06e10c7825fec50287433b9d409b08405b467b8ad543a216,source_probe_selection,True,True,True,True,True,True,True,True,True,True,True,True,True,True,True,True,True,csi-pairs-formal-v2.1-v6,060d8671380acaf43bd0beb2c77ac5c6ec112e4ddc083451ab36a5916b7c9cac,3424a269a751f219f4897b969db7cc13d2236fc72e8e2ccb663dec8d7f8f477c,False,CANDIDATE_NOT_CLAIM,8e8eaf212578b3dc624e40d1d979f0c37787afa3e7e464eac52d5b68610dfe07,9548a24a4faf5db17b5251df407b4402de033ae8648ec321c850fe6105002cf1,b932e19891ce63535cf1714a6b3adb0ade296d0a6a6326a4aebf3c1041117a30
osm-sionna-source-chicago-bank-27,osm-sionna-source-chicago-bank-27,osm-foundation-source-chicago-27,4f2ad2be9740833810e4d89c6f2639a327487c6fa7010a896997d8b292a80612,4f2ad2be9740833810e4d89c6f2639a327487c6fa7010a896997d8b292a80612,4e360d65a3077a83ddbab89ef28144ad38aebde2b95fe148df15e66bd4e7cece,4e360d65a3077a83ddbab89ef28144ad38aebde2b95fe148df15e66bd4e7cece,source_probe_selection,True,True,True,True,True,True,True,True,True,True,True,True,True,True,True,True,True,csi-pairs-formal-v2.1-v6,060d8671380acaf43bd0beb2c77ac5c6ec112e4ddc083451ab36a5916b7c9cac,3424a269a751f219f4897b969db7cc13d2236fc72e8e2ccb663dec8d7f8f477c,False,CANDIDATE_NOT_CLAIM,8e8eaf212578b3dc624e40d1d979f0c37787afa3e7e464eac52d5b68610dfe07,9548a24a4faf5db17b5251df407b4402de033ae8648ec321c850fe6105002cf1,b932e19891ce63535cf1714a6b3adb0ade296d0a6a6326a4aebf3c1041117a30
osm-sionna-source-austin-bank-24,osm-sionna-source-austin-bank-24,osm-foundation-source-austin-24,9dca97a5e1451945c3cbb5b0ec1d4a1661883dbfc92a975b30a56ee7b514ac56,9dca97a5e1451945c3cbb5b0ec1d4a1661883dbfc92a975b30a56ee7b514ac56,e876dd7e7f5b70f5663d84f44fdda1688a708f1c48f74cc4e2c9cf7be5516c2d,e876dd7e7f5b70f5663d84f44fdda1688a708f1c48f74cc4e2c9cf7be5516c2d,source_probe_selection,True,True,True,True,True,True,True,True,True,True,True,True,True,True,True,True,True,csi-pairs-formal-v2.1-v6,060d8671380acaf43bd0beb2c77ac5c6ec112e4ddc083451ab36a5916b7c9cac,3424a269a751f219f4897b969db7cc13d2236fc72e8e2ccb663dec8d7f8f477c,False,CANDIDATE_NOT_CLAIM,8e8eaf212578b3dc624e40d1d979f0c37787afa3e7e464eac52d5b68610dfe07,9548a24a4faf5db17b5251df407b4402de033ae8648ec321c850fe6105002cf1,b932e19891ce63535cf1714a6b3adb0ade296d0a6a6326a4aebf3c1041117a30
osm-sionna-source-austin-bank-25,osm-sionna-source-austin-bank-25,osm-foundation-source-austin-25,d44090053880d2a344b5a22ab7ca7d030186ba1e0817516544fbb1afabc34c77,d44090053880d2a344b5a22ab7ca7d030186ba1e0817516544fbb1afabc34c77,dcc88819bb958ccb80345b428d49cffa477ca227b42c85caa1131aee461e634f,dcc88819bb958ccb80345b428d49cffa477ca227b42c85caa1131aee461e634f,source_probe_selection,True,True,True,True,True,True,True,True,True,True,True,True,True,True,True,True,True,csi-pairs-formal-v2.1-v6,060d8671380acaf43bd0beb2c77ac5c6ec112e4ddc083451ab36a5916b7c9cac,3424a269a751f219f4897b969db7cc13d2236fc72e8e2ccb663dec8d7f8f477c,False,CANDIDATE_NOT_CLAIM,8e8eaf212578b3dc624e40d1d979f0c37787afa3e7e464eac52d5b68610dfe07,9548a24a4faf5db17b5251df407b4402de033ae8648ec321c850fe6105002cf1,b932e19891ce63535cf1714a6b3adb0ade296d0a6a6326a4aebf3c1041117a30
osm-sionna-source-austin-bank-26,osm-sionna-source-austin-bank-26,osm-foundation-source-austin-26,acb9d9602a88fdb18ec287d6142d624fd31444e5d6f655162073fc14a053ca70,acb9d9602a88fdb18ec287d6142d624fd31444e5d6f655162073fc14a053ca70,15ea7c422a4a54a87764b1efb203529247374bbb2fba37b18d17a94dc67ddfe5,15ea7c422a4a54a87764b1efb203529247374bbb2fba37b18d17a94dc67ddfe5,source_probe_selection,True,True,True,True,True,True,True,True,True,True,True,True,True,True,True,True,True,csi-pairs-formal-v2.1-v6,060d8671380acaf43bd0beb2c77ac5c6ec112e4ddc083451ab36a5916b7c9cac,3424a269a751f219f4897b969db7cc13d2236fc72e8e2ccb663dec8d7f8f477c,False,CANDIDATE_NOT_CLAIM,8e8eaf212578b3dc624e40d1d979f0c37787afa3e7e464eac52d5b68610dfe07,9548a24a4faf5db17b5251df407b4402de033ae8648ec321c850fe6105002cf1,b932e19891ce63535cf1714a6b3adb0ade296d0a6a6326a4aebf3c1041117a30
osm-sionna-source-austin-bank-27,osm-sionna-source-austin-bank-27,osm-foundation-source-austin-27,013ca7730d045ba63a85724670e7cb7232f43fc6b35eee931f23e819cbed7b82,013ca7730d045ba63a85724670e7cb7232f43fc6b35eee931f23e819cbed7b82,1f51f4129e8cd4fb7e2cbed55ab0ae2a6f8c647c391f812250edf4d343b370a0,1f51f4129e8cd4fb7e2cbed55ab0ae2a6f8c647c391f812250edf4d343b370a0,source_probe_selection,True,True,True,True,True,True,True,True,True,True,True,True,True,True,True,True,True,csi-pairs-formal-v2.1-v6,060d8671380acaf43bd0beb2c77ac5c6ec112e4ddc083451ab36a5916b7c9cac,3424a269a751f219f4897b969db7cc13d2236fc72e8e2ccb663dec8d7f8f477c,False,CANDIDATE_NOT_CLAIM,8e8eaf212578b3dc624e40d1d979f0c37787afa3e7e464eac52d5b68610dfe07,9548a24a4faf5db17b5251df407b4402de033ae8648ec321c850fe6105002cf1,b932e19891ce63535cf1714a6b3adb0ade296d0a6a6326a4aebf3c1041117a30
osm-sionna-source-chicago-bank-28,osm-sionna-source-chicago-bank-28,osm-foundation-source-chicago-28,6771537b225f96f694ebb34d3829877c8d3bf3eb02ab4ce054afa07fc2d8edd2,6771537b225f96f694ebb34d3829877c8d3bf3eb02ab4ce054afa07fc2d8edd2,ca30767eb147a98b7148b5c6d63fb6382793e3d92233b89b696ae35b30656d86,ca30767eb147a98b7148b5c6d63fb6382793e3d92233b89b696ae35b30656d86,source_calibration_fit,True,True,True,True,True,True,True,True,True,True,True,True,True,True,True,True,True,csi-pairs-formal-v2.1-v6,060d8671380acaf43bd0beb2c77ac5c6ec112e4ddc083451ab36a5916b7c9cac,3424a269a751f219f4897b969db7cc13d2236fc72e8e2ccb663dec8d7f8f477c,False,CANDIDATE_NOT_CLAIM,8e8eaf212578b3dc624e40d1d979f0c37787afa3e7e464eac52d5b68610dfe07,9548a24a4faf5db17b5251df407b4402de033ae8648ec321c850fe6105002cf1,b932e19891ce63535cf1714a6b3adb0ade296d0a6a6326a4aebf3c1041117a30
osm-sionna-source-chicago-bank-29,osm-sionna-source-chicago-bank-29,osm-foundation-source-chicago-29,3b51ba178a426a633ae1be017a77a89371827d4eba68e2c98f4a774ea549c5d5,3b51ba178a426a633ae1be017a77a89371827d4eba68e2c98f4a774ea549c5d5,4167e50525909ef2a96f84bc0f0ffa416dc0da2bb02daf7ec53f985db4124f0c,4167e50525909ef2a96f84bc0f0ffa416dc0da2bb02daf7ec53f985db4124f0c,source_calibration_fit,True,True,True,True,True,True,True,True,True,True,True,True,True,True,True,True,True,csi-pairs-formal-v2.1-v6,060d8671380acaf43bd0beb2c77ac5c6ec112e4ddc083451ab36a5916b7c9cac,3424a269a751f219f4897b969db7cc13d2236fc72e8e2ccb663dec8d7f8f477c,False,CANDIDATE_NOT_CLAIM,8e8eaf212578b3dc624e40d1d979f0c37787afa3e7e464eac52d5b68610dfe07,9548a24a4faf5db17b5251df407b4402de033ae8648ec321c850fe6105002cf1,b932e19891ce63535cf1714a6b3adb0ade296d0a6a6326a4aebf3c1041117a30
osm-sionna-source-chicago-bank-30,osm-sionna-source-chicago-bank-30,osm-foundation-source-chicago-30,047f97f4308a9b83b64d6c859e5b7bfd23a55b5586c60930b6c5bfad29e8bd2a,047f97f4308a9b83b64d6c859e5b7bfd23a55b5586c60930b6c5bfad29e8bd2a,1d37b09c2b0602ad54c6c91468f8b31cc206a549974fd9e6b92132106661913b,1d37b09c2b0602ad54c6c91468f8b31cc206a549974fd9e6b92132106661913b,source_calibration_fit,True,True,True,True,True,True,True,True,True,True,True,True,True,True,True,True,True,csi-pairs-formal-v2.1-v6,060d8671380acaf43bd0beb2c77ac5c6ec112e4ddc083451ab36a5916b7c9cac,3424a269a751f219f4897b969db7cc13d2236fc72e8e2ccb663dec8d7f8f477c,False,CANDIDATE_NOT_CLAIM,8e8eaf212578b3dc624e40d1d979f0c37787afa3e7e464eac52d5b68610dfe07,9548a24a4faf5db17b5251df407b4402de033ae8648ec321c850fe6105002cf1,b932e19891ce63535cf1714a6b3adb0ade296d0a6a6326a4aebf3c1041117a30
osm-sionna-source-chicago-bank-31,osm-sionna-source-chicago-bank-31,osm-foundation-source-chicago-31,1306479b387456a403e5eb5b894fa24970b2f5e0dea31f7e5b82f32d585054fc,1306479b387456a403e5eb5b894fa24970b2f5e0dea31f7e5b82f32d585054fc,62de89f164a8098a578f08a826d0ce20f79147cb77b54a7ed359c40fb6791637,62de89f164a8098a578f08a826d0ce20f79147cb77b54a7ed359c40fb6791637,source_calibration_fit,True,True,True,True,True,True,True,True,True,True,True,True,True,True,True,True,True,csi-pairs-formal-v2.1-v6,060d8671380acaf43bd0beb2c77ac5c6ec112e4ddc083451ab36a5916b7c9cac,3424a269a751f219f4897b969db7cc13d2236fc72e8e2ccb663dec8d7f8f477c,False,CANDIDATE_NOT_CLAIM,8e8eaf212578b3dc624e40d1d979f0c37787afa3e7e464eac52d5b68610dfe07,9548a24a4faf5db17b5251df407b4402de033ae8648ec321c850fe6105002cf1,b932e19891ce63535cf1714a6b3adb0ade296d0a6a6326a4aebf3c1041117a30
osm-sionna-source-austin-bank-28,osm-sionna-source-austin-bank-28,osm-foundation-source-austin-28,1573fd318c92ea0375446e359ebdcc2954a26f6091553158bc1994db1edbf281,1573fd318c92ea0375446e359ebdcc2954a26f6091553158bc1994db1edbf281,befb1bcf9d3b50fe877aef7689a78cebe80312c3613749e59cc5ce3d40294a02,befb1bcf9d3b50fe877aef7689a78cebe80312c3613749e59cc5ce3d40294a02,source_calibration_fit,True,True,True,True,True,True,True,True,True,True,True,True,True,True,True,True,True,csi-pairs-formal-v2.1-v6,060d8671380acaf43bd0beb2c77ac5c6ec112e4ddc083451ab36a5916b7c9cac,3424a269a751f219f4897b969db7cc13d2236fc72e8e2ccb663dec8d7f8f477c,False,CANDIDATE_NOT_CLAIM,8e8eaf212578b3dc624e40d1d979f0c37787afa3e7e464eac52d5b68610dfe07,9548a24a4faf5db17b5251df407b4402de033ae8648ec321c850fe6105002cf1,b932e19891ce63535cf1714a6b3adb0ade296d0a6a6326a4aebf3c1041117a30
osm-sionna-source-austin-bank-29,osm-sionna-source-austin-bank-29,osm-foundation-source-austin-29,2df898598affaa98ae34758b9a880dc1278066498bfb7d526be67efbd27ce2a0,2df898598affaa98ae34758b9a880dc1278066498bfb7d526be67efbd27ce2a0,40bc3f35191f1687d716c1de655bbc155de9499bfe76fceb88bb2b635ede20c2,40bc3f35191f1687d716c1de655bbc155de9499bfe76fceb88bb2b635ede20c2,source_calibration_fit,True,True,True,True,True,True,True,True,True,True,True,True,True,True,True,True,True,csi-pairs-formal-v2.1-v6,060d8671380acaf43bd0beb2c77ac5c6ec112e4ddc083451ab36a5916b7c9cac,3424a269a751f219f4897b969db7cc13d2236fc72e8e2ccb663dec8d7f8f477c,False,CANDIDATE_NOT_CLAIM,8e8eaf212578b3dc624e40d1d979f0c37787afa3e7e464eac52d5b68610dfe07,9548a24a4faf5db17b5251df407b4402de033ae8648ec321c850fe6105002cf1,b932e19891ce63535cf1714a6b3adb0ade296d0a6a6326a4aebf3c1041117a30
osm-sionna-source-austin-bank-30,osm-sionna-source-austin-bank-30,osm-foundation-source-austin-30,69d8918c6735d5b26aafadcec42ba3e8759b12d062c9c3cff86bab3ba017413c,69d8918c6735d5b26aafadcec42ba3e8759b12d062c9c3cff86bab3ba017413c,86eeab11113b1f44d38692fe988af3d9e8e62fe88bdc2ff265f7fa78e545c28f,86eeab11113b1f44d38692fe988af3d9e8e62fe88bdc2ff265f7fa78e545c28f,source_calibration_fit,True,True,True,True,True,True,True,True,True,True,True,True,True,True,True,True,True,csi-pairs-formal-v2.1-v6,060d8671380acaf43bd0beb2c77ac5c6ec112e4ddc083451ab36a5916b7c9cac,3424a269a751f219f4897b969db7cc13d2236fc72e8e2ccb663dec8d7f8f477c,False,CANDIDATE_NOT_CLAIM,8e8eaf212578b3dc624e40d1d979f0c37787afa3e7e464eac52d5b68610dfe07,9548a24a4faf5db17b5251df407b4402de033ae8648ec321c850fe6105002cf1,b932e19891ce63535cf1714a6b3adb0ade296d0a6a6326a4aebf3c1041117a30
osm-sionna-source-austin-bank-31,osm-sionna-source-austin-bank-31,osm-foundation-source-austin-31,82f8315edf749823bcab0d14d9bee90b0f53909dbe719dc4d59bbc3e9ca4a434,82f8315edf749823bcab0d14d9bee90b0f53909dbe719dc4d59bbc3e9ca4a434,0ada786eede5deaeeae9a9a25d2abea79774e0736bf159534bc17ee8e2f4447d,0ada786eede5deaeeae9a9a25d2abea79774e0736bf159534bc17ee8e2f4447d,source_calibration_fit,True,True,True,True,True,True,True,True,True,True,True,True,True,True,True,True,True,csi-pairs-formal-v2.1-v6,060d8671380acaf43bd0beb2c77ac5c6ec112e4ddc083451ab36a5916b7c9cac,3424a269a751f219f4897b969db7cc13d2236fc72e8e2ccb663dec8d7f8f477c,False,CANDIDATE_NOT_CLAIM,8e8eaf212578b3dc624e40d1d979f0c37787afa3e7e464eac52d5b68610dfe07,9548a24a4faf5db17b5251df407b4402de033ae8648ec321c850fe6105002cf1,b932e19891ce63535cf1714a6b3adb0ade296d0a6a6326a4aebf3c1041117a30
osm-sionna-source-chicago-bank-32,osm-sionna-source-chicago-bank-32,osm-foundation-source-chicago-32,98fa096bbcea3dca6bcec75a6cf0e64d982d18aceb717d239135deb6ed9983f8,98fa096bbcea3dca6bcec75a6cf0e64d982d18aceb717d239135deb6ed9983f8,eb67cb0781789bf0c5656c10cf5e2e31823fa867e1f8c4c49c31234a0218cb52,eb67cb0781789bf0c5656c10cf5e2e31823fa867e1f8c4c49c31234a0218cb52,source_calibration_selection,True,True,True,True,True,True,True,True,True,True,True,True,True,True,True,True,True,csi-pairs-formal-v2.1-v6,060d8671380acaf43bd0beb2c77ac5c6ec112e4ddc083451ab36a5916b7c9cac,3424a269a751f219f4897b969db7cc13d2236fc72e8e2ccb663dec8d7f8f477c,False,CANDIDATE_NOT_CLAIM,8e8eaf212578b3dc624e40d1d979f0c37787afa3e7e464eac52d5b68610dfe07,9548a24a4faf5db17b5251df407b4402de033ae8648ec321c850fe6105002cf1,b932e19891ce63535cf1714a6b3adb0ade296d0a6a6326a4aebf3c1041117a30
osm-sionna-source-chicago-bank-33,osm-sionna-source-chicago-bank-33,osm-foundation-source-chicago-33,215a923fae7a4b0d349910d8c30bb969c3f036c6207febb279d61989fd8e2b48,215a923fae7a4b0d349910d8c30bb969c3f036c6207febb279d61989fd8e2b48,1fc5dd1c4e8de76f2c81c77256bb64b59c1ffaeb4fa640c7975d62ef5d1a96bc,1fc5dd1c4e8de76f2c81c77256bb64b59c1ffaeb4fa640c7975d62ef5d1a96bc,source_calibration_selection,True,True,True,True,True,True,True,True,True,True,True,True,True,True,True,True,True,csi-pairs-formal-v2.1-v6,060d8671380acaf43bd0beb2c77ac5c6ec112e4ddc083451ab36a5916b7c9cac,3424a269a751f219f4897b969db7cc13d2236fc72e8e2ccb663dec8d7f8f477c,False,CANDIDATE_NOT_CLAIM,8e8eaf212578b3dc624e40d1d979f0c37787afa3e7e464eac52d5b68610dfe07,9548a24a4faf5db17b5251df407b4402de033ae8648ec321c850fe6105002cf1,b932e19891ce63535cf1714a6b3adb0ade296d0a6a6326a4aebf3c1041117a30
osm-sionna-source-chicago-bank-34,osm-sionna-source-chicago-bank-34,osm-foundation-source-chicago-34,0b5657b844f25aadaf8588110da9507939a2ee3ce2a4e7f2ee752bb42f5a1851,0b5657b844f25aadaf8588110da9507939a2ee3ce2a4e7f2ee752bb42f5a1851,df16b77cac2eaf73bab2a63c92f2c69401496cedf7397533aa25bfca68209bfb,df16b77cac2eaf73bab2a63c92f2c69401496cedf7397533aa25bfca68209bfb,source_calibration_selection,True,True,True,True,True,True,True,True,True,True,True,True,True,True,True,True,True,csi-pairs-formal-v2.1-v6,060d8671380acaf43bd0beb2c77ac5c6ec112e4ddc083451ab36a5916b7c9cac,3424a269a751f219f4897b969db7cc13d2236fc72e8e2ccb663dec8d7f8f477c,False,CANDIDATE_NOT_CLAIM,8e8eaf212578b3dc624e40d1d979f0c37787afa3e7e464eac52d5b68610dfe07,9548a24a4faf5db17b5251df407b4402de033ae8648ec321c850fe6105002cf1,b932e19891ce63535cf1714a6b3adb0ade296d0a6a6326a4aebf3c1041117a30
osm-sionna-source-chicago-bank-35,osm-sionna-source-chicago-bank-35,osm-foundation-source-chicago-35,54527227ae349f43a0339e73d8a1a4cab3c51f26142cf6053003a3c896cfc473,54527227ae349f43a0339e73d8a1a4cab3c51f26142cf6053003a3c896cfc473,db7bc8fc622164731131ee4eef5eb706958675c55c017c792d02d9d573a22e83,db7bc8fc622164731131ee4eef5eb706958675c55c017c792d02d9d573a22e83,source_calibration_selection,True,True,True,True,True,True,True,True,True,True,True,True,True,True,True,True,True,csi-pairs-formal-v2.1-v6,060d8671380acaf43bd0beb2c77ac5c6ec112e4ddc083451ab36a5916b7c9cac,3424a269a751f219f4897b969db7cc13d2236fc72e8e2ccb663dec8d7f8f477c,False,CANDIDATE_NOT_CLAIM,8e8eaf212578b3dc624e40d1d979f0c37787afa3e7e464eac52d5b68610dfe07,9548a24a4faf5db17b5251df407b4402de033ae8648ec321c850fe6105002cf1,b932e19891ce63535cf1714a6b3adb0ade296d0a6a6326a4aebf3c1041117a30
osm-sionna-source-austin-bank-32,osm-sionna-source-austin-bank-32,osm-foundation-source-austin-32,aed9cc8f39d78e6129a465b1fbe2b88a4a998227dea84c170ce72758442dad03,aed9cc8f39d78e6129a465b1fbe2b88a4a998227dea84c170ce72758442dad03,1cd430bb7ad1b694134b3f95070d2acfed193f59ea16c585026ad5b9106ce63a,1cd430bb7ad1b694134b3f95070d2acfed193f59ea16c585026ad5b9106ce63a,source_calibration_selection,True,True,True,True,True,True,True,True,True,True,True,True,True,True,True,True,True,csi-pairs-formal-v2.1-v6,060d8671380acaf43bd0beb2c77ac5c6ec112e4ddc083451ab36a5916b7c9cac,3424a269a751f219f4897b969db7cc13d2236fc72e8e2ccb663dec8d7f8f477c,False,CANDIDATE_NOT_CLAIM,8e8eaf212578b3dc624e40d1d979f0c37787afa3e7e464eac52d5b68610dfe07,9548a24a4faf5db17b5251df407b4402de033ae8648ec321c850fe6105002cf1,b932e19891ce63535cf1714a6b3adb0ade296d0a6a6326a4aebf3c1041117a30
osm-sionna-source-austin-bank-33,osm-sionna-source-austin-bank-33,osm-foundation-source-austin-33,313a6835e6744f26ba00893abacd40632f9fe4e9eee9710428b84562fa4c14dc,313a6835e6744f26ba00893abacd40632f9fe4e9eee9710428b84562fa4c14dc,43b986905f8f0b786d226b2ef7ddf0c3d62e3a4a9fbea26fb1f93ea772bedc11,43b986905f8f0b786d226b2ef7ddf0c3d62e3a4a9fbea26fb1f93ea772bedc11,source_calibration_selection,True,True,True,True,True,True,True,True,True,True,True,True,True,True,True,True,True,csi-pairs-formal-v2.1-v6,060d8671380acaf43bd0beb2c77ac5c6ec112e4ddc083451ab36a5916b7c9cac,3424a269a751f219f4897b969db7cc13d2236fc72e8e2ccb663dec8d7f8f477c,False,CANDIDATE_NOT_CLAIM,8e8eaf212578b3dc624e40d1d979f0c37787afa3e7e464eac52d5b68610dfe07,9548a24a4faf5db17b5251df407b4402de033ae8648ec321c850fe6105002cf1,b932e19891ce63535cf1714a6b3adb0ade296d0a6a6326a4aebf3c1041117a30
osm-sionna-source-austin-bank-34,osm-sionna-source-austin-bank-34,osm-foundation-source-austin-34,9eec181d3c0ba803d3b9e0151823d6520736381eb0faea73ad1d669d9e88ca58,9eec181d3c0ba803d3b9e0151823d6520736381eb0faea73ad1d669d9e88ca58,47e51732a387427ee9984eb9693493d39daacea1515f77c2574225b7392529b3,47e51732a387427ee9984eb9693493d39daacea1515f77c2574225b7392529b3,source_calibration_selection,True,True,True,True,True,True,True,True,True,True,True,True,True,True,True,True,True,csi-pairs-formal-v2.1-v6,060d8671380acaf43bd0beb2c77ac5c6ec112e4ddc083451ab36a5916b7c9cac,3424a269a751f219f4897b969db7cc13d2236fc72e8e2ccb663dec8d7f8f477c,False,CANDIDATE_NOT_CLAIM,8e8eaf212578b3dc624e40d1d979f0c37787afa3e7e464eac52d5b68610dfe07,9548a24a4faf5db17b5251df407b4402de033ae8648ec321c850fe6105002cf1,b932e19891ce63535cf1714a6b3adb0ade296d0a6a6326a4aebf3c1041117a30
osm-sionna-source-austin-bank-35,osm-sionna-source-austin-bank-35,osm-foundation-source-austin-35,4573028fdee7f7287167c361d53a322987d580589fd7aae4cdf90d7ada9619c6,4573028fdee7f7287167c361d53a322987d580589fd7aae4cdf90d7ada9619c6,5a76462beb170572a36c7b387c7df2ed9e8a1c282b01e83b388d45431d2d02e9,5a76462beb170572a36c7b387c7df2ed9e8a1c282b01e83b388d45431d2d02e9,source_calibration_selection,True,True,True,True,True,True,True,True,True,True,True,True,True,True,True,True,True,csi-pairs-formal-v2.1-v6,060d8671380acaf43bd0beb2c77ac5c6ec112e4ddc083451ab36a5916b7c9cac,3424a269a751f219f4897b969db7cc13d2236fc72e8e2ccb663dec8d7f8f477c,False,CANDIDATE_NOT_CLAIM,8e8eaf212578b3dc624e40d1d979f0c37787afa3e7e464eac52d5b68610dfe07,9548a24a4faf5db17b5251df407b4402de033ae8648ec321c850fe6105002cf1,b932e19891ce63535cf1714a6b3adb0ade296d0a6a6326a4aebf3c1041117a30
osm-sionna-source-chicago-bank-36,osm-sionna-source-chicago-bank-36,osm-foundation-source-chicago-36,1bd6823eeed777bc8fd9ace746de2fb6335b28dd2a900d6f1ee98f6e32978dc2,1bd6823eeed777bc8fd9ace746de2fb6335b28dd2a900d6f1ee98f6e32978dc2,b60b94bd2a801f181f4f87238e87fee0bee0a68bf9ade8741535698f00706fe2,b60b94bd2a801f181f4f87238e87fee0bee0a68bf9ade8741535698f00706fe2,source_final_unseen_bank,True,True,True,True,True,True,True,True,True,True,True,True,True,True,True,True,True,csi-pairs-formal-v2.1-v6,060d8671380acaf43bd0beb2c77ac5c6ec112e4ddc083451ab36a5916b7c9cac,3424a269a751f219f4897b969db7cc13d2236fc72e8e2ccb663dec8d7f8f477c,False,CANDIDATE_NOT_CLAIM,8e8eaf212578b3dc624e40d1d979f0c37787afa3e7e464eac52d5b68610dfe07,9548a24a4faf5db17b5251df407b4402de033ae8648ec321c850fe6105002cf1,b932e19891ce63535cf1714a6b3adb0ade296d0a6a6326a4aebf3c1041117a30
osm-sionna-source-chicago-bank-37,osm-sionna-source-chicago-bank-37,osm-foundation-source-chicago-37,eaa56e4b01a314a811830c7632b36985dd49410a7e69e432f33db9287692503b,eaa56e4b01a314a811830c7632b36985dd49410a7e69e432f33db9287692503b,f85b0f224b88e44d6c3d136dc531627b96b1d55b5229a9485eccee7a9b58669e,f85b0f224b88e44d6c3d136dc531627b96b1d55b5229a9485eccee7a9b58669e,source_final_unseen_bank,True,True,True,True,True,True,True,True,True,True,True,True,True,True,True,True,True,csi-pairs-formal-v2.1-v6,060d8671380acaf43bd0beb2c77ac5c6ec112e4ddc083451ab36a5916b7c9cac,3424a269a751f219f4897b969db7cc13d2236fc72e8e2ccb663dec8d7f8f477c,False,CANDIDATE_NOT_CLAIM,8e8eaf212578b3dc624e40d1d979f0c37787afa3e7e464eac52d5b68610dfe07,9548a24a4faf5db17b5251df407b4402de033ae8648ec321c850fe6105002cf1,b932e19891ce63535cf1714a6b3adb0ade296d0a6a6326a4aebf3c1041117a30
osm-sionna-source-chicago-bank-38,osm-sionna-source-chicago-bank-38,osm-foundation-source-chicago-38,a5fffe86fa6af8f16fd9c0978c176ae667f69a72424ff3027ec24cd51c0a3657,a5fffe86fa6af8f16fd9c0978c176ae667f69a72424ff3027ec24cd51c0a3657,01bc38bf1ca5efac04dabc67354747d9d3b1c753197e6b3470557840d1fa55f3,01bc38bf1ca5efac04dabc67354747d9d3b1c753197e6b3470557840d1fa55f3,source_final_unseen_bank,True,True,True,True,True,True,True,True,True,True,True,True,True,True,True,True,True,csi-pairs-formal-v2.1-v6,060d8671380acaf43bd0beb2c77ac5c6ec112e4ddc083451ab36a5916b7c9cac,3424a269a751f219f4897b969db7cc13d2236fc72e8e2ccb663dec8d7f8f477c,False,CANDIDATE_NOT_CLAIM,8e8eaf212578b3dc624e40d1d979f0c37787afa3e7e464eac52d5b68610dfe07,9548a24a4faf5db17b5251df407b4402de033ae8648ec321c850fe6105002cf1,b932e19891ce63535cf1714a6b3adb0ade296d0a6a6326a4aebf3c1041117a30
osm-sionna-source-chicago-bank-39,osm-sionna-source-chicago-bank-39,osm-foundation-source-chicago-39,052c6ac16d3feca412daeacce43bd5288b164526737288e251695cea5da0486c,052c6ac16d3feca412daeacce43bd5288b164526737288e251695cea5da0486c,fdb71123d78be3bdd8e01da5f68a6da54f12c2d1909c6eb361f1c2dff46932b0,fdb71123d78be3bdd8e01da5f68a6da54f12c2d1909c6eb361f1c2dff46932b0,source_final_unseen_bank,True,True,True,True,True,True,True,True,True,True,True,True,True,True,True,True,True,csi-pairs-formal-v2.1-v6,060d8671380acaf43bd0beb2c77ac5c6ec112e4ddc083451ab36a5916b7c9cac,3424a269a751f219f4897b969db7cc13d2236fc72e8e2ccb663dec8d7f8f477c,False,CANDIDATE_NOT_CLAIM,8e8eaf212578b3dc624e40d1d979f0c37787afa3e7e464eac52d5b68610dfe07,9548a24a4faf5db17b5251df407b4402de033ae8648ec321c850fe6105002cf1,b932e19891ce63535cf1714a6b3adb0ade296d0a6a6326a4aebf3c1041117a30
osm-sionna-source-chicago-bank-40,osm-sionna-source-chicago-bank-40,osm-foundation-source-chicago-40,cf9241cf548f55da2e3dedd7be2240bb2e7e9299d9d501d45410d437dbbf0e0a,cf9241cf548f55da2e3dedd7be2240bb2e7e9299d9d501d45410d437dbbf0e0a,4aa83494ad0515d9cbd44d03c50e4d051e88f3a1ca5d45c249021fc365ca342b,4aa83494ad0515d9cbd44d03c50e4d051e88f3a1ca5d45c249021fc365ca342b,source_final_unseen_bank,True,True,True,True,True,True,True,True,True,True,True,True,True,True,True,True,True,csi-pairs-formal-v2.1-v6,060d8671380acaf43bd0beb2c77ac5c6ec112e4ddc083451ab36a5916b7c9cac,3424a269a751f219f4897b969db7cc13d2236fc72e8e2ccb663dec8d7f8f477c,False,CANDIDATE_NOT_CLAIM,8e8eaf212578b3dc624e40d1d979f0c37787afa3e7e464eac52d5b68610dfe07,9548a24a4faf5db17b5251df407b4402de033ae8648ec321c850fe6105002cf1,b932e19891ce63535cf1714a6b3adb0ade296d0a6a6326a4aebf3c1041117a30
osm-sionna-source-chicago-bank-41,osm-sionna-source-chicago-bank-41,osm-foundation-source-chicago-41,81076fc2224aa6c21718dcb4fff308ca604d90a531cb83db1ad00d274780250c,81076fc2224aa6c21718dcb4fff308ca604d90a531cb83db1ad00d274780250c,33f1607f34b67106c14d3598cc0aeef5a8a418c785ffe46d749e8d06569f6753,33f1607f34b67106c14d3598cc0aeef5a8a418c785ffe46d749e8d06569f6753,source_final_unseen_bank,True,True,True,True,True,True,True,True,True,True,True,True,True,True,True,True,True,csi-pairs-formal-v2.1-v6,060d8671380acaf43bd0beb2c77ac5c6ec112e4ddc083451ab36a5916b7c9cac,3424a269a751f219f4897b969db7cc13d2236fc72e8e2ccb663dec8d7f8f477c,False,CANDIDATE_NOT_CLAIM,8e8eaf212578b3dc624e40d1d979f0c37787afa3e7e464eac52d5b68610dfe07,9548a24a4faf5db17b5251df407b4402de033ae8648ec321c850fe6105002cf1,b932e19891ce63535cf1714a6b3adb0ade296d0a6a6326a4aebf3c1041117a30
osm-sionna-source-chicago-bank-42,osm-sionna-source-chicago-bank-42,osm-foundation-source-chicago-42,ba284d9076bda0f31ac43cae71ba397ee9f70a878dbc3d739462f9a872a60430,ba284d9076bda0f31ac43cae71ba397ee9f70a878dbc3d739462f9a872a60430,258b98c035b0cdbc4da512ce3f5b7ff175ebd8cee6ce2547af47789bddff318a,258b98c035b0cdbc4da512ce3f5b7ff175ebd8cee6ce2547af47789bddff318a,source_final_unseen_bank,True,True,True,True,True,True,True,True,True,True,True,True,True,True,True,True,True,csi-pairs-formal-v2.1-v6,060d8671380acaf43bd0beb2c77ac5c6ec112e4ddc083451ab36a5916b7c9cac,3424a269a751f219f4897b969db7cc13d2236fc72e8e2ccb663dec8d7f8f477c,False,CANDIDATE_NOT_CLAIM,8e8eaf212578b3dc624e40d1d979f0c37787afa3e7e464eac52d5b68610dfe07,9548a24a4faf5db17b5251df407b4402de033ae8648ec321c850fe6105002cf1,b932e19891ce63535cf1714a6b3adb0ade296d0a6a6326a4aebf3c1041117a30
osm-sionna-source-chicago-bank-43,osm-sionna-source-chicago-bank-43,osm-foundation-source-chicago-43,d63e8ec903e017cf7f28f0c961c5cee0c8291f073a41df8fdfe1527e4595b2b4,d63e8ec903e017cf7f28f0c961c5cee0c8291f073a41df8fdfe1527e4595b2b4,7fd818197e9b97ff5d558946d502cbcf7bd7c8c11985fcfa907f3d0c779137ce,7fd818197e9b97ff5d558946d502cbcf7bd7c8c11985fcfa907f3d0c779137ce,source_final_unseen_bank,True,True,True,True,True,True,True,True,True,True,True,True,True,True,True,True,True,csi-pairs-formal-v2.1-v6,060d8671380acaf43bd0beb2c77ac5c6ec112e4ddc083451ab36a5916b7c9cac,3424a269a751f219f4897b969db7cc13d2236fc72e8e2ccb663dec8d7f8f477c,False,CANDIDATE_NOT_CLAIM,8e8eaf212578b3dc624e40d1d979f0c37787afa3e7e464eac52d5b68610dfe07,9548a24a4faf5db17b5251df407b4402de033ae8648ec321c850fe6105002cf1,b932e19891ce63535cf1714a6b3adb0ade296d0a6a6326a4aebf3c1041117a30
osm-sionna-source-chicago-bank-44,osm-sionna-source-chicago-bank-44,osm-foundation-source-chicago-44,9453a93e88dc79138cdcd1c87c44c04df5acffff83cbf7b4109af1aac0a31b6e,9453a93e88dc79138cdcd1c87c44c04df5acffff83cbf7b4109af1aac0a31b6e,85dc29632fd2d5350a73ad19b4f2d1084f573acc4b594a092620066c40daf18f,85dc29632fd2d5350a73ad19b4f2d1084f573acc4b594a092620066c40daf18f,source_final_unseen_bank,True,True,True,True,True,True,True,True,True,True,True,True,True,True,True,True,True,csi-pairs-formal-v2.1-v6,060d8671380acaf43bd0beb2c77ac5c6ec112e4ddc083451ab36a5916b7c9cac,3424a269a751f219f4897b969db7cc13d2236fc72e8e2ccb663dec8d7f8f477c,False,CANDIDATE_NOT_CLAIM,8e8eaf212578b3dc624e40d1d979f0c37787afa3e7e464eac52d5b68610dfe07,9548a24a4faf5db17b5251df407b4402de033ae8648ec321c850fe6105002cf1,b932e19891ce63535cf1714a6b3adb0ade296d0a6a6326a4aebf3c1041117a30
osm-sionna-source-chicago-bank-45,osm-sionna-source-chicago-bank-45,osm-foundation-source-chicago-45,79f55e0770e1bee512ebb4ee23d6816179d6e2bcf1d31cedfd09fa01502e3241,79f55e0770e1bee512ebb4ee23d6816179d6e2bcf1d31cedfd09fa01502e3241,ccd76f37b9d018ba718dfacd4fd46b19466672ba73e2e3b242b152a4afbb714b,ccd76f37b9d018ba718dfacd4fd46b19466672ba73e2e3b242b152a4afbb714b,source_final_unseen_bank,True,True,True,True,True,True,True,True,True,True,True,True,True,True,True,True,True,csi-pairs-formal-v2.1-v6,060d8671380acaf43bd0beb2c77ac5c6ec112e4ddc083451ab36a5916b7c9cac,3424a269a751f219f4897b969db7cc13d2236fc72e8e2ccb663dec8d7f8f477c,False,CANDIDATE_NOT_CLAIM,8e8eaf212578b3dc624e40d1d979f0c37787afa3e7e464eac52d5b68610dfe07,9548a24a4faf5db17b5251df407b4402de033ae8648ec321c850fe6105002cf1,b932e19891ce63535cf1714a6b3adb0ade296d0a6a6326a4aebf3c1041117a30
osm-sionna-source-chicago-bank-46,osm-sionna-source-chicago-bank-46,osm-foundation-source-chicago-46,3260979f0ef8382412a7e2ef1dbd3f967045f1da8e6cc5218a0c02ad2c92bef6,3260979f0ef8382412a7e2ef1dbd3f967045f1da8e6cc5218a0c02ad2c92bef6,e4ae2f64fef7523e84d42fe1653b2b40937659c5c1873df49ab16b30a2d716b4,e4ae2f64fef7523e84d42fe1653b2b40937659c5c1873df49ab16b30a2d716b4,source_final_unseen_bank,True,True,True,True,True,True,True,True,True,True,True,True,True,True,True,True,True,csi-pairs-formal-v2.1-v6,060d8671380acaf43bd0beb2c77ac5c6ec112e4ddc083451ab36a5916b7c9cac,3424a269a751f219f4897b969db7cc13d2236fc72e8e2ccb663dec8d7f8f477c,False,CANDIDATE_NOT_CLAIM,8e8eaf212578b3dc624e40d1d979f0c37787afa3e7e464eac52d5b68610dfe07,9548a24a4faf5db17b5251df407b4402de033ae8648ec321c850fe6105002cf1,b932e19891ce63535cf1714a6b3adb0ade296d0a6a6326a4aebf3c1041117a30
osm-sionna-source-chicago-bank-47,osm-sionna-source-chicago-bank-47,osm-foundation-source-chicago-47,10e6ed27211af4995916af5dcb93f3e18d7a3c6b34bee92c35cc85db305674b4,10e6ed27211af4995916af5dcb93f3e18d7a3c6b34bee92c35cc85db305674b4,6cd70e7037d57218cf624d28804d0e1f8c35f2357f15c7c5a3ac33a201341acb,6cd70e7037d57218cf624d28804d0e1f8c35f2357f15c7c5a3ac33a201341acb,source_final_unseen_bank,True,True,True,True,True,True,True,True,True,True,True,True,True,True,True,True,True,csi-pairs-formal-v2.1-v6,060d8671380acaf43bd0beb2c77ac5c6ec112e4ddc083451ab36a5916b7c9cac,3424a269a751f219f4897b969db7cc13d2236fc72e8e2ccb663dec8d7f8f477c,False,CANDIDATE_NOT_CLAIM,8e8eaf212578b3dc624e40d1d979f0c37787afa3e7e464eac52d5b68610dfe07,9548a24a4faf5db17b5251df407b4402de033ae8648ec321c850fe6105002cf1,b932e19891ce63535cf1714a6b3adb0ade296d0a6a6326a4aebf3c1041117a30
osm-sionna-source-chicago-bank-48,osm-sionna-source-chicago-bank-48,osm-foundation-source-chicago-48,a6616d7f5101d95d2272f104772fa9846cb0f122ee23212e00d6e5e0fdac73ac,a6616d7f5101d95d2272f104772fa9846cb0f122ee23212e00d6e5e0fdac73ac,1f1f0cd7a803679c68a9e4a75556904a9fab640703507197c09a6e7bb27c8ba4,1f1f0cd7a803679c68a9e4a75556904a9fab640703507197c09a6e7bb27c8ba4,source_final_unseen_bank,True,True,True,True,True,True,True,True,True,True,True,True,True,True,True,True,True,csi-pairs-formal-v2.1-v6,060d8671380acaf43bd0beb2c77ac5c6ec112e4ddc083451ab36a5916b7c9cac,3424a269a751f219f4897b969db7cc13d2236fc72e8e2ccb663dec8d7f8f477c,False,CANDIDATE_NOT_CLAIM,8e8eaf212578b3dc624e40d1d979f0c37787afa3e7e464eac52d5b68610dfe07,9548a24a4faf5db17b5251df407b4402de033ae8648ec321c850fe6105002cf1,b932e19891ce63535cf1714a6b3adb0ade296d0a6a6326a4aebf3c1041117a30
osm-sionna-source-chicago-bank-49,osm-sionna-source-chicago-bank-49,osm-foundation-source-chicago-49,449aa679ea180f321b6bedcf5f579e62d478f3ee3f1e31aca527379823710c87,449aa679ea180f321b6bedcf5f579e62d478f3ee3f1e31aca527379823710c87,e978d8f4936aef0f206a6060ce779fc3d9cfc69f6df03d8c9eeef4bfc2d1054c,e978d8f4936aef0f206a6060ce779fc3d9cfc69f6df03d8c9eeef4bfc2d1054c,source_final_unseen_bank,True,True,True,True,True,True,True,True,True,True,True,True,True,True,True,True,True,csi-pairs-formal-v2.1-v6,060d8671380acaf43bd0beb2c77ac5c6ec112e4ddc083451ab36a5916b7c9cac,3424a269a751f219f4897b969db7cc13d2236fc72e8e2ccb663dec8d7f8f477c,False,CANDIDATE_NOT_CLAIM,8e8eaf212578b3dc624e40d1d979f0c37787afa3e7e464eac52d5b68610dfe07,9548a24a4faf5db17b5251df407b4402de033ae8648ec321c850fe6105002cf1,b932e19891ce63535cf1714a6b3adb0ade296d0a6a6326a4aebf3c1041117a30
osm-sionna-source-chicago-bank-50,osm-sionna-source-chicago-bank-50,osm-foundation-source-chicago-50,02f0b8cbb99040cf4967fe8f5281cf562c5f839a83902ae33379d277318ba429,02f0b8cbb99040cf4967fe8f5281cf562c5f839a83902ae33379d277318ba429,af86c41b75dc3c32cb4a47ed0593847d81952d94a1a56516fad1632b5747d9ac,af86c41b75dc3c32cb4a47ed0593847d81952d94a1a56516fad1632b5747d9ac,source_final_unseen_bank,True,True,True,True,True,True,True,True,True,True,True,True,True,True,True,True,True,csi-pairs-formal-v2.1-v6,060d8671380acaf43bd0beb2c77ac5c6ec112e4ddc083451ab36a5916b7c9cac,3424a269a751f219f4897b969db7cc13d2236fc72e8e2ccb663dec8d7f8f477c,False,CANDIDATE_NOT_CLAIM,8e8eaf212578b3dc624e40d1d979f0c37787afa3e7e464eac52d5b68610dfe07,9548a24a4faf5db17b5251df407b4402de033ae8648ec321c850fe6105002cf1,b932e19891ce63535cf1714a6b3adb0ade296d0a6a6326a4aebf3c1041117a30
osm-sionna-source-chicago-bank-51,osm-sionna-source-chicago-bank-51,osm-foundation-source-chicago-51,1c028f4912fc02e59878b2a252719da94806bbc84e710266a10fcbd302cefb5e,1c028f4912fc02e59878b2a252719da94806bbc84e710266a10fcbd302cefb5e,f376db052404a6c654746d798de0c72358b02bf69789b59135bc1e419dc3d6da,f376db052404a6c654746d798de0c72358b02bf69789b59135bc1e419dc3d6da,source_final_unseen_bank,True,True,True,True,True,True,True,True,True,True,True,True,True,True,True,True,True,csi-pairs-formal-v2.1-v6,060d8671380acaf43bd0beb2c77ac5c6ec112e4ddc083451ab36a5916b7c9cac,3424a269a751f219f4897b969db7cc13d2236fc72e8e2ccb663dec8d7f8f477c,False,CANDIDATE_NOT_CLAIM,8e8eaf212578b3dc624e40d1d979f0c37787afa3e7e464eac52d5b68610dfe07,9548a24a4faf5db17b5251df407b4402de033ae8648ec321c850fe6105002cf1,b932e19891ce63535cf1714a6b3adb0ade296d0a6a6326a4aebf3c1041117a30
osm-sionna-source-chicago-bank-52,osm-sionna-source-chicago-bank-52,osm-foundation-source-chicago-52,19dbd99fb7bf9747d335b679ff25b69ed1b176fa1472f3d7c9ecb689b7786893,19dbd99fb7bf9747d335b679ff25b69ed1b176fa1472f3d7c9ecb689b7786893,9a83b005a33677b8227973881d18d9bae980e3ba260e8c14e2258d36986c66f2,9a83b005a33677b8227973881d18d9bae980e3ba260e8c14e2258d36986c66f2,source_final_unseen_bank,True,True,True,True,True,True,True,True,True,True,True,True,True,True,True,True,True,csi-pairs-formal-v2.1-v6,060d8671380acaf43bd0beb2c77ac5c6ec112e4ddc083451ab36a5916b7c9cac,3424a269a751f219f4897b969db7cc13d2236fc72e8e2ccb663dec8d7f8f477c,False,CANDIDATE_NOT_CLAIM,8e8eaf212578b3dc624e40d1d979f0c37787afa3e7e464eac52d5b68610dfe07,9548a24a4faf5db17b5251df407b4402de033ae8648ec321c850fe6105002cf1,b932e19891ce63535cf1714a6b3adb0ade296d0a6a6326a4aebf3c1041117a30
osm-sionna-source-chicago-bank-53,osm-sionna-source-chicago-bank-53,osm-foundation-source-chicago-53,e157c29d0e93efc18b13cffc4d9cadf6536dede8dcf7f35aaf92b876d8e1be76,e157c29d0e93efc18b13cffc4d9cadf6536dede8dcf7f35aaf92b876d8e1be76,7d226f4f3323f75e0ebe3e8d4735a9abbf51b5a00e68fc1bfd2278867aa34bd6,7d226f4f3323f75e0ebe3e8d4735a9abbf51b5a00e68fc1bfd2278867aa34bd6,source_final_unseen_bank,True,True,True,True,True,True,True,True,True,True,True,True,True,True,True,True,True,csi-pairs-formal-v2.1-v6,060d8671380acaf43bd0beb2c77ac5c6ec112e4ddc083451ab36a5916b7c9cac,3424a269a751f219f4897b969db7cc13d2236fc72e8e2ccb663dec8d7f8f477c,False,CANDIDATE_NOT_CLAIM,8e8eaf212578b3dc624e40d1d979f0c37787afa3e7e464eac52d5b68610dfe07,9548a24a4faf5db17b5251df407b4402de033ae8648ec321c850fe6105002cf1,b932e19891ce63535cf1714a6b3adb0ade296d0a6a6326a4aebf3c1041117a30
osm-sionna-source-chicago-bank-54,osm-sionna-source-chicago-bank-54,osm-foundation-source-chicago-54,cdf3b81a19d9664e866a7c4b30929eee85e808a966df736d05277c84c1692ca4,cdf3b81a19d9664e866a7c4b30929eee85e808a966df736d05277c84c1692ca4,4d9d0d49e8c4885e119f6b7538b75be3e7dc31c4c15b6f52a3f0075e9d472f6e,4d9d0d49e8c4885e119f6b7538b75be3e7dc31c4c15b6f52a3f0075e9d472f6e,source_final_unseen_bank,True,True,True,True,True,True,True,True,True,True,True,True,True,True,True,True,True,csi-pairs-formal-v2.1-v6,060d8671380acaf43bd0beb2c77ac5c6ec112e4ddc083451ab36a5916b7c9cac,3424a269a751f219f4897b969db7cc13d2236fc72e8e2ccb663dec8d7f8f477c,False,CANDIDATE_NOT_CLAIM,8e8eaf212578b3dc624e40d1d979f0c37787afa3e7e464eac52d5b68610dfe07,9548a24a4faf5db17b5251df407b4402de033ae8648ec321c850fe6105002cf1,b932e19891ce63535cf1714a6b3adb0ade296d0a6a6326a4aebf3c1041117a30
osm-sionna-source-chicago-bank-55,osm-sionna-source-chicago-bank-55,osm-foundation-source-chicago-55,ab7b8a2b43df96e2c7247b654bd575dc2d4359682219d885d2c68ff546b4febb,ab7b8a2b43df96e2c7247b654bd575dc2d4359682219d885d2c68ff546b4febb,2d8ee08e6a3c2ac7ba4c9215a31982c62835cce247d96f971dc7899d4b5e6fab,2d8ee08e6a3c2ac7ba4c9215a31982c62835cce247d96f971dc7899d4b5e6fab,source_final_unseen_bank,True,True,True,True,True,True,True,True,True,True,True,True,True,True,True,True,True,csi-pairs-formal-v2.1-v6,060d8671380acaf43bd0beb2c77ac5c6ec112e4ddc083451ab36a5916b7c9cac,3424a269a751f219f4897b969db7cc13d2236fc72e8e2ccb663dec8d7f8f477c,False,CANDIDATE_NOT_CLAIM,8e8eaf212578b3dc624e40d1d979f0c37787afa3e7e464eac52d5b68610dfe07,9548a24a4faf5db17b5251df407b4402de033ae8648ec321c850fe6105002cf1,b932e19891ce63535cf1714a6b3adb0ade296d0a6a6326a4aebf3c1041117a30
osm-sionna-source-chicago-bank-56,osm-sionna-source-chicago-bank-56,osm-foundation-source-chicago-56,9b25a9c1f48514becf4ffa981d41355ae33d558cfb6bb8e5825b0f32fcb1d906,9b25a9c1f48514becf4ffa981d41355ae33d558cfb6bb8e5825b0f32fcb1d906,772d3e4411e80474c3f60240f0d0a68a6f01db29e148db668f0695b91984aa27,772d3e4411e80474c3f60240f0d0a68a6f01db29e148db668f0695b91984aa27,source_final_unseen_bank,True,True,True,True,True,True,True,True,True,True,True,True,True,True,True,True,True,csi-pairs-formal-v2.1-v6,060d8671380acaf43bd0beb2c77ac5c6ec112e4ddc083451ab36a5916b7c9cac,3424a269a751f219f4897b969db7cc13d2236fc72e8e2ccb663dec8d7f8f477c,False,CANDIDATE_NOT_CLAIM,8e8eaf212578b3dc624e40d1d979f0c37787afa3e7e464eac52d5b68610dfe07,9548a24a4faf5db17b5251df407b4402de033ae8648ec321c850fe6105002cf1,b932e19891ce63535cf1714a6b3adb0ade296d0a6a6326a4aebf3c1041117a30
osm-sionna-source-austin-bank-36,osm-sionna-source-austin-bank-36,osm-foundation-source-austin-36,41df90e8f3b99207a0f03eb20ad12e7bae7cfaec9a6181b8f885abc8985ed119,41df90e8f3b99207a0f03eb20ad12e7bae7cfaec9a6181b8f885abc8985ed119,478a4ce1a7f3e7f0cc32f59ebd5f92eb50c17cedf31c5765f07f0c13c6c5ccac,478a4ce1a7f3e7f0cc32f59ebd5f92eb50c17cedf31c5765f07f0c13c6c5ccac,source_final_unseen_bank,True,True,True,True,True,True,True,True,True,True,True,True,True,True,True,True,True,csi-pairs-formal-v2.1-v6,060d8671380acaf43bd0beb2c77ac5c6ec112e4ddc083451ab36a5916b7c9cac,3424a269a751f219f4897b969db7cc13d2236fc72e8e2ccb663dec8d7f8f477c,False,CANDIDATE_NOT_CLAIM,8e8eaf212578b3dc624e40d1d979f0c37787afa3e7e464eac52d5b68610dfe07,9548a24a4faf5db17b5251df407b4402de033ae8648ec321c850fe6105002cf1,b932e19891ce63535cf1714a6b3adb0ade296d0a6a6326a4aebf3c1041117a30
osm-sionna-source-austin-bank-37,osm-sionna-source-austin-bank-37,osm-foundation-source-austin-37,769f59254c45566d4b56baf4e1fa2af20cff8a2415abac363bacdbc9ce69030c,769f59254c45566d4b56baf4e1fa2af20cff8a2415abac363bacdbc9ce69030c,9b591eb7a2374363d2e05b7d18ff94b89222cf5a6dbd74246843ff703e7d7f04,9b591eb7a2374363d2e05b7d18ff94b89222cf5a6dbd74246843ff703e7d7f04,source_final_unseen_bank,True,True,True,True,True,True,True,True,True,True,True,True,True,True,True,True,True,csi-pairs-formal-v2.1-v6,060d8671380acaf43bd0beb2c77ac5c6ec112e4ddc083451ab36a5916b7c9cac,3424a269a751f219f4897b969db7cc13d2236fc72e8e2ccb663dec8d7f8f477c,False,CANDIDATE_NOT_CLAIM,8e8eaf212578b3dc624e40d1d979f0c37787afa3e7e464eac52d5b68610dfe07,9548a24a4faf5db17b5251df407b4402de033ae8648ec321c850fe6105002cf1,b932e19891ce63535cf1714a6b3adb0ade296d0a6a6326a4aebf3c1041117a30
osm-sionna-source-austin-bank-38,osm-sionna-source-austin-bank-38,osm-foundation-source-austin-38,e8ef7bc5c508502bb83026527962e2945928722605788c27bd9308b427cd1612,e8ef7bc5c508502bb83026527962e2945928722605788c27bd9308b427cd1612,796011ae6f6cdcd9c3adfe158c42849042146761b86fb7a86566faa26a24b385,796011ae6f6cdcd9c3adfe158c42849042146761b86fb7a86566faa26a24b385,source_final_unseen_bank,True,True,True,True,True,True,True,True,True,True,True,True,True,True,True,True,True,csi-pairs-formal-v2.1-v6,060d8671380acaf43bd0beb2c77ac5c6ec112e4ddc083451ab36a5916b7c9cac,3424a269a751f219f4897b969db7cc13d2236fc72e8e2ccb663dec8d7f8f477c,False,CANDIDATE_NOT_CLAIM,8e8eaf212578b3dc624e40d1d979f0c37787afa3e7e464eac52d5b68610dfe07,9548a24a4faf5db17b5251df407b4402de033ae8648ec321c850fe6105002cf1,b932e19891ce63535cf1714a6b3adb0ade296d0a6a6326a4aebf3c1041117a30
osm-sionna-source-austin-bank-39,osm-sionna-source-austin-bank-39,osm-foundation-source-austin-39,f31e0d3772e755447c15614bd221e0749bc61e5084a2055635454e974c0480aa,f31e0d3772e755447c15614bd221e0749bc61e5084a2055635454e974c0480aa,ac46cdf68fdb5807d702943fbec46fd54f4531e14d14334fb0b5826faa7691f7,ac46cdf68fdb5807d702943fbec46fd54f4531e14d14334fb0b5826faa7691f7,source_final_unseen_bank,True,True,True,True,True,True,True,True,True,True,True,True,True,True,True,True,True,csi-pairs-formal-v2.1-v6,060d8671380acaf43bd0beb2c77ac5c6ec112e4ddc083451ab36a5916b7c9cac,3424a269a751f219f4897b969db7cc13d2236fc72e8e2ccb663dec8d7f8f477c,False,CANDIDATE_NOT_CLAIM,8e8eaf212578b3dc624e40d1d979f0c37787afa3e7e464eac52d5b68610dfe07,9548a24a4faf5db17b5251df407b4402de033ae8648ec321c850fe6105002cf1,b932e19891ce63535cf1714a6b3adb0ade296d0a6a6326a4aebf3c1041117a30
osm-sionna-source-austin-bank-40,osm-sionna-source-austin-bank-40,osm-foundation-source-austin-40,ec0f279862e11634ef2fbf8d4e0bef0c9fa97349fa3dd12cb892417daca836df,ec0f279862e11634ef2fbf8d4e0bef0c9fa97349fa3dd12cb892417daca836df,f4b261a80a600c5c558ddffdf6189ca588f9b89eb0d384110a95d37fe691f2ad,f4b261a80a600c5c558ddffdf6189ca588f9b89eb0d384110a95d37fe691f2ad,source_final_unseen_bank,True,True,True,True,True,True,True,True,True,True,True,True,True,True,True,True,True,csi-pairs-formal-v2.1-v6,060d8671380acaf43bd0beb2c77ac5c6ec112e4ddc083451ab36a5916b7c9cac,3424a269a751f219f4897b969db7cc13d2236fc72e8e2ccb663dec8d7f8f477c,False,CANDIDATE_NOT_CLAIM,8e8eaf212578b3dc624e40d1d979f0c37787afa3e7e464eac52d5b68610dfe07,9548a24a4faf5db17b5251df407b4402de033ae8648ec321c850fe6105002cf1,b932e19891ce63535cf1714a6b3adb0ade296d0a6a6326a4aebf3c1041117a30
osm-sionna-source-austin-bank-41,osm-sionna-source-austin-bank-41,osm-foundation-source-austin-41,65dcf0a75bd505171202e8c5fdafafc06f267b926defc6eefd25a2376cf4992f,65dcf0a75bd505171202e8c5fdafafc06f267b926defc6eefd25a2376cf4992f,ae64616d87a100f22bd0e9047c7676d1de828940d1c4183b2b87e4d07e07acbe,ae64616d87a100f22bd0e9047c7676d1de828940d1c4183b2b87e4d07e07acbe,source_final_unseen_bank,True,True,True,True,True,True,True,True,True,True,True,True,True,True,True,True,True,csi-pairs-formal-v2.1-v6,060d8671380acaf43bd0beb2c77ac5c6ec112e4ddc083451ab36a5916b7c9cac,3424a269a751f219f4897b969db7cc13d2236fc72e8e2ccb663dec8d7f8f477c,False,CANDIDATE_NOT_CLAIM,8e8eaf212578b3dc624e40d1d979f0c37787afa3e7e464eac52d5b68610dfe07,9548a24a4faf5db17b5251df407b4402de033ae8648ec321c850fe6105002cf1,b932e19891ce63535cf1714a6b3adb0ade296d0a6a6326a4aebf3c1041117a30
osm-sionna-source-austin-bank-42,osm-sionna-source-austin-bank-42,osm-foundation-source-austin-42,8fbc34df12c8e31f68b97750d8842111e71c66c281ca7c81a7667c17d654ee91,8fbc34df12c8e31f68b97750d8842111e71c66c281ca7c81a7667c17d654ee91,f4a00463c830babafa46bc81bc1853bc55fda67de26e90191e415517d721a86b,f4a00463c830babafa46bc81bc1853bc55fda67de26e90191e415517d721a86b,source_final_unseen_bank,True,True,True,True,True,True,True,True,True,True,True,True,True,True,True,True,True,csi-pairs-formal-v2.1-v6,060d8671380acaf43bd0beb2c77ac5c6ec112e4ddc083451ab36a5916b7c9cac,3424a269a751f219f4897b969db7cc13d2236fc72e8e2ccb663dec8d7f8f477c,False,CANDIDATE_NOT_CLAIM,8e8eaf212578b3dc624e40d1d979f0c37787afa3e7e464eac52d5b68610dfe07,9548a24a4faf5db17b5251df407b4402de033ae8648ec321c850fe6105002cf1,b932e19891ce63535cf1714a6b3adb0ade296d0a6a6326a4aebf3c1041117a30
osm-sionna-source-austin-bank-43,osm-sionna-source-austin-bank-43,osm-foundation-source-austin-43,0ed756ac0479f836b0871e5a6e2930f9ecf1a42ba9c6f2228885a1da611cc11c,0ed756ac0479f836b0871e5a6e2930f9ecf1a42ba9c6f2228885a1da611cc11c,c15262a881e5233f64688bd88e45df819a6b3342e72f6b466476b8a8ed3c2836,c15262a881e5233f64688bd88e45df819a6b3342e72f6b466476b8a8ed3c2836,source_final_unseen_bank,True,True,True,True,True,True,True,True,True,True,True,True,True,True,True,True,True,csi-pairs-formal-v2.1-v6,060d8671380acaf43bd0beb2c77ac5c6ec112e4ddc083451ab36a5916b7c9cac,3424a269a751f219f4897b969db7cc13d2236fc72e8e2ccb663dec8d7f8f477c,False,CANDIDATE_NOT_CLAIM,8e8eaf212578b3dc624e40d1d979f0c37787afa3e7e464eac52d5b68610dfe07,9548a24a4faf5db17b5251df407b4402de033ae8648ec321c850fe6105002cf1,b932e19891ce63535cf1714a6b3adb0ade296d0a6a6326a4aebf3c1041117a30
osm-sionna-source-austin-bank-44,osm-sionna-source-austin-bank-44,osm-foundation-source-austin-44,1f8578bd49b62b053eb6a10830fb70f8bfb1cd9e6ee7704895bc4f1a13d38928,1f8578bd49b62b053eb6a10830fb70f8bfb1cd9e6ee7704895bc4f1a13d38928,a880eb8d421ca22f5851ab871e8a665beb452fc6c0b2c49e5578a001be4e77b3,a880eb8d421ca22f5851ab871e8a665beb452fc6c0b2c49e5578a001be4e77b3,source_final_unseen_bank,True,True,True,True,True,True,True,True,True,True,True,True,True,True,True,True,True,csi-pairs-formal-v2.1-v6,060d8671380acaf43bd0beb2c77ac5c6ec112e4ddc083451ab36a5916b7c9cac,3424a269a751f219f4897b969db7cc13d2236fc72e8e2ccb663dec8d7f8f477c,False,CANDIDATE_NOT_CLAIM,8e8eaf212578b3dc624e40d1d979f0c37787afa3e7e464eac52d5b68610dfe07,9548a24a4faf5db17b5251df407b4402de033ae8648ec321c850fe6105002cf1,b932e19891ce63535cf1714a6b3adb0ade296d0a6a6326a4aebf3c1041117a30
osm-sionna-source-austin-bank-45,osm-sionna-source-austin-bank-45,osm-foundation-source-austin-45,60e748009523cd68111d5c1909bef02b904b75c7cd4751cdec9488962229af49,60e748009523cd68111d5c1909bef02b904b75c7cd4751cdec9488962229af49,5ba66063b67877ed253a38e56b3700b235feb92f86b4e3b126161f4364ac16f5,5ba66063b67877ed253a38e56b3700b235feb92f86b4e3b126161f4364ac16f5,source_final_unseen_bank,True,True,True,True,True,True,True,True,True,True,True,True,True,True,True,True,True,csi-pairs-formal-v2.1-v6,060d8671380acaf43bd0beb2c77ac5c6ec112e4ddc083451ab36a5916b7c9cac,3424a269a751f219f4897b969db7cc13d2236fc72e8e2ccb663dec8d7f8f477c,False,CANDIDATE_NOT_CLAIM,8e8eaf212578b3dc624e40d1d979f0c37787afa3e7e464eac52d5b68610dfe07,9548a24a4faf5db17b5251df407b4402de033ae8648ec321c850fe6105002cf1,b932e19891ce63535cf1714a6b3adb0ade296d0a6a6326a4aebf3c1041117a30
osm-sionna-source-austin-bank-46,osm-sionna-source-austin-bank-46,osm-foundation-source-austin-46,f51390d1e6fe2e0c6e7883fffd014792b57cb86b12b9a31df6429e3aad79ad4b,f51390d1e6fe2e0c6e7883fffd014792b57cb86b12b9a31df6429e3aad79ad4b,bab619ff1a0a19adc1738056f31079997c3844a976db9cabe292a641e23edadc,bab619ff1a0a19adc1738056f31079997c3844a976db9cabe292a641e23edadc,source_final_unseen_bank,True,True,True,True,True,True,True,True,True,True,True,True,True,True,True,True,True,csi-pairs-formal-v2.1-v6,060d8671380acaf43bd0beb2c77ac5c6ec112e4ddc083451ab36a5916b7c9cac,3424a269a751f219f4897b969db7cc13d2236fc72e8e2ccb663dec8d7f8f477c,False,CANDIDATE_NOT_CLAIM,8e8eaf212578b3dc624e40d1d979f0c37787afa3e7e464eac52d5b68610dfe07,9548a24a4faf5db17b5251df407b4402de033ae8648ec321c850fe6105002cf1,b932e19891ce63535cf1714a6b3adb0ade296d0a6a6326a4aebf3c1041117a30
osm-sionna-source-austin-bank-47,osm-sionna-source-austin-bank-47,osm-foundation-source-austin-47,fdeb85f557d7e863ca3f06fd8115bb1faa96b5f1e2aee71799cc6b790fbdc2c6,fdeb85f557d7e863ca3f06fd8115bb1faa96b5f1e2aee71799cc6b790fbdc2c6,d96355a9406cef784aee7c5476f35687fcac2b9b2fecc294856a9366bf24526f,d96355a9406cef784aee7c5476f35687fcac2b9b2fecc294856a9366bf24526f,source_final_unseen_bank,True,True,True,True,True,True,True,True,True,True,True,True,True,True,True,True,True,csi-pairs-formal-v2.1-v6,060d8671380acaf43bd0beb2c77ac5c6ec112e4ddc083451ab36a5916b7c9cac,3424a269a751f219f4897b969db7cc13d2236fc72e8e2ccb663dec8d7f8f477c,False,CANDIDATE_NOT_CLAIM,8e8eaf212578b3dc624e40d1d979f0c37787afa3e7e464eac52d5b68610dfe07,9548a24a4faf5db17b5251df407b4402de033ae8648ec321c850fe6105002cf1,b932e19891ce63535cf1714a6b3adb0ade296d0a6a6326a4aebf3c1041117a30
osm-sionna-source-austin-bank-48,osm-sionna-source-austin-bank-48,osm-foundation-source-austin-48,df37012719778f31b801bd37b9927bf2fb018c59f5597f44d3a8044f0646a12c,df37012719778f31b801bd37b9927bf2fb018c59f5597f44d3a8044f0646a12c,42f9722d56504b6289dfec4346481278fd9e008db5afb6951ab3d8fd0e103c56,42f9722d56504b6289dfec4346481278fd9e008db5afb6951ab3d8fd0e103c56,source_final_unseen_bank,True,True,True,True,True,True,True,True,True,True,True,True,True,True,True,True,True,csi-pairs-formal-v2.1-v6,060d8671380acaf43bd0beb2c77ac5c6ec112e4ddc083451ab36a5916b7c9cac,3424a269a751f219f4897b969db7cc13d2236fc72e8e2ccb663dec8d7f8f477c,False,CANDIDATE_NOT_CLAIM,8e8eaf212578b3dc624e40d1d979f0c37787afa3e7e464eac52d5b68610dfe07,9548a24a4faf5db17b5251df407b4402de033ae8648ec321c850fe6105002cf1,b932e19891ce63535cf1714a6b3adb0ade296d0a6a6326a4aebf3c1041117a30
osm-sionna-source-austin-bank-49,osm-sionna-source-austin-bank-49,osm-foundation-source-austin-49,f18577f024f85fe63a165e8572f55350a97f50800efdef96909f081bd19b59c2,f18577f024f85fe63a165e8572f55350a97f50800efdef96909f081bd19b59c2,d5225d838fad598163f618d4f18f7d645c835cd4aeb9f3c1c142a80794befc87,d5225d838fad598163f618d4f18f7d645c835cd4aeb9f3c1c142a80794befc87,source_final_unseen_bank,True,True,True,True,True,True,True,True,True,True,True,True,True,True,True,True,True,csi-pairs-formal-v2.1-v6,060d8671380acaf43bd0beb2c77ac5c6ec112e4ddc083451ab36a5916b7c9cac,3424a269a751f219f4897b969db7cc13d2236fc72e8e2ccb663dec8d7f8f477c,False,CANDIDATE_NOT_CLAIM,8e8eaf212578b3dc624e40d1d979f0c37787afa3e7e464eac52d5b68610dfe07,9548a24a4faf5db17b5251df407b4402de033ae8648ec321c850fe6105002cf1,b932e19891ce63535cf1714a6b3adb0ade296d0a6a6326a4aebf3c1041117a30
osm-sionna-source-austin-bank-50,osm-sionna-source-austin-bank-50,osm-foundation-source-austin-50,2dd5ec01bfa9bf49aa8afb1a841a3beeef8db73ecbe579183f13f16ea88f4af3,2dd5ec01bfa9bf49aa8afb1a841a3beeef8db73ecbe579183f13f16ea88f4af3,df4eafecb27642393b2a245a6f322cfcc9af09c2e47eb6bc0c3cb5f1020424a9,df4eafecb27642393b2a245a6f322cfcc9af09c2e47eb6bc0c3cb5f1020424a9,source_final_unseen_bank,True,True,True,True,True,True,True,True,True,True,True,True,True,True,True,True,True,csi-pairs-formal-v2.1-v6,060d8671380acaf43bd0beb2c77ac5c6ec112e4ddc083451ab36a5916b7c9cac,3424a269a751f219f4897b969db7cc13d2236fc72e8e2ccb663dec8d7f8f477c,False,CANDIDATE_NOT_CLAIM,8e8eaf212578b3dc624e40d1d979f0c37787afa3e7e464eac52d5b68610dfe07,9548a24a4faf5db17b5251df407b4402de033ae8648ec321c850fe6105002cf1,b932e19891ce63535cf1714a6b3adb0ade296d0a6a6326a4aebf3c1041117a30
osm-sionna-source-austin-bank-51,osm-sionna-source-austin-bank-51,osm-foundation-source-austin-51,422333bd283d75e3ba4e5d7f7fa74f74d5fd940bc96540d69c0d5278981b04ae,422333bd283d75e3ba4e5d7f7fa74f74d5fd940bc96540d69c0d5278981b04ae,a1bbf5af4caf8815ad76eb8e8394e7c7d0530f90a46ad2e038c0598387496188,a1bbf5af4caf8815ad76eb8e8394e7c7d0530f90a46ad2e038c0598387496188,source_final_unseen_bank,True,True,True,True,True,True,True,True,True,True,True,True,True,True,True,True,True,csi-pairs-formal-v2.1-v6,060d8671380acaf43bd0beb2c77ac5c6ec112e4ddc083451ab36a5916b7c9cac,3424a269a751f219f4897b969db7cc13d2236fc72e8e2ccb663dec8d7f8f477c,False,CANDIDATE_NOT_CLAIM,8e8eaf212578b3dc624e40d1d979f0c37787afa3e7e464eac52d5b68610dfe07,9548a24a4faf5db17b5251df407b4402de033ae8648ec321c850fe6105002cf1,b932e19891ce63535cf1714a6b3adb0ade296d0a6a6326a4aebf3c1041117a30
osm-sionna-source-austin-bank-52,osm-sionna-source-austin-bank-52,osm-foundation-source-austin-52,e3d0db5dd98fc52825b5463b3cab8061f223081b7d62fca93b3c43526a2f0c05,e3d0db5dd98fc52825b5463b3cab8061f223081b7d62fca93b3c43526a2f0c05,72bdd56d28f88c42d027ddc8961c34195bf6728f131d9787bb4a8219cb4126ff,72bdd56d28f88c42d027ddc8961c34195bf6728f131d9787bb4a8219cb4126ff,source_final_unseen_bank,True,True,True,True,True,True,True,True,True,True,True,True,True,True,True,True,True,csi-pairs-formal-v2.1-v6,060d8671380acaf43bd0beb2c77ac5c6ec112e4ddc083451ab36a5916b7c9cac,3424a269a751f219f4897b969db7cc13d2236fc72e8e2ccb663dec8d7f8f477c,False,CANDIDATE_NOT_CLAIM,8e8eaf212578b3dc624e40d1d979f0c37787afa3e7e464eac52d5b68610dfe07,9548a24a4faf5db17b5251df407b4402de033ae8648ec321c850fe6105002cf1,b932e19891ce63535cf1714a6b3adb0ade296d0a6a6326a4aebf3c1041117a30
osm-sionna-source-austin-bank-53,osm-sionna-source-austin-bank-53,osm-foundation-source-austin-53,e1a6d141e37591f7092d5f7e2cc4cc01a0330a837505c860f078f898e7440dff,e1a6d141e37591f7092d5f7e2cc4cc01a0330a837505c860f078f898e7440dff,7e194eef36e2f0665d3791036fa3f6568afb1c5baa76cf5dedd4465335e9d7cd,7e194eef36e2f0665d3791036fa3f6568afb1c5baa76cf5dedd4465335e9d7cd,source_final_unseen_bank,True,True,True,True,True,True,True,True,True,True,True,True,True,True,True,True,True,csi-pairs-formal-v2.1-v6,060d8671380acaf43bd0beb2c77ac5c6ec112e4ddc083451ab36a5916b7c9cac,3424a269a751f219f4897b969db7cc13d2236fc72e8e2ccb663dec8d7f8f477c,False,CANDIDATE_NOT_CLAIM,8e8eaf212578b3dc624e40d1d979f0c37787afa3e7e464eac52d5b68610dfe07,9548a24a4faf5db17b5251df407b4402de033ae8648ec321c850fe6105002cf1,b932e19891ce63535cf1714a6b3adb0ade296d0a6a6326a4aebf3c1041117a30
osm-sionna-source-austin-bank-54,osm-sionna-source-austin-bank-54,osm-foundation-source-austin-54,ac53ca42805b4dc584d6b1bddd0e8ab902d31fb3b872fd9218cad28f3fd5655e,ac53ca42805b4dc584d6b1bddd0e8ab902d31fb3b872fd9218cad28f3fd5655e,b5df96219df98acaa482e650e0c42748e349295587257186a50f5042a8339d21,b5df96219df98acaa482e650e0c42748e349295587257186a50f5042a8339d21,source_final_unseen_bank,True,True,True,True,True,True,True,True,True,True,True,True,True,True,True,True,True,csi-pairs-formal-v2.1-v6,060d8671380acaf43bd0beb2c77ac5c6ec112e4ddc083451ab36a5916b7c9cac,3424a269a751f219f4897b969db7cc13d2236fc72e8e2ccb663dec8d7f8f477c,False,CANDIDATE_NOT_CLAIM,8e8eaf212578b3dc624e40d1d979f0c37787afa3e7e464eac52d5b68610dfe07,9548a24a4faf5db17b5251df407b4402de033ae8648ec321c850fe6105002cf1,b932e19891ce63535cf1714a6b3adb0ade296d0a6a6326a4aebf3c1041117a30
osm-sionna-source-austin-bank-55,osm-sionna-source-austin-bank-55,osm-foundation-source-austin-55,a9287689b3b55efc786698ebcfcf8c93c8fb2506a0ae911675c293478ebfaf22,a9287689b3b55efc786698ebcfcf8c93c8fb2506a0ae911675c293478ebfaf22,2cf86c932b0472b091eb8aa27892ac1f20f22a0e68033ff77efad54209dbd80d,2cf86c932b0472b091eb8aa27892ac1f20f22a0e68033ff77efad54209dbd80d,source_final_unseen_bank,True,True,True,True,True,True,True,True,True,True,True,True,True,True,True,True,True,csi-pairs-formal-v2.1-v6,060d8671380acaf43bd0beb2c77ac5c6ec112e4ddc083451ab36a5916b7c9cac,3424a269a751f219f4897b969db7cc13d2236fc72e8e2ccb663dec8d7f8f477c,False,CANDIDATE_NOT_CLAIM,8e8eaf212578b3dc624e40d1d979f0c37787afa3e7e464eac52d5b68610dfe07,9548a24a4faf5db17b5251df407b4402de033ae8648ec321c850fe6105002cf1,b932e19891ce63535cf1714a6b3adb0ade296d0a6a6326a4aebf3c1041117a30
osm-sionna-target-seattle-bank-00,osm-sionna-target-seattle-bank-00,osm-foundation-target-seattle-00,7f3e9aca77082e4d8ab5f7100948432faad243cac9bf3c82c47b4bda747d68c9,7f3e9aca77082e4d8ab5f7100948432faad243cac9bf3c82c47b4bda747d68c9,fb0a400117c9c3bbf5b7bf236d4c839ce978e12b442d2f596aca846445a5c51e,fb0a400117c9c3bbf5b7bf236d4c839ce978e12b442d2f596aca846445a5c51e,target,True,True,True,True,True,True,True,True,True,True,True,True,True,True,True,True,True,csi-pairs-formal-v2.1-v6,060d8671380acaf43bd0beb2c77ac5c6ec112e4ddc083451ab36a5916b7c9cac,3424a269a751f219f4897b969db7cc13d2236fc72e8e2ccb663dec8d7f8f477c,False,CANDIDATE_NOT_CLAIM,8e8eaf212578b3dc624e40d1d979f0c37787afa3e7e464eac52d5b68610dfe07,9548a24a4faf5db17b5251df407b4402de033ae8648ec321c850fe6105002cf1,b932e19891ce63535cf1714a6b3adb0ade296d0a6a6326a4aebf3c1041117a30
osm-sionna-target-seattle-bank-01,osm-sionna-target-seattle-bank-01,osm-foundation-target-seattle-01,d630ee2d86883a1e04d9d186232865ce58561bbbcb4107de242398188d67ada7,d630ee2d86883a1e04d9d186232865ce58561bbbcb4107de242398188d67ada7,9ab4089d1e5e26eafa336f58ee5b1e729a262ed709b68e47b7359da223035ea9,9ab4089d1e5e26eafa336f58ee5b1e729a262ed709b68e47b7359da223035ea9,target,True,True,True,True,True,True,True,True,True,True,True,True,True,True,True,True,True,csi-pairs-formal-v2.1-v6,060d8671380acaf43bd0beb2c77ac5c6ec112e4ddc083451ab36a5916b7c9cac,3424a269a751f219f4897b969db7cc13d2236fc72e8e2ccb663dec8d7f8f477c,False,CANDIDATE_NOT_CLAIM,8e8eaf212578b3dc624e40d1d979f0c37787afa3e7e464eac52d5b68610dfe07,9548a24a4faf5db17b5251df407b4402de033ae8648ec321c850fe6105002cf1,b932e19891ce63535cf1714a6b3adb0ade296d0a6a6326a4aebf3c1041117a30
osm-sionna-target-seattle-bank-02,osm-sionna-target-seattle-bank-02,osm-foundation-target-seattle-02,04ad52b15072315948268261b3400840653f59871dc6a184d42c555e625ad5e8,04ad52b15072315948268261b3400840653f59871dc6a184d42c555e625ad5e8,489e48990abbac02f59318514a94da2068c4d12c9a49afac9310174d5c0f03b4,489e48990abbac02f59318514a94da2068c4d12c9a49afac9310174d5c0f03b4,target,True,True,True,True,True,True,True,True,True,True,True,True,True,True,True,True,True,csi-pairs-formal-v2.1-v6,060d8671380acaf43bd0beb2c77ac5c6ec112e4ddc083451ab36a5916b7c9cac,3424a269a751f219f4897b969db7cc13d2236fc72e8e2ccb663dec8d7f8f477c,False,CANDIDATE_NOT_CLAIM,8e8eaf212578b3dc624e40d1d979f0c37787afa3e7e464eac52d5b68610dfe07,9548a24a4faf5db17b5251df407b4402de033ae8648ec321c850fe6105002cf1,b932e19891ce63535cf1714a6b3adb0ade296d0a6a6326a4aebf3c1041117a30
osm-sionna-target-seattle-bank-03,osm-sionna-target-seattle-bank-03,osm-foundation-target-seattle-03,a22220de621dbb28f07f857352b0bab73cfbff7344596ae5d611153d644b2c62,a22220de621dbb28f07f857352b0bab73cfbff7344596ae5d611153d644b2c62,b5791e025997eb9ae15074f98dcac715122c24ce2bc23d2490c343784d55b3a8,b5791e025997eb9ae15074f98dcac715122c24ce2bc23d2490c343784d55b3a8,target,True,True,True,True,True,True,True,True,True,True,True,True,True,True,True,True,True,csi-pairs-formal-v2.1-v6,060d8671380acaf43bd0beb2c77ac5c6ec112e4ddc083451ab36a5916b7c9cac,3424a269a751f219f4897b969db7cc13d2236fc72e8e2ccb663dec8d7f8f477c,False,CANDIDATE_NOT_CLAIM,8e8eaf212578b3dc624e40d1d979f0c37787afa3e7e464eac52d5b68610dfe07,9548a24a4faf5db17b5251df407b4402de033ae8648ec321c850fe6105002cf1,b932e19891ce63535cf1714a6b3adb0ade296d0a6a6326a4aebf3c1041117a30
osm-sionna-target-seattle-bank-04,osm-sionna-target-seattle-bank-04,osm-foundation-target-seattle-04,42095415f3a65981d846ba11d745aa7f809f6b606715d87a800f8d8f21316a9c,42095415f3a65981d846ba11d745aa7f809f6b606715d87a800f8d8f21316a9c,438faf60e1517d77f38e5ebb99de3cff9342b5f2991f358ff0e3136e1f3f7a5e,438faf60e1517d77f38e5ebb99de3cff9342b5f2991f358ff0e3136e1f3f7a5e,target,True,True,True,True,True,True,True,True,True,True,True,True,True,True,True,True,True,csi-pairs-formal-v2.1-v6,060d8671380acaf43bd0beb2c77ac5c6ec112e4ddc083451ab36a5916b7c9cac,3424a269a751f219f4897b969db7cc13d2236fc72e8e2ccb663dec8d7f8f477c,False,CANDIDATE_NOT_CLAIM,8e8eaf212578b3dc624e40d1d979f0c37787afa3e7e464eac52d5b68610dfe07,9548a24a4faf5db17b5251df407b4402de033ae8648ec321c850fe6105002cf1,b932e19891ce63535cf1714a6b3adb0ade296d0a6a6326a4aebf3c1041117a30
osm-sionna-target-seattle-bank-05,osm-sionna-target-seattle-bank-05,osm-foundation-target-seattle-05,953bde2e9a2593291ad44f866132bb7a5001393415b5b09978fef111911b74d5,953bde2e9a2593291ad44f866132bb7a5001393415b5b09978fef111911b74d5,06d1fd477458f41ce8e68158146598c4fa18ed0064372555023b35003b0b0f84,06d1fd477458f41ce8e68158146598c4fa18ed0064372555023b35003b0b0f84,target,True,True,True,True,True,True,True,True,True,True,True,True,True,True,True,True,True,csi-pairs-formal-v2.1-v6,060d8671380acaf43bd0beb2c77ac5c6ec112e4ddc083451ab36a5916b7c9cac,3424a269a751f219f4897b969db7cc13d2236fc72e8e2ccb663dec8d7f8f477c,False,CANDIDATE_NOT_CLAIM,8e8eaf212578b3dc624e40d1d979f0c37787afa3e7e464eac52d5b68610dfe07,9548a24a4faf5db17b5251df407b4402de033ae8648ec321c850fe6105002cf1,b932e19891ce63535cf1714a6b3adb0ade296d0a6a6326a4aebf3c1041117a30
osm-sionna-target-seattle-bank-06,osm-sionna-target-seattle-bank-06,osm-foundation-target-seattle-06,2f7708db9884dca61846e83e3ef2977617e97edd5c6909a1b5e695d7d32706c8,2f7708db9884dca61846e83e3ef2977617e97edd5c6909a1b5e695d7d32706c8,9afed5a25a3ebabefdb34fa054444f95b391ac092c015c320271baefc1455aea,9afed5a25a3ebabefdb34fa054444f95b391ac092c015c320271baefc1455aea,target,True,True,True,True,True,True,True,True,True,True,True,True,True,True,True,True,True,csi-pairs-formal-v2.1-v6,060d8671380acaf43bd0beb2c77ac5c6ec112e4ddc083451ab36a5916b7c9cac,3424a269a751f219f4897b969db7cc13d2236fc72e8e2ccb663dec8d7f8f477c,False,CANDIDATE_NOT_CLAIM,8e8eaf212578b3dc624e40d1d979f0c37787afa3e7e464eac52d5b68610dfe07,9548a24a4faf5db17b5251df407b4402de033ae8648ec321c850fe6105002cf1,b932e19891ce63535cf1714a6b3adb0ade296d0a6a6326a4aebf3c1041117a30
osm-sionna-target-seattle-bank-07,osm-sionna-target-seattle-bank-07,osm-foundation-target-seattle-07,d7aeaa7e269a04c327ddfc24359a8bad88585d06a8995b62153dd1523c5b673b,d7aeaa7e269a04c327ddfc24359a8bad88585d06a8995b62153dd1523c5b673b,f159814b05d78232c2d553ddfdfc8da674256f7124d4e3c732729835855913d8,f159814b05d78232c2d553ddfdfc8da674256f7124d4e3c732729835855913d8,target,True,True,True,True,True,True,True,True,True,True,True,True,True,True,True,True,True,csi-pairs-formal-v2.1-v6,060d8671380acaf43bd0beb2c77ac5c6ec112e4ddc083451ab36a5916b7c9cac,3424a269a751f219f4897b969db7cc13d2236fc72e8e2ccb663dec8d7f8f477c,False,CANDIDATE_NOT_CLAIM,8e8eaf212578b3dc624e40d1d979f0c37787afa3e7e464eac52d5b68610dfe07,9548a24a4faf5db17b5251df407b4402de033ae8648ec321c850fe6105002cf1,b932e19891ce63535cf1714a6b3adb0ade296d0a6a6326a4aebf3c1041117a30
osm-sionna-target-seattle-bank-08,osm-sionna-target-seattle-bank-08,osm-foundation-target-seattle-08,96187521eec776b794e66d8a6f0b67271b4402c1f989f676b04d6d0b3fbe7be0,96187521eec776b794e66d8a6f0b67271b4402c1f989f676b04d6d0b3fbe7be0,8823a9b867898462f990733ba4a6004e6e5c6a7e1553eccb1067b17d60e68f52,8823a9b867898462f990733ba4a6004e6e5c6a7e1553eccb1067b17d60e68f52,target,True,True,True,True,True,True,True,True,True,True,True,True,True,True,True,True,True,csi-pairs-formal-v2.1-v6,060d8671380acaf43bd0beb2c77ac5c6ec112e4ddc083451ab36a5916b7c9cac,3424a269a751f219f4897b969db7cc13d2236fc72e8e2ccb663dec8d7f8f477c,False,CANDIDATE_NOT_CLAIM,8e8eaf212578b3dc624e40d1d979f0c37787afa3e7e464eac52d5b68610dfe07,9548a24a4faf5db17b5251df407b4402de033ae8648ec321c850fe6105002cf1,b932e19891ce63535cf1714a6b3adb0ade296d0a6a6326a4aebf3c1041117a30
osm-sionna-target-seattle-bank-09,osm-sionna-target-seattle-bank-09,osm-foundation-target-seattle-09,2f9aa357c0f7890887197ab7d2b9b77f2d7db268a09431d7c3ab972460c4071f,2f9aa357c0f7890887197ab7d2b9b77f2d7db268a09431d7c3ab972460c4071f,a3a0344002106dfb2126dc301f1f6194ec693f6ef8094380af210dbcb28571ce,a3a0344002106dfb2126dc301f1f6194ec693f6ef8094380af210dbcb28571ce,target,True,True,True,True,True,True,True,True,True,True,True,True,True,True,True,True,True,csi-pairs-formal-v2.1-v6,060d8671380acaf43bd0beb2c77ac5c6ec112e4ddc083451ab36a5916b7c9cac,3424a269a751f219f4897b969db7cc13d2236fc72e8e2ccb663dec8d7f8f477c,False,CANDIDATE_NOT_CLAIM,8e8eaf212578b3dc624e40d1d979f0c37787afa3e7e464eac52d5b68610dfe07,9548a24a4faf5db17b5251df407b4402de033ae8648ec321c850fe6105002cf1,b932e19891ce63535cf1714a6b3adb0ade296d0a6a6326a4aebf3c1041117a30
osm-sionna-target-seattle-bank-10,osm-sionna-target-seattle-bank-10,osm-foundation-target-seattle-10,012e1b44a2506f0a09b23b42f8515f64aac3fcdd6a7e8ecf0dcf01154fc6c7ac,012e1b44a2506f0a09b23b42f8515f64aac3fcdd6a7e8ecf0dcf01154fc6c7ac,9717e0f53eec919f638f2b70e1b4243154da061d0737fb7272933893f95d4614,9717e0f53eec919f638f2b70e1b4243154da061d0737fb7272933893f95d4614,target,True,True,True,True,True,True,True,True,True,True,True,True,True,True,True,True,True,csi-pairs-formal-v2.1-v6,060d8671380acaf43bd0beb2c77ac5c6ec112e4ddc083451ab36a5916b7c9cac,3424a269a751f219f4897b969db7cc13d2236fc72e8e2ccb663dec8d7f8f477c,False,CANDIDATE_NOT_CLAIM,8e8eaf212578b3dc624e40d1d979f0c37787afa3e7e464eac52d5b68610dfe07,9548a24a4faf5db17b5251df407b4402de033ae8648ec321c850fe6105002cf1,b932e19891ce63535cf1714a6b3adb0ade296d0a6a6326a4aebf3c1041117a30
osm-sionna-target-seattle-bank-11,osm-sionna-target-seattle-bank-11,osm-foundation-target-seattle-11,32977c95ece11de0a60ae828f4928580d9ca441015d3f41123e194415562abbe,32977c95ece11de0a60ae828f4928580d9ca441015d3f41123e194415562abbe,5853ce7658b89eb3bd01bbacceb0f121481df0db240e6bcb102964b5a78c91d0,5853ce7658b89eb3bd01bbacceb0f121481df0db240e6bcb102964b5a78c91d0,target,True,True,True,True,True,True,True,True,True,True,True,True,True,True,True,True,True,csi-pairs-formal-v2.1-v6,060d8671380acaf43bd0beb2c77ac5c6ec112e4ddc083451ab36a5916b7c9cac,3424a269a751f219f4897b969db7cc13d2236fc72e8e2ccb663dec8d7f8f477c,False,CANDIDATE_NOT_CLAIM,8e8eaf212578b3dc624e40d1d979f0c37787afa3e7e464eac52d5b68610dfe07,9548a24a4faf5db17b5251df407b4402de033ae8648ec321c850fe6105002cf1,b932e19891ce63535cf1714a6b3adb0ade296d0a6a6326a4aebf3c1041117a30
osm-sionna-target-seattle-bank-12,osm-sionna-target-seattle-bank-12,osm-foundation-target-seattle-12,51037ee40399126dd897a79369ef39562dccaf0c90c5bb6e6eeb8faee53f28f5,51037ee40399126dd897a79369ef39562dccaf0c90c5bb6e6eeb8faee53f28f5,7671fc626c6b5d920b9608d9cd3fd4510a181e6537b0ed40b26869d32890c478,7671fc626c6b5d920b9608d9cd3fd4510a181e6537b0ed40b26869d32890c478,target,True,True,True,True,True,True,True,True,True,True,True,True,True,True,True,True,True,csi-pairs-formal-v2.1-v6,060d8671380acaf43bd0beb2c77ac5c6ec112e4ddc083451ab36a5916b7c9cac,3424a269a751f219f4897b969db7cc13d2236fc72e8e2ccb663dec8d7f8f477c,False,CANDIDATE_NOT_CLAIM,8e8eaf212578b3dc624e40d1d979f0c37787afa3e7e464eac52d5b68610dfe07,9548a24a4faf5db17b5251df407b4402de033ae8648ec321c850fe6105002cf1,b932e19891ce63535cf1714a6b3adb0ade296d0a6a6326a4aebf3c1041117a30
osm-sionna-target-seattle-bank-13,osm-sionna-target-seattle-bank-13,osm-foundation-target-seattle-13,993fd357f75889bb6dfc48594cccf51b77a26a669a988a145bcc6562ed0b56eb,993fd357f75889bb6dfc48594cccf51b77a26a669a988a145bcc6562ed0b56eb,b4af2e78b4a663830a06db2aadd7f6850ffaa9b18345a5c46551931cf2f21651,b4af2e78b4a663830a06db2aadd7f6850ffaa9b18345a5c46551931cf2f21651,target,True,True,True,True,True,True,True,True,True,True,True,True,True,True,True,True,True,csi-pairs-formal-v2.1-v6,060d8671380acaf43bd0beb2c77ac5c6ec112e4ddc083451ab36a5916b7c9cac,3424a269a751f219f4897b969db7cc13d2236fc72e8e2ccb663dec8d7f8f477c,False,CANDIDATE_NOT_CLAIM,8e8eaf212578b3dc624e40d1d979f0c37787afa3e7e464eac52d5b68610dfe07,9548a24a4faf5db17b5251df407b4402de033ae8648ec321c850fe6105002cf1,b932e19891ce63535cf1714a6b3adb0ade296d0a6a6326a4aebf3c1041117a30
osm-sionna-target-seattle-bank-14,osm-sionna-target-seattle-bank-14,osm-foundation-target-seattle-14,786e6b62b7e0a64db342c45bbdd716755503c95f2d3594a0eb5f61fda34ab5e8,786e6b62b7e0a64db342c45bbdd716755503c95f2d3594a0eb5f61fda34ab5e8,0ae25bc2c8801d42e7735adeb94b692d79838889be681f2516e8851b807ed59f,0ae25bc2c8801d42e7735adeb94b692d79838889be681f2516e8851b807ed59f,target,True,True,True,True,True,True,True,True,True,True,True,True,True,True,True,True,True,csi-pairs-formal-v2.1-v6,060d8671380acaf43bd0beb2c77ac5c6ec112e4ddc083451ab36a5916b7c9cac,3424a269a751f219f4897b969db7cc13d2236fc72e8e2ccb663dec8d7f8f477c,False,CANDIDATE_NOT_CLAIM,8e8eaf212578b3dc624e40d1d979f0c37787afa3e7e464eac52d5b68610dfe07,9548a24a4faf5db17b5251df407b4402de033ae8648ec321c850fe6105002cf1,b932e19891ce63535cf1714a6b3adb0ade296d0a6a6326a4aebf3c1041117a30
osm-sionna-target-seattle-bank-15,osm-sionna-target-seattle-bank-15,osm-foundation-target-seattle-15,d9fa5bea1d0161e9119df3b87e60d227ba09a75ce9653dcfbc7daf794d9dc3ae,d9fa5bea1d0161e9119df3b87e60d227ba09a75ce9653dcfbc7daf794d9dc3ae,29927d879b8304854682469d49b729d6a7a3a4a6427460854236c93cd5f45e8e,29927d879b8304854682469d49b729d6a7a3a4a6427460854236c93cd5f45e8e,target,True,True,True,True,True,True,True,True,True,True,True,True,True,True,True,True,True,csi-pairs-formal-v2.1-v6,060d8671380acaf43bd0beb2c77ac5c6ec112e4ddc083451ab36a5916b7c9cac,3424a269a751f219f4897b969db7cc13d2236fc72e8e2ccb663dec8d7f8f477c,False,CANDIDATE_NOT_CLAIM,8e8eaf212578b3dc624e40d1d979f0c37787afa3e7e464eac52d5b68610dfe07,9548a24a4faf5db17b5251df407b4402de033ae8648ec321c850fe6105002cf1,b932e19891ce63535cf1714a6b3adb0ade296d0a6a6326a4aebf3c1041117a30
osm-sionna-target-seattle-bank-16,osm-sionna-target-seattle-bank-16,osm-foundation-target-seattle-16,8d72d20dcba421c6701cd645e21c25d7e7e83a1ac40a403140b08ef7ad03c6df,8d72d20dcba421c6701cd645e21c25d7e7e83a1ac40a403140b08ef7ad03c6df,f709c2aac4a9dc2e3b91243315418337b0c596fad22d2cc7229272a3c8380756,f709c2aac4a9dc2e3b91243315418337b0c596fad22d2cc7229272a3c8380756,target,True,True,True,True,True,True,True,True,True,True,True,True,True,True,True,True,True,csi-pairs-formal-v2.1-v6,060d8671380acaf43bd0beb2c77ac5c6ec112e4ddc083451ab36a5916b7c9cac,3424a269a751f219f4897b969db7cc13d2236fc72e8e2ccb663dec8d7f8f477c,False,CANDIDATE_NOT_CLAIM,8e8eaf212578b3dc624e40d1d979f0c37787afa3e7e464eac52d5b68610dfe07,9548a24a4faf5db17b5251df407b4402de033ae8648ec321c850fe6105002cf1,b932e19891ce63535cf1714a6b3adb0ade296d0a6a6326a4aebf3c1041117a30
osm-sionna-target-seattle-bank-17,osm-sionna-target-seattle-bank-17,osm-foundation-target-seattle-17,45e96ee4937c6b75339afd7ed28596257e8e7af70172b1628029ccf6238416cd,45e96ee4937c6b75339afd7ed28596257e8e7af70172b1628029ccf6238416cd,0f296769919747fe26619c1b832d87d95615bd02e729fce65176c8e92f4365fe,0f296769919747fe26619c1b832d87d95615bd02e729fce65176c8e92f4365fe,target,True,True,True,True,True,True,True,True,True,True,True,True,True,True,True,True,True,csi-pairs-formal-v2.1-v6,060d8671380acaf43bd0beb2c77ac5c6ec112e4ddc083451ab36a5916b7c9cac,3424a269a751f219f4897b969db7cc13d2236fc72e8e2ccb663dec8d7f8f477c,False,CANDIDATE_NOT_CLAIM,8e8eaf212578b3dc624e40d1d979f0c37787afa3e7e464eac52d5b68610dfe07,9548a24a4faf5db17b5251df407b4402de033ae8648ec321c850fe6105002cf1,b932e19891ce63535cf1714a6b3adb0ade296d0a6a6326a4aebf3c1041117a30
osm-sionna-target-seattle-bank-18,osm-sionna-target-seattle-bank-18,osm-foundation-target-seattle-18,77ae3b8c9c8b9ca0eb0f6bc82420906eabf1a8691e6e79e307034097259d1a0a,77ae3b8c9c8b9ca0eb0f6bc82420906eabf1a8691e6e79e307034097259d1a0a,8c592a5e6b1318b6d90681dec82fabaa205db8ce0199595bcdecf6126f2438c4,8c592a5e6b1318b6d90681dec82fabaa205db8ce0199595bcdecf6126f2438c4,target,True,True,True,True,True,True,True,True,True,True,True,True,True,True,True,True,True,csi-pairs-formal-v2.1-v6,060d8671380acaf43bd0beb2c77ac5c6ec112e4ddc083451ab36a5916b7c9cac,3424a269a751f219f4897b969db7cc13d2236fc72e8e2ccb663dec8d7f8f477c,False,CANDIDATE_NOT_CLAIM,8e8eaf212578b3dc624e40d1d979f0c37787afa3e7e464eac52d5b68610dfe07,9548a24a4faf5db17b5251df407b4402de033ae8648ec321c850fe6105002cf1,b932e19891ce63535cf1714a6b3adb0ade296d0a6a6326a4aebf3c1041117a30
osm-sionna-target-seattle-bank-19,osm-sionna-target-seattle-bank-19,osm-foundation-target-seattle-19,02d21c82142a6cabb910e54f7433cd65e103b2a8c675e095b1d718ca41e3c03a,02d21c82142a6cabb910e54f7433cd65e103b2a8c675e095b1d718ca41e3c03a,d15eb336921e7ed6ddd070de7367d3fcbb54a9c0c8e03f245406db9596712fe1,d15eb336921e7ed6ddd070de7367d3fcbb54a9c0c8e03f245406db9596712fe1,target,True,True,True,True,True,True,True,True,True,True,True,True,True,True,True,True,True,csi-pairs-formal-v2.1-v6,060d8671380acaf43bd0beb2c77ac5c6ec112e4ddc083451ab36a5916b7c9cac,3424a269a751f219f4897b969db7cc13d2236fc72e8e2ccb663dec8d7f8f477c,False,CANDIDATE_NOT_CLAIM,8e8eaf212578b3dc624e40d1d979f0c37787afa3e7e464eac52d5b68610dfe07,9548a24a4faf5db17b5251df407b4402de033ae8648ec321c850fe6105002cf1,b932e19891ce63535cf1714a6b3adb0ade296d0a6a6326a4aebf3c1041117a30
osm-sionna-target-seattle-bank-20,osm-sionna-target-seattle-bank-20,osm-foundation-target-seattle-20,fd80981dc3552b1f67bfa5fb0b8e82a523cd0a42f5967867022359ebc5340045,fd80981dc3552b1f67bfa5fb0b8e82a523cd0a42f5967867022359ebc5340045,512c39e39c8318c68a0dd1ff634b4f28e2b33d94c9560214ba065e14ccc1ff34,512c39e39c8318c68a0dd1ff634b4f28e2b33d94c9560214ba065e14ccc1ff34,target,True,True,True,True,True,True,True,True,True,True,True,True,True,True,True,True,True,csi-pairs-formal-v2.1-v6,060d8671380acaf43bd0beb2c77ac5c6ec112e4ddc083451ab36a5916b7c9cac,3424a269a751f219f4897b969db7cc13d2236fc72e8e2ccb663dec8d7f8f477c,False,CANDIDATE_NOT_CLAIM,8e8eaf212578b3dc624e40d1d979f0c37787afa3e7e464eac52d5b68610dfe07,9548a24a4faf5db17b5251df407b4402de033ae8648ec321c850fe6105002cf1,b932e19891ce63535cf1714a6b3adb0ade296d0a6a6326a4aebf3c1041117a30
osm-sionna-target-seattle-bank-21,osm-sionna-target-seattle-bank-21,osm-foundation-target-seattle-21,1d0f404f20c5ab3c28db4fb66c32c79076337c33c556672038026b009a47b223,1d0f404f20c5ab3c28db4fb66c32c79076337c33c556672038026b009a47b223,24d01365770fa77dec37c1c3a2512a639301d532068007d5f07b76de702b137c,24d01365770fa77dec37c1c3a2512a639301d532068007d5f07b76de702b137c,target,True,True,True,True,True,True,True,True,True,True,True,True,True,True,True,True,True,csi-pairs-formal-v2.1-v6,060d8671380acaf43bd0beb2c77ac5c6ec112e4ddc083451ab36a5916b7c9cac,3424a269a751f219f4897b969db7cc13d2236fc72e8e2ccb663dec8d7f8f477c,False,CANDIDATE_NOT_CLAIM,8e8eaf212578b3dc624e40d1d979f0c37787afa3e7e464eac52d5b68610dfe07,9548a24a4faf5db17b5251df407b4402de033ae8648ec321c850fe6105002cf1,b932e19891ce63535cf1714a6b3adb0ade296d0a6a6326a4aebf3c1041117a30
osm-sionna-target-seattle-bank-22,osm-sionna-target-seattle-bank-22,osm-foundation-target-seattle-22,d04e955467fed82ca9f15cf4d69265d70b53ff3eb2707060a64286b92e3de3f6,d04e955467fed82ca9f15cf4d69265d70b53ff3eb2707060a64286b92e3de3f6,cb32f6094b46bcc79e8b8f41d5878e2bc57059c55bc487a75c5cffeef172983b,cb32f6094b46bcc79e8b8f41d5878e2bc57059c55bc487a75c5cffeef172983b,target,True,True,True,True,True,True,True,True,True,True,True,True,True,True,True,True,True,csi-pairs-formal-v2.1-v6,060d8671380acaf43bd0beb2c77ac5c6ec112e4ddc083451ab36a5916b7c9cac,3424a269a751f219f4897b969db7cc13d2236fc72e8e2ccb663dec8d7f8f477c,False,CANDIDATE_NOT_CLAIM,8e8eaf212578b3dc624e40d1d979f0c37787afa3e7e464eac52d5b68610dfe07,9548a24a4faf5db17b5251df407b4402de033ae8648ec321c850fe6105002cf1,b932e19891ce63535cf1714a6b3adb0ade296d0a6a6326a4aebf3c1041117a30
osm-sionna-target-seattle-bank-23,osm-sionna-target-seattle-bank-23,osm-foundation-target-seattle-23,d9a659e94a936565df257dcd2da9af29b88ff4b8d9bf59ce4e69e00f3afcca58,d9a659e94a936565df257dcd2da9af29b88ff4b8d9bf59ce4e69e00f3afcca58,b7207125d3dad7b5dd8b778370ed7be84d5851b4c0b94b0f423f92c70f225cd2,b7207125d3dad7b5dd8b778370ed7be84d5851b4c0b94b0f423f92c70f225cd2,target,True,True,True,True,True,True,True,True,True,True,True,True,True,True,True,True,True,csi-pairs-formal-v2.1-v6,060d8671380acaf43bd0beb2c77ac5c6ec112e4ddc083451ab36a5916b7c9cac,3424a269a751f219f4897b969db7cc13d2236fc72e8e2ccb663dec8d7f8f477c,False,CANDIDATE_NOT_CLAIM,8e8eaf212578b3dc624e40d1d979f0c37787afa3e7e464eac52d5b68610dfe07,9548a24a4faf5db17b5251df407b4402de033ae8648ec321c850fe6105002cf1,b932e19891ce63535cf1714a6b3adb0ade296d0a6a6326a4aebf3c1041117a30
osm-sionna-target-seattle-bank-24,osm-sionna-target-seattle-bank-24,osm-foundation-target-seattle-24,b76694bd569214b981eefcc5954fcfae640cb56b4c036e6e12e124e164802f29,b76694bd569214b981eefcc5954fcfae640cb56b4c036e6e12e124e164802f29,649167ca4bb67f95dcaf2e81dd00ae0be4a1e64b281dc58136cd3cd4f8a7706c,649167ca4bb67f95dcaf2e81dd00ae0be4a1e64b281dc58136cd3cd4f8a7706c,target,True,True,True,True,True,True,True,True,True,True,True,True,True,True,True,True,True,csi-pairs-formal-v2.1-v6,060d8671380acaf43bd0beb2c77ac5c6ec112e4ddc083451ab36a5916b7c9cac,3424a269a751f219f4897b969db7cc13d2236fc72e8e2ccb663dec8d7f8f477c,False,CANDIDATE_NOT_CLAIM,8e8eaf212578b3dc624e40d1d979f0c37787afa3e7e464eac52d5b68610dfe07,9548a24a4faf5db17b5251df407b4402de033ae8648ec321c850fe6105002cf1,b932e19891ce63535cf1714a6b3adb0ade296d0a6a6326a4aebf3c1041117a30
osm-sionna-target-seattle-bank-25,osm-sionna-target-seattle-bank-25,osm-foundation-target-seattle-25,986ec82b06a6228a75ad586740646e80326c255e4485bc3ad859767c8b4e2a44,986ec82b06a6228a75ad586740646e80326c255e4485bc3ad859767c8b4e2a44,8809554491709b922f232e43c136a5f4094c7c90a3378dc780adc4ccfea8da4b,8809554491709b922f232e43c136a5f4094c7c90a3378dc780adc4ccfea8da4b,target,True,True,True,True,True,True,True,True,True,True,True,True,True,True,True,True,True,csi-pairs-formal-v2.1-v6,060d8671380acaf43bd0beb2c77ac5c6ec112e4ddc083451ab36a5916b7c9cac,3424a269a751f219f4897b969db7cc13d2236fc72e8e2ccb663dec8d7f8f477c,False,CANDIDATE_NOT_CLAIM,8e8eaf212578b3dc624e40d1d979f0c37787afa3e7e464eac52d5b68610dfe07,9548a24a4faf5db17b5251df407b4402de033ae8648ec321c850fe6105002cf1,b932e19891ce63535cf1714a6b3adb0ade296d0a6a6326a4aebf3c1041117a30
osm-sionna-target-seattle-bank-26,osm-sionna-target-seattle-bank-26,osm-foundation-target-seattle-26,545d59443c8f2161edb9c8b58014879fe4fff7ef08c769d681b8447c4679b381,545d59443c8f2161edb9c8b58014879fe4fff7ef08c769d681b8447c4679b381,cc3bf7f76fda8b9b82dff0016189a16b21ba7372e40bbed2daab352de0785234,cc3bf7f76fda8b9b82dff0016189a16b21ba7372e40bbed2daab352de0785234,target,True,True,True,True,True,True,True,True,True,True,True,True,True,True,True,True,True,csi-pairs-formal-v2.1-v6,060d8671380acaf43bd0beb2c77ac5c6ec112e4ddc083451ab36a5916b7c9cac,3424a269a751f219f4897b969db7cc13d2236fc72e8e2ccb663dec8d7f8f477c,False,CANDIDATE_NOT_CLAIM,8e8eaf212578b3dc624e40d1d979f0c37787afa3e7e464eac52d5b68610dfe07,9548a24a4faf5db17b5251df407b4402de033ae8648ec321c850fe6105002cf1,b932e19891ce63535cf1714a6b3adb0ade296d0a6a6326a4aebf3c1041117a30
osm-sionna-target-seattle-bank-27,osm-sionna-target-seattle-bank-27,osm-foundation-target-seattle-27,ebf060adbdbfe686a819e66f25d22b2d239a882506b33f968623db5c24d83736,ebf060adbdbfe686a819e66f25d22b2d239a882506b33f968623db5c24d83736,e6d59920603db7fc401282040dda4dbbbd6dcb3c29e3e0346514d2c991495ca0,e6d59920603db7fc401282040dda4dbbbd6dcb3c29e3e0346514d2c991495ca0,target,True,True,True,True,True,True,True,True,True,True,True,True,True,True,True,True,True,csi-pairs-formal-v2.1-v6,060d8671380acaf43bd0beb2c77ac5c6ec112e4ddc083451ab36a5916b7c9cac,3424a269a751f219f4897b969db7cc13d2236fc72e8e2ccb663dec8d7f8f477c,False,CANDIDATE_NOT_CLAIM,8e8eaf212578b3dc624e40d1d979f0c37787afa3e7e464eac52d5b68610dfe07,9548a24a4faf5db17b5251df407b4402de033ae8648ec321c850fe6105002cf1,b932e19891ce63535cf1714a6b3adb0ade296d0a6a6326a4aebf3c1041117a30
osm-sionna-target-seattle-bank-28,osm-sionna-target-seattle-bank-28,osm-foundation-target-seattle-28,8cb68b3bf9e1c730f3a1f32daaa3484e1ae8a2bbf49269ceadec8ebc09fe1779,8cb68b3bf9e1c730f3a1f32daaa3484e1ae8a2bbf49269ceadec8ebc09fe1779,43ed8654c1b1e23fc3452c07da1629a2f511645f0ed5bdcf6a535691368f7f02,43ed8654c1b1e23fc3452c07da1629a2f511645f0ed5bdcf6a535691368f7f02,target,True,True,True,True,True,True,True,True,True,True,True,True,True,True,True,True,True,csi-pairs-formal-v2.1-v6,060d8671380acaf43bd0beb2c77ac5c6ec112e4ddc083451ab36a5916b7c9cac,3424a269a751f219f4897b969db7cc13d2236fc72e8e2ccb663dec8d7f8f477c,False,CANDIDATE_NOT_CLAIM,8e8eaf212578b3dc624e40d1d979f0c37787afa3e7e464eac52d5b68610dfe07,9548a24a4faf5db17b5251df407b4402de033ae8648ec321c850fe6105002cf1,b932e19891ce63535cf1714a6b3adb0ade296d0a6a6326a4aebf3c1041117a30
osm-sionna-target-seattle-bank-29,osm-sionna-target-seattle-bank-29,osm-foundation-target-seattle-29,88da4254176f7e778572fb517c131ef7c9d9ed03d5c3ae27a9791e7d1093784e,88da4254176f7e778572fb517c131ef7c9d9ed03d5c3ae27a9791e7d1093784e,7e75eb3e87ac36cb6b7cfdd789da71eab7252d4069116ff3294f5924d543cc9d,7e75eb3e87ac36cb6b7cfdd789da71eab7252d4069116ff3294f5924d543cc9d,target,True,True,True,True,True,True,True,True,True,True,True,True,True,True,True,True,True,csi-pairs-formal-v2.1-v6,060d8671380acaf43bd0beb2c77ac5c6ec112e4ddc083451ab36a5916b7c9cac,3424a269a751f219f4897b969db7cc13d2236fc72e8e2ccb663dec8d7f8f477c,False,CANDIDATE_NOT_CLAIM,8e8eaf212578b3dc624e40d1d979f0c37787afa3e7e464eac52d5b68610dfe07,9548a24a4faf5db17b5251df407b4402de033ae8648ec321c850fe6105002cf1,b932e19891ce63535cf1714a6b3adb0ade296d0a6a6326a4aebf3c1041117a30
osm-sionna-target-seattle-bank-30,osm-sionna-target-seattle-bank-30,osm-foundation-target-seattle-30,177894154414c40149a18a9c4eb5008ea8405b8f38a10adf249593e7699be359,177894154414c40149a18a9c4eb5008ea8405b8f38a10adf249593e7699be359,16332761b9d9df4edc60cdfc59177d9ba426a5aca548d86507245cbfe52243d0,16332761b9d9df4edc60cdfc59177d9ba426a5aca548d86507245cbfe52243d0,target,True,True,True,True,True,True,True,True,True,True,True,True,True,True,True,True,True,csi-pairs-formal-v2.1-v6,060d8671380acaf43bd0beb2c77ac5c6ec112e4ddc083451ab36a5916b7c9cac,3424a269a751f219f4897b969db7cc13d2236fc72e8e2ccb663dec8d7f8f477c,False,CANDIDATE_NOT_CLAIM,8e8eaf212578b3dc624e40d1d979f0c37787afa3e7e464eac52d5b68610dfe07,9548a24a4faf5db17b5251df407b4402de033ae8648ec321c850fe6105002cf1,b932e19891ce63535cf1714a6b3adb0ade296d0a6a6326a4aebf3c1041117a30
osm-sionna-target-seattle-bank-31,osm-sionna-target-seattle-bank-31,osm-foundation-target-seattle-31,058056eee0d12e165023c571f78b6f5965fe10b62c3a6c86fba266c4f94f0796,058056eee0d12e165023c571f78b6f5965fe10b62c3a6c86fba266c4f94f0796,f6edb0ae3762f105cdc147b35e19fcfc34827889ef0ca404dd93e99ff3649f7d,f6edb0ae3762f105cdc147b35e19fcfc34827889ef0ca404dd93e99ff3649f7d,target,True,True,True,True,True,True,True,True,True,True,True,True,True,True,True,True,True,csi-pairs-formal-v2.1-v6,060d8671380acaf43bd0beb2c77ac5c6ec112e4ddc083451ab36a5916b7c9cac,3424a269a751f219f4897b969db7cc13d2236fc72e8e2ccb663dec8d7f8f477c,False,CANDIDATE_NOT_CLAIM,8e8eaf212578b3dc624e40d1d979f0c37787afa3e7e464eac52d5b68610dfe07,9548a24a4faf5db17b5251df407b4402de033ae8648ec321c850fe6105002cf1,b932e19891ce63535cf1714a6b3adb0ade296d0a6a6326a4aebf3c1041117a30
osm-sionna-target-seattle-bank-32,osm-sionna-target-seattle-bank-32,osm-foundation-target-seattle-32,1cfc55bc0c76a6165dc07284e35b90983a5119e384a5cfb55b022be218997549,1cfc55bc0c76a6165dc07284e35b90983a5119e384a5cfb55b022be218997549,8e9fb45bdd92c73254cd80fce2276d6be4a4691258c5b631fb76150217218186,8e9fb45bdd92c73254cd80fce2276d6be4a4691258c5b631fb76150217218186,target,True,True,True,True,True,True,True,True,True,True,True,True,True,True,True,True,True,csi-pairs-formal-v2.1-v6,060d8671380acaf43bd0beb2c77ac5c6ec112e4ddc083451ab36a5916b7c9cac,3424a269a751f219f4897b969db7cc13d2236fc72e8e2ccb663dec8d7f8f477c,False,CANDIDATE_NOT_CLAIM,8e8eaf212578b3dc624e40d1d979f0c37787afa3e7e464eac52d5b68610dfe07,9548a24a4faf5db17b5251df407b4402de033ae8648ec321c850fe6105002cf1,b932e19891ce63535cf1714a6b3adb0ade296d0a6a6326a4aebf3c1041117a30
osm-sionna-target-seattle-bank-33,osm-sionna-target-seattle-bank-33,osm-foundation-target-seattle-33,28f504995a71ea318d689f91e4c764f0e527664f65c5fa3bdf0c01c32fdfc133,28f504995a71ea318d689f91e4c764f0e527664f65c5fa3bdf0c01c32fdfc133,f3acecf1f534553e4f7a6aadd362193cc6ec25ee24f93337a737560849c659c3,f3acecf1f534553e4f7a6aadd362193cc6ec25ee24f93337a737560849c659c3,target,True,True,True,True,True,True,True,True,True,True,True,True,True,True,True,True,True,csi-pairs-formal-v2.1-v6,060d8671380acaf43bd0beb2c77ac5c6ec112e4ddc083451ab36a5916b7c9cac,3424a269a751f219f4897b969db7cc13d2236fc72e8e2ccb663dec8d7f8f477c,False,CANDIDATE_NOT_CLAIM,8e8eaf212578b3dc624e40d1d979f0c37787afa3e7e464eac52d5b68610dfe07,9548a24a4faf5db17b5251df407b4402de033ae8648ec321c850fe6105002cf1,b932e19891ce63535cf1714a6b3adb0ade296d0a6a6326a4aebf3c1041117a30
osm-sionna-target-seattle-bank-34,osm-sionna-target-seattle-bank-34,osm-foundation-target-seattle-34,464b53fe4063caf715de0c221272be31a33bb075ac0770651c25bf97ba806d32,464b53fe4063caf715de0c221272be31a33bb075ac0770651c25bf97ba806d32,4a6a00f134519b54c73d10b6f71ed1a816700726795177ba52132a203b3a4ac2,4a6a00f134519b54c73d10b6f71ed1a816700726795177ba52132a203b3a4ac2,target,True,True,True,True,True,True,True,True,True,True,True,True,True,True,True,True,True,csi-pairs-formal-v2.1-v6,060d8671380acaf43bd0beb2c77ac5c6ec112e4ddc083451ab36a5916b7c9cac,3424a269a751f219f4897b969db7cc13d2236fc72e8e2ccb663dec8d7f8f477c,False,CANDIDATE_NOT_CLAIM,8e8eaf212578b3dc624e40d1d979f0c37787afa3e7e464eac52d5b68610dfe07,9548a24a4faf5db17b5251df407b4402de033ae8648ec321c850fe6105002cf1,b932e19891ce63535cf1714a6b3adb0ade296d0a6a6326a4aebf3c1041117a30
osm-sionna-target-seattle-bank-35,osm-sionna-target-seattle-bank-35,osm-foundation-target-seattle-35,c9bae00d1eb23540393bfe950107e2adb99b9cbed266c3375c763d6df0de9dbf,c9bae00d1eb23540393bfe950107e2adb99b9cbed266c3375c763d6df0de9dbf,f5bbd7b6b2a1881230f6e67ad14fec48a00c402fb0ad280c85f0db70366c0827,f5bbd7b6b2a1881230f6e67ad14fec48a00c402fb0ad280c85f0db70366c0827,target,True,True,True,True,True,True,True,True,True,True,True,True,True,True,True,True,True,csi-pairs-formal-v2.1-v6,060d8671380acaf43bd0beb2c77ac5c6ec112e4ddc083451ab36a5916b7c9cac,3424a269a751f219f4897b969db7cc13d2236fc72e8e2ccb663dec8d7f8f477c,False,CANDIDATE_NOT_CLAIM,8e8eaf212578b3dc624e40d1d979f0c37787afa3e7e464eac52d5b68610dfe07,9548a24a4faf5db17b5251df407b4402de033ae8648ec321c850fe6105002cf1,b932e19891ce63535cf1714a6b3adb0ade296d0a6a6326a4aebf3c1041117a30
osm-sionna-target-seattle-bank-36,osm-sionna-target-seattle-bank-36,osm-foundation-target-seattle-36,ef6da8cec7913bb958e3ecf853dacd7e16b468fc21429f99ac7cef1c985f2452,ef6da8cec7913bb958e3ecf853dacd7e16b468fc21429f99ac7cef1c985f2452,1415fc15d132e15d99fdb65c1e8db4eeff89d0dba80dac08db9ed740b80542bd,1415fc15d132e15d99fdb65c1e8db4eeff89d0dba80dac08db9ed740b80542bd,target,True,True,True,True,True,True,True,True,True,True,True,True,True,True,True,True,True,csi-pairs-formal-v2.1-v6,060d8671380acaf43bd0beb2c77ac5c6ec112e4ddc083451ab36a5916b7c9cac,3424a269a751f219f4897b969db7cc13d2236fc72e8e2ccb663dec8d7f8f477c,False,CANDIDATE_NOT_CLAIM,8e8eaf212578b3dc624e40d1d979f0c37787afa3e7e464eac52d5b68610dfe07,9548a24a4faf5db17b5251df407b4402de033ae8648ec321c850fe6105002cf1,b932e19891ce63535cf1714a6b3adb0ade296d0a6a6326a4aebf3c1041117a30
osm-sionna-target-seattle-bank-37,osm-sionna-target-seattle-bank-37,osm-foundation-target-seattle-37,26d4980774f1a71a8822d561c6ecd72b255fda7fee5e3ce2532005a4efa967c6,26d4980774f1a71a8822d561c6ecd72b255fda7fee5e3ce2532005a4efa967c6,6c80b9ce045b13603d34a75e9f4081fb7ccd8bdf644ad50e6a88bae88ab2c5ec,6c80b9ce045b13603d34a75e9f4081fb7ccd8bdf644ad50e6a88bae88ab2c5ec,target,True,True,True,True,True,True,True,True,True,True,True,True,True,True,True,True,True,csi-pairs-formal-v2.1-v6,060d8671380acaf43bd0beb2c77ac5c6ec112e4ddc083451ab36a5916b7c9cac,3424a269a751f219f4897b969db7cc13d2236fc72e8e2ccb663dec8d7f8f477c,False,CANDIDATE_NOT_CLAIM,8e8eaf212578b3dc624e40d1d979f0c37787afa3e7e464eac52d5b68610dfe07,9548a24a4faf5db17b5251df407b4402de033ae8648ec321c850fe6105002cf1,b932e19891ce63535cf1714a6b3adb0ade296d0a6a6326a4aebf3c1041117a30
osm-sionna-target-seattle-bank-38,osm-sionna-target-seattle-bank-38,osm-foundation-target-seattle-38,0907b6782aa64b91bdb7ea415f0acabecf8a64fbe3ba795bf8badeb47c94e61f,0907b6782aa64b91bdb7ea415f0acabecf8a64fbe3ba795bf8badeb47c94e61f,c62b943c4addeecbae4ec8615ab30a4868eeb3773d2fb66fb6e6de6e3601d87e,c62b943c4addeecbae4ec8615ab30a4868eeb3773d2fb66fb6e6de6e3601d87e,target,True,True,True,True,True,True,True,True,True,True,True,True,True,True,True,True,True,csi-pairs-formal-v2.1-v6,060d8671380acaf43bd0beb2c77ac5c6ec112e4ddc083451ab36a5916b7c9cac,3424a269a751f219f4897b969db7cc13d2236fc72e8e2ccb663dec8d7f8f477c,False,CANDIDATE_NOT_CLAIM,8e8eaf212578b3dc624e40d1d979f0c37787afa3e7e464eac52d5b68610dfe07,9548a24a4faf5db17b5251df407b4402de033ae8648ec321c850fe6105002cf1,b932e19891ce63535cf1714a6b3adb0ade296d0a6a6326a4aebf3c1041117a30
osm-sionna-target-seattle-bank-39,osm-sionna-target-seattle-bank-39,osm-foundation-target-seattle-39,f057c719cf1d1f6c35f216f12b9d10d00da5f29f22e8ffc97bd0f73afbaee531,f057c719cf1d1f6c35f216f12b9d10d00da5f29f22e8ffc97bd0f73afbaee531,7f0e7d58a77f35861c5345ed2a50d2312c44c396e558e06a866c61e675114ca0,7f0e7d58a77f35861c5345ed2a50d2312c44c396e558e06a866c61e675114ca0,target,True,True,True,True,True,True,True,True,True,True,True,True,True,True,True,True,True,csi-pairs-formal-v2.1-v6,060d8671380acaf43bd0beb2c77ac5c6ec112e4ddc083451ab36a5916b7c9cac,3424a269a751f219f4897b969db7cc13d2236fc72e8e2ccb663dec8d7f8f477c,False,CANDIDATE_NOT_CLAIM,8e8eaf212578b3dc624e40d1d979f0c37787afa3e7e464eac52d5b68610dfe07,9548a24a4faf5db17b5251df407b4402de033ae8648ec321c850fe6105002cf1,b932e19891ce63535cf1714a6b3adb0ade296d0a6a6326a4aebf3c1041117a30
osm-sionna-target-seattle-bank-40,osm-sionna-target-seattle-bank-40,osm-foundation-target-seattle-40,031d7c71595a1850ff9a5f9963fa451316e0086b501c1c28b7c0ed071464cac9,031d7c71595a1850ff9a5f9963fa451316e0086b501c1c28b7c0ed071464cac9,7dc6c082af3195d94d71b401a8495cf5ee82e9c6eb7c17be6bd038e6e0a7baee,7dc6c082af3195d94d71b401a8495cf5ee82e9c6eb7c17be6bd038e6e0a7baee,target,True,True,True,True,True,True,True,True,True,True,True,True,True,True,True,True,True,csi-pairs-formal-v2.1-v6,060d8671380acaf43bd0beb2c77ac5c6ec112e4ddc083451ab36a5916b7c9cac,3424a269a751f219f4897b969db7cc13d2236fc72e8e2ccb663dec8d7f8f477c,False,CANDIDATE_NOT_CLAIM,8e8eaf212578b3dc624e40d1d979f0c37787afa3e7e464eac52d5b68610dfe07,9548a24a4faf5db17b5251df407b4402de033ae8648ec321c850fe6105002cf1,b932e19891ce63535cf1714a6b3adb0ade296d0a6a6326a4aebf3c1041117a30
osm-sionna-target-boston-bank-00,osm-sionna-target-boston-bank-00,osm-foundation-target-boston-00,b8fc69a649f32746e03eb66f9e36a40213d7bf4645e0f4b5119304297c4d76e7,b8fc69a649f32746e03eb66f9e36a40213d7bf4645e0f4b5119304297c4d76e7,55bc755514ec7411e3c676bf01ebe25881a41947e4b9aad278183c3a2d26dbe7,55bc755514ec7411e3c676bf01ebe25881a41947e4b9aad278183c3a2d26dbe7,target,True,True,True,True,True,True,True,True,True,True,True,True,True,True,True,True,True,csi-pairs-formal-v2.1-v6,060d8671380acaf43bd0beb2c77ac5c6ec112e4ddc083451ab36a5916b7c9cac,3424a269a751f219f4897b969db7cc13d2236fc72e8e2ccb663dec8d7f8f477c,False,CANDIDATE_NOT_CLAIM,8e8eaf212578b3dc624e40d1d979f0c37787afa3e7e464eac52d5b68610dfe07,9548a24a4faf5db17b5251df407b4402de033ae8648ec321c850fe6105002cf1,b932e19891ce63535cf1714a6b3adb0ade296d0a6a6326a4aebf3c1041117a30
osm-sionna-target-boston-bank-01,osm-sionna-target-boston-bank-01,osm-foundation-target-boston-01,717b745a36030de2a29a32e2b5feb8ed99f0677cc20be396e5edbb02f83a06f0,717b745a36030de2a29a32e2b5feb8ed99f0677cc20be396e5edbb02f83a06f0,cedee3a44415f1ff22064b76185b4a82a86b38f06425f51816fe818a3c379caf,cedee3a44415f1ff22064b76185b4a82a86b38f06425f51816fe818a3c379caf,target,True,True,True,True,True,True,True,True,True,True,True,True,True,True,True,True,True,csi-pairs-formal-v2.1-v6,060d8671380acaf43bd0beb2c77ac5c6ec112e4ddc083451ab36a5916b7c9cac,3424a269a751f219f4897b969db7cc13d2236fc72e8e2ccb663dec8d7f8f477c,False,CANDIDATE_NOT_CLAIM,8e8eaf212578b3dc624e40d1d979f0c37787afa3e7e464eac52d5b68610dfe07,9548a24a4faf5db17b5251df407b4402de033ae8648ec321c850fe6105002cf1,b932e19891ce63535cf1714a6b3adb0ade296d0a6a6326a4aebf3c1041117a30
osm-sionna-target-boston-bank-02,osm-sionna-target-boston-bank-02,osm-foundation-target-boston-02,3f021d48f25d004aa151a745d5d48fbea4cf90353006795c42b67c2288f297ad,3f021d48f25d004aa151a745d5d48fbea4cf90353006795c42b67c2288f297ad,dace955fff52d26e35fc01b56c3479948a143eec62916a21e3c21f3498eebbed,dace955fff52d26e35fc01b56c3479948a143eec62916a21e3c21f3498eebbed,target,True,True,True,True,True,True,True,True,True,True,True,True,True,True,True,True,True,csi-pairs-formal-v2.1-v6,060d8671380acaf43bd0beb2c77ac5c6ec112e4ddc083451ab36a5916b7c9cac,3424a269a751f219f4897b969db7cc13d2236fc72e8e2ccb663dec8d7f8f477c,False,CANDIDATE_NOT_CLAIM,8e8eaf212578b3dc624e40d1d979f0c37787afa3e7e464eac52d5b68610dfe07,9548a24a4faf5db17b5251df407b4402de033ae8648ec321c850fe6105002cf1,b932e19891ce63535cf1714a6b3adb0ade296d0a6a6326a4aebf3c1041117a30
osm-sionna-target-boston-bank-03,osm-sionna-target-boston-bank-03,osm-foundation-target-boston-03,3935b4c2d8734680c424c929d677d585972be847af09fedbe8cba3bb9e3eb9dc,3935b4c2d8734680c424c929d677d585972be847af09fedbe8cba3bb9e3eb9dc,1d5b7d00d2a97bb1837360d3b00b4d0fd3f382de68cb76bbb2f2ad1dd83f0b50,1d5b7d00d2a97bb1837360d3b00b4d0fd3f382de68cb76bbb2f2ad1dd83f0b50,target,True,True,True,True,True,True,True,True,True,True,True,True,True,True,True,True,True,csi-pairs-formal-v2.1-v6,060d8671380acaf43bd0beb2c77ac5c6ec112e4ddc083451ab36a5916b7c9cac,3424a269a751f219f4897b969db7cc13d2236fc72e8e2ccb663dec8d7f8f477c,False,CANDIDATE_NOT_CLAIM,8e8eaf212578b3dc624e40d1d979f0c37787afa3e7e464eac52d5b68610dfe07,9548a24a4faf5db17b5251df407b4402de033ae8648ec321c850fe6105002cf1,b932e19891ce63535cf1714a6b3adb0ade296d0a6a6326a4aebf3c1041117a30
osm-sionna-target-boston-bank-04,osm-sionna-target-boston-bank-04,osm-foundation-target-boston-04,d1f2629bab287360bffafefb505e90e525e5af24595670e5b9f6c4f2fdfe1560,d1f2629bab287360bffafefb505e90e525e5af24595670e5b9f6c4f2fdfe1560,c873b6d9a621da2f6051369d5da78ce9c7023d17c433cc376566bf7368744658,c873b6d9a621da2f6051369d5da78ce9c7023d17c433cc376566bf7368744658,target,True,True,True,True,True,True,True,True,True,True,True,True,True,True,True,True,True,csi-pairs-formal-v2.1-v6,060d8671380acaf43bd0beb2c77ac5c6ec112e4ddc083451ab36a5916b7c9cac,3424a269a751f219f4897b969db7cc13d2236fc72e8e2ccb663dec8d7f8f477c,False,CANDIDATE_NOT_CLAIM,8e8eaf212578b3dc624e40d1d979f0c37787afa3e7e464eac52d5b68610dfe07,9548a24a4faf5db17b5251df407b4402de033ae8648ec321c850fe6105002cf1,b932e19891ce63535cf1714a6b3adb0ade296d0a6a6326a4aebf3c1041117a30
osm-sionna-target-boston-bank-05,osm-sionna-target-boston-bank-05,osm-foundation-target-boston-05,4007fdfd2bdc1609f9de57082634dc6281234626d449ed7faa74d6b371b6d116,4007fdfd2bdc1609f9de57082634dc6281234626d449ed7faa74d6b371b6d116,71c285f47343cb5281bc8ac6a4400798cd43dd2153f09b33dc7ef2623fc2db92,71c285f47343cb5281bc8ac6a4400798cd43dd2153f09b33dc7ef2623fc2db92,target,True,True,True,True,True,True,True,True,True,True,True,True,True,True,True,True,True,csi-pairs-formal-v2.1-v6,060d8671380acaf43bd0beb2c77ac5c6ec112e4ddc083451ab36a5916b7c9cac,3424a269a751f219f4897b969db7cc13d2236fc72e8e2ccb663dec8d7f8f477c,False,CANDIDATE_NOT_CLAIM,8e8eaf212578b3dc624e40d1d979f0c37787afa3e7e464eac52d5b68610dfe07,9548a24a4faf5db17b5251df407b4402de033ae8648ec321c850fe6105002cf1,b932e19891ce63535cf1714a6b3adb0ade296d0a6a6326a4aebf3c1041117a30
osm-sionna-target-boston-bank-06,osm-sionna-target-boston-bank-06,osm-foundation-target-boston-06,ca730f837d413777d8e150328f03a96213c53669baf03d32d2dfc6682480789e,ca730f837d413777d8e150328f03a96213c53669baf03d32d2dfc6682480789e,3627e064da258414f6b6d03b168ca5fcb7ef7ebad12b4d0474d0f0b1abff50a5,3627e064da258414f6b6d03b168ca5fcb7ef7ebad12b4d0474d0f0b1abff50a5,target,True,True,True,True,True,True,True,True,True,True,True,True,True,True,True,True,True,csi-pairs-formal-v2.1-v6,060d8671380acaf43bd0beb2c77ac5c6ec112e4ddc083451ab36a5916b7c9cac,3424a269a751f219f4897b969db7cc13d2236fc72e8e2ccb663dec8d7f8f477c,False,CANDIDATE_NOT_CLAIM,8e8eaf212578b3dc624e40d1d979f0c37787afa3e7e464eac52d5b68610dfe07,9548a24a4faf5db17b5251df407b4402de033ae8648ec321c850fe6105002cf1,b932e19891ce63535cf1714a6b3adb0ade296d0a6a6326a4aebf3c1041117a30
osm-sionna-target-boston-bank-07,osm-sionna-target-boston-bank-07,osm-foundation-target-boston-07,1c1cd850762710a9f5c0e24425ad8215379940e3f633016432fdf7012d940311,1c1cd850762710a9f5c0e24425ad8215379940e3f633016432fdf7012d940311,79007cda61047dcc1f2a8782f76f79a8d9dcc57ab7faa6b69b51142a4ff239b5,79007cda61047dcc1f2a8782f76f79a8d9dcc57ab7faa6b69b51142a4ff239b5,target,True,True,True,True,True,True,True,True,True,True,True,True,True,True,True,True,True,csi-pairs-formal-v2.1-v6,060d8671380acaf43bd0beb2c77ac5c6ec112e4ddc083451ab36a5916b7c9cac,3424a269a751f219f4897b969db7cc13d2236fc72e8e2ccb663dec8d7f8f477c,False,CANDIDATE_NOT_CLAIM,8e8eaf212578b3dc624e40d1d979f0c37787afa3e7e464eac52d5b68610dfe07,9548a24a4faf5db17b5251df407b4402de033ae8648ec321c850fe6105002cf1,b932e19891ce63535cf1714a6b3adb0ade296d0a6a6326a4aebf3c1041117a30
osm-sionna-target-boston-bank-08,osm-sionna-target-boston-bank-08,osm-foundation-target-boston-08,c04afe4f44c8bdf6698cbbcde6ac97711796789586902c91109b48e144857f04,c04afe4f44c8bdf6698cbbcde6ac97711796789586902c91109b48e144857f04,37dab835c2366f2eeadff9878ad54dcec618ddbf47534a686d1d8ea950d0f4b9,37dab835c2366f2eeadff9878ad54dcec618ddbf47534a686d1d8ea950d0f4b9,target,True,True,True,True,True,True,True,True,True,True,True,True,True,True,True,True,True,csi-pairs-formal-v2.1-v6,060d8671380acaf43bd0beb2c77ac5c6ec112e4ddc083451ab36a5916b7c9cac,3424a269a751f219f4897b969db7cc13d2236fc72e8e2ccb663dec8d7f8f477c,False,CANDIDATE_NOT_CLAIM,8e8eaf212578b3dc624e40d1d979f0c37787afa3e7e464eac52d5b68610dfe07,9548a24a4faf5db17b5251df407b4402de033ae8648ec321c850fe6105002cf1,b932e19891ce63535cf1714a6b3adb0ade296d0a6a6326a4aebf3c1041117a30
osm-sionna-target-boston-bank-09,osm-sionna-target-boston-bank-09,osm-foundation-target-boston-09,54cab164ce6035f0fa36a96939927091300734de853a800b888f89f3208b28c0,54cab164ce6035f0fa36a96939927091300734de853a800b888f89f3208b28c0,0250d3de45ea07ee230c5a81ad328b945813022ce81d659a4ddf4b59640cbc50,0250d3de45ea07ee230c5a81ad328b945813022ce81d659a4ddf4b59640cbc50,target,True,True,True,True,True,True,True,True,True,True,True,True,True,True,True,True,True,csi-pairs-formal-v2.1-v6,060d8671380acaf43bd0beb2c77ac5c6ec112e4ddc083451ab36a5916b7c9cac,3424a269a751f219f4897b969db7cc13d2236fc72e8e2ccb663dec8d7f8f477c,False,CANDIDATE_NOT_CLAIM,8e8eaf212578b3dc624e40d1d979f0c37787afa3e7e464eac52d5b68610dfe07,9548a24a4faf5db17b5251df407b4402de033ae8648ec321c850fe6105002cf1,b932e19891ce63535cf1714a6b3adb0ade296d0a6a6326a4aebf3c1041117a30
osm-sionna-target-boston-bank-10,osm-sionna-target-boston-bank-10,osm-foundation-target-boston-10,eaa36c7d045b31fde36e026e21bf6db86e1450cc6d2689432a4fb4283aa74601,eaa36c7d045b31fde36e026e21bf6db86e1450cc6d2689432a4fb4283aa74601,c6905bee40c58c0049ea1bfd082b17b897deb1184835cf073eb56f72d2c6d15b,c6905bee40c58c0049ea1bfd082b17b897deb1184835cf073eb56f72d2c6d15b,target,True,True,True,True,True,True,True,True,True,True,True,True,True,True,True,True,True,csi-pairs-formal-v2.1-v6,060d8671380acaf43bd0beb2c77ac5c6ec112e4ddc083451ab36a5916b7c9cac,3424a269a751f219f4897b969db7cc13d2236fc72e8e2ccb663dec8d7f8f477c,False,CANDIDATE_NOT_CLAIM,8e8eaf212578b3dc624e40d1d979f0c37787afa3e7e464eac52d5b68610dfe07,9548a24a4faf5db17b5251df407b4402de033ae8648ec321c850fe6105002cf1,b932e19891ce63535cf1714a6b3adb0ade296d0a6a6326a4aebf3c1041117a30
osm-sionna-target-boston-bank-11,osm-sionna-target-boston-bank-11,osm-foundation-target-boston-11,12fd8027a066090b2bd0d95b771d28de9ab14be4568ffafb9f64cb214fdbd9d7,12fd8027a066090b2bd0d95b771d28de9ab14be4568ffafb9f64cb214fdbd9d7,54654fe0b920eeeae521e4917c547567ff390f88b8681f07c8ad281e455a927e,54654fe0b920eeeae521e4917c547567ff390f88b8681f07c8ad281e455a927e,target,True,True,True,True,True,True,True,True,True,True,True,True,True,True,True,True,True,csi-pairs-formal-v2.1-v6,060d8671380acaf43bd0beb2c77ac5c6ec112e4ddc083451ab36a5916b7c9cac,3424a269a751f219f4897b969db7cc13d2236fc72e8e2ccb663dec8d7f8f477c,False,CANDIDATE_NOT_CLAIM,8e8eaf212578b3dc624e40d1d979f0c37787afa3e7e464eac52d5b68610dfe07,9548a24a4faf5db17b5251df407b4402de033ae8648ec321c850fe6105002cf1,b932e19891ce63535cf1714a6b3adb0ade296d0a6a6326a4aebf3c1041117a30
osm-sionna-target-boston-bank-12,osm-sionna-target-boston-bank-12,osm-foundation-target-boston-12,aed57f234059180e5900e859a11035bf202ef4725a247a4aaf21200924700321,aed57f234059180e5900e859a11035bf202ef4725a247a4aaf21200924700321,ad0a11350bcb3d375dddbd42016cf5b0710654f8163398521358c7ea7ca4209d,ad0a11350bcb3d375dddbd42016cf5b0710654f8163398521358c7ea7ca4209d,target,True,True,True,True,True,True,True,True,True,True,True,True,True,True,True,True,True,csi-pairs-formal-v2.1-v6,060d8671380acaf43bd0beb2c77ac5c6ec112e4ddc083451ab36a5916b7c9cac,3424a269a751f219f4897b969db7cc13d2236fc72e8e2ccb663dec8d7f8f477c,False,CANDIDATE_NOT_CLAIM,8e8eaf212578b3dc624e40d1d979f0c37787afa3e7e464eac52d5b68610dfe07,9548a24a4faf5db17b5251df407b4402de033ae8648ec321c850fe6105002cf1,b932e19891ce63535cf1714a6b3adb0ade296d0a6a6326a4aebf3c1041117a30
osm-sionna-target-boston-bank-13,osm-sionna-target-boston-bank-13,osm-foundation-target-boston-13,549d71ef64ca20f7159e8c0f61794fada59cf8da84025929d1e1a42d8289d89f,549d71ef64ca20f7159e8c0f61794fada59cf8da84025929d1e1a42d8289d89f,11283fef50636119f4c18aa57e2e07d4ce14f03c18f241d5f27fbe549f8f1519,11283fef50636119f4c18aa57e2e07d4ce14f03c18f241d5f27fbe549f8f1519,target,True,True,True,True,True,True,True,True,True,True,True,True,True,True,True,True,True,csi-pairs-formal-v2.1-v6,060d8671380acaf43bd0beb2c77ac5c6ec112e4ddc083451ab36a5916b7c9cac,3424a269a751f219f4897b969db7cc13d2236fc72e8e2ccb663dec8d7f8f477c,False,CANDIDATE_NOT_CLAIM,8e8eaf212578b3dc624e40d1d979f0c37787afa3e7e464eac52d5b68610dfe07,9548a24a4faf5db17b5251df407b4402de033ae8648ec321c850fe6105002cf1,b932e19891ce63535cf1714a6b3adb0ade296d0a6a6326a4aebf3c1041117a30
osm-sionna-target-boston-bank-14,osm-sionna-target-boston-bank-14,osm-foundation-target-boston-14,e50720e65bf4604ebc989c33f40cbe91fd0385b092f3a5b100134fe24aa72716,e50720e65bf4604ebc989c33f40cbe91fd0385b092f3a5b100134fe24aa72716,cdd0cdb56bdd7b28f2f49bd421af7395bb8bd9b122e07df1af624a58d2ecaeb9,cdd0cdb56bdd7b28f2f49bd421af7395bb8bd9b122e07df1af624a58d2ecaeb9,target,True,True,True,True,True,True,True,True,True,True,True,True,True,True,True,True,True,csi-pairs-formal-v2.1-v6,060d8671380acaf43bd0beb2c77ac5c6ec112e4ddc083451ab36a5916b7c9cac,3424a269a751f219f4897b969db7cc13d2236fc72e8e2ccb663dec8d7f8f477c,False,CANDIDATE_NOT_CLAIM,8e8eaf212578b3dc624e40d1d979f0c37787afa3e7e464eac52d5b68610dfe07,9548a24a4faf5db17b5251df407b4402de033ae8648ec321c850fe6105002cf1,b932e19891ce63535cf1714a6b3adb0ade296d0a6a6326a4aebf3c1041117a30
osm-sionna-target-boston-bank-15,osm-sionna-target-boston-bank-15,osm-foundation-target-boston-15,cf44a138499ef355a52aaa00c45f0bf976eaf718ec4ee46cd8423735a5757275,cf44a138499ef355a52aaa00c45f0bf976eaf718ec4ee46cd8423735a5757275,9bc184d709db623e4352ff7994d649df09543ae2bd29809efe4c7b5f1eb59083,9bc184d709db623e4352ff7994d649df09543ae2bd29809efe4c7b5f1eb59083,target,True,True,True,True,True,True,True,True,True,True,True,True,True,True,True,True,True,csi-pairs-formal-v2.1-v6,060d8671380acaf43bd0beb2c77ac5c6ec112e4ddc083451ab36a5916b7c9cac,3424a269a751f219f4897b969db7cc13d2236fc72e8e2ccb663dec8d7f8f477c,False,CANDIDATE_NOT_CLAIM,8e8eaf212578b3dc624e40d1d979f0c37787afa3e7e464eac52d5b68610dfe07,9548a24a4faf5db17b5251df407b4402de033ae8648ec321c850fe6105002cf1,b932e19891ce63535cf1714a6b3adb0ade296d0a6a6326a4aebf3c1041117a30
osm-sionna-target-boston-bank-16,osm-sionna-target-boston-bank-16,osm-foundation-target-boston-16,efb59685d6e930bc8b8004d1f60d2409297d2dc9483987b4d4761656e883f7d4,efb59685d6e930bc8b8004d1f60d2409297d2dc9483987b4d4761656e883f7d4,2fbc3141c11a0aa9ce256c0c67db8073e525935c0f6257286d96c69e498f3cb8,2fbc3141c11a0aa9ce256c0c67db8073e525935c0f6257286d96c69e498f3cb8,target,True,True,True,True,True,True,True,True,True,True,True,True,True,True,True,True,True,csi-pairs-formal-v2.1-v6,060d8671380acaf43bd0beb2c77ac5c6ec112e4ddc083451ab36a5916b7c9cac,3424a269a751f219f4897b969db7cc13d2236fc72e8e2ccb663dec8d7f8f477c,False,CANDIDATE_NOT_CLAIM,8e8eaf212578b3dc624e40d1d979f0c37787afa3e7e464eac52d5b68610dfe07,9548a24a4faf5db17b5251df407b4402de033ae8648ec321c850fe6105002cf1,b932e19891ce63535cf1714a6b3adb0ade296d0a6a6326a4aebf3c1041117a30
osm-sionna-target-boston-bank-17,osm-sionna-target-boston-bank-17,osm-foundation-target-boston-17,66b4f6c51e0c3a5023bc40ff767df2a22e690662c8321d648bd28062ee908c88,66b4f6c51e0c3a5023bc40ff767df2a22e690662c8321d648bd28062ee908c88,461b1b6d5428c800fb870708f2cffeda30c0e966410b1a299773754db1091e61,461b1b6d5428c800fb870708f2cffeda30c0e966410b1a299773754db1091e61,target,True,True,True,True,True,True,True,True,True,True,True,True,True,True,True,True,True,csi-pairs-formal-v2.1-v6,060d8671380acaf43bd0beb2c77ac5c6ec112e4ddc083451ab36a5916b7c9cac,3424a269a751f219f4897b969db7cc13d2236fc72e8e2ccb663dec8d7f8f477c,False,CANDIDATE_NOT_CLAIM,8e8eaf212578b3dc624e40d1d979f0c37787afa3e7e464eac52d5b68610dfe07,9548a24a4faf5db17b5251df407b4402de033ae8648ec321c850fe6105002cf1,b932e19891ce63535cf1714a6b3adb0ade296d0a6a6326a4aebf3c1041117a30
osm-sionna-target-boston-bank-18,osm-sionna-target-boston-bank-18,osm-foundation-target-boston-18,e333f56500ca44dfd863de7c49ce16ae2bca473b6b607b33a629b4b0a4d45940,e333f56500ca44dfd863de7c49ce16ae2bca473b6b607b33a629b4b0a4d45940,a9724514131840bfd38d6d82cf3728a6f0068580b3a1b864c7051bc949ed81a6,a9724514131840bfd38d6d82cf3728a6f0068580b3a1b864c7051bc949ed81a6,target,True,True,True,True,True,True,True,True,True,True,True,True,True,True,True,True,True,csi-pairs-formal-v2.1-v6,060d8671380acaf43bd0beb2c77ac5c6ec112e4ddc083451ab36a5916b7c9cac,3424a269a751f219f4897b969db7cc13d2236fc72e8e2ccb663dec8d7f8f477c,False,CANDIDATE_NOT_CLAIM,8e8eaf212578b3dc624e40d1d979f0c37787afa3e7e464eac52d5b68610dfe07,9548a24a4faf5db17b5251df407b4402de033ae8648ec321c850fe6105002cf1,b932e19891ce63535cf1714a6b3adb0ade296d0a6a6326a4aebf3c1041117a30
osm-sionna-target-boston-bank-19,osm-sionna-target-boston-bank-19,osm-foundation-target-boston-19,1f8a54a531e119006ebf031925ec1dffd8065c126518ac5b98a4c78f55d163c2,1f8a54a531e119006ebf031925ec1dffd8065c126518ac5b98a4c78f55d163c2,288cd69d1ea9705cda7dc1cad31e28131ff6de9d1537a402af9f642515b28e1f,288cd69d1ea9705cda7dc1cad31e28131ff6de9d1537a402af9f642515b28e1f,target,True,True,True,True,True,True,True,True,True,True,True,True,True,True,True,True,True,csi-pairs-formal-v2.1-v6,060d8671380acaf43bd0beb2c77ac5c6ec112e4ddc083451ab36a5916b7c9cac,3424a269a751f219f4897b969db7cc13d2236fc72e8e2ccb663dec8d7f8f477c,False,CANDIDATE_NOT_CLAIM,8e8eaf212578b3dc624e40d1d979f0c37787afa3e7e464eac52d5b68610dfe07,9548a24a4faf5db17b5251df407b4402de033ae8648ec321c850fe6105002cf1,b932e19891ce63535cf1714a6b3adb0ade296d0a6a6326a4aebf3c1041117a30
osm-sionna-target-boston-bank-20,osm-sionna-target-boston-bank-20,osm-foundation-target-boston-20,bff8bf00e78dd6381f126aaae24183bb8300ce551dc35e9ea582442799917727,bff8bf00e78dd6381f126aaae24183bb8300ce551dc35e9ea582442799917727,e812e8cb9a6cb53b9b5d198ec374805a74e446c3206ebc2625a274c2f9050de4,e812e8cb9a6cb53b9b5d198ec374805a74e446c3206ebc2625a274c2f9050de4,target,True,True,True,True,True,True,True,True,True,True,True,True,True,True,True,True,True,csi-pairs-formal-v2.1-v6,060d8671380acaf43bd0beb2c77ac5c6ec112e4ddc083451ab36a5916b7c9cac,3424a269a751f219f4897b969db7cc13d2236fc72e8e2ccb663dec8d7f8f477c,False,CANDIDATE_NOT_CLAIM,8e8eaf212578b3dc624e40d1d979f0c37787afa3e7e464eac52d5b68610dfe07,9548a24a4faf5db17b5251df407b4402de033ae8648ec321c850fe6105002cf1,b932e19891ce63535cf1714a6b3adb0ade296d0a6a6326a4aebf3c1041117a30
osm-sionna-target-boston-bank-21,osm-sionna-target-boston-bank-21,osm-foundation-target-boston-21,764d5d91285892b3de7d4adb00899f1707941aeb5480baa3ee02f78ae1bc554b,764d5d91285892b3de7d4adb00899f1707941aeb5480baa3ee02f78ae1bc554b,975eeb649080c235a8c65b0e75eb1e458b108cc349da32d1a2570fac9138cc40,975eeb649080c235a8c65b0e75eb1e458b108cc349da32d1a2570fac9138cc40,target,True,True,True,True,True,True,True,True,True,True,True,True,True,True,True,True,True,csi-pairs-formal-v2.1-v6,060d8671380acaf43bd0beb2c77ac5c6ec112e4ddc083451ab36a5916b7c9cac,3424a269a751f219f4897b969db7cc13d2236fc72e8e2ccb663dec8d7f8f477c,False,CANDIDATE_NOT_CLAIM,8e8eaf212578b3dc624e40d1d979f0c37787afa3e7e464eac52d5b68610dfe07,9548a24a4faf5db17b5251df407b4402de033ae8648ec321c850fe6105002cf1,b932e19891ce63535cf1714a6b3adb0ade296d0a6a6326a4aebf3c1041117a30
osm-sionna-target-boston-bank-22,osm-sionna-target-boston-bank-22,osm-foundation-target-boston-22,1f6d127503972849181968b45d8aec4c9eee78e17ff1496a1111cf29b99b12a3,1f6d127503972849181968b45d8aec4c9eee78e17ff1496a1111cf29b99b12a3,a916bd6d89177b9f2370493b4f009c03c52058d19dcff3b7394264610adf40a3,a916bd6d89177b9f2370493b4f009c03c52058d19dcff3b7394264610adf40a3,target,True,True,True,True,True,True,True,True,True,True,True,True,True,True,True,True,True,csi-pairs-formal-v2.1-v6,060d8671380acaf43bd0beb2c77ac5c6ec112e4ddc083451ab36a5916b7c9cac,3424a269a751f219f4897b969db7cc13d2236fc72e8e2ccb663dec8d7f8f477c,False,CANDIDATE_NOT_CLAIM,8e8eaf212578b3dc624e40d1d979f0c37787afa3e7e464eac52d5b68610dfe07,9548a24a4faf5db17b5251df407b4402de033ae8648ec321c850fe6105002cf1,b932e19891ce63535cf1714a6b3adb0ade296d0a6a6326a4aebf3c1041117a30
osm-sionna-target-boston-bank-23,osm-sionna-target-boston-bank-23,osm-foundation-target-boston-23,0f14ae2800d588d64bb7b974444460e76587eb6540cb8af42a16a2180e9fac21,0f14ae2800d588d64bb7b974444460e76587eb6540cb8af42a16a2180e9fac21,7756eca5de45a897f2da93d0c87cb804c3624a0a011428fd68863c157a757f32,7756eca5de45a897f2da93d0c87cb804c3624a0a011428fd68863c157a757f32,target,True,True,True,True,True,True,True,True,True,True,True,True,True,True,True,True,True,csi-pairs-formal-v2.1-v6,060d8671380acaf43bd0beb2c77ac5c6ec112e4ddc083451ab36a5916b7c9cac,3424a269a751f219f4897b969db7cc13d2236fc72e8e2ccb663dec8d7f8f477c,False,CANDIDATE_NOT_CLAIM,8e8eaf212578b3dc624e40d1d979f0c37787afa3e7e464eac52d5b68610dfe07,9548a24a4faf5db17b5251df407b4402de033ae8648ec321c850fe6105002cf1,b932e19891ce63535cf1714a6b3adb0ade296d0a6a6326a4aebf3c1041117a30
osm-sionna-target-boston-bank-24,osm-sionna-target-boston-bank-24,osm-foundation-target-boston-24,b3772b11b817ec7ebc25e6565bb977b9b95cd2e3206a740fd787a96535614918,b3772b11b817ec7ebc25e6565bb977b9b95cd2e3206a740fd787a96535614918,803efd2bca5a4246dabd32ebdc526a4d84e4821c5c43cb783729ae0d55951160,803efd2bca5a4246dabd32ebdc526a4d84e4821c5c43cb783729ae0d55951160,target,True,True,True,True,True,True,True,True,True,True,True,True,True,True,True,True,True,csi-pairs-formal-v2.1-v6,060d8671380acaf43bd0beb2c77ac5c6ec112e4ddc083451ab36a5916b7c9cac,3424a269a751f219f4897b969db7cc13d2236fc72e8e2ccb663dec8d7f8f477c,False,CANDIDATE_NOT_CLAIM,8e8eaf212578b3dc624e40d1d979f0c37787afa3e7e464eac52d5b68610dfe07,9548a24a4faf5db17b5251df407b4402de033ae8648ec321c850fe6105002cf1,b932e19891ce63535cf1714a6b3adb0ade296d0a6a6326a4aebf3c1041117a30
osm-sionna-target-boston-bank-25,osm-sionna-target-boston-bank-25,osm-foundation-target-boston-25,fa00c9dd439bc2212c6f1d66f9f18b013fcc90912618375a293c31a72ff6db9a,fa00c9dd439bc2212c6f1d66f9f18b013fcc90912618375a293c31a72ff6db9a,417ce9ddfd7e4782a0dd708cffc372acac8d2953e845b62b3bbadd3f848b1b34,417ce9ddfd7e4782a0dd708cffc372acac8d2953e845b62b3bbadd3f848b1b34,target,True,True,True,True,True,True,True,True,True,True,True,True,True,True,True,True,True,csi-pairs-formal-v2.1-v6,060d8671380acaf43bd0beb2c77ac5c6ec112e4ddc083451ab36a5916b7c9cac,3424a269a751f219f4897b969db7cc13d2236fc72e8e2ccb663dec8d7f8f477c,False,CANDIDATE_NOT_CLAIM,8e8eaf212578b3dc624e40d1d979f0c37787afa3e7e464eac52d5b68610dfe07,9548a24a4faf5db17b5251df407b4402de033ae8648ec321c850fe6105002cf1,b932e19891ce63535cf1714a6b3adb0ade296d0a6a6326a4aebf3c1041117a30
osm-sionna-target-boston-bank-26,osm-sionna-target-boston-bank-26,osm-foundation-target-boston-26,b9f2ea2ccd94e81042ea102d019e93e5f11f00f832496d76b8c6ddef48546e95,b9f2ea2ccd94e81042ea102d019e93e5f11f00f832496d76b8c6ddef48546e95,0eb16c12f22df32342cfe5820beb4bfb55ca63f90a0de12eed0713f5fcf30e0a,0eb16c12f22df32342cfe5820beb4bfb55ca63f90a0de12eed0713f5fcf30e0a,target,True,True,True,True,True,True,True,True,True,True,True,True,True,True,True,True,True,csi-pairs-formal-v2.1-v6,060d8671380acaf43bd0beb2c77ac5c6ec112e4ddc083451ab36a5916b7c9cac,3424a269a751f219f4897b969db7cc13d2236fc72e8e2ccb663dec8d7f8f477c,False,CANDIDATE_NOT_CLAIM,8e8eaf212578b3dc624e40d1d979f0c37787afa3e7e464eac52d5b68610dfe07,9548a24a4faf5db17b5251df407b4402de033ae8648ec321c850fe6105002cf1,b932e19891ce63535cf1714a6b3adb0ade296d0a6a6326a4aebf3c1041117a30
osm-sionna-target-boston-bank-27,osm-sionna-target-boston-bank-27,osm-foundation-target-boston-27,c76b8f8e3ce64121d08a8fb02434d80eacc7842614953b0ab4482b33fd911af0,c76b8f8e3ce64121d08a8fb02434d80eacc7842614953b0ab4482b33fd911af0,a796cd95d69aa5a13c6283993e9215ce3b044873a31be099f1a041ecd7d7de98,a796cd95d69aa5a13c6283993e9215ce3b044873a31be099f1a041ecd7d7de98,target,True,True,True,True,True,True,True,True,True,True,True,True,True,True,True,True,True,csi-pairs-formal-v2.1-v6,060d8671380acaf43bd0beb2c77ac5c6ec112e4ddc083451ab36a5916b7c9cac,3424a269a751f219f4897b969db7cc13d2236fc72e8e2ccb663dec8d7f8f477c,False,CANDIDATE_NOT_CLAIM,8e8eaf212578b3dc624e40d1d979f0c37787afa3e7e464eac52d5b68610dfe07,9548a24a4faf5db17b5251df407b4402de033ae8648ec321c850fe6105002cf1,b932e19891ce63535cf1714a6b3adb0ade296d0a6a6326a4aebf3c1041117a30
osm-sionna-target-boston-bank-28,osm-sionna-target-boston-bank-28,osm-foundation-target-boston-28,5220f6f9be21b3e839339bef7efa288debda562304ee43efa337f970ee532e2c,5220f6f9be21b3e839339bef7efa288debda562304ee43efa337f970ee532e2c,222acc54a4ce78f0ee0c67c3dbe55620db1aa6a40e99e8e3541c5cae23b41b16,222acc54a4ce78f0ee0c67c3dbe55620db1aa6a40e99e8e3541c5cae23b41b16,target,True,True,True,True,True,True,True,True,True,True,True,True,True,True,True,True,True,csi-pairs-formal-v2.1-v6,060d8671380acaf43bd0beb2c77ac5c6ec112e4ddc083451ab36a5916b7c9cac,3424a269a751f219f4897b969db7cc13d2236fc72e8e2ccb663dec8d7f8f477c,False,CANDIDATE_NOT_CLAIM,8e8eaf212578b3dc624e40d1d979f0c37787afa3e7e464eac52d5b68610dfe07,9548a24a4faf5db17b5251df407b4402de033ae8648ec321c850fe6105002cf1,b932e19891ce63535cf1714a6b3adb0ade296d0a6a6326a4aebf3c1041117a30
osm-sionna-target-boston-bank-29,osm-sionna-target-boston-bank-29,osm-foundation-target-boston-29,a728345561c0577ba111707ee8a005d5f0dc1c8c0867659b3bb9c3f66ebac305,a728345561c0577ba111707ee8a005d5f0dc1c8c0867659b3bb9c3f66ebac305,0603ffd22f3db7939ff3bb345b9536b768b503faaaf6e4e5f678f7d85423d065,0603ffd22f3db7939ff3bb345b9536b768b503faaaf6e4e5f678f7d85423d065,target,True,True,True,True,True,True,True,True,True,True,True,True,True,True,True,True,True,csi-pairs-formal-v2.1-v6,060d8671380acaf43bd0beb2c77ac5c6ec112e4ddc083451ab36a5916b7c9cac,3424a269a751f219f4897b969db7cc13d2236fc72e8e2ccb663dec8d7f8f477c,False,CANDIDATE_NOT_CLAIM,8e8eaf212578b3dc624e40d1d979f0c37787afa3e7e464eac52d5b68610dfe07,9548a24a4faf5db17b5251df407b4402de033ae8648ec321c850fe6105002cf1,b932e19891ce63535cf1714a6b3adb0ade296d0a6a6326a4aebf3c1041117a30
osm-sionna-target-boston-bank-30,osm-sionna-target-boston-bank-30,osm-foundation-target-boston-30,62c6b450d36c4bc65b182122a6745ef937bfd5dfbc154808a17ad5c97d700699,62c6b450d36c4bc65b182122a6745ef937bfd5dfbc154808a17ad5c97d700699,cb8e21476d07bd44e32eb2ed66abff33a1cc93034891e188b621cbfc8ba15774,cb8e21476d07bd44e32eb2ed66abff33a1cc93034891e188b621cbfc8ba15774,target,True,True,True,True,True,True,True,True,True,True,True,True,True,True,True,True,True,csi-pairs-formal-v2.1-v6,060d8671380acaf43bd0beb2c77ac5c6ec112e4ddc083451ab36a5916b7c9cac,3424a269a751f219f4897b969db7cc13d2236fc72e8e2ccb663dec8d7f8f477c,False,CANDIDATE_NOT_CLAIM,8e8eaf212578b3dc624e40d1d979f0c37787afa3e7e464eac52d5b68610dfe07,9548a24a4faf5db17b5251df407b4402de033ae8648ec321c850fe6105002cf1,b932e19891ce63535cf1714a6b3adb0ade296d0a6a6326a4aebf3c1041117a30
osm-sionna-target-boston-bank-31,osm-sionna-target-boston-bank-31,osm-foundation-target-boston-31,454326fcd5af0936d9450f9748c0f29e887e42bfd143e7c3e1003489d2ce1515,454326fcd5af0936d9450f9748c0f29e887e42bfd143e7c3e1003489d2ce1515,a14813678df0d2d82599a212394394dd9b361b25c6c46f93a5d215fb36a253f2,a14813678df0d2d82599a212394394dd9b361b25c6c46f93a5d215fb36a253f2,target,True,True,True,True,True,True,True,True,True,True,True,True,True,True,True,True,True,csi-pairs-formal-v2.1-v6,060d8671380acaf43bd0beb2c77ac5c6ec112e4ddc083451ab36a5916b7c9cac,3424a269a751f219f4897b969db7cc13d2236fc72e8e2ccb663dec8d7f8f477c,False,CANDIDATE_NOT_CLAIM,8e8eaf212578b3dc624e40d1d979f0c37787afa3e7e464eac52d5b68610dfe07,9548a24a4faf5db17b5251df407b4402de033ae8648ec321c850fe6105002cf1,b932e19891ce63535cf1714a6b3adb0ade296d0a6a6326a4aebf3c1041117a30
osm-sionna-target-boston-bank-32,osm-sionna-target-boston-bank-32,osm-foundation-target-boston-32,1d53ecdab50ef5015a37db32dea37cc7371f68fad3cba2bacb1c370398795582,1d53ecdab50ef5015a37db32dea37cc7371f68fad3cba2bacb1c370398795582,679c92abf50990708c5fa972ee8eef614bb20c713426bbad008a489e63f9a144,679c92abf50990708c5fa972ee8eef614bb20c713426bbad008a489e63f9a144,target,True,True,True,True,True,True,True,True,True,True,True,True,True,True,True,True,True,csi-pairs-formal-v2.1-v6,060d8671380acaf43bd0beb2c77ac5c6ec112e4ddc083451ab36a5916b7c9cac,3424a269a751f219f4897b969db7cc13d2236fc72e8e2ccb663dec8d7f8f477c,False,CANDIDATE_NOT_CLAIM,8e8eaf212578b3dc624e40d1d979f0c37787afa3e7e464eac52d5b68610dfe07,9548a24a4faf5db17b5251df407b4402de033ae8648ec321c850fe6105002cf1,b932e19891ce63535cf1714a6b3adb0ade296d0a6a6326a4aebf3c1041117a30
osm-sionna-target-boston-bank-33,osm-sionna-target-boston-bank-33,osm-foundation-target-boston-33,d44744bf3e7eaf2cc63df97979c5bad3e6abda2377fa75f4c77975195128a4f9,d44744bf3e7eaf2cc63df97979c5bad3e6abda2377fa75f4c77975195128a4f9,a7889395780e8b5452a744096db9e2e5bef9bcceba8d855911bfd0ba64655837,a7889395780e8b5452a744096db9e2e5bef9bcceba8d855911bfd0ba64655837,target,True,True,True,True,True,True,True,True,True,True,True,True,True,True,True,True,True,csi-pairs-formal-v2.1-v6,060d8671380acaf43bd0beb2c77ac5c6ec112e4ddc083451ab36a5916b7c9cac,3424a269a751f219f4897b969db7cc13d2236fc72e8e2ccb663dec8d7f8f477c,False,CANDIDATE_NOT_CLAIM,8e8eaf212578b3dc624e40d1d979f0c37787afa3e7e464eac52d5b68610dfe07,9548a24a4faf5db17b5251df407b4402de033ae8648ec321c850fe6105002cf1,b932e19891ce63535cf1714a6b3adb0ade296d0a6a6326a4aebf3c1041117a30
osm-sionna-target-boston-bank-34,osm-sionna-target-boston-bank-34,osm-foundation-target-boston-34,d0f5a08e7a47b11ae7c0c8d9f00f37d7a8c38c675803eb9875082146855ca245,d0f5a08e7a47b11ae7c0c8d9f00f37d7a8c38c675803eb9875082146855ca245,52efbf0a650800f5bb84d1cabe062e8b51db42e06c2760673b4c00e607d4018e,52efbf0a650800f5bb84d1cabe062e8b51db42e06c2760673b4c00e607d4018e,target,True,True,True,True,True,True,True,True,True,True,True,True,True,True,True,True,True,csi-pairs-formal-v2.1-v6,060d8671380acaf43bd0beb2c77ac5c6ec112e4ddc083451ab36a5916b7c9cac,3424a269a751f219f4897b969db7cc13d2236fc72e8e2ccb663dec8d7f8f477c,False,CANDIDATE_NOT_CLAIM,8e8eaf212578b3dc624e40d1d979f0c37787afa3e7e464eac52d5b68610dfe07,9548a24a4faf5db17b5251df407b4402de033ae8648ec321c850fe6105002cf1,b932e19891ce63535cf1714a6b3adb0ade296d0a6a6326a4aebf3c1041117a30
osm-sionna-target-boston-bank-35,osm-sionna-target-boston-bank-35,osm-foundation-target-boston-35,7373c0ab8adf6e6975e5c885cce0882baa3e6bf2a445b9a273c4dbd7795228f6,7373c0ab8adf6e6975e5c885cce0882baa3e6bf2a445b9a273c4dbd7795228f6,1a6094b2d267f0ad546834fa31be20cd6699b2155fa035301c2a3ae310bdea2c,1a6094b2d267f0ad546834fa31be20cd6699b2155fa035301c2a3ae310bdea2c,target,True,True,True,True,True,True,True,True,True,True,True,True,True,True,True,True,True,csi-pairs-formal-v2.1-v6,060d8671380acaf43bd0beb2c77ac5c6ec112e4ddc083451ab36a5916b7c9cac,3424a269a751f219f4897b969db7cc13d2236fc72e8e2ccb663dec8d7f8f477c,False,CANDIDATE_NOT_CLAIM,8e8eaf212578b3dc624e40d1d979f0c37787afa3e7e464eac52d5b68610dfe07,9548a24a4faf5db17b5251df407b4402de033ae8648ec321c850fe6105002cf1,b932e19891ce63535cf1714a6b3adb0ade296d0a6a6326a4aebf3c1041117a30
osm-sionna-target-boston-bank-36,osm-sionna-target-boston-bank-36,osm-foundation-target-boston-36,6fddafd275c604a58578346e2c90362fb40b5d6b242d2e23e42e52888958d5ea,6fddafd275c604a58578346e2c90362fb40b5d6b242d2e23e42e52888958d5ea,29df2595398bd0d66867ce8d3ab4f0a9c7156646407d317926f32874557b0670,29df2595398bd0d66867ce8d3ab4f0a9c7156646407d317926f32874557b0670,target,True,True,True,True,True,True,True,True,True,True,True,True,True,True,True,True,True,csi-pairs-formal-v2.1-v6,060d8671380acaf43bd0beb2c77ac5c6ec112e4ddc083451ab36a5916b7c9cac,3424a269a751f219f4897b969db7cc13d2236fc72e8e2ccb663dec8d7f8f477c,False,CANDIDATE_NOT_CLAIM,8e8eaf212578b3dc624e40d1d979f0c37787afa3e7e464eac52d5b68610dfe07,9548a24a4faf5db17b5251df407b4402de033ae8648ec321c850fe6105002cf1,b932e19891ce63535cf1714a6b3adb0ade296d0a6a6326a4aebf3c1041117a30
osm-sionna-target-boston-bank-37,osm-sionna-target-boston-bank-37,osm-foundation-target-boston-37,ea519e30628334be490061a12c2484be0b7f13a269079f507985b60710ffa8b4,ea519e30628334be490061a12c2484be0b7f13a269079f507985b60710ffa8b4,f89eaed8e75168f49ce51157c5aefb045b8b183d2430cbde871354fe826fdd10,f89eaed8e75168f49ce51157c5aefb045b8b183d2430cbde871354fe826fdd10,target,True,True,True,True,True,True,True,True,True,True,True,True,True,True,True,True,True,csi-pairs-formal-v2.1-v6,060d8671380acaf43bd0beb2c77ac5c6ec112e4ddc083451ab36a5916b7c9cac,3424a269a751f219f4897b969db7cc13d2236fc72e8e2ccb663dec8d7f8f477c,False,CANDIDATE_NOT_CLAIM,8e8eaf212578b3dc624e40d1d979f0c37787afa3e7e464eac52d5b68610dfe07,9548a24a4faf5db17b5251df407b4402de033ae8648ec321c850fe6105002cf1,b932e19891ce63535cf1714a6b3adb0ade296d0a6a6326a4aebf3c1041117a30
osm-sionna-target-boston-bank-38,osm-sionna-target-boston-bank-38,osm-foundation-target-boston-38,6fb9622e352bf4c62fe91ca5dc30d7ce1c8956a0b98ec46e9d449a503f39b1e9,6fb9622e352bf4c62fe91ca5dc30d7ce1c8956a0b98ec46e9d449a503f39b1e9,79e52ae9c205d67e34ca2f2857768594c6c3d2e35d6e0dc17ac8ed8e1e4cd5c9,79e52ae9c205d67e34ca2f2857768594c6c3d2e35d6e0dc17ac8ed8e1e4cd5c9,target,True,True,True,True,True,True,True,True,True,True,True,True,True,True,True,True,True,csi-pairs-formal-v2.1-v6,060d8671380acaf43bd0beb2c77ac5c6ec112e4ddc083451ab36a5916b7c9cac,3424a269a751f219f4897b969db7cc13d2236fc72e8e2ccb663dec8d7f8f477c,False,CANDIDATE_NOT_CLAIM,8e8eaf212578b3dc624e40d1d979f0c37787afa3e7e464eac52d5b68610dfe07,9548a24a4faf5db17b5251df407b4402de033ae8648ec321c850fe6105002cf1,b932e19891ce63535cf1714a6b3adb0ade296d0a6a6326a4aebf3c1041117a30
osm-sionna-target-boston-bank-39,osm-sionna-target-boston-bank-39,osm-foundation-target-boston-39,0de67d02d9da45e60c30de1b3afafe49191deaf547b2c7456e2407449e39d61b,0de67d02d9da45e60c30de1b3afafe49191deaf547b2c7456e2407449e39d61b,dca5e73f10be9ebd932cb9bd97abc3eba36daee7602eee4ff790b5df6ab15930,dca5e73f10be9ebd932cb9bd97abc3eba36daee7602eee4ff790b5df6ab15930,target,True,True,True,True,True,True,True,True,True,True,True,True,True,True,True,True,True,csi-pairs-formal-v2.1-v6,060d8671380acaf43bd0beb2c77ac5c6ec112e4ddc083451ab36a5916b7c9cac,3424a269a751f219f4897b969db7cc13d2236fc72e8e2ccb663dec8d7f8f477c,False,CANDIDATE_NOT_CLAIM,8e8eaf212578b3dc624e40d1d979f0c37787afa3e7e464eac52d5b68610dfe07,9548a24a4faf5db17b5251df407b4402de033ae8648ec321c850fe6105002cf1,b932e19891ce63535cf1714a6b3adb0ade296d0a6a6326a4aebf3c1041117a30
osm-sionna-target-boston-bank-40,osm-sionna-target-boston-bank-40,osm-foundation-target-boston-40,261bb256c41ce0052271ffa84f386a957e997cb56747ebe6c6829b93abbd813f,261bb256c41ce0052271ffa84f386a957e997cb56747ebe6c6829b93abbd813f,672529e64d151a1cac0016ac2b52d4e7c704a524cb75d3375dd2a72290fd71c3,672529e64d151a1cac0016ac2b52d4e7c704a524cb75d3375dd2a72290fd71c3,target,True,True,True,True,True,True,True,True,True,True,True,True,True,True,True,True,True,csi-pairs-formal-v2.1-v6,060d8671380acaf43bd0beb2c77ac5c6ec112e4ddc083451ab36a5916b7c9cac,3424a269a751f219f4897b969db7cc13d2236fc72e8e2ccb663dec8d7f8f477c,False,CANDIDATE_NOT_CLAIM,8e8eaf212578b3dc624e40d1d979f0c37787afa3e7e464eac52d5b68610dfe07,9548a24a4faf5db17b5251df407b4402de033ae8648ec321c850fe6105002cf1,b932e19891ce63535cf1714a6b3adb0ade296d0a6a6326a4aebf3c1041117a30
osm-sionna-external-denver-bank-00,osm-sionna-external-denver-bank-00,osm-foundation-external-denver-00,ca400760c623221af7b2a74d6a4e3418ec048a72d0ec76fa530489a233bc1f76,ca400760c623221af7b2a74d6a4e3418ec048a72d0ec76fa530489a233bc1f76,7a2b5defed4574df276161d360eed4c34f6941770ebe788af87c45021fe0b612,7a2b5defed4574df276161d360eed4c34f6941770ebe788af87c45021fe0b612,external_validation,True,True,True,True,True,True,True,True,True,True,True,True,True,True,True,True,True,csi-pairs-formal-v2.1-v6,060d8671380acaf43bd0beb2c77ac5c6ec112e4ddc083451ab36a5916b7c9cac,3424a269a751f219f4897b969db7cc13d2236fc72e8e2ccb663dec8d7f8f477c,False,CANDIDATE_NOT_CLAIM,8e8eaf212578b3dc624e40d1d979f0c37787afa3e7e464eac52d5b68610dfe07,9548a24a4faf5db17b5251df407b4402de033ae8648ec321c850fe6105002cf1,b932e19891ce63535cf1714a6b3adb0ade296d0a6a6326a4aebf3c1041117a30
osm-sionna-external-denver-bank-01,osm-sionna-external-denver-bank-01,osm-foundation-external-denver-01,58b41e86664e09ce20f33f4a205902edf98eb760fa3c4145f9565156fa80fcaf,58b41e86664e09ce20f33f4a205902edf98eb760fa3c4145f9565156fa80fcaf,4e4caacf98229741333617fa56aa4791164a0aebe8455a1c79a562b92872f36d,4e4caacf98229741333617fa56aa4791164a0aebe8455a1c79a562b92872f36d,external_validation,True,True,True,True,True,True,True,True,True,True,True,True,True,True,True,True,True,csi-pairs-formal-v2.1-v6,060d8671380acaf43bd0beb2c77ac5c6ec112e4ddc083451ab36a5916b7c9cac,3424a269a751f219f4897b969db7cc13d2236fc72e8e2ccb663dec8d7f8f477c,False,CANDIDATE_NOT_CLAIM,8e8eaf212578b3dc624e40d1d979f0c37787afa3e7e464eac52d5b68610dfe07,9548a24a4faf5db17b5251df407b4402de033ae8648ec321c850fe6105002cf1,b932e19891ce63535cf1714a6b3adb0ade296d0a6a6326a4aebf3c1041117a30
osm-sionna-external-denver-bank-02,osm-sionna-external-denver-bank-02,osm-foundation-external-denver-02,04372f1dafd08f8a059509b737bf1a58d55fb09fdffa9cf731ab9138d38e96ac,04372f1dafd08f8a059509b737bf1a58d55fb09fdffa9cf731ab9138d38e96ac,612cdac1c0f942c343b4eea2ac54b075505d200d56a2487a29ff9272b208dad8,612cdac1c0f942c343b4eea2ac54b075505d200d56a2487a29ff9272b208dad8,external_validation,True,True,True,True,True,True,True,True,True,True,True,True,True,True,True,True,True,csi-pairs-formal-v2.1-v6,060d8671380acaf43bd0beb2c77ac5c6ec112e4ddc083451ab36a5916b7c9cac,3424a269a751f219f4897b969db7cc13d2236fc72e8e2ccb663dec8d7f8f477c,False,CANDIDATE_NOT_CLAIM,8e8eaf212578b3dc624e40d1d979f0c37787afa3e7e464eac52d5b68610dfe07,9548a24a4faf5db17b5251df407b4402de033ae8648ec321c850fe6105002cf1,b932e19891ce63535cf1714a6b3adb0ade296d0a6a6326a4aebf3c1041117a30
osm-sionna-external-denver-bank-03,osm-sionna-external-denver-bank-03,osm-foundation-external-denver-03,dcc957bd7c971acbc748a04fcd035676ff495095c86791b88c0c9876f32f8e6d,dcc957bd7c971acbc748a04fcd035676ff495095c86791b88c0c9876f32f8e6d,e757280f017e0b9b84a0c690ddc336af035919dc4afdbe2a2f0d19d9ec0078b9,e757280f017e0b9b84a0c690ddc336af035919dc4afdbe2a2f0d19d9ec0078b9,external_validation,True,True,True,True,True,True,True,True,True,True,True,True,True,True,True,True,True,csi-pairs-formal-v2.1-v6,060d8671380acaf43bd0beb2c77ac5c6ec112e4ddc083451ab36a5916b7c9cac,3424a269a751f219f4897b969db7cc13d2236fc72e8e2ccb663dec8d7f8f477c,False,CANDIDATE_NOT_CLAIM,8e8eaf212578b3dc624e40d1d979f0c37787afa3e7e464eac52d5b68610dfe07,9548a24a4faf5db17b5251df407b4402de033ae8648ec321c850fe6105002cf1,b932e19891ce63535cf1714a6b3adb0ade296d0a6a6326a4aebf3c1041117a30
osm-sionna-external-denver-bank-04,osm-sionna-external-denver-bank-04,osm-foundation-external-denver-04,2b9939b6d0bf0c083bdcad468d41fcc03ca5114bce9385d63722a5bc16daec11,2b9939b6d0bf0c083bdcad468d41fcc03ca5114bce9385d63722a5bc16daec11,efb2cc6563d559310acc5e49e4f1b34a024f91ae0c5a912a3751a7b5035137e2,efb2cc6563d559310acc5e49e4f1b34a024f91ae0c5a912a3751a7b5035137e2,external_validation,True,True,True,True,True,True,True,True,True,True,True,True,True,True,True,True,True,csi-pairs-formal-v2.1-v6,060d8671380acaf43bd0beb2c77ac5c6ec112e4ddc083451ab36a5916b7c9cac,3424a269a751f219f4897b969db7cc13d2236fc72e8e2ccb663dec8d7f8f477c,False,CANDIDATE_NOT_CLAIM,8e8eaf212578b3dc624e40d1d979f0c37787afa3e7e464eac52d5b68610dfe07,9548a24a4faf5db17b5251df407b4402de033ae8648ec321c850fe6105002cf1,b932e19891ce63535cf1714a6b3adb0ade296d0a6a6326a4aebf3c1041117a30
osm-sionna-external-denver-bank-05,osm-sionna-external-denver-bank-05,osm-foundation-external-denver-05,638b9eb309a8dc8d0829a2427dbc1a306c233311f8ac3a50a93002543c7f3480,638b9eb309a8dc8d0829a2427dbc1a306c233311f8ac3a50a93002543c7f3480,439148baabe822f3499dd4cbcb7349a5f6da0407f48b73a5135cd90e2595e22c,439148baabe822f3499dd4cbcb7349a5f6da0407f48b73a5135cd90e2595e22c,external_validation,True,True,True,True,True,True,True,True,True,True,True,True,True,True,True,True,True,csi-pairs-formal-v2.1-v6,060d8671380acaf43bd0beb2c77ac5c6ec112e4ddc083451ab36a5916b7c9cac,3424a269a751f219f4897b969db7cc13d2236fc72e8e2ccb663dec8d7f8f477c,False,CANDIDATE_NOT_CLAIM,8e8eaf212578b3dc624e40d1d979f0c37787afa3e7e464eac52d5b68610dfe07,9548a24a4faf5db17b5251df407b4402de033ae8648ec321c850fe6105002cf1,b932e19891ce63535cf1714a6b3adb0ade296d0a6a6326a4aebf3c1041117a30
osm-sionna-external-denver-bank-06,osm-sionna-external-denver-bank-06,osm-foundation-external-denver-06,5746cc74370d885d1c82363fcdc58da3aa9f1f813e36ccd43b5af88dd6d84cfa,5746cc74370d885d1c82363fcdc58da3aa9f1f813e36ccd43b5af88dd6d84cfa,a34825f62c4602fcb470005bdb56f15446119cbdf9f54bb90f95012febfbb9e4,a34825f62c4602fcb470005bdb56f15446119cbdf9f54bb90f95012febfbb9e4,external_validation,True,True,True,True,True,True,True,True,True,True,True,True,True,True,True,True,True,csi-pairs-formal-v2.1-v6,060d8671380acaf43bd0beb2c77ac5c6ec112e4ddc083451ab36a5916b7c9cac,3424a269a751f219f4897b969db7cc13d2236fc72e8e2ccb663dec8d7f8f477c,False,CANDIDATE_NOT_CLAIM,8e8eaf212578b3dc624e40d1d979f0c37787afa3e7e464eac52d5b68610dfe07,9548a24a4faf5db17b5251df407b4402de033ae8648ec321c850fe6105002cf1,b932e19891ce63535cf1714a6b3adb0ade296d0a6a6326a4aebf3c1041117a30
osm-sionna-external-denver-bank-07,osm-sionna-external-denver-bank-07,osm-foundation-external-denver-07,542f1badb7fd2d537f36a1e7769f263026ba848417049d95a3c261f335ad4983,542f1badb7fd2d537f36a1e7769f263026ba848417049d95a3c261f335ad4983,09483e2a6c7e1d1a032315393859e94589ebd95b117dcc2c49f859fa3255a1eb,09483e2a6c7e1d1a032315393859e94589ebd95b117dcc2c49f859fa3255a1eb,external_validation,True,True,True,True,True,True,True,True,True,True,True,True,True,True,True,True,True,csi-pairs-formal-v2.1-v6,060d8671380acaf43bd0beb2c77ac5c6ec112e4ddc083451ab36a5916b7c9cac,3424a269a751f219f4897b969db7cc13d2236fc72e8e2ccb663dec8d7f8f477c,False,CANDIDATE_NOT_CLAIM,8e8eaf212578b3dc624e40d1d979f0c37787afa3e7e464eac52d5b68610dfe07,9548a24a4faf5db17b5251df407b4402de033ae8648ec321c850fe6105002cf1,b932e19891ce63535cf1714a6b3adb0ade296d0a6a6326a4aebf3c1041117a30
osm-sionna-external-denver-bank-08,osm-sionna-external-denver-bank-08,osm-foundation-external-denver-08,f88f228b90e9d62c48f2e3718b977db2f401f96f6f9048028702a1a38178a35f,f88f228b90e9d62c48f2e3718b977db2f401f96f6f9048028702a1a38178a35f,c128e25da7376ca88d5e3e6e254783f00057501c50328aa0d43a974221bf351e,c128e25da7376ca88d5e3e6e254783f00057501c50328aa0d43a974221bf351e,external_validation,True,True,True,True,True,True,True,True,True,True,True,True,True,True,True,True,True,csi-pairs-formal-v2.1-v6,060d8671380acaf43bd0beb2c77ac5c6ec112e4ddc083451ab36a5916b7c9cac,3424a269a751f219f4897b969db7cc13d2236fc72e8e2ccb663dec8d7f8f477c,False,CANDIDATE_NOT_CLAIM,8e8eaf212578b3dc624e40d1d979f0c37787afa3e7e464eac52d5b68610dfe07,9548a24a4faf5db17b5251df407b4402de033ae8648ec321c850fe6105002cf1,b932e19891ce63535cf1714a6b3adb0ade296d0a6a6326a4aebf3c1041117a30
osm-sionna-external-denver-bank-09,osm-sionna-external-denver-bank-09,osm-foundation-external-denver-09,6edbf0f7835dee842e24f4fe3b18500f534b848abc144e4948a54c62698859d1,6edbf0f7835dee842e24f4fe3b18500f534b848abc144e4948a54c62698859d1,4ee4f9035aefdb410e95710049e8f0eb8db0d999df4f096b00598fc5174e16b1,4ee4f9035aefdb410e95710049e8f0eb8db0d999df4f096b00598fc5174e16b1,external_validation,True,True,True,True,True,True,True,True,True,True,True,True,True,True,True,True,True,csi-pairs-formal-v2.1-v6,060d8671380acaf43bd0beb2c77ac5c6ec112e4ddc083451ab36a5916b7c9cac,3424a269a751f219f4897b969db7cc13d2236fc72e8e2ccb663dec8d7f8f477c,False,CANDIDATE_NOT_CLAIM,8e8eaf212578b3dc624e40d1d979f0c37787afa3e7e464eac52d5b68610dfe07,9548a24a4faf5db17b5251df407b4402de033ae8648ec321c850fe6105002cf1,b932e19891ce63535cf1714a6b3adb0ade296d0a6a6326a4aebf3c1041117a30
osm-sionna-external-denver-bank-10,osm-sionna-external-denver-bank-10,osm-foundation-external-denver-10,55c4c3b5946b5063189b5c0a5cd7b8ca51c1fd141942497bc5f8845cc4f60400,55c4c3b5946b5063189b5c0a5cd7b8ca51c1fd141942497bc5f8845cc4f60400,961c0d21badeac1d3e99fbf22abbeb849cf9be21d40cd98d9c3a4eca95776b4d,961c0d21badeac1d3e99fbf22abbeb849cf9be21d40cd98d9c3a4eca95776b4d,external_validation,True,True,True,True,True,True,True,True,True,True,True,True,True,True,True,True,True,csi-pairs-formal-v2.1-v6,060d8671380acaf43bd0beb2c77ac5c6ec112e4ddc083451ab36a5916b7c9cac,3424a269a751f219f4897b969db7cc13d2236fc72e8e2ccb663dec8d7f8f477c,False,CANDIDATE_NOT_CLAIM,8e8eaf212578b3dc624e40d1d979f0c37787afa3e7e464eac52d5b68610dfe07,9548a24a4faf5db17b5251df407b4402de033ae8648ec321c850fe6105002cf1,b932e19891ce63535cf1714a6b3adb0ade296d0a6a6326a4aebf3c1041117a30
osm-sionna-external-denver-bank-11,osm-sionna-external-denver-bank-11,osm-foundation-external-denver-11,1105a5f0c913f15a636b613ff95e4d557acf6acd268e14942c673931b0d45fc8,1105a5f0c913f15a636b613ff95e4d557acf6acd268e14942c673931b0d45fc8,bc780e60924ca75f3c1016138056fdd45a6e8a2904d6b8235cd7ce6740c0c8b8,bc780e60924ca75f3c1016138056fdd45a6e8a2904d6b8235cd7ce6740c0c8b8,external_validation,True,True,True,True,True,True,True,True,True,True,True,True,True,True,True,True,True,csi-pairs-formal-v2.1-v6,060d8671380acaf43bd0beb2c77ac5c6ec112e4ddc083451ab36a5916b7c9cac,3424a269a751f219f4897b969db7cc13d2236fc72e8e2ccb663dec8d7f8f477c,False,CANDIDATE_NOT_CLAIM,8e8eaf212578b3dc624e40d1d979f0c37787afa3e7e464eac52d5b68610dfe07,9548a24a4faf5db17b5251df407b4402de033ae8648ec321c850fe6105002cf1,b932e19891ce63535cf1714a6b3adb0ade296d0a6a6326a4aebf3c1041117a30
osm-sionna-external-denver-bank-12,osm-sionna-external-denver-bank-12,osm-foundation-external-denver-12,81a89e148c896e7978f63936ccfea6addec14ecf4c54840a7097afe01ef98f63,81a89e148c896e7978f63936ccfea6addec14ecf4c54840a7097afe01ef98f63,93fb0103f7d05eda32c01d67c2b8b1d3999c7e450eb0506513a0095e639cba59,93fb0103f7d05eda32c01d67c2b8b1d3999c7e450eb0506513a0095e639cba59,external_validation,True,True,True,True,True,True,True,True,True,True,True,True,True,True,True,True,True,csi-pairs-formal-v2.1-v6,060d8671380acaf43bd0beb2c77ac5c6ec112e4ddc083451ab36a5916b7c9cac,3424a269a751f219f4897b969db7cc13d2236fc72e8e2ccb663dec8d7f8f477c,False,CANDIDATE_NOT_CLAIM,8e8eaf212578b3dc624e40d1d979f0c37787afa3e7e464eac52d5b68610dfe07,9548a24a4faf5db17b5251df407b4402de033ae8648ec321c850fe6105002cf1,b932e19891ce63535cf1714a6b3adb0ade296d0a6a6326a4aebf3c1041117a30
osm-sionna-external-denver-bank-13,osm-sionna-external-denver-bank-13,osm-foundation-external-denver-13,8838dcfb6eb1e4504235b368b27e6630d090f7ec297caa234683ab2b236d0822,8838dcfb6eb1e4504235b368b27e6630d090f7ec297caa234683ab2b236d0822,e640ddeb510dcf9d7f0be32fca13ecef96623d754a560a44ea28d0f75560b635,e640ddeb510dcf9d7f0be32fca13ecef96623d754a560a44ea28d0f75560b635,external_validation,True,True,True,True,True,True,True,True,True,True,True,True,True,True,True,True,True,csi-pairs-formal-v2.1-v6,060d8671380acaf43bd0beb2c77ac5c6ec112e4ddc083451ab36a5916b7c9cac,3424a269a751f219f4897b969db7cc13d2236fc72e8e2ccb663dec8d7f8f477c,False,CANDIDATE_NOT_CLAIM,8e8eaf212578b3dc624e40d1d979f0c37787afa3e7e464eac52d5b68610dfe07,9548a24a4faf5db17b5251df407b4402de033ae8648ec321c850fe6105002cf1,b932e19891ce63535cf1714a6b3adb0ade296d0a6a6326a4aebf3c1041117a30
osm-sionna-external-denver-bank-14,osm-sionna-external-denver-bank-14,osm-foundation-external-denver-14,095b7606b2e35860214cda6215d774dd335e2efe16f0c167010c00e34c041957,095b7606b2e35860214cda6215d774dd335e2efe16f0c167010c00e34c041957,b1b9f5fdfa8ac5d94f463a576c4e7709da070b03290080dad08991af889a2778,b1b9f5fdfa8ac5d94f463a576c4e7709da070b03290080dad08991af889a2778,external_validation,True,True,True,True,True,True,True,True,True,True,True,True,True,True,True,True,True,csi-pairs-formal-v2.1-v6,060d8671380acaf43bd0beb2c77ac5c6ec112e4ddc083451ab36a5916b7c9cac,3424a269a751f219f4897b969db7cc13d2236fc72e8e2ccb663dec8d7f8f477c,False,CANDIDATE_NOT_CLAIM,8e8eaf212578b3dc624e40d1d979f0c37787afa3e7e464eac52d5b68610dfe07,9548a24a4faf5db17b5251df407b4402de033ae8648ec321c850fe6105002cf1,b932e19891ce63535cf1714a6b3adb0ade296d0a6a6326a4aebf3c1041117a30
osm-sionna-external-denver-bank-15,osm-sionna-external-denver-bank-15,osm-foundation-external-denver-15,5efa6e6f529554775f7bd8009438ab0a21362f1b366cd3442ea2e429d363b9d4,5efa6e6f529554775f7bd8009438ab0a21362f1b366cd3442ea2e429d363b9d4,282a11ba5ee8c49ca742275ffa530bae0846e8c08a39a89bf10b62a08259797f,282a11ba5ee8c49ca742275ffa530bae0846e8c08a39a89bf10b62a08259797f,external_validation,True,True,True,True,True,True,True,True,True,True,True,True,True,True,True,True,True,csi-pairs-formal-v2.1-v6,060d8671380acaf43bd0beb2c77ac5c6ec112e4ddc083451ab36a5916b7c9cac,3424a269a751f219f4897b969db7cc13d2236fc72e8e2ccb663dec8d7f8f477c,False,CANDIDATE_NOT_CLAIM,8e8eaf212578b3dc624e40d1d979f0c37787afa3e7e464eac52d5b68610dfe07,9548a24a4faf5db17b5251df407b4402de033ae8648ec321c850fe6105002cf1,b932e19891ce63535cf1714a6b3adb0ade296d0a6a6326a4aebf3c1041117a30
osm-sionna-external-miami-bank-00,osm-sionna-external-miami-bank-00,osm-foundation-external-miami-00,0739da46c75c1e26463c6b7e10abb53b3f9a8c81e3b346db444513a0b4be9183,0739da46c75c1e26463c6b7e10abb53b3f9a8c81e3b346db444513a0b4be9183,d144c1a87d5b59896fe5dfcc14930c6d26cc820e3768d770f523c491f9976d53,d144c1a87d5b59896fe5dfcc14930c6d26cc820e3768d770f523c491f9976d53,external_validation,True,True,True,True,True,True,True,True,True,True,True,True,True,True,True,True,True,csi-pairs-formal-v2.1-v6,060d8671380acaf43bd0beb2c77ac5c6ec112e4ddc083451ab36a5916b7c9cac,3424a269a751f219f4897b969db7cc13d2236fc72e8e2ccb663dec8d7f8f477c,False,CANDIDATE_NOT_CLAIM,8e8eaf212578b3dc624e40d1d979f0c37787afa3e7e464eac52d5b68610dfe07,9548a24a4faf5db17b5251df407b4402de033ae8648ec321c850fe6105002cf1,b932e19891ce63535cf1714a6b3adb0ade296d0a6a6326a4aebf3c1041117a30
osm-sionna-external-miami-bank-01,osm-sionna-external-miami-bank-01,osm-foundation-external-miami-01,a28138ee4cfe08f468414934f1f34aa61654c6078b5fd64fb8917d64b013caa9,a28138ee4cfe08f468414934f1f34aa61654c6078b5fd64fb8917d64b013caa9,a4e0c83dab19c130be749bf37d9ace86c3deae9d5093d96eea7826f3efcf6113,a4e0c83dab19c130be749bf37d9ace86c3deae9d5093d96eea7826f3efcf6113,external_validation,True,True,True,True,True,True,True,True,True,True,True,True,True,True,True,True,True,csi-pairs-formal-v2.1-v6,060d8671380acaf43bd0beb2c77ac5c6ec112e4ddc083451ab36a5916b7c9cac,3424a269a751f219f4897b969db7cc13d2236fc72e8e2ccb663dec8d7f8f477c,False,CANDIDATE_NOT_CLAIM,8e8eaf212578b3dc624e40d1d979f0c37787afa3e7e464eac52d5b68610dfe07,9548a24a4faf5db17b5251df407b4402de033ae8648ec321c850fe6105002cf1,b932e19891ce63535cf1714a6b3adb0ade296d0a6a6326a4aebf3c1041117a30
osm-sionna-external-miami-bank-02,osm-sionna-external-miami-bank-02,osm-foundation-external-miami-02,54cce08bf17f8720f0c416106b3b6c4d733587367ecf434c127b2b628a2a1088,54cce08bf17f8720f0c416106b3b6c4d733587367ecf434c127b2b628a2a1088,ad916fffd81c8ee92b4da84871305f14e3ec2ae3cb93cc4e42cf3857dea0fd37,ad916fffd81c8ee92b4da84871305f14e3ec2ae3cb93cc4e42cf3857dea0fd37,external_validation,True,True,True,True,True,True,True,True,True,True,True,True,True,True,True,True,True,csi-pairs-formal-v2.1-v6,060d8671380acaf43bd0beb2c77ac5c6ec112e4ddc083451ab36a5916b7c9cac,3424a269a751f219f4897b969db7cc13d2236fc72e8e2ccb663dec8d7f8f477c,False,CANDIDATE_NOT_CLAIM,8e8eaf212578b3dc624e40d1d979f0c37787afa3e7e464eac52d5b68610dfe07,9548a24a4faf5db17b5251df407b4402de033ae8648ec321c850fe6105002cf1,b932e19891ce63535cf1714a6b3adb0ade296d0a6a6326a4aebf3c1041117a30
osm-sionna-external-miami-bank-03,osm-sionna-external-miami-bank-03,osm-foundation-external-miami-03,eecde799f0d6dbbec55b2348235e5d74f84add9a2fd40178f3048d09e45666d9,eecde799f0d6dbbec55b2348235e5d74f84add9a2fd40178f3048d09e45666d9,25868b1d2014a1f3f4705aca2ccbfb2120966bfd945db19a12344891f1ba9598,25868b1d2014a1f3f4705aca2ccbfb2120966bfd945db19a12344891f1ba9598,external_validation,True,True,True,True,True,True,True,True,True,True,True,True,True,True,True,True,True,csi-pairs-formal-v2.1-v6,060d8671380acaf43bd0beb2c77ac5c6ec112e4ddc083451ab36a5916b7c9cac,3424a269a751f219f4897b969db7cc13d2236fc72e8e2ccb663dec8d7f8f477c,False,CANDIDATE_NOT_CLAIM,8e8eaf212578b3dc624e40d1d979f0c37787afa3e7e464eac52d5b68610dfe07,9548a24a4faf5db17b5251df407b4402de033ae8648ec321c850fe6105002cf1,b932e19891ce63535cf1714a6b3adb0ade296d0a6a6326a4aebf3c1041117a30
osm-sionna-external-miami-bank-04,osm-sionna-external-miami-bank-04,osm-foundation-external-miami-04,cab7ccc95040fe7445b8b1a729e3c464fa7ebeadd0607a55edc25a4c58ec5360,cab7ccc95040fe7445b8b1a729e3c464fa7ebeadd0607a55edc25a4c58ec5360,d3064e566bbbb63b165bc387403ae8b76164b0a16bb2acde93c7dcc82667514c,d3064e566bbbb63b165bc387403ae8b76164b0a16bb2acde93c7dcc82667514c,external_validation,True,True,True,True,True,True,True,True,True,True,True,True,True,True,True,True,True,csi-pairs-formal-v2.1-v6,060d8671380acaf43bd0beb2c77ac5c6ec112e4ddc083451ab36a5916b7c9cac,3424a269a751f219f4897b969db7cc13d2236fc72e8e2ccb663dec8d7f8f477c,False,CANDIDATE_NOT_CLAIM,8e8eaf212578b3dc624e40d1d979f0c37787afa3e7e464eac52d5b68610dfe07,9548a24a4faf5db17b5251df407b4402de033ae8648ec321c850fe6105002cf1,b932e19891ce63535cf1714a6b3adb0ade296d0a6a6326a4aebf3c1041117a30
osm-sionna-external-miami-bank-05,osm-sionna-external-miami-bank-05,osm-foundation-external-miami-05,2760dd01ba9f2cc7b467ecb7844f5dc38470a8a74f8b23dbb44fd01eafa1a674,2760dd01ba9f2cc7b467ecb7844f5dc38470a8a74f8b23dbb44fd01eafa1a674,cbff823372a65ef11d877cd6a1eb85d67c20fcbf0f9861f6bf8eff6bc565540a,cbff823372a65ef11d877cd6a1eb85d67c20fcbf0f9861f6bf8eff6bc565540a,external_validation,True,True,True,True,True,True,True,True,True,True,True,True,True,True,True,True,True,csi-pairs-formal-v2.1-v6,060d8671380acaf43bd0beb2c77ac5c6ec112e4ddc083451ab36a5916b7c9cac,3424a269a751f219f4897b969db7cc13d2236fc72e8e2ccb663dec8d7f8f477c,False,CANDIDATE_NOT_CLAIM,8e8eaf212578b3dc624e40d1d979f0c37787afa3e7e464eac52d5b68610dfe07,9548a24a4faf5db17b5251df407b4402de033ae8648ec321c850fe6105002cf1,b932e19891ce63535cf1714a6b3adb0ade296d0a6a6326a4aebf3c1041117a30
osm-sionna-external-miami-bank-06,osm-sionna-external-miami-bank-06,osm-foundation-external-miami-06,d858d9668156a16543e75af1aa7c854ae3ddb3ce177ace528da7ae0cb089e39a,d858d9668156a16543e75af1aa7c854ae3ddb3ce177ace528da7ae0cb089e39a,2d43f8b0495318773b53856eb257af7862e2befce3ab79b5413efa7cf4345dce,2d43f8b0495318773b53856eb257af7862e2befce3ab79b5413efa7cf4345dce,external_validation,True,True,True,True,True,True,True,True,True,True,True,True,True,True,True,True,True,csi-pairs-formal-v2.1-v6,060d8671380acaf43bd0beb2c77ac5c6ec112e4ddc083451ab36a5916b7c9cac,3424a269a751f219f4897b969db7cc13d2236fc72e8e2ccb663dec8d7f8f477c,False,CANDIDATE_NOT_CLAIM,8e8eaf212578b3dc624e40d1d979f0c37787afa3e7e464eac52d5b68610dfe07,9548a24a4faf5db17b5251df407b4402de033ae8648ec321c850fe6105002cf1,b932e19891ce63535cf1714a6b3adb0ade296d0a6a6326a4aebf3c1041117a30
osm-sionna-external-miami-bank-07,osm-sionna-external-miami-bank-07,osm-foundation-external-miami-07,4f21ad01010becb0fd865b270531d4e92c961a6508b4ead23a897fdb42783748,4f21ad01010becb0fd865b270531d4e92c961a6508b4ead23a897fdb42783748,3a277ec379fe849f95f775f45dbab57552e102646e63e10d9a4a1b6d763edfcd,3a277ec379fe849f95f775f45dbab57552e102646e63e10d9a4a1b6d763edfcd,external_validation,True,True,True,True,True,True,True,True,True,True,True,True,True,True,True,True,True,csi-pairs-formal-v2.1-v6,060d8671380acaf43bd0beb2c77ac5c6ec112e4ddc083451ab36a5916b7c9cac,3424a269a751f219f4897b969db7cc13d2236fc72e8e2ccb663dec8d7f8f477c,False,CANDIDATE_NOT_CLAIM,8e8eaf212578b3dc624e40d1d979f0c37787afa3e7e464eac52d5b68610dfe07,9548a24a4faf5db17b5251df407b4402de033ae8648ec321c850fe6105002cf1,b932e19891ce63535cf1714a6b3adb0ade296d0a6a6326a4aebf3c1041117a30
osm-sionna-external-miami-bank-08,osm-sionna-external-miami-bank-08,osm-foundation-external-miami-08,b96fe2164f52def57c9e07fa67525d807110f8fd2478b457a7fd3d0469cce42f,b96fe2164f52def57c9e07fa67525d807110f8fd2478b457a7fd3d0469cce42f,27bead668943098dce643c6c700c78a6afb799c3f3c228551216457144077469,27bead668943098dce643c6c700c78a6afb799c3f3c228551216457144077469,external_validation,True,True,True,True,True,True,True,True,True,True,True,True,True,True,True,True,True,csi-pairs-formal-v2.1-v6,060d8671380acaf43bd0beb2c77ac5c6ec112e4ddc083451ab36a5916b7c9cac,3424a269a751f219f4897b969db7cc13d2236fc72e8e2ccb663dec8d7f8f477c,False,CANDIDATE_NOT_CLAIM,8e8eaf212578b3dc624e40d1d979f0c37787afa3e7e464eac52d5b68610dfe07,9548a24a4faf5db17b5251df407b4402de033ae8648ec321c850fe6105002cf1,b932e19891ce63535cf1714a6b3adb0ade296d0a6a6326a4aebf3c1041117a30
osm-sionna-external-miami-bank-09,osm-sionna-external-miami-bank-09,osm-foundation-external-miami-09,a1a61b7918e12e0097d72c35343f4cf0e7de56a9ba01b8705361d89e94bb5d99,a1a61b7918e12e0097d72c35343f4cf0e7de56a9ba01b8705361d89e94bb5d99,36cc63426cb1e186cb3bb14272f0f59920d21543d9729af144b47b405a030c79,36cc63426cb1e186cb3bb14272f0f59920d21543d9729af144b47b405a030c79,external_validation,True,True,True,True,True,True,True,True,True,True,True,True,True,True,True,True,True,csi-pairs-formal-v2.1-v6,060d8671380acaf43bd0beb2c77ac5c6ec112e4ddc083451ab36a5916b7c9cac,3424a269a751f219f4897b969db7cc13d2236fc72e8e2ccb663dec8d7f8f477c,False,CANDIDATE_NOT_CLAIM,8e8eaf212578b3dc624e40d1d979f0c37787afa3e7e464eac52d5b68610dfe07,9548a24a4faf5db17b5251df407b4402de033ae8648ec321c850fe6105002cf1,b932e19891ce63535cf1714a6b3adb0ade296d0a6a6326a4aebf3c1041117a30
osm-sionna-external-miami-bank-10,osm-sionna-external-miami-bank-10,osm-foundation-external-miami-10,c21db424ec135bc10cd9f7f371948a1e9d055462c397f0b3d2e7bdbcd2a95460,c21db424ec135bc10cd9f7f371948a1e9d055462c397f0b3d2e7bdbcd2a95460,da11bfa76b94c8a57bbe1dca04b22a58000cefecd9300bcc6771a99c5afffca2,da11bfa76b94c8a57bbe1dca04b22a58000cefecd9300bcc6771a99c5afffca2,external_validation,True,True,True,True,True,True,True,True,True,True,True,True,True,True,True,True,True,csi-pairs-formal-v2.1-v6,060d8671380acaf43bd0beb2c77ac5c6ec112e4ddc083451ab36a5916b7c9cac,3424a269a751f219f4897b969db7cc13d2236fc72e8e2ccb663dec8d7f8f477c,False,CANDIDATE_NOT_CLAIM,8e8eaf212578b3dc624e40d1d979f0c37787afa3e7e464eac52d5b68610dfe07,9548a24a4faf5db17b5251df407b4402de033ae8648ec321c850fe6105002cf1,b932e19891ce63535cf1714a6b3adb0ade296d0a6a6326a4aebf3c1041117a30
osm-sionna-external-miami-bank-11,osm-sionna-external-miami-bank-11,osm-foundation-external-miami-11,02b9b0ab1e0b0edcfd95c4b7b6e6fc2294723931fdf7ddb93518a95e02ab7728,02b9b0ab1e0b0edcfd95c4b7b6e6fc2294723931fdf7ddb93518a95e02ab7728,4b63a336a4612627a28d1e1af0615f69abaad584864f4df203865b6008667b27,4b63a336a4612627a28d1e1af0615f69abaad584864f4df203865b6008667b27,external_validation,True,True,True,True,True,True,True,True,True,True,True,True,True,True,True,True,True,csi-pairs-formal-v2.1-v6,060d8671380acaf43bd0beb2c77ac5c6ec112e4ddc083451ab36a5916b7c9cac,3424a269a751f219f4897b969db7cc13d2236fc72e8e2ccb663dec8d7f8f477c,False,CANDIDATE_NOT_CLAIM,8e8eaf212578b3dc624e40d1d979f0c37787afa3e7e464eac52d5b68610dfe07,9548a24a4faf5db17b5251df407b4402de033ae8648ec321c850fe6105002cf1,b932e19891ce63535cf1714a6b3adb0ade296d0a6a6326a4aebf3c1041117a30
osm-sionna-external-miami-bank-12,osm-sionna-external-miami-bank-12,osm-foundation-external-miami-12,d0dc318a5125618b41f86ae3cecbcbcf5d62d87470c30937e015d943caa3b6f2,d0dc318a5125618b41f86ae3cecbcbcf5d62d87470c30937e015d943caa3b6f2,90eba51b04d5ab0332498ccf337fb35ca1d5899ce70766b6bb29d51541debdda,90eba51b04d5ab0332498ccf337fb35ca1d5899ce70766b6bb29d51541debdda,external_validation,True,True,True,True,True,True,True,True,True,True,True,True,True,True,True,True,True,csi-pairs-formal-v2.1-v6,060d8671380acaf43bd0beb2c77ac5c6ec112e4ddc083451ab36a5916b7c9cac,3424a269a751f219f4897b969db7cc13d2236fc72e8e2ccb663dec8d7f8f477c,False,CANDIDATE_NOT_CLAIM,8e8eaf212578b3dc624e40d1d979f0c37787afa3e7e464eac52d5b68610dfe07,9548a24a4faf5db17b5251df407b4402de033ae8648ec321c850fe6105002cf1,b932e19891ce63535cf1714a6b3adb0ade296d0a6a6326a4aebf3c1041117a30
osm-sionna-external-miami-bank-13,osm-sionna-external-miami-bank-13,osm-foundation-external-miami-13,6ae589bf9223a5c8a6e39eb8f5c80efda4e7048062a3d25617e6d302078961bc,6ae589bf9223a5c8a6e39eb8f5c80efda4e7048062a3d25617e6d302078961bc,b48b93397120d0b8805cb65e214ad6973b251366608561d0258663c808ed9dc6,b48b93397120d0b8805cb65e214ad6973b251366608561d0258663c808ed9dc6,external_validation,True,True,True,True,True,True,True,True,True,True,True,True,True,True,True,True,True,csi-pairs-formal-v2.1-v6,060d8671380acaf43bd0beb2c77ac5c6ec112e4ddc083451ab36a5916b7c9cac,3424a269a751f219f4897b969db7cc13d2236fc72e8e2ccb663dec8d7f8f477c,False,CANDIDATE_NOT_CLAIM,8e8eaf212578b3dc624e40d1d979f0c37787afa3e7e464eac52d5b68610dfe07,9548a24a4faf5db17b5251df407b4402de033ae8648ec321c850fe6105002cf1,b932e19891ce63535cf1714a6b3adb0ade296d0a6a6326a4aebf3c1041117a30
osm-sionna-external-miami-bank-14,osm-sionna-external-miami-bank-14,osm-foundation-external-miami-14,180fd047d93d652bdcb87dde2bf60871fc62bb0033bc7f0b70c9e7ee20278ed1,180fd047d93d652bdcb87dde2bf60871fc62bb0033bc7f0b70c9e7ee20278ed1,15c70078ab9501fbdd54b0461d37596984b624ba9527bb250429c2821781cc06,15c70078ab9501fbdd54b0461d37596984b624ba9527bb250429c2821781cc06,external_validation,True,True,True,True,True,True,True,True,True,True,True,True,True,True,True,True,True,csi-pairs-formal-v2.1-v6,060d8671380acaf43bd0beb2c77ac5c6ec112e4ddc083451ab36a5916b7c9cac,3424a269a751f219f4897b969db7cc13d2236fc72e8e2ccb663dec8d7f8f477c,False,CANDIDATE_NOT_CLAIM,8e8eaf212578b3dc624e40d1d979f0c37787afa3e7e464eac52d5b68610dfe07,9548a24a4faf5db17b5251df407b4402de033ae8648ec321c850fe6105002cf1,b932e19891ce63535cf1714a6b3adb0ade296d0a6a6326a4aebf3c1041117a30
osm-sionna-external-miami-bank-15,osm-sionna-external-miami-bank-15,osm-foundation-external-miami-15,bc94056c3d24180e600a9178436815d682ae4531d281028e0e675f70c21f6bc6,bc94056c3d24180e600a9178436815d682ae4531d281028e0e675f70c21f6bc6,a961edbaef1dc2383317587d25c17251631315484d06587409f4894f69d73f30,a961edbaef1dc2383317587d25c17251631315484d06587409f4894f69d73f30,external_validation,True,True,True,True,True,True,True,True,True,True,True,True,True,True,True,True,True,csi-pairs-formal-v2.1-v6,060d8671380acaf43bd0beb2c77ac5c6ec112e4ddc083451ab36a5916b7c9cac,3424a269a751f219f4897b969db7cc13d2236fc72e8e2ccb663dec8d7f8f477c,False,CANDIDATE_NOT_CLAIM,8e8eaf212578b3dc624e40d1d979f0c37787afa3e7e464eac52d5b68610dfe07,9548a24a4faf5db17b5251df407b4402de033ae8648ec321c850fe6105002cf1,b932e19891ce63535cf1714a6b3adb0ade296d0a6a6326a4aebf3c1041117a30
