seed,arm,city_id,bank_id,base_map_cluster_id,canonical_base_map_digest,canonical_bank_digest,budget,draw,position_id,prediction_x,prediction_y,variance_x,variance_y,u_g,true_x,true_y,error_m,failure,a_path_loc,a_path_bin,artifact_label,dataset_sha256,config_sha256,fixture,scientific_use,source_tree_sha256,requirements_lock_sha256,runtime_provenance_sha256
17,endpoint,target-a,fixture-bank-14,fixture-base-14,86a59d2849e34c3a9889d58bb3b67b946ca9eb639083798f219989137e7f4536,d3ac0ba45cb8ca4a3062283c82745f423da87b60b62b7768857a4ffa9f3e71be,0,0,target-a:fixture-bank-14:p0004,-0.3704908490180969,-0.13052769005298615,0.31204381585121155,0.647956132888794,-1.5985440015792847,0.6447368421052628,-1.3552631578947367,1.5908061575859014,False,0.25,low,csi-pairs-v6-software-fixture,ded1ec639ff3e6fd5eba769d42db1ed36222a48af333a30a670254b30b164b74,620f300cbec1f56da4691882bc7dbe52593dc597fc62f6ae925c0f6ac72f1c6b,True,FORBIDDEN,0901433cbfe906073eae45118a1466e03afab04a766a3061a988ffe089ba4e01,9548a24a4faf5db17b5251df407b4402de033ae8648ec321c850fe6105002cf1,8128818d8ea8f5c3517d04da28955f010269df61e756429957a0a032386f6c51
17,endpoint,target-a,fixture-bank-14,fixture-base-14,86a59d2849e34c3a9889d58bb3b67b946ca9eb639083798f219989137e7f4536,d3ac0ba45cb8ca4a3062283c82745f423da87b60b62b7768857a4ffa9f3e71be,0,0,target-a:fixture-bank-14:p0005,-0.3666014075279236,-0.1321982741355896,0.31189221143722534,0.6487347483634949,-1.597828984260559,-1.3552631578947367,0.6447368421052628,1.2574101285923212,False,0.25,low,csi-pairs-v6-software-fixture,ded1ec639ff3e6fd5eba769d42db1ed36222a48af333a30a670254b30b164b74,620f300cbec1f56da4691882bc7dbe52593dc597fc62f6ae925c0f6ac72f1c6b,True,FORBIDDEN,0901433cbfe906073eae45118a1466e03afab04a766a3061a988ffe089ba4e01,9548a24a4faf5db17b5251df407b4402de033ae8648ec321c850fe6105002cf1,8128818d8ea8f5c3517d04da28955f010269df61e756429957a0a032386f6c51
17,endpoint,target-a,fixture-bank-14,fixture-base-14,86a59d2849e34c3a9889d58bb3b67b946ca9eb639083798f219989137e7f4536,d3ac0ba45cb8ca4a3062283c82745f423da87b60b62b7768857a4ffa9f3e71be,0,0,target-a:fixture-bank-14:p0006,-0.3720916509628296,-0.13294172286987305,0.3105650544166565,0.6431336998939514,-1.610764503479004,1.6447368421052628,-0.3552631578947367,2.0290450933685102,True,0.25,low,csi-pairs-v6-software-fixture,ded1ec639ff3e6fd5eba769d42db1ed36222a48af333a30a670254b30b164b74,620f300cbec1f56da4691882bc7dbe52593dc597fc62f6ae925c0f6ac72f1c6b,True,FORBIDDEN,0901433cbfe906073eae45118a1466e03afab04a766a3061a988ffe089ba4e01,9548a24a4faf5db17b5251df407b4402de033ae8648ec321c850fe6105002cf1,8128818d8ea8f5c3517d04da28955f010269df61e756429957a0a032386f6c51
17,endpoint,target-a,fixture-bank-14,fixture-base-14,86a59d2849e34c3a9889d58bb3b67b946ca9eb639083798f219989137e7f4536,d3ac0ba45cb8ca4a3062283c82745f423da87b60b62b7768857a4ffa9f3e71be,0,0,target-a:fixture-bank-14:p0007,-0.37653061747550964,-0.1372070461511612,0.30914294719696045,0.6432921290397644,-1.615107774734497,-1.3552631578947367,2.644736842105263,2.9490895515536226,True,0.25,low,csi-pairs-v6-software-fixture,ded1ec639ff3e6fd5eba769d42db1ed36222a48af333a30a670254b30b164b74,620f300cbec1f56da4691882bc7dbe52593dc597fc62f6ae925c0f6ac72f1c6b,True,FORBIDDEN,0901433cbfe906073eae45118a1466e03afab04a766a3061a988ffe089ba4e01,9548a24a4faf5db17b5251df407b4402de033ae8648ec321c850fe6105002cf1,8128818d8ea8f5c3517d04da28955f010269df61e756429957a0a032386f6c51
17,endpoint,target-a,fixture-bank-16,fixture-base-16,e23949edbfe2dbe6dc73b97687bd3eed5fbc5d7bd72ecd8b2badea6dfbfe472e,2b37638d300a790f3426572fa00b7bf61aa934746cb588d9fb5347ccf44b354c,0,0,target-a:fixture-bank-16:p0004,-0.35851502418518066,-0.13442884385585785,0.31064045429229736,0.6485129594802856,-1.6021924018859863,0.6973684210526319,-1.3026315789473681,1.5746705941886887,False,0.26126126126126126,low,csi-pairs-v6-software-fixture,ded1ec639ff3e6fd5eba769d42db1ed36222a48af333a30a670254b30b164b74,620f300cbec1f56da4691882bc7dbe52593dc597fc62f6ae925c0f6ac72f1c6b,True,FORBIDDEN,0901433cbfe906073eae45118a1466e03afab04a766a3061a988ffe089ba4e01,9548a24a4faf5db17b5251df407b4402de033ae8648ec321c850fe6105002cf1,8128818d8ea8f5c3517d04da28955f010269df61e756429957a0a032386f6c51
17,endpoint,target-a,fixture-bank-16,fixture-base-16,e23949edbfe2dbe6dc73b97687bd3eed5fbc5d7bd72ecd8b2badea6dfbfe472e,2b37638d300a790f3426572fa00b7bf61aa934746cb588d9fb5347ccf44b354c,0,0,target-a:fixture-bank-16:p0005,-0.38592925667762756,-0.1296883225440979,0.31246107816696167,0.6471431255340576,-1.5984631776809692,-1.3026315789473681,0.6973684210526319,1.23465217967797,False,0.26126126126126126,low,csi-pairs-v6-software-fixture,ded1ec639ff3e6fd5eba769d42db1ed36222a48af333a30a670254b30b164b74,620f300cbec1f56da4691882bc7dbe52593dc597fc62f6ae925c0f6ac72f1c6b,True,FORBIDDEN,0901433cbfe906073eae45118a1466e03afab04a766a3061a988ffe089ba4e01,9548a24a4faf5db17b5251df407b4402de033ae8648ec321c850fe6105002cf1,8128818d8ea8f5c3517d04da28955f010269df61e756429957a0a032386f6c51
17,endpoint,target-a,fixture-bank-16,fixture-base-16,e23949edbfe2dbe6dc73b97687bd3eed5fbc5d7bd72ecd8b2badea6dfbfe472e,2b37638d300a790f3426572fa00b7bf61aa934746cb588d9fb5347ccf44b354c,0,0,target-a:fixture-bank-16:p0006,-0.3751067817211151,-0.14326049387454987,0.30635446310043335,0.633994460105896,-1.6387275457382202,1.6973684210526319,-0.30263157894736814,2.078593901864761,True,0.26126126126126126,low,csi-pairs-v6-software-fixture,ded1ec639ff3e6fd5eba769d42db1ed36222a48af333a30a670254b30b164b74,620f300cbec1f56da4691882bc7dbe52593dc597fc62f6ae925c0f6ac72f1c6b,True,FORBIDDEN,0901433cbfe906073eae45118a1466e03afab04a766a3061a988ffe089ba4e01,9548a24a4faf5db17b5251df407b4402de033ae8648ec321c850fe6105002cf1,8128818d8ea8f5c3517d04da28955f010269df61e756429957a0a032386f6c51
17,endpoint,target-a,fixture-bank-16,fixture-base-16,e23949edbfe2dbe6dc73b97687bd3eed5fbc5d7bd72ecd8b2badea6dfbfe472e,2b37638d300a790f3426572fa00b7bf61aa934746cb588d9fb5347ccf44b354c,0,0,target-a:fixture-bank-16:p0007,-0.3644711375236511,-0.136759415268898,0.31011301279067993,0.6433415412902832,-1.6118979454040527,-0.30263157894736814,1.6973684210526319,1.8351700332596994,False,0.26126126126126126,low,csi-pairs-v6-software-fixture,ded1ec639ff3e6fd5eba769d42db1ed36222a48af333a30a670254b30b164b74,620f300cbec1f56da4691882bc7dbe52593dc597fc62f6ae925c0f6ac72f1c6b,True,FORBIDDEN,0901433cbfe906073eae45118a1466e03afab04a766a3061a988ffe089ba4e01,9548a24a4faf5db17b5251df407b4402de033ae8648ec321c850fe6105002cf1,8128818d8ea8f5c3517d04da28955f010269df61e756429957a0a032386f6c51
17,endpoint,target-a,fixture-bank-14,fixture-base-14,86a59d2849e34c3a9889d58bb3b67b946ca9eb639083798f219989137e7f4536,d3ac0ba45cb8ca4a3062283c82745f423da87b60b62b7768857a4ffa9f3e71be,2,0,target-a:fixture-bank-14:p0004,-0.3242461085319519,-0.11913375556468964,0.3147274851799011,0.6338275074958801,-1.612026572227478,0.6447368421052628,-1.3552631578947367,1.5706507752936176,False,0.25,low,csi-pairs-v6-software-fixture,ded1ec639ff3e6fd5eba769d42db1ed36222a48af333a30a670254b30b164b74,620f300cbec1f56da4691882bc7dbe52593dc597fc62f6ae925c0f6ac72f1c6b,True,FORBIDDEN,0901433cbfe906073eae45118a1466e03afab04a766a3061a988ffe089ba4e01,9548a24a4faf5db17b5251df407b4402de033ae8648ec321c850fe6105002cf1,8128818d8ea8f5c3517d04da28955f010269df61e756429957a0a032386f6c51
17,endpoint,target-a,fixture-bank-14,fixture-base-14,86a59d2849e34c3a9889d58bb3b67b946ca9eb639083798f219989137e7f4536,d3ac0ba45cb8ca4a3062283c82745f423da87b60b62b7768857a4ffa9f3e71be,2,0,target-a:fixture-bank-14:p0005,-0.3202322721481323,-0.12127260863780975,0.3144588768482208,0.6347410678863525,-1.6114400625228882,-1.3552631578947367,0.6447368421052628,1.2876565586665973,False,0.25,low,csi-pairs-v6-software-fixture,ded1ec639ff3e6fd5eba769d42db1ed36222a48af333a30a670254b30b164b74,620f300cbec1f56da4691882bc7dbe52593dc597fc62f6ae925c0f6ac72f1c6b,True,FORBIDDEN,0901433cbfe906073eae45118a1466e03afab04a766a3061a988ffe089ba4e01,9548a24a4faf5db17b5251df407b4402de033ae8648ec321c850fe6105002cf1,8128818d8ea8f5c3517d04da28955f010269df61e756429957a0a032386f6c51
17,endpoint,target-a,fixture-bank-14,fixture-base-14,86a59d2849e34c3a9889d58bb3b67b946ca9eb639083798f219989137e7f4536,d3ac0ba45cb8ca4a3062283c82745f423da87b60b62b7768857a4ffa9f3e71be,2,0,target-a:fixture-bank-14:p0006,-0.32556864619255066,-0.12129548192024231,0.3134500980377197,0.6290491223335266,-1.6236610412597656,1.6447368421052628,-0.3552631578947367,1.984148328784265,False,0.25,low,csi-pairs-v6-software-fixture,ded1ec639ff3e6fd5eba769d42db1ed36222a48af333a30a670254b30b164b74,620f300cbec1f56da4691882bc7dbe52593dc597fc62f6ae925c0f6ac72f1c6b,True,FORBIDDEN,0901433cbfe906073eae45118a1466e03afab04a766a3061a988ffe089ba4e01,9548a24a4faf5db17b5251df407b4402de033ae8648ec321c850fe6105002cf1,8128818d8ea8f5c3517d04da28955f010269df61e756429957a0a032386f6c51
17,endpoint,target-a,fixture-bank-14,fixture-base-14,86a59d2849e34c3a9889d58bb3b67b946ca9eb639083798f219989137e7f4536,d3ac0ba45cb8ca4a3062283c82745f423da87b60b62b7768857a4ffa9f3e71be,2,0,target-a:fixture-bank-14:p0007,-0.3313625454902649,-0.1249217763543129,0.31221020221710205,0.6292176246643066,-1.6273566484451294,-1.3552631578947367,2.644736842105263,2.952859855612802,True,0.25,low,csi-pairs-v6-software-fixture,ded1ec639ff3e6fd5eba769d42db1ed36222a48af333a30a670254b30b164b74,620f300cbec1f56da4691882bc7dbe52593dc597fc62f6ae925c0f6ac72f1c6b,True,FORBIDDEN,0901433cbfe906073eae45118a1466e03afab04a766a3061a988ffe089ba4e01,9548a24a4faf5db17b5251df407b4402de033ae8648ec321c850fe6105002cf1,8128818d8ea8f5c3517d04da28955f010269df61e756429957a0a032386f6c51
17,endpoint,target-a,fixture-bank-16,fixture-base-16,e23949edbfe2dbe6dc73b97687bd3eed5fbc5d7bd72ecd8b2badea6dfbfe472e,2b37638d300a790f3426572fa00b7bf61aa934746cb588d9fb5347ccf44b354c,2,0,target-a:fixture-bank-16:p0004,-0.3140018880367279,-0.12378506362438202,0.3132764995098114,0.6348516941070557,-1.6150329113006592,0.6973684210526319,-1.3026315789473681,1.5532382331106374,False,0.26126126126126126,low,csi-pairs-v6-software-fixture,ded1ec639ff3e6fd5eba769d42db1ed36222a48af333a30a670254b30b164b74,620f300cbec1f56da4691882bc7dbe52593dc597fc62f6ae925c0f6ac72f1c6b,True,FORBIDDEN,0901433cbfe906073eae45118a1466e03afab04a766a3061a988ffe089ba4e01,9548a24a4faf5db17b5251df407b4402de033ae8648ec321c850fe6105002cf1,8128818d8ea8f5c3517d04da28955f010269df61e756429957a0a032386f6c51
17,endpoint,target-a,fixture-bank-16,fixture-base-16,e23949edbfe2dbe6dc73b97687bd3eed5fbc5d7bd72ecd8b2badea6dfbfe472e,2b37638d300a790f3426572fa00b7bf61aa934746cb588d9fb5347ccf44b354c,2,0,target-a:fixture-bank-16:p0005,-0.33856886625289917,-0.11723866313695908,0.3153412938117981,0.6325991749763489,-1.6120179891586304,-1.3026315789473681,0.6973684210526319,1.2621416781089536,False,0.26126126126126126,low,csi-pairs-v6-software-fixture,ded1ec639ff3e6fd5eba769d42db1ed36222a48af333a30a670254b30b164b74,620f300cbec1f56da4691882bc7dbe52593dc597fc62f6ae925c0f6ac72f1c6b,True,FORBIDDEN,0901433cbfe906073eae45118a1466e03afab04a766a3061a988ffe089ba4e01,9548a24a4faf5db17b5251df407b4402de033ae8648ec321c850fe6105002cf1,8128818d8ea8f5c3517d04da28955f010269df61e756429957a0a032386f6c51
17,endpoint,target-a,fixture-bank-16,fixture-base-16,e23949edbfe2dbe6dc73b97687bd3eed5fbc5d7bd72ecd8b2badea6dfbfe472e,2b37638d300a790f3426572fa00b7bf61aa934746cb588d9fb5347ccf44b354c,2,0,target-a:fixture-bank-16:p0006,-0.32749468088150024,-0.1306108832359314,0.3096916675567627,0.6196480393409729,-1.6507817506790161,1.6973684210526319,-0.30263157894736814,2.0321569086385436,True,0.26126126126126126,low,csi-pairs-v6-software-fixture,ded1ec639ff3e6fd5eba769d42db1ed36222a48af333a30a670254b30b164b74,620f300cbec1f56da4691882bc7dbe52593dc597fc62f6ae925c0f6ac72f1c6b,True,FORBIDDEN,0901433cbfe906073eae45118a1466e03afab04a766a3061a988ffe089ba4e01,9548a24a4faf5db17b5251df407b4402de033ae8648ec321c850fe6105002cf1,8128818d8ea8f5c3517d04da28955f010269df61e756429957a0a032386f6c51
17,endpoint,target-a,fixture-bank-16,fixture-base-16,e23949edbfe2dbe6dc73b97687bd3eed5fbc5d7bd72ecd8b2badea6dfbfe472e,2b37638d300a790f3426572fa00b7bf61aa934746cb588d9fb5347ccf44b354c,2,0,target-a:fixture-bank-16:p0007,-0.317999005317688,-0.12587442994117737,0.3128064274787903,0.6292639374732971,-1.6253752708435059,-0.30263157894736814,1.6973684210526319,1.8233076129642196,False,0.26126126126126126,low,csi-pairs-v6-software-fixture,ded1ec639ff3e6fd5eba769d42db1ed36222a48af333a30a670254b30b164b74,620f300cbec1f56da4691882bc7dbe52593dc597fc62f6ae925c0f6ac72f1c6b,True,FORBIDDEN,0901433cbfe906073eae45118a1466e03afab04a766a3061a988ffe089ba4e01,9548a24a4faf5db17b5251df407b4402de033ae8648ec321c850fe6105002cf1,8128818d8ea8f5c3517d04da28955f010269df61e756429957a0a032386f6c51
17,endpoint,target-a,fixture-bank-14,fixture-base-14,86a59d2849e34c3a9889d58bb3b67b946ca9eb639083798f219989137e7f4536,d3ac0ba45cb8ca4a3062283c82745f423da87b60b62b7768857a4ffa9f3e71be,4,0,target-a:fixture-bank-14:p0004,-0.39220181107521057,-0.09932412207126617,0.32552990317344666,0.6632928252220154,-1.5328397750854492,0.6447368421052628,-1.3552631578947367,1.6286880094618867,False,0.25,low,csi-pairs-v6-software-fixture,ded1ec639ff3e6fd5eba769d42db1ed36222a48af333a30a670254b30b164b74,620f300cbec1f56da4691882bc7dbe52593dc597fc62f6ae925c0f6ac72f1c6b,True,FORBIDDEN,0901433cbfe906073eae45118a1466e03afab04a766a3061a988ffe089ba4e01,9548a24a4faf5db17b5251df407b4402de033ae8648ec321c850fe6105002cf1,8128818d8ea8f5c3517d04da28955f010269df61e756429957a0a032386f6c51
17,endpoint,target-a,fixture-bank-14,fixture-base-14,86a59d2849e34c3a9889d58bb3b67b946ca9eb639083798f219989137e7f4536,d3ac0ba45cb8ca4a3062283c82745f423da87b60b62b7768857a4ffa9f3e71be,4,0,target-a:fixture-bank-14:p0005,-0.3871033787727356,-0.10147077590227127,0.32502877712249756,0.6637098789215088,-1.5337517261505127,-1.3552631578947367,0.6447368421052628,1.2223580355534298,False,0.25,low,csi-pairs-v6-software-fixture,ded1ec639ff3e6fd5eba769d42db1ed36222a48af333a30a670254b30b164b74,620f300cbec1f56da4691882bc7dbe52593dc597fc62f6ae925c0f6ac72f1c6b,True,FORBIDDEN,0901433cbfe906073eae45118a1466e03afab04a766a3061a988ffe089ba4e01,9548a24a4faf5db17b5251df407b4402de033ae8648ec321c850fe6105002cf1,8128818d8ea8f5c3517d04da28955f010269df61e756429957a0a032386f6c51
17,endpoint,target-a,fixture-bank-14,fixture-base-14,86a59d2849e34c3a9889d58bb3b67b946ca9eb639083798f219989137e7f4536,d3ac0ba45cb8ca4a3062283c82745f423da87b60b62b7768857a4ffa9f3e71be,4,0,target-a:fixture-bank-14:p0006,-0.39586445689201355,-0.1007092073559761,0.32468461990356445,0.6589189767837524,-1.542055606842041,1.6447368421052628,-0.3552631578947367,2.056417120917899,True,0.25,low,csi-pairs-v6-software-fixture,ded1ec639ff3e6fd5eba769d42db1ed36222a48af333a30a670254b30b164b74,620f300cbec1f56da4691882bc7dbe52593dc597fc62f6ae925c0f6ac72f1c6b,True,FORBIDDEN,0901433cbfe906073eae45118a1466e03afab04a766a3061a988ffe089ba4e01,9548a24a4faf5db17b5251df407b4402de033ae8648ec321c850fe6105002cf1,8128818d8ea8f5c3517d04da28955f010269df61e756429957a0a032386f6c51
17,endpoint,target-a,fixture-bank-14,fixture-base-14,86a59d2849e34c3a9889d58bb3b67b946ca9eb639083798f219989137e7f4536,d3ac0ba45cb8ca4a3062283c82745f423da87b60b62b7768857a4ffa9f3e71be,4,0,target-a:fixture-bank-14:p0007,-0.40125250816345215,-0.10541974008083344,0.3234323263168335,0.6594295501708984,-1.5451455116271973,-1.3552631578947367,2.644736842105263,2.9109272657251704,True,0.25,low,csi-pairs-v6-software-fixture,ded1ec639ff3e6fd5eba769d42db1ed36222a48af333a30a670254b30b164b74,620f300cbec1f56da4691882bc7dbe52593dc597fc62f6ae925c0f6ac72f1c6b,True,FORBIDDEN,0901433cbfe906073eae45118a1466e03afab04a766a3061a988ffe089ba4e01,9548a24a4faf5db17b5251df407b4402de033ae8648ec321c850fe6105002cf1,8128818d8ea8f5c3517d04da28955f010269df61e756429957a0a032386f6c51
17,endpoint,target-a,fixture-bank-16,fixture-base-16,e23949edbfe2dbe6dc73b97687bd3eed5fbc5d7bd72ecd8b2badea6dfbfe472e,2b37638d300a790f3426572fa00b7bf61aa934746cb588d9fb5347ccf44b354c,4,0,target-a:fixture-bank-16:p0004,-0.3782181143760681,-0.10502929985523224,0.32319608330726624,0.6627880930900574,-1.5407960414886475,0.6973684210526319,-1.3026315789473681,1.6097010946390613,False,0.26126126126126126,low,csi-pairs-v6-software-fixture,ded1ec639ff3e6fd5eba769d42db1ed36222a48af333a30a670254b30b164b74,620f300cbec1f56da4691882bc7dbe52593dc597fc62f6ae925c0f6ac72f1c6b,True,FORBIDDEN,0901433cbfe906073eae45118a1466e03afab04a766a3061a988ffe089ba4e01,9548a24a4faf5db17b5251df407b4402de033ae8648ec321c850fe6105002cf1,8128818d8ea8f5c3517d04da28955f010269df61e756429957a0a032386f6c51
17,endpoint,target-a,fixture-bank-16,fixture-base-16,e23949edbfe2dbe6dc73b97687bd3eed5fbc5d7bd72ecd8b2badea6dfbfe472e,2b37638d300a790f3426572fa00b7bf61aa934746cb588d9fb5347ccf44b354c,4,0,target-a:fixture-bank-16:p0005,-0.41004884243011475,-0.09670725464820862,0.32704958319664,0.6639055013656616,-1.5272588729858398,-1.3026315789473681,0.6973684210526319,1.1946799237738845,False,0.26126126126126126,low,csi-pairs-v6-software-fixture,ded1ec639ff3e6fd5eba769d42db1ed36222a48af333a30a670254b30b164b74,620f300cbec1f56da4691882bc7dbe52593dc597fc62f6ae925c0f6ac72f1c6b,True,FORBIDDEN,0901433cbfe906073eae45118a1466e03afab04a766a3061a988ffe089ba4e01,9548a24a4faf5db17b5251df407b4402de033ae8648ec321c850fe6105002cf1,8128818d8ea8f5c3517d04da28955f010269df61e756429957a0a032386f6c51
17,endpoint,target-a,fixture-bank-16,fixture-base-16,e23949edbfe2dbe6dc73b97687bd3eed5fbc5d7bd72ecd8b2badea6dfbfe472e,2b37638d300a790f3426572fa00b7bf61aa934746cb588d9fb5347ccf44b354c,4,0,target-a:fixture-bank-16:p0006,-0.40359264612197876,-0.10902626812458038,0.32196539640426636,0.6507276892662048,-1.5629751682281494,1.6973684210526319,-0.30263157894736814,2.1098626548100867,True,0.26126126126126126,low,csi-pairs-v6-software-fixture,ded1ec639ff3e6fd5eba769d42db1ed36222a48af333a30a670254b30b164b74,620f300cbec1f56da4691882bc7dbe52593dc597fc62f6ae925c0f6ac72f1c6b,True,FORBIDDEN,0901433cbfe906073eae45118a1466e03afab04a766a3061a988ffe089ba4e01,9548a24a4faf5db17b5251df407b4402de033ae8648ec321c850fe6105002cf1,8128818d8ea8f5c3517d04da28955f010269df61e756429957a0a032386f6c51
17,endpoint,target-a,fixture-bank-16,fixture-base-16,e23949edbfe2dbe6dc73b97687bd3eed5fbc5d7bd72ecd8b2badea6dfbfe472e,2b37638d300a790f3426572fa00b7bf61aa934746cb588d9fb5347ccf44b354c,4,0,target-a:fixture-bank-16:p0007,-0.38766729831695557,-0.10509457439184189,0.3239297866821289,0.6585935354232788,-1.544877290725708,-0.30263157894736814,1.6973684210526319,1.804467767380556,False,0.26126126126126126,low,csi-pairs-v6-software-fixture,ded1ec639ff3e6fd5eba769d42db1ed36222a48af333a30a670254b30b164b74,620f300cbec1f56da4691882bc7dbe52593dc597fc62f6ae925c0f6ac72f1c6b,True,FORBIDDEN,0901433cbfe906073eae45118a1466e03afab04a766a3061a988ffe089ba4e01,9548a24a4faf5db17b5251df407b4402de033ae8648ec321c850fe6105002cf1,8128818d8ea8f5c3517d04da28955f010269df61e756429957a0a032386f6c51
17,endpoint,target-a,fixture-bank-14,fixture-base-14,86a59d2849e34c3a9889d58bb3b67b946ca9eb639083798f219989137e7f4536,d3ac0ba45cb8ca4a3062283c82745f423da87b60b62b7768857a4ffa9f3e71be,2,1,target-a:fixture-bank-14:p0004,-0.34049347043037415,-0.14860454201698303,0.3164104223251343,0.6686627864837646,-1.5531904697418213,0.6447368421052628,-1.3552631578947367,1.5577881062619157,False,0.25,low,csi-pairs-v6-software-fixture,ded1ec639ff3e6fd5eba769d42db1ed36222a48af333a30a670254b30b164b74,620f300cbec1f56da4691882bc7dbe52593dc597fc62f6ae925c0f6ac72f1c6b,True,FORBIDDEN,0901433cbfe906073eae45118a1466e03afab04a766a3061a988ffe089ba4e01,9548a24a4faf5db17b5251df407b4402de033ae8648ec321c850fe6105002cf1,8128818d8ea8f5c3517d04da28955f010269df61e756429957a0a032386f6c51
17,endpoint,target-a,fixture-bank-14,fixture-base-14,86a59d2849e34c3a9889d58bb3b67b946ca9eb639083798f219989137e7f4536,d3ac0ba45cb8ca4a3062283c82745f423da87b60b62b7768857a4ffa9f3e71be,2,1,target-a:fixture-bank-14:p0005,-0.3365251421928406,-0.15036140382289886,0.3161228597164154,0.6694490909576416,-1.5529245138168335,-1.3552631578947367,0.6447368421052628,1.2922880349652226,False,0.25,low,csi-pairs-v6-software-fixture,ded1ec639ff3e6fd5eba769d42db1ed36222a48af333a30a670254b30b164b74,620f300cbec1f56da4691882bc7dbe52593dc597fc62f6ae925c0f6ac72f1c6b,True,FORBIDDEN,0901433cbfe906073eae45118a1466e03afab04a766a3061a988ffe089ba4e01,9548a24a4faf5db17b5251df407b4402de033ae8648ec321c850fe6105002cf1,8128818d8ea8f5c3517d04da28955f010269df61e756429957a0a032386f6c51
17,endpoint,target-a,fixture-bank-14,fixture-base-14,86a59d2849e34c3a9889d58bb3b67b946ca9eb639083798f219989137e7f4536,d3ac0ba45cb8ca4a3062283c82745f423da87b60b62b7768857a4ffa9f3e71be,2,1,target-a:fixture-bank-14:p0006,-0.3415062427520752,-0.15128102898597717,0.31505975127220154,0.6635962724685669,-1.5650742053985596,1.6447368421052628,-0.3552631578947367,1.9966898359679561,False,0.25,low,csi-pairs-v6-software-fixture,ded1ec639ff3e6fd5eba769d42db1ed36222a48af333a30a670254b30b164b74,620f300cbec1f56da4691882bc7dbe52593dc597fc62f6ae925c0f6ac72f1c6b,True,FORBIDDEN,0901433cbfe906073eae45118a1466e03afab04a766a3061a988ffe089ba4e01,9548a24a4faf5db17b5251df407b4402de033ae8648ec321c850fe6105002cf1,8128818d8ea8f5c3517d04da28955f010269df61e756429957a0a032386f6c51
17,endpoint,target-a,fixture-bank-14,fixture-base-14,86a59d2849e34c3a9889d58bb3b67b946ca9eb639083798f219989137e7f4536,d3ac0ba45cb8ca4a3062283c82745f423da87b60b62b7768857a4ffa9f3e71be,2,1,target-a:fixture-bank-14:p0007,-0.3463018834590912,-0.15478068590164185,0.31350967288017273,0.6630710959434509,-1.5707981586456299,-1.3552631578947367,2.644736842105263,2.9757858193977422,True,0.25,low,csi-pairs-v6-software-fixture,ded1ec639ff3e6fd5eba769d42db1ed36222a48af333a30a670254b30b164b74,620f300cbec1f56da4691882bc7dbe52593dc597fc62f6ae925c0f6ac72f1c6b,True,FORBIDDEN,0901433cbfe906073eae45118a1466e03afab04a766a3061a988ffe089ba4e01,9548a24a4faf5db17b5251df407b4402de033ae8648ec321c850fe6105002cf1,8128818d8ea8f5c3517d04da28955f010269df61e756429957a0a032386f6c51
17,endpoint,target-a,fixture-bank-16,fixture-base-16,e23949edbfe2dbe6dc73b97687bd3eed5fbc5d7bd72ecd8b2badea6dfbfe472e,2b37638d300a790f3426572fa00b7bf61aa934746cb588d9fb5347ccf44b354c,2,1,target-a:fixture-bank-16:p0004,-0.3302134871482849,-0.15285195410251617,0.31504160165786743,0.6688975095748901,-1.5571750402450562,0.6973684210526319,-1.3026315789473681,1.5420498577446209,False,0.26126126126126126,low,csi-pairs-v6-software-fixture,ded1ec639ff3e6fd5eba769d42db1ed36222a48af333a30a670254b30b164b74,620f300cbec1f56da4691882bc7dbe52593dc597fc62f6ae925c0f6ac72f1c6b,True,FORBIDDEN,0901433cbfe906073eae45118a1466e03afab04a766a3061a988ffe089ba4e01,9548a24a4faf5db17b5251df407b4402de033ae8648ec321c850fe6105002cf1,8128818d8ea8f5c3517d04da28955f010269df61e756429957a0a032386f6c51
17,endpoint,target-a,fixture-bank-16,fixture-base-16,e23949edbfe2dbe6dc73b97687bd3eed5fbc5d7bd72ecd8b2badea6dfbfe472e,2b37638d300a790f3426572fa00b7bf61aa934746cb588d9fb5347ccf44b354c,2,1,target-a:fixture-bank-16:p0005,-0.35381123423576355,-0.1468455195426941,0.31657874584198,0.6676135063171387,-1.5542291402816772,-1.3026315789473681,0.6973684210526319,1.2700225289474738,False,0.26126126126126126,low,csi-pairs-v6-software-fixture,ded1ec639ff3e6fd5eba769d42db1ed36222a48af333a30a670254b30b164b74,620f300cbec1f56da4691882bc7dbe52593dc597fc62f6ae925c0f6ac72f1c6b,True,FORBIDDEN,0901433cbfe906073eae45118a1466e03afab04a766a3061a988ffe089ba4e01,9548a24a4faf5db17b5251df407b4402de033ae8648ec321c850fe6105002cf1,8128818d8ea8f5c3517d04da28955f010269df61e756429957a0a032386f6c51
17,endpoint,target-a,fixture-bank-16,fixture-base-16,e23949edbfe2dbe6dc73b97687bd3eed5fbc5d7bd72ecd8b2badea6dfbfe472e,2b37638d300a790f3426572fa00b7bf61aa934746cb588d9fb5347ccf44b354c,2,1,target-a:fixture-bank-16:p0006,-0.34300851821899414,-0.16218174993991852,0.31104576587677,0.6540696024894714,-1.5923566818237305,1.6973684210526319,-0.30263157894736814,2.0452051752280673,True,0.26126126126126126,low,csi-pairs-v6-software-fixture,ded1ec639ff3e6fd5eba769d42db1ed36222a48af333a30a670254b30b164b74,620f300cbec1f56da4691882bc7dbe52593dc597fc62f6ae925c0f6ac72f1c6b,True,FORBIDDEN,0901433cbfe906073eae45118a1466e03afab04a766a3061a988ffe089ba4e01,9548a24a4faf5db17b5251df407b4402de033ae8648ec321c850fe6105002cf1,8128818d8ea8f5c3517d04da28955f010269df61e756429957a0a032386f6c51
17,endpoint,target-a,fixture-bank-16,fixture-base-16,e23949edbfe2dbe6dc73b97687bd3eed5fbc5d7bd72ecd8b2badea6dfbfe472e,2b37638d300a790f3426572fa00b7bf61aa934746cb588d9fb5347ccf44b354c,2,1,target-a:fixture-bank-16:p0007,-0.33473771810531616,-0.15557627379894257,0.31468093395233154,0.6637136936187744,-1.5661005973815918,-0.30263157894736814,1.6973684210526319,1.8532228269558477,False,0.26126126126126126,low,csi-pairs-v6-software-fixture,ded1ec639ff3e6fd5eba769d42db1ed36222a48af333a30a670254b30b164b74,620f300cbec1f56da4691882bc7dbe52593dc597fc62f6ae925c0f6ac72f1c6b,True,FORBIDDEN,0901433cbfe906073eae45118a1466e03afab04a766a3061a988ffe089ba4e01,9548a24a4faf5db17b5251df407b4402de033ae8648ec321c850fe6105002cf1,8128818d8ea8f5c3517d04da28955f010269df61e756429957a0a032386f6c51
17,endpoint,target-a,fixture-bank-14,fixture-base-14,86a59d2849e34c3a9889d58bb3b67b946ca9eb639083798f219989137e7f4536,d3ac0ba45cb8ca4a3062283c82745f423da87b60b62b7768857a4ffa9f3e71be,4,1,target-a:fixture-bank-14:p0004,-0.3615802824497223,-0.1152419000864029,0.32369574904441833,0.6799567937850952,-1.5136773586273193,0.6447368421052628,-1.3552631578947367,1.5969742875166073,False,0.25,low,csi-pairs-v6-software-fixture,ded1ec639ff3e6fd5eba769d42db1ed36222a48af333a30a670254b30b164b74,620f300cbec1f56da4691882bc7dbe52593dc597fc62f6ae925c0f6ac72f1c6b,True,FORBIDDEN,0901433cbfe906073eae45118a1466e03afab04a766a3061a988ffe089ba4e01,9548a24a4faf5db17b5251df407b4402de033ae8648ec321c850fe6105002cf1,8128818d8ea8f5c3517d04da28955f010269df61e756429957a0a032386f6c51
17,endpoint,target-a,fixture-bank-14,fixture-base-14,86a59d2849e34c3a9889d58bb3b67b946ca9eb639083798f219989137e7f4536,d3ac0ba45cb8ca4a3062283c82745f423da87b60b62b7768857a4ffa9f3e71be,4,1,target-a:fixture-bank-14:p0005,-0.35697877407073975,-0.11760631203651428,0.3232574164867401,0.6805392503738403,-1.5141761302947998,-1.3552631578947367,0.6447368421052628,1.2560807281594963,False,0.25,low,csi-pairs-v6-software-fixture,ded1ec639ff3e6fd5eba769d42db1ed36222a48af333a30a670254b30b164b74,620f300cbec1f56da4691882bc7dbe52593dc597fc62f6ae925c0f6ac72f1c6b,True,FORBIDDEN,0901433cbfe906073eae45118a1466e03afab04a766a3061a988ffe089ba4e01,9548a24a4faf5db17b5251df407b4402de033ae8648ec321c850fe6105002cf1,8128818d8ea8f5c3517d04da28955f010269df61e756429957a0a032386f6c51
17,endpoint,target-a,fixture-bank-14,fixture-base-14,86a59d2849e34c3a9889d58bb3b67b946ca9eb639083798f219989137e7f4536,d3ac0ba45cb8ca4a3062283c82745f423da87b60b62b7768857a4ffa9f3e71be,4,1,target-a:fixture-bank-14:p0006,-0.3640303909778595,-0.11646828055381775,0.32265380024909973,0.6756852269172668,-1.5232033729553223,1.6447368421052628,-0.3552631578947367,2.0229109694083642,True,0.25,low,csi-pairs-v6-software-fixture,ded1ec639ff3e6fd5eba769d42db1ed36222a48af333a30a670254b30b164b74,620f300cbec1f56da4691882bc7dbe52593dc597fc62f6ae925c0f6ac72f1c6b,True,FORBIDDEN,0901433cbfe906073eae45118a1466e03afab04a766a3061a988ffe089ba4e01,9548a24a4faf5db17b5251df407b4402de033ae8648ec321c850fe6105002cf1,8128818d8ea8f5c3517d04da28955f010269df61e756429957a0a032386f6c51
17,endpoint,target-a,fixture-bank-14,fixture-base-14,86a59d2849e34c3a9889d58bb3b67b946ca9eb639083798f219989137e7f4536,d3ac0ba45cb8ca4a3062283c82745f423da87b60b62b7768857a4ffa9f3e71be,4,1,target-a:fixture-bank-14:p0007,-0.369935542345047,-0.1200602799654007,0.3212946653366089,0.6757335066795349,-1.527353048324585,-1.3552631578947367,2.644736842105263,2.9351275332044877,True,0.25,low,csi-pairs-v6-software-fixture,ded1ec639ff3e6fd5eba769d42db1ed36222a48af333a30a670254b30b164b74,620f300cbec1f56da4691882bc7dbe52593dc597fc62f6ae925c0f6ac72f1c6b,True,FORBIDDEN,0901433cbfe906073eae45118a1466e03afab04a766a3061a988ffe089ba4e01,9548a24a4faf5db17b5251df407b4402de033ae8648ec321c850fe6105002cf1,8128818d8ea8f5c3517d04da28955f010269df61e756429957a0a032386f6c51
17,endpoint,target-a,fixture-bank-16,fixture-base-16,e23949edbfe2dbe6dc73b97687bd3eed5fbc5d7bd72ecd8b2badea6dfbfe472e,2b37638d300a790f3426572fa00b7bf61aa934746cb588d9fb5347ccf44b354c,4,1,target-a:fixture-bank-16:p0004,-0.34840288758277893,-0.12088055163621902,0.321442186832428,0.6789039969444275,-1.522213101387024,0.6973684210526319,-1.3026315789473681,1.5780282381871296,False,0.26126126126126126,low,csi-pairs-v6-software-fixture,ded1ec639ff3e6fd5eba769d42db1ed36222a48af333a30a670254b30b164b74,620f300cbec1f56da4691882bc7dbe52593dc597fc62f6ae925c0f6ac72f1c6b,True,FORBIDDEN,0901433cbfe906073eae45118a1466e03afab04a766a3061a988ffe089ba4e01,9548a24a4faf5db17b5251df407b4402de033ae8648ec321c850fe6105002cf1,8128818d8ea8f5c3517d04da28955f010269df61e756429957a0a032386f6c51
17,endpoint,target-a,fixture-bank-16,fixture-base-16,e23949edbfe2dbe6dc73b97687bd3eed5fbc5d7bd72ecd8b2badea6dfbfe472e,2b37638d300a790f3426572fa00b7bf61aa934746cb588d9fb5347ccf44b354c,4,1,target-a:fixture-bank-16:p0005,-0.37920528650283813,-0.1119631677865982,0.3251132369041443,0.6809064745903015,-1.5079121589660645,-1.3026315789473681,0.6973684210526319,1.227898097673778,False,0.26126126126126126,low,csi-pairs-v6-software-fixture,ded1ec639ff3e6fd5eba769d42db1ed36222a48af333a30a670254b30b164b74,620f300cbec1f56da4691882bc7dbe52593dc597fc62f6ae925c0f6ac72f1c6b,True,FORBIDDEN,0901433cbfe906073eae45118a1466e03afab04a766a3061a988ffe089ba4e01,9548a24a4faf5db17b5251df407b4402de033ae8648ec321c850fe6105002cf1,8128818d8ea8f5c3517d04da28955f010269df61e756429957a0a032386f6c51
17,endpoint,target-a,fixture-bank-16,fixture-base-16,e23949edbfe2dbe6dc73b97687bd3eed5fbc5d7bd72ecd8b2badea6dfbfe472e,2b37638d300a790f3426572fa00b7bf61aa934746cb588d9fb5347ccf44b354c,4,1,target-a:fixture-bank-16:p0006,-0.36917829513549805,-0.12455571442842484,0.3194310665130615,0.6681045293807983,-1.5445244312286377,1.6973684210526319,-0.30263157894736814,2.07420499076444,True,0.26126126126126126,low,csi-pairs-v6-software-fixture,ded1ec639ff3e6fd5eba769d42db1ed36222a48af333a30a670254b30b164b74,620f300cbec1f56da4691882bc7dbe52593dc597fc62f6ae925c0f6ac72f1c6b,True,FORBIDDEN,0901433cbfe906073eae45118a1466e03afab04a766a3061a988ffe089ba4e01,9548a24a4faf5db17b5251df407b4402de033ae8648ec321c850fe6105002cf1,8128818d8ea8f5c3517d04da28955f010269df61e756429957a0a032386f6c51
17,endpoint,target-a,fixture-bank-16,fixture-base-16,e23949edbfe2dbe6dc73b97687bd3eed5fbc5d7bd72ecd8b2badea6dfbfe472e,2b37638d300a790f3426572fa00b7bf61aa934746cb588d9fb5347ccf44b354c,4,1,target-a:fixture-bank-16:p0007,-0.35574251413345337,-0.1212768629193306,0.3217839300632477,0.6753553152084351,-1.5263913869857788,-0.30263157894736814,1.6973684210526319,1.8194206331549063,False,0.26126126126126126,low,csi-pairs-v6-software-fixture,ded1ec639ff3e6fd5eba769d42db1ed36222a48af333a30a670254b30b164b74,620f300cbec1f56da4691882bc7dbe52593dc597fc62f6ae925c0f6ac72f1c6b,True,FORBIDDEN,0901433cbfe906073eae45118a1466e03afab04a766a3061a988ffe089ba4e01,9548a24a4faf5db17b5251df407b4402de033ae8648ec321c850fe6105002cf1,8128818d8ea8f5c3517d04da28955f010269df61e756429957a0a032386f6c51
17,endpoint,target-b,fixture-bank-15,fixture-base-15,e23949edbfe2dbe6dc73b97687bd3eed5fbc5d7bd72ecd8b2badea6dfbfe472e,234b78d61b49dc10d04ca8d24378f3b96eae7ef419b9bbe2bb61b3933c753b5d,0,0,target-b:fixture-bank-15:p0004,-0.3518903851509094,-0.15153567492961884,0.3056451678276062,0.6416050791740417,-1.629112720489502,-2.3289473684210527,-0.32894736842105265,1.9850010640009081,False,0.23393574297188752,low,csi-pairs-v6-software-fixture,ded1ec639ff3e6fd5eba769d42db1ed36222a48af333a30a670254b30b164b74,620f300cbec1f56da4691882bc7dbe52593dc597fc62f6ae925c0f6ac72f1c6b,True,FORBIDDEN,0901433cbfe906073eae45118a1466e03afab04a766a3061a988ffe089ba4e01,9548a24a4faf5db17b5251df407b4402de033ae8648ec321c850fe6105002cf1,8128818d8ea8f5c3517d04da28955f010269df61e756429957a0a032386f6c51
17,endpoint,target-b,fixture-bank-15,fixture-base-15,e23949edbfe2dbe6dc73b97687bd3eed5fbc5d7bd72ecd8b2badea6dfbfe472e,234b78d61b49dc10d04ca8d24378f3b96eae7ef419b9bbe2bb61b3933c753b5d,0,0,target-b:fixture-bank-15:p0005,-0.3625379204750061,-0.14281655848026276,0.3080434799194336,0.642285168170929,-1.6202372312545776,1.671052631578947,-2.3289473684210527,2.985742529351028,True,0.23393574297188752,low,csi-pairs-v6-software-fixture,ded1ec639ff3e6fd5eba769d42db1ed36222a48af333a30a670254b30b164b74,620f300cbec1f56da4691882bc7dbe52593dc597fc62f6ae925c0f6ac72f1c6b,True,FORBIDDEN,0901433cbfe906073eae45118a1466e03afab04a766a3061a988ffe089ba4e01,9548a24a4faf5db17b5251df407b4402de033ae8648ec321c850fe6105002cf1,8128818d8ea8f5c3517d04da28955f010269df61e756429957a0a032386f6c51
17,endpoint,target-b,fixture-bank-15,fixture-base-15,e23949edbfe2dbe6dc73b97687bd3eed5fbc5d7bd72ecd8b2badea6dfbfe472e,234b78d61b49dc10d04ca8d24378f3b96eae7ef419b9bbe2bb61b3933c753b5d,0,0,target-b:fixture-bank-15:p0006,-0.38856834173202515,-0.1376468390226364,0.30648359656333923,0.6349239945411682,-1.636841058731079,-0.32894736842105265,1.671052631578947,1.809681860276274,False,0.23393574297188752,low,csi-pairs-v6-software-fixture,ded1ec639ff3e6fd5eba769d42db1ed36222a48af333a30a670254b30b164b74,620f300cbec1f56da4691882bc7dbe52593dc597fc62f6ae925c0f6ac72f1c6b,True,FORBIDDEN,0901433cbfe906073eae45118a1466e03afab04a766a3061a988ffe089ba4e01,9548a24a4faf5db17b5251df407b4402de033ae8648ec321c850fe6105002cf1,8128818d8ea8f5c3517d04da28955f010269df61e756429957a0a032386f6c51
17,endpoint,target-b,fixture-bank-15,fixture-base-15,e23949edbfe2dbe6dc73b97687bd3eed5fbc5d7bd72ecd8b2badea6dfbfe472e,234b78d61b49dc10d04ca8d24378f3b96eae7ef419b9bbe2bb61b3933c753b5d,0,0,target-b:fixture-bank-15:p0007,-0.39124518632888794,-0.13610850274562836,0.3078254461288452,0.633551836013794,-1.6346359252929688,2.671052631578947,-0.32894736842105265,3.068363530235306,True,0.23393574297188752,low,csi-pairs-v6-software-fixture,ded1ec639ff3e6fd5eba769d42db1ed36222a48af333a30a670254b30b164b74,620f300cbec1f56da4691882bc7dbe52593dc597fc62f6ae925c0f6ac72f1c6b,True,FORBIDDEN,0901433cbfe906073eae45118a1466e03afab04a766a3061a988ffe089ba4e01,9548a24a4faf5db17b5251df407b4402de033ae8648ec321c850fe6105002cf1,8128818d8ea8f5c3517d04da28955f010269df61e756429957a0a032386f6c51
17,endpoint,target-b,fixture-bank-17,fixture-base-17,86a59d2849e34c3a9889d58bb3b67b946ca9eb639083798f219989137e7f4536,b8fec4fd063826ac29c6cc8d291ad3a1a89347817c28241565eb44269fa8c24d,0,0,target-b:fixture-bank-17:p0004,-0.32542043924331665,-0.15125496685504913,0.30765533447265625,0.6483461260795593,-1.6121057271957397,-2.276315789473684,-0.27631578947368407,1.9548997101909136,False,0.24519700423314877,low,csi-pairs-v6-software-fixture,ded1ec639ff3e6fd5eba769d42db1ed36222a48af333a30a670254b30b164b74,620f300cbec1f56da4691882bc7dbe52593dc597fc62f6ae925c0f6ac72f1c6b,True,FORBIDDEN,0901433cbfe906073eae45118a1466e03afab04a766a3061a988ffe089ba4e01,9548a24a4faf5db17b5251df407b4402de033ae8648ec321c850fe6105002cf1,8128818d8ea8f5c3517d04da28955f010269df61e756429957a0a032386f6c51
17,endpoint,target-b,fixture-bank-17,fixture-base-17,86a59d2849e34c3a9889d58bb3b67b946ca9eb639083798f219989137e7f4536,b8fec4fd063826ac29c6cc8d291ad3a1a89347817c28241565eb44269fa8c24d,0,0,target-b:fixture-bank-17:p0005,-0.3787519335746765,-0.13926689326763153,0.30667388439178467,0.6339109539985657,-1.637817144393921,1.723684210526316,-2.276315789473684,2.9978685302724264,True,0.24519700423314877,low,csi-pairs-v6-software-fixture,ded1ec639ff3e6fd5eba769d42db1ed36222a48af333a30a670254b30b164b74,620f300cbec1f56da4691882bc7dbe52593dc597fc62f6ae925c0f6ac72f1c6b,True,FORBIDDEN,0901433cbfe906073eae45118a1466e03afab04a766a3061a988ffe089ba4e01,9548a24a4faf5db17b5251df407b4402de033ae8648ec321c850fe6105002cf1,8128818d8ea8f5c3517d04da28955f010269df61e756429957a0a032386f6c51
17,endpoint,target-b,fixture-bank-17,fixture-base-17,86a59d2849e34c3a9889d58bb3b67b946ca9eb639083798f219989137e7f4536,b8fec4fd063826ac29c6cc8d291ad3a1a89347817c28241565eb44269fa8c24d,0,0,target-b:fixture-bank-17:p0006,-0.3618408143520355,-0.1398215889930725,0.3081868588924408,0.6439423561096191,-1.6171951293945312,1.723684210526316,-0.27631578947368407,2.0899869129156503,True,0.24519700423314877,low,csi-pairs-v6-software-fixture,ded1ec639ff3e6fd5eba769d42db1ed36222a48af333a30a670254b30b164b74,620f300cbec1f56da4691882bc7dbe52593dc597fc62f6ae925c0f6ac72f1c6b,True,FORBIDDEN,0901433cbfe906073eae45118a1466e03afab04a766a3061a988ffe089ba4e01,9548a24a4faf5db17b5251df407b4402de033ae8648ec321c850fe6105002cf1,8128818d8ea8f5c3517d04da28955f010269df61e756429957a0a032386f6c51
17,endpoint,target-b,fixture-bank-17,fixture-base-17,86a59d2849e34c3a9889d58bb3b67b946ca9eb639083798f219989137e7f4536,b8fec4fd063826ac29c6cc8d291ad3a1a89347817c28241565eb44269fa8c24d,0,0,target-b:fixture-bank-17:p0007,-0.36311283707618713,-0.13864576816558838,0.3090899884700775,0.6418405771255493,-1.6175380945205688,-1.276315789473684,2.723684210526316,3.0044754183028193,True,0.24519700423314877,low,csi-pairs-v6-software-fixture,ded1ec639ff3e6fd5eba769d42db1ed36222a48af333a30a670254b30b164b74,620f300cbec1f56da4691882bc7dbe52593dc597fc62f6ae925c0f6ac72f1c6b,True,FORBIDDEN,0901433cbfe906073eae45118a1466e03afab04a766a3061a988ffe089ba4e01,9548a24a4faf5db17b5251df407b4402de033ae8648ec321c850fe6105002cf1,8128818d8ea8f5c3517d04da28955f010269df61e756429957a0a032386f6c51
17,endpoint,target-b,fixture-bank-15,fixture-base-15,e23949edbfe2dbe6dc73b97687bd3eed5fbc5d7bd72ecd8b2badea6dfbfe472e,234b78d61b49dc10d04ca8d24378f3b96eae7ef419b9bbe2bb61b3933c753b5d,2,0,target-b:fixture-bank-15:p0004,-0.38188236951828003,-0.15172594785690308,0.3145226538181305,0.6554281115531921,-1.5791658163070679,-2.3289473684210527,-0.32894736842105265,1.9551136902643358,False,0.23393574297188752,low,csi-pairs-v6-software-fixture,ded1ec639ff3e6fd5eba769d42db1ed36222a48af333a30a670254b30b164b74,620f300cbec1f56da4691882bc7dbe52593dc597fc62f6ae925c0f6ac72f1c6b,True,FORBIDDEN,0901433cbfe906073eae45118a1466e03afab04a766a3061a988ffe089ba4e01,9548a24a4faf5db17b5251df407b4402de033ae8648ec321c850fe6105002cf1,8128818d8ea8f5c3517d04da28955f010269df61e756429957a0a032386f6c51
17,endpoint,target-b,fixture-bank-15,fixture-base-15,e23949edbfe2dbe6dc73b97687bd3eed5fbc5d7bd72ecd8b2badea6dfbfe472e,234b78d61b49dc10d04ca8d24378f3b96eae7ef419b9bbe2bb61b3933c753b5d,2,0,target-b:fixture-bank-15:p0005,-0.39788416028022766,-0.1439024657011032,0.31783339381217957,0.6594350337982178,-1.562599778175354,1.671052631578947,-2.3289473684210527,3.0091395241183094,True,0.23393574297188752,low,csi-pairs-v6-software-fixture,ded1ec639ff3e6fd5eba769d42db1ed36222a48af333a30a670254b30b164b74,620f300cbec1f56da4691882bc7dbe52593dc597fc62f6ae925c0f6ac72f1c6b,True,FORBIDDEN,0901433cbfe906073eae45118a1466e03afab04a766a3061a988ffe089ba4e01,9548a24a4faf5db17b5251df407b4402de033ae8648ec321c850fe6105002cf1,8128818d8ea8f5c3517d04da28955f010269df61e756429957a0a032386f6c51
17,endpoint,target-b,fixture-bank-15,fixture-base-15,e23949edbfe2dbe6dc73b97687bd3eed5fbc5d7bd72ecd8b2badea6dfbfe472e,234b78d61b49dc10d04ca8d24378f3b96eae7ef419b9bbe2bb61b3933c753b5d,2,0,target-b:fixture-bank-15:p0006,-0.4208504259586334,-0.14115342497825623,0.31576210260391235,0.651726245880127,-1.5808968544006348,-0.32894736842105265,1.671052631578947,1.8145349165577842,False,0.23393574297188752,low,csi-pairs-v6-software-fixture,ded1ec639ff3e6fd5eba769d42db1ed36222a48af333a30a670254b30b164b74,620f300cbec1f56da4691882bc7dbe52593dc597fc62f6ae925c0f6ac72f1c6b,True,FORBIDDEN,0901433cbfe906073eae45118a1466e03afab04a766a3061a988ffe089ba4e01,9548a24a4faf5db17b5251df407b4402de033ae8648ec321c850fe6105002cf1,8128818d8ea8f5c3517d04da28955f010269df61e756429957a0a032386f6c51
17,endpoint,target-b,fixture-bank-15,fixture-base-15,e23949edbfe2dbe6dc73b97687bd3eed5fbc5d7bd72ecd8b2badea6dfbfe472e,234b78d61b49dc10d04ca8d24378f3b96eae7ef419b9bbe2bb61b3933c753b5d,2,0,target-b:fixture-bank-15:p0007,-0.42658546566963196,-0.1384398490190506,0.3178827166557312,0.6513909697532654,-1.5747179985046387,2.671052631578947,-0.32894736842105265,3.103490759850027,True,0.23393574297188752,low,csi-pairs-v6-software-fixture,ded1ec639ff3e6fd5eba769d42db1ed36222a48af333a30a670254b30b164b74,620f300cbec1f56da4691882bc7dbe52593dc597fc62f6ae925c0f6ac72f1c6b,True,FORBIDDEN,0901433cbfe906073eae45118a1466e03afab04a766a3061a988ffe089ba4e01,9548a24a4faf5db17b5251df407b4402de033ae8648ec321c850fe6105002cf1,8128818d8ea8f5c3517d04da28955f010269df61e756429957a0a032386f6c51
17,endpoint,target-b,fixture-bank-17,fixture-base-17,86a59d2849e34c3a9889d58bb3b67b946ca9eb639083798f219989137e7f4536,b8fec4fd063826ac29c6cc8d291ad3a1a89347817c28241565eb44269fa8c24d,2,0,target-b:fixture-bank-17:p0004,-0.3583424389362335,-0.15094076097011566,0.3166443407535553,0.6631259322166443,-1.5607664585113525,-2.276315789473684,-0.27631578947368407,1.9220667707299153,False,0.24519700423314877,low,csi-pairs-v6-software-fixture,ded1ec639ff3e6fd5eba769d42db1ed36222a48af333a30a670254b30b164b74,620f300cbec1f56da4691882bc7dbe52593dc597fc62f6ae925c0f6ac72f1c6b,True,FORBIDDEN,0901433cbfe906073eae45118a1466e03afab04a766a3061a988ffe089ba4e01,9548a24a4faf5db17b5251df407b4402de033ae8648ec321c850fe6105002cf1,8128818d8ea8f5c3517d04da28955f010269df61e756429957a0a032386f6c51
17,endpoint,target-b,fixture-bank-17,fixture-base-17,86a59d2849e34c3a9889d58bb3b67b946ca9eb639083798f219989137e7f4536,b8fec4fd063826ac29c6cc8d291ad3a1a89347817c28241565eb44269fa8c24d,2,0,target-b:fixture-bank-17:p0005,-0.4124590754508972,-0.14161956310272217,0.3162715435028076,0.6507024765014648,-1.5808569192886353,1.723684210526316,-2.276315789473684,3.019939753887145,True,0.24519700423314877,low,csi-pairs-v6-software-fixture,ded1ec639ff3e6fd5eba769d42db1ed36222a48af333a30a670254b30b164b74,620f300cbec1f56da4691882bc7dbe52593dc597fc62f6ae925c0f6ac72f1c6b,True,FORBIDDEN,0901433cbfe906073eae45118a1466e03afab04a766a3061a988ffe089ba4e01,9548a24a4faf5db17b5251df407b4402de033ae8648ec321c850fe6105002cf1,8128818d8ea8f5c3517d04da28955f010269df61e756429957a0a032386f6c51
17,endpoint,target-b,fixture-bank-17,fixture-base-17,86a59d2849e34c3a9889d58bb3b67b946ca9eb639083798f219989137e7f4536,b8fec4fd063826ac29c6cc8d291ad3a1a89347817c28241565eb44269fa8c24d,2,0,target-b:fixture-bank-17:p0006,-0.39696091413497925,-0.1425037682056427,0.31767594814300537,0.6619603633880615,-1.5592730045318604,1.723684210526316,-0.27631578947368407,2.124862678336075,True,0.24519700423314877,low,csi-pairs-v6-software-fixture,ded1ec639ff3e6fd5eba769d42db1ed36222a48af333a30a670254b30b164b74,620f300cbec1f56da4691882bc7dbe52593dc597fc62f6ae925c0f6ac72f1c6b,True,FORBIDDEN,0901433cbfe906073eae45118a1466e03afab04a766a3061a988ffe089ba4e01,9548a24a4faf5db17b5251df407b4402de033ae8648ec321c850fe6105002cf1,8128818d8ea8f5c3517d04da28955f010269df61e756429957a0a032386f6c51
17,endpoint,target-b,fixture-bank-17,fixture-base-17,86a59d2849e34c3a9889d58bb3b67b946ca9eb639083798f219989137e7f4536,b8fec4fd063826ac29c6cc8d291ad3a1a89347817c28241565eb44269fa8c24d,2,0,target-b:fixture-bank-17:p0007,-0.40005284547805786,-0.1403122991323471,0.3190418779850006,0.6600688695907593,-1.5578440427780151,-1.276315789473684,2.723684210526316,2.9950480387394265,True,0.24519700423314877,low,csi-pairs-v6-software-fixture,ded1ec639ff3e6fd5eba769d42db1ed36222a48af333a30a670254b30b164b74,620f300cbec1f56da4691882bc7dbe52593dc597fc62f6ae925c0f6ac72f1c6b,True,FORBIDDEN,0901433cbfe906073eae45118a1466e03afab04a766a3061a988ffe089ba4e01,9548a24a4faf5db17b5251df407b4402de033ae8648ec321c850fe6105002cf1,8128818d8ea8f5c3517d04da28955f010269df61e756429957a0a032386f6c51
17,endpoint,target-b,fixture-bank-15,fixture-base-15,e23949edbfe2dbe6dc73b97687bd3eed5fbc5d7bd72ecd8b2badea6dfbfe472e,234b78d61b49dc10d04ca8d24378f3b96eae7ef419b9bbe2bb61b3933c753b5d,4,0,target-b:fixture-bank-15:p0004,-0.3807949423789978,-0.15122422575950623,0.3137414753437042,0.6557609438896179,-1.5811450481414795,-2.3289473684210527,-0.32894736842105265,1.9562421605034077,False,0.23393574297188752,low,csi-pairs-v6-software-fixture,ded1ec639ff3e6fd5eba769d42db1ed36222a48af333a30a670254b30b164b74,620f300cbec1f56da4691882bc7dbe52593dc597fc62f6ae925c0f6ac72f1c6b,True,FORBIDDEN,0901433cbfe906073eae45118a1466e03afab04a766a3061a988ffe089ba4e01,9548a24a4faf5db17b5251df407b4402de033ae8648ec321c850fe6105002cf1,8128818d8ea8f5c3517d04da28955f010269df61e756429957a0a032386f6c51
17,endpoint,target-b,fixture-bank-15,fixture-base-15,e23949edbfe2dbe6dc73b97687bd3eed5fbc5d7bd72ecd8b2badea6dfbfe472e,234b78d61b49dc10d04ca8d24378f3b96eae7ef419b9bbe2bb61b3933c753b5d,4,0,target-b:fixture-bank-15:p0005,-0.3969952464103699,-0.1435798853635788,0.3172297477722168,0.6596764326095581,-1.5641348361968994,1.671052631578947,-2.3289473684210527,3.008762712754377,True,0.23393574297188752,low,csi-pairs-v6-software-fixture,ded1ec639ff3e6fd5eba769d42db1ed36222a48af333a30a670254b30b164b74,620f300cbec1f56da4691882bc7dbe52593dc597fc62f6ae925c0f6ac72f1c6b,True,FORBIDDEN,0901433cbfe906073eae45118a1466e03afab04a766a3061a988ffe089ba4e01,9548a24a4faf5db17b5251df407b4402de033ae8648ec321c850fe6105002cf1,8128818d8ea8f5c3517d04da28955f010269df61e756429957a0a032386f6c51
17,endpoint,target-b,fixture-bank-15,fixture-base-15,e23949edbfe2dbe6dc73b97687bd3eed5fbc5d7bd72ecd8b2badea6dfbfe472e,234b78d61b49dc10d04ca8d24378f3b96eae7ef419b9bbe2bb61b3933c753b5d,4,0,target-b:fixture-bank-15:p0006,-0.42269355058670044,-0.14097224175930023,0.31575533747673035,0.6537967920303345,-1.5777462720870972,-0.32894736842105265,1.671052631578947,1.8144482600138052,False,0.23393574297188752,low,csi-pairs-v6-software-fixture,ded1ec639ff3e6fd5eba769d42db1ed36222a48af333a30a670254b30b164b74,620f300cbec1f56da4691882bc7dbe52593dc597fc62f6ae925c0f6ac72f1c6b,True,FORBIDDEN,0901433cbfe906073eae45118a1466e03afab04a766a3061a988ffe089ba4e01,9548a24a4faf5db17b5251df407b4402de033ae8648ec321c850fe6105002cf1,8128818d8ea8f5c3517d04da28955f010269df61e756429957a0a032386f6c51
17,endpoint,target-b,fixture-bank-15,fixture-base-15,e23949edbfe2dbe6dc73b97687bd3eed5fbc5d7bd72ecd8b2badea6dfbfe472e,234b78d61b49dc10d04ca8d24378f3b96eae7ef419b9bbe2bb61b3933c753b5d,4,0,target-b:fixture-bank-15:p0007,-0.42815572023391724,-0.13837435841560364,0.3177632987499237,0.6533198356628418,-1.5721369981765747,2.671052631578947,-0.32894736842105265,3.10506207346796,True,0.23393574297188752,low,csi-pairs-v6-software-fixture,ded1ec639ff3e6fd5eba769d42db1ed36222a48af333a30a670254b30b164b74,620f300cbec1f56da4691882bc7dbe52593dc597fc62f6ae925c0f6ac72f1c6b,True,FORBIDDEN,0901433cbfe906073eae45118a1466e03afab04a766a3061a988ffe089ba4e01,9548a24a4faf5db17b5251df407b4402de033ae8648ec321c850fe6105002cf1,8128818d8ea8f5c3517d04da28955f010269df61e756429957a0a032386f6c51
17,endpoint,target-b,fixture-bank-17,fixture-base-17,86a59d2849e34c3a9889d58bb3b67b946ca9eb639083798f219989137e7f4536,b8fec4fd063826ac29c6cc8d291ad3a1a89347817c28241565eb44269fa8c24d,4,0,target-b:fixture-bank-17:p0004,-0.3551822900772095,-0.14987830817699432,0.3156459629535675,0.6619301438331604,-1.5657293796539307,-2.276315789473684,-0.27631578947368407,1.925289681886857,False,0.24519700423314877,low,csi-pairs-v6-software-fixture,ded1ec639ff3e6fd5eba769d42db1ed36222a48af333a30a670254b30b164b74,620f300cbec1f56da4691882bc7dbe52593dc597fc62f6ae925c0f6ac72f1c6b,True,FORBIDDEN,0901433cbfe906073eae45118a1466e03afab04a766a3061a988ffe089ba4e01,9548a24a4faf5db17b5251df407b4402de033ae8648ec321c850fe6105002cf1,8128818d8ea8f5c3517d04da28955f010269df61e756429957a0a032386f6c51
17,endpoint,target-b,fixture-bank-17,fixture-base-17,86a59d2849e34c3a9889d58bb3b67b946ca9eb639083798f219989137e7f4536,b8fec4fd063826ac29c6cc8d291ad3a1a89347817c28241565eb44269fa8c24d,4,0,target-b:fixture-bank-17:p0005,-0.4133051335811615,-0.14141415059566498,0.31601712107658386,0.6521458029747009,-1.5794460773468018,1.723684210526316,-2.276315789473684,3.0206834432811656,True,0.24519700423314877,low,csi-pairs-v6-software-fixture,ded1ec639ff3e6fd5eba769d42db1ed36222a48af333a30a670254b30b164b74,620f300cbec1f56da4691882bc7dbe52593dc597fc62f6ae925c0f6ac72f1c6b,True,FORBIDDEN,0901433cbfe906073eae45118a1466e03afab04a766a3061a988ffe089ba4e01,9548a24a4faf5db17b5251df407b4402de033ae8648ec321c850fe6105002cf1,8128818d8ea8f5c3517d04da28955f010269df61e756429957a0a032386f6c51
17,endpoint,target-b,fixture-bank-17,fixture-base-17,86a59d2849e34c3a9889d58bb3b67b946ca9eb639083798f219989137e7f4536,b8fec4fd063826ac29c6cc8d291ad3a1a89347817c28241565eb44269fa8c24d,4,0,target-b:fixture-bank-17:p0006,-0.39621466398239136,-0.14211948215961456,0.31725433468818665,0.6620944142341614,-1.5603985786437988,1.723684210526316,-0.27631578947368407,2.124142153209153,True,0.24519700423314877,low,csi-pairs-v6-software-fixture,ded1ec639ff3e6fd5eba769d42db1ed36222a48af333a30a670254b30b164b74,620f300cbec1f56da4691882bc7dbe52593dc597fc62f6ae925c0f6ac72f1c6b,True,FORBIDDEN,0901433cbfe906073eae45118a1466e03afab04a766a3061a988ffe089ba4e01,9548a24a4faf5db17b5251df407b4402de033ae8648ec321c850fe6105002cf1,8128818d8ea8f5c3517d04da28955f010269df61e756429957a0a032386f6c51
17,endpoint,target-b,fixture-bank-17,fixture-base-17,86a59d2849e34c3a9889d58bb3b67b946ca9eb639083798f219989137e7f4536,b8fec4fd063826ac29c6cc8d291ad3a1a89347817c28241565eb44269fa8c24d,4,0,target-b:fixture-bank-17:p0007,-0.399044394493103,-0.13997431099414825,0.3185005486011505,0.6601331830024719,-1.5594446659088135,-1.276315789473684,2.723684210526316,2.995020071439914,True,0.24519700423314877,low,csi-pairs-v6-software-fixture,ded1ec639ff3e6fd5eba769d42db1ed36222a48af333a30a670254b30b164b74,620f300cbec1f56da4691882bc7dbe52593dc597fc62f6ae925c0f6ac72f1c6b,True,FORBIDDEN,0901433cbfe906073eae45118a1466e03afab04a766a3061a988ffe089ba4e01,9548a24a4faf5db17b5251df407b4402de033ae8648ec321c850fe6105002cf1,8128818d8ea8f5c3517d04da28955f010269df61e756429957a0a032386f6c51
17,endpoint,target-b,fixture-bank-15,fixture-base-15,e23949edbfe2dbe6dc73b97687bd3eed5fbc5d7bd72ecd8b2badea6dfbfe472e,234b78d61b49dc10d04ca8d24378f3b96eae7ef419b9bbe2bb61b3933c753b5d,2,1,target-b:fixture-bank-15:p0004,-0.3834187984466553,-0.14217108488082886,0.31484130024909973,0.6608993411064148,-1.5698403120040894,-2.3289473684210527,-0.32894736842105265,1.95447353440248,False,0.23393574297188752,low,csi-pairs-v6-software-fixture,ded1ec639ff3e6fd5eba769d42db1ed36222a48af333a30a670254b30b164b74,620f300cbec1f56da4691882bc7dbe52593dc597fc62f6ae925c0f6ac72f1c6b,True,FORBIDDEN,0901433cbfe906073eae45118a1466e03afab04a766a3061a988ffe089ba4e01,9548a24a4faf5db17b5251df407b4402de033ae8648ec321c850fe6105002cf1,8128818d8ea8f5c3517d04da28955f010269df61e756429957a0a032386f6c51
17,endpoint,target-b,fixture-bank-15,fixture-base-15,e23949edbfe2dbe6dc73b97687bd3eed5fbc5d7bd72ecd8b2badea6dfbfe472e,234b78d61b49dc10d04ca8d24378f3b96eae7ef419b9bbe2bb61b3933c753b5d,2,1,target-b:fixture-bank-15:p0005,-0.3975891172885895,-0.13669198751449585,0.3180036246776581,0.6635012030601501,-1.5559170246124268,1.671052631578947,-2.3289473684210527,3.0141768926643127,True,0.23393574297188752,low,csi-pairs-v6-software-fixture,ded1ec639ff3e6fd5eba769d42db1ed36222a48af333a30a670254b30b164b74,620f300cbec1f56da4691882bc7dbe52593dc597fc62f6ae925c0f6ac72f1c6b,True,FORBIDDEN,0901433cbfe906073eae45118a1466e03afab04a766a3061a988ffe089ba4e01,9548a24a4faf5db17b5251df407b4402de033ae8648ec321c850fe6105002cf1,8128818d8ea8f5c3517d04da28955f010269df61e756429957a0a032386f6c51
17,endpoint,target-b,fixture-bank-15,fixture-base-15,e23949edbfe2dbe6dc73b97687bd3eed5fbc5d7bd72ecd8b2badea6dfbfe472e,234b78d61b49dc10d04ca8d24378f3b96eae7ef419b9bbe2bb61b3933c753b5d,2,1,target-b:fixture-bank-15:p0006,-0.4248173236846924,-0.13353073596954346,0.31686848402023315,0.657795250415802,-1.5681300163269043,-0.32894736842105265,1.671052631578947,1.8071281578114216,False,0.23393574297188752,low,csi-pairs-v6-software-fixture,ded1ec639ff3e6fd5eba769d42db1ed36222a48af333a30a670254b30b164b74,620f300cbec1f56da4691882bc7dbe52593dc597fc62f6ae925c0f6ac72f1c6b,True,FORBIDDEN,0901433cbfe906073eae45118a1466e03afab04a766a3061a988ffe089ba4e01,9548a24a4faf5db17b5251df407b4402de033ae8648ec321c850fe6105002cf1,8128818d8ea8f5c3517d04da28955f010269df61e756429957a0a032386f6c51
17,endpoint,target-b,fixture-bank-15,fixture-base-15,e23949edbfe2dbe6dc73b97687bd3eed5fbc5d7bd72ecd8b2badea6dfbfe472e,234b78d61b49dc10d04ca8d24378f3b96eae7ef419b9bbe2bb61b3933c753b5d,2,1,target-b:fixture-bank-15:p0007,-0.43001508712768555,-0.13086402416229248,0.31895166635513306,0.6575661301612854,-1.5619256496429443,2.671052631578947,-0.32894736842105265,3.1073876499846445,True,0.23393574297188752,low,csi-pairs-v6-software-fixture,ded1ec639ff3e6fd5eba769d42db1ed36222a48af333a30a670254b30b164b74,620f300cbec1f56da4691882bc7dbe52593dc597fc62f6ae925c0f6ac72f1c6b,True,FORBIDDEN,0901433cbfe906073eae45118a1466e03afab04a766a3061a988ffe089ba4e01,9548a24a4faf5db17b5251df407b4402de033ae8648ec321c850fe6105002cf1,8128818d8ea8f5c3517d04da28955f010269df61e756429957a0a032386f6c51
17,endpoint,target-b,fixture-bank-17,fixture-base-17,86a59d2849e34c3a9889d58bb3b67b946ca9eb639083798f219989137e7f4536,b8fec4fd063826ac29c6cc8d291ad3a1a89347817c28241565eb44269fa8c24d,2,1,target-b:fixture-bank-17:p0004,-0.3558120131492615,-0.14274010062217712,0.31627845764160156,0.6657198667526245,-1.5580185651779175,-2.276315789473684,-0.27631578947368407,1.9251434283004791,False,0.24519700423314877,low,csi-pairs-v6-software-fixture,ded1ec639ff3e6fd5eba769d42db1ed36222a48af333a30a670254b30b164b74,620f300cbec1f56da4691882bc7dbe52593dc597fc62f6ae925c0f6ac72f1c6b,True,FORBIDDEN,0901433cbfe906073eae45118a1466e03afab04a766a3061a988ffe089ba4e01,9548a24a4faf5db17b5251df407b4402de033ae8648ec321c850fe6105002cf1,8128818d8ea8f5c3517d04da28955f010269df61e756429957a0a032386f6c51
17,endpoint,target-b,fixture-bank-17,fixture-base-17,86a59d2849e34c3a9889d58bb3b67b946ca9eb639083798f219989137e7f4536,b8fec4fd063826ac29c6cc8d291ad3a1a89347817c28241565eb44269fa8c24d,2,1,target-b:fixture-bank-17:p0005,-0.41509151458740234,-0.1338062733411789,0.3171024024486542,0.6562799215316772,-1.5696983337402344,1.723684210526316,-2.276315789473684,3.0273269775585945,True,0.24519700423314877,low,csi-pairs-v6-software-fixture,ded1ec639ff3e6fd5eba769d42db1ed36222a48af333a30a670254b30b164b74,620f300cbec1f56da4691882bc7dbe52593dc597fc62f6ae925c0f6ac72f1c6b,True,FORBIDDEN,0901433cbfe906073eae45118a1466e03afab04a766a3061a988ffe089ba4e01,9548a24a4faf5db17b5251df407b4402de033ae8648ec321c850fe6105002cf1,8128818d8ea8f5c3517d04da28955f010269df61e756429957a0a032386f6c51
17,endpoint,target-b,fixture-bank-17,fixture-base-17,86a59d2849e34c3a9889d58bb3b67b946ca9eb639083798f219989137e7f4536,b8fec4fd063826ac29c6cc8d291ad3a1a89347817c28241565eb44269fa8c24d,2,1,target-b:fixture-bank-17:p0006,-0.39579930901527405,-0.13652624189853668,0.3176966905593872,0.6648069620132446,-1.5549167394638062,1.723684210526316,-0.27631578947368407,2.1240883943987994,True,0.24519700423314877,low,csi-pairs-v6-software-fixture,ded1ec639ff3e6fd5eba769d42db1ed36222a48af333a30a670254b30b164b74,620f300cbec1f56da4691882bc7dbe52593dc597fc62f6ae925c0f6ac72f1c6b,True,FORBIDDEN,0901433cbfe906073eae45118a1466e03afab04a766a3061a988ffe089ba4e01,9548a24a4faf5db17b5251df407b4402de033ae8648ec321c850fe6105002cf1,8128818d8ea8f5c3517d04da28955f010269df61e756429957a0a032386f6c51
17,endpoint,target-b,fixture-bank-17,fixture-base-17,86a59d2849e34c3a9889d58bb3b67b946ca9eb639083798f219989137e7f4536,b8fec4fd063826ac29c6cc8d291ad3a1a89347817c28241565eb44269fa8c24d,2,1,target-b:fixture-bank-17:p0007,-0.39893537759780884,-0.13392440974712372,0.3191241919994354,0.6633661985397339,-1.552603006362915,-1.276315789473684,2.723684210526316,2.989268039805824,True,0.24519700423314877,low,csi-pairs-v6-software-fixture,ded1ec639ff3e6fd5eba769d42db1ed36222a48af333a30a670254b30b164b74,620f300cbec1f56da4691882bc7dbe52593dc597fc62f6ae925c0f6ac72f1c6b,True,FORBIDDEN,0901433cbfe906073eae45118a1466e03afab04a766a3061a988ffe089ba4e01,9548a24a4faf5db17b5251df407b4402de033ae8648ec321c850fe6105002cf1,8128818d8ea8f5c3517d04da28955f010269df61e756429957a0a032386f6c51
17,endpoint,target-b,fixture-bank-15,fixture-base-15,e23949edbfe2dbe6dc73b97687bd3eed5fbc5d7bd72ecd8b2badea6dfbfe472e,234b78d61b49dc10d04ca8d24378f3b96eae7ef419b9bbe2bb61b3933c753b5d,4,1,target-b:fixture-bank-15:p0004,-0.395477831363678,-0.14965902268886566,0.3183788061141968,0.6616180539131165,-1.5575802326202393,-2.3289473684210527,-0.32894736842105265,1.9417643424587452,False,0.23393574297188752,low,csi-pairs-v6-software-fixture,ded1ec639ff3e6fd5eba769d42db1ed36222a48af333a30a670254b30b164b74,620f300cbec1f56da4691882bc7dbe52593dc597fc62f6ae925c0f6ac72f1c6b,True,FORBIDDEN,0901433cbfe906073eae45118a1466e03afab04a766a3061a988ffe089ba4e01,9548a24a4faf5db17b5251df407b4402de033ae8648ec321c850fe6105002cf1,8128818d8ea8f5c3517d04da28955f010269df61e756429957a0a032386f6c51
17,endpoint,target-b,fixture-bank-15,fixture-base-15,e23949edbfe2dbe6dc73b97687bd3eed5fbc5d7bd72ecd8b2badea6dfbfe472e,234b78d61b49dc10d04ca8d24378f3b96eae7ef419b9bbe2bb61b3933c753b5d,4,1,target-b:fixture-bank-15:p0005,-0.4059308171272278,-0.14163729548454285,0.32051515579223633,0.6636615991592407,-1.5478086471557617,1.671052631578947,-2.3289473684210527,3.0163198771630495,True,0.23393574297188752,low,csi-pairs-v6-software-fixture,ded1ec639ff3e6fd5eba769d42db1ed36222a48af333a30a670254b30b164b74,620f300cbec1f56da4691882bc7dbe52593dc597fc62f6ae925c0f6ac72f1c6b,True,FORBIDDEN,0901433cbfe906073eae45118a1466e03afab04a766a3061a988ffe089ba4e01,9548a24a4faf5db17b5251df407b4402de033ae8648ec321c850fe6105002cf1,8128818d8ea8f5c3517d04da28955f010269df61e756429957a0a032386f6c51
17,endpoint,target-b,fixture-bank-15,fixture-base-15,e23949edbfe2dbe6dc73b97687bd3eed5fbc5d7bd72ecd8b2badea6dfbfe472e,234b78d61b49dc10d04ca8d24378f3b96eae7ef419b9bbe2bb61b3933c753b5d,4,1,target-b:fixture-bank-15:p0006,-0.4304749667644501,-0.13830582797527313,0.318665474653244,0.6576886177062988,-1.5626370906829834,-0.32894736842105265,1.671052631578947,1.8122047037754312,False,0.23393574297188752,low,csi-pairs-v6-software-fixture,ded1ec639ff3e6fd5eba769d42db1ed36222a48af333a30a670254b30b164b74,620f300cbec1f56da4691882bc7dbe52593dc597fc62f6ae925c0f6ac72f1c6b,True,FORBIDDEN,0901433cbfe906073eae45118a1466e03afab04a766a3061a988ffe089ba4e01,9548a24a4faf5db17b5251df407b4402de033ae8648ec321c850fe6105002cf1,8128818d8ea8f5c3517d04da28955f010269df61e756429957a0a032386f6c51
17,endpoint,target-b,fixture-bank-15,fixture-base-15,e23949edbfe2dbe6dc73b97687bd3eed5fbc5d7bd72ecd8b2badea6dfbfe472e,234b78d61b49dc10d04ca8d24378f3b96eae7ef419b9bbe2bb61b3933c753b5d,4,1,target-b:fixture-bank-15:p0007,-0.43607282638549805,-0.13558383285999298,0.3208499252796173,0.6575065851211548,-1.5560822486877441,2.671052631578947,-0.32894736842105265,3.113136371638004,True,0.23393574297188752,low,csi-pairs-v6-software-fixture,ded1ec639ff3e6fd5eba769d42db1ed36222a48af333a30a670254b30b164b74,620f300cbec1f56da4691882bc7dbe52593dc597fc62f6ae925c0f6ac72f1c6b,True,FORBIDDEN,0901433cbfe906073eae45118a1466e03afab04a766a3061a988ffe089ba4e01,9548a24a4faf5db17b5251df407b4402de033ae8648ec321c850fe6105002cf1,8128818d8ea8f5c3517d04da28955f010269df61e756429957a0a032386f6c51
17,endpoint,target-b,fixture-bank-17,fixture-base-17,86a59d2849e34c3a9889d58bb3b67b946ca9eb639083798f219989137e7f4536,b8fec4fd063826ac29c6cc8d291ad3a1a89347817c28241565eb44269fa8c24d,4,1,target-b:fixture-bank-17:p0004,-0.3677401840686798,-0.14917773008346558,0.3195838928222656,0.6661751866340637,-1.546938180923462,-2.276315789473684,-0.27631578947368407,1.912805512249635,False,0.24519700423314877,low,csi-pairs-v6-software-fixture,ded1ec639ff3e6fd5eba769d42db1ed36222a48af333a30a670254b30b164b74,620f300cbec1f56da4691882bc7dbe52593dc597fc62f6ae925c0f6ac72f1c6b,True,FORBIDDEN,0901433cbfe906073eae45118a1466e03afab04a766a3061a988ffe089ba4e01,9548a24a4faf5db17b5251df407b4402de033ae8648ec321c850fe6105002cf1,8128818d8ea8f5c3517d04da28955f010269df61e756429957a0a032386f6c51
17,endpoint,target-b,fixture-bank-17,fixture-base-17,86a59d2849e34c3a9889d58bb3b67b946ca9eb639083798f219989137e7f4536,b8fec4fd063826ac29c6cc8d291ad3a1a89347817c28241565eb44269fa8c24d,4,1,target-b:fixture-bank-17:p0005,-0.4220063090324402,-0.13877218961715698,0.3192136883735657,0.6563175916671753,-1.5630050897598267,1.723684210526316,-2.276315789473684,3.028709369849132,True,0.24519700423314877,low,csi-pairs-v6-software-fixture,ded1ec639ff3e6fd5eba769d42db1ed36222a48af333a30a670254b30b164b74,620f300cbec1f56da4691882bc7dbe52593dc597fc62f6ae925c0f6ac72f1c6b,True,FORBIDDEN,0901433cbfe906073eae45118a1466e03afab04a766a3061a988ffe089ba4e01,9548a24a4faf5db17b5251df407b4402de033ae8648ec321c850fe6105002cf1,8128818d8ea8f5c3517d04da28955f010269df61e756429957a0a032386f6c51
17,endpoint,target-b,fixture-bank-17,fixture-base-17,86a59d2849e34c3a9889d58bb3b67b946ca9eb639083798f219989137e7f4536,b8fec4fd063826ac29c6cc8d291ad3a1a89347817c28241565eb44269fa8c24d,4,1,target-b:fixture-bank-17:p0006,-0.40171974897384644,-0.1402689814567566,0.31955665349960327,0.6644881367683411,-1.5495589971542358,1.723684210526316,-0.27631578947368407,2.129753677078775,True,0.24519700423314877,low,csi-pairs-v6-software-fixture,ded1ec639ff3e6fd5eba769d42db1ed36222a48af333a30a670254b30b164b74,620f300cbec1f56da4691882bc7dbe52593dc597fc62f6ae925c0f6ac72f1c6b,True,FORBIDDEN,0901433cbfe906073eae45118a1466e03afab04a766a3061a988ffe089ba4e01,9548a24a4faf5db17b5251df407b4402de033ae8648ec321c850fe6105002cf1,8128818d8ea8f5c3517d04da28955f010269df61e756429957a0a032386f6c51
17,endpoint,target-b,fixture-bank-17,fixture-base-17,86a59d2849e34c3a9889d58bb3b67b946ca9eb639083798f219989137e7f4536,b8fec4fd063826ac29c6cc8d291ad3a1a89347817c28241565eb44269fa8c24d,4,1,target-b:fixture-bank-17:p0007,-0.4057628810405731,-0.1380176693201065,0.3212250769138336,0.6631898880004883,-1.54630708694458,-1.276315789473684,2.723684210526316,2.9911870579249795,True,0.24519700423314877,low,csi-pairs-v6-software-fixture,ded1ec639ff3e6fd5eba769d42db1ed36222a48af333a30a670254b30b164b74,620f300cbec1f56da4691882bc7dbe52593dc597fc62f6ae925c0f6ac72f1c6b,True,FORBIDDEN,0901433cbfe906073eae45118a1466e03afab04a766a3061a988ffe089ba4e01,9548a24a4faf5db17b5251df407b4402de033ae8648ec321c850fe6105002cf1,8128818d8ea8f5c3517d04da28955f010269df61e756429957a0a032386f6c51
17,alignment,target-a,fixture-bank-14,fixture-base-14,86a59d2849e34c3a9889d58bb3b67b946ca9eb639083798f219989137e7f4536,d3ac0ba45cb8ca4a3062283c82745f423da87b60b62b7768857a4ffa9f3e71be,0,0,target-a:fixture-bank-14:p0004,-0.37039923667907715,-0.1305404156446457,0.3119974136352539,0.647886335849762,-1.5988004207611084,0.6447368421052628,-1.3552631578947367,1.5907378960200291,False,0.25,low,csi-pairs-v6-software-fixture,ded1ec639ff3e6fd5eba769d42db1ed36222a48af333a30a670254b30b164b74,620f300cbec1f56da4691882bc7dbe52593dc597fc62f6ae925c0f6ac72f1c6b,True,FORBIDDEN,0901433cbfe906073eae45118a1466e03afab04a766a3061a988ffe089ba4e01,9548a24a4faf5db17b5251df407b4402de033ae8648ec321c850fe6105002cf1,8128818d8ea8f5c3517d04da28955f010269df61e756429957a0a032386f6c51
17,alignment,target-a,fixture-bank-14,fixture-base-14,86a59d2849e34c3a9889d58bb3b67b946ca9eb639083798f219989137e7f4536,d3ac0ba45cb8ca4a3062283c82745f423da87b60b62b7768857a4ffa9f3e71be,0,0,target-a:fixture-bank-14:p0005,-0.3665042221546173,-0.1321832239627838,0.3118532598018646,0.6486765742301941,-1.5980435609817505,-1.3552631578947367,0.6447368421052628,1.2574772451480432,False,0.25,low,csi-pairs-v6-software-fixture,ded1ec639ff3e6fd5eba769d42db1ed36222a48af333a30a670254b30b164b74,620f300cbec1f56da4691882bc7dbe52593dc597fc62f6ae925c0f6ac72f1c6b,True,FORBIDDEN,0901433cbfe906073eae45118a1466e03afab04a766a3061a988ffe089ba4e01,9548a24a4faf5db17b5251df407b4402de033ae8648ec321c850fe6105002cf1,8128818d8ea8f5c3517d04da28955f010269df61e756429957a0a032386f6c51
17,alignment,target-a,fixture-bank-14,fixture-base-14,86a59d2849e34c3a9889d58bb3b67b946ca9eb639083798f219989137e7f4536,d3ac0ba45cb8ca4a3062283c82745f423da87b60b62b7768857a4ffa9f3e71be,0,0,target-a:fixture-bank-14:p0006,-0.3720335364341736,-0.13296659290790558,0.31051331758499146,0.6430642008781433,-1.611039161682129,1.6447368421052628,-0.3552631578947367,2.028984603825038,True,0.25,low,csi-pairs-v6-software-fixture,ded1ec639ff3e6fd5eba769d42db1ed36222a48af333a30a670254b30b164b74,620f300cbec1f56da4691882bc7dbe52593dc597fc62f6ae925c0f6ac72f1c6b,True,FORBIDDEN,0901433cbfe906073eae45118a1466e03afab04a766a3061a988ffe089ba4e01,9548a24a4faf5db17b5251df407b4402de033ae8648ec321c850fe6105002cf1,8128818d8ea8f5c3517d04da28955f010269df61e756429957a0a032386f6c51
17,alignment,target-a,fixture-bank-14,fixture-base-14,86a59d2849e34c3a9889d58bb3b67b946ca9eb639083798f219989137e7f4536,d3ac0ba45cb8ca4a3062283c82745f423da87b60b62b7768857a4ffa9f3e71be,0,0,target-a:fixture-bank-14:p0007,-0.37647998332977295,-0.13723821938037872,0.3090929687023163,0.6432256102561951,-1.615372896194458,-1.3552631578947367,2.644736842105263,2.9491357624801724,True,0.25,low,csi-pairs-v6-software-fixture,ded1ec639ff3e6fd5eba769d42db1ed36222a48af333a30a670254b30b164b74,620f300cbec1f56da4691882bc7dbe52593dc597fc62f6ae925c0f6ac72f1c6b,True,FORBIDDEN,0901433cbfe906073eae45118a1466e03afab04a766a3061a988ffe089ba4e01,9548a24a4faf5db17b5251df407b4402de033ae8648ec321c850fe6105002cf1,8128818d8ea8f5c3517d04da28955f010269df61e756429957a0a032386f6c51
17,alignment,target-a,fixture-bank-16,fixture-base-16,e23949edbfe2dbe6dc73b97687bd3eed5fbc5d7bd72ecd8b2badea6dfbfe472e,2b37638d300a790f3426572fa00b7bf61aa934746cb588d9fb5347ccf44b354c,0,0,target-a:fixture-bank-16:p0004,-0.35839030146598816,-0.13444387912750244,0.31059879064559937,0.648429274559021,-1.6024556159973145,0.6973684210526319,-1.3026315789473681,1.5745758102373404,False,0.26126126126126126,low,csi-pairs-v6-software-fixture,ded1ec639ff3e6fd5eba769d42db1ed36222a48af333a30a670254b30b164b74,620f300cbec1f56da4691882bc7dbe52593dc597fc62f6ae925c0f6ac72f1c6b,True,FORBIDDEN,0901433cbfe906073eae45118a1466e03afab04a766a3061a988ffe089ba4e01,9548a24a4faf5db17b5251df407b4402de033ae8648ec321c850fe6105002cf1,8128818d8ea8f5c3517d04da28955f010269df61e756429957a0a032386f6c51
17,alignment,target-a,fixture-bank-16,fixture-base-16,e23949edbfe2dbe6dc73b97687bd3eed5fbc5d7bd72ecd8b2badea6dfbfe472e,2b37638d300a790f3426572fa00b7bf61aa934746cb588d9fb5347ccf44b354c,0,0,target-a:fixture-bank-16:p0005,-0.38578200340270996,-0.12973704934120178,0.3123968541622162,0.6470314264297485,-1.5988413095474243,-1.3026315789473681,0.6973684210526319,1.2347941542345529,False,0.26126126126126126,low,csi-pairs-v6-software-fixture,ded1ec639ff3e6fd5eba769d42db1ed36222a48af333a30a670254b30b164b74,620f300cbec1f56da4691882bc7dbe52593dc597fc62f6ae925c0f6ac72f1c6b,True,FORBIDDEN,0901433cbfe906073eae45118a1466e03afab04a766a3061a988ffe089ba4e01,9548a24a4faf5db17b5251df407b4402de033ae8648ec321c850fe6105002cf1,8128818d8ea8f5c3517d04da28955f010269df61e756429957a0a032386f6c51
17,alignment,target-a,fixture-bank-16,fixture-base-16,e23949edbfe2dbe6dc73b97687bd3eed5fbc5d7bd72ecd8b2badea6dfbfe472e,2b37638d300a790f3426572fa00b7bf61aa934746cb588d9fb5347ccf44b354c,0,0,target-a:fixture-bank-16:p0006,-0.3750290870666504,-0.143313929438591,0.30629080533981323,0.6339123845100403,-1.6390647888183594,1.6973684210526319,-0.30263157894736814,2.078512339415865,True,0.26126126126126126,low,csi-pairs-v6-software-fixture,ded1ec639ff3e6fd5eba769d42db1ed36222a48af333a30a670254b30b164b74,620f300cbec1f56da4691882bc7dbe52593dc597fc62f6ae925c0f6ac72f1c6b,True,FORBIDDEN,0901433cbfe906073eae45118a1466e03afab04a766a3061a988ffe089ba4e01,9548a24a4faf5db17b5251df407b4402de033ae8648ec321c850fe6105002cf1,8128818d8ea8f5c3517d04da28955f010269df61e756429957a0a032386f6c51
17,alignment,target-a,fixture-bank-16,fixture-base-16,e23949edbfe2dbe6dc73b97687bd3eed5fbc5d7bd72ecd8b2badea6dfbfe472e,2b37638d300a790f3426572fa00b7bf61aa934746cb588d9fb5347ccf44b354c,0,0,target-a:fixture-bank-16:p0007,-0.3643714189529419,-0.13678579032421112,0.3100651502609253,0.6432695388793945,-1.6121642589569092,-0.30263157894736814,1.6973684210526319,1.835193035883507,False,0.26126126126126126,low,csi-pairs-v6-software-fixture,ded1ec639ff3e6fd5eba769d42db1ed36222a48af333a30a670254b30b164b74,620f300cbec1f56da4691882bc7dbe52593dc597fc62f6ae925c0f6ac72f1c6b,True,FORBIDDEN,0901433cbfe906073eae45118a1466e03afab04a766a3061a988ffe089ba4e01,9548a24a4faf5db17b5251df407b4402de033ae8648ec321c850fe6105002cf1,8128818d8ea8f5c3517d04da28955f010269df61e756429957a0a032386f6c51
17,alignment,target-a,fixture-bank-14,fixture-base-14,86a59d2849e34c3a9889d58bb3b67b946ca9eb639083798f219989137e7f4536,d3ac0ba45cb8ca4a3062283c82745f423da87b60b62b7768857a4ffa9f3e71be,2,0,target-a:fixture-bank-14:p0004,-0.3241989016532898,-0.11915053427219391,0.31469130516052246,0.6337907910346985,-1.6121994256973267,0.6447368421052628,-1.3552631578947367,1.5706084470077022,False,0.25,low,csi-pairs-v6-software-fixture,ded1ec639ff3e6fd5eba769d42db1ed36222a48af333a30a670254b30b164b74,620f300cbec1f56da4691882bc7dbe52593dc597fc62f6ae925c0f6ac72f1c6b,True,FORBIDDEN,0901433cbfe906073eae45118a1466e03afab04a766a3061a988ffe089ba4e01,9548a24a4faf5db17b5251df407b4402de033ae8648ec321c850fe6105002cf1,8128818d8ea8f5c3517d04da28955f010269df61e756429957a0a032386f6c51
17,alignment,target-a,fixture-bank-14,fixture-base-14,86a59d2849e34c3a9889d58bb3b67b946ca9eb639083798f219989137e7f4536,d3ac0ba45cb8ca4a3062283c82745f423da87b60b62b7768857a4ffa9f3e71be,2,0,target-a:fixture-bank-14:p0005,-0.32018807530403137,-0.12125910818576813,0.3144330084323883,0.6347206234931946,-1.6115546226501465,-1.3552631578947367,0.6447368421052628,1.2876840538200414,False,0.25,low,csi-pairs-v6-software-fixture,ded1ec639ff3e6fd5eba769d42db1ed36222a48af333a30a670254b30b164b74,620f300cbec1f56da4691882bc7dbe52593dc597fc62f6ae925c0f6ac72f1c6b,True,FORBIDDEN,0901433cbfe906073eae45118a1466e03afab04a766a3061a988ffe089ba4e01,9548a24a4faf5db17b5251df407b4402de033ae8648ec321c850fe6105002cf1,8128818d8ea8f5c3517d04da28955f010269df61e756429957a0a032386f6c51
17,alignment,target-a,fixture-bank-14,fixture-base-14,86a59d2849e34c3a9889d58bb3b67b946ca9eb639083798f219989137e7f4536,d3ac0ba45cb8ca4a3062283c82745f423da87b60b62b7768857a4ffa9f3e71be,2,0,target-a:fixture-bank-14:p0006,-0.3255445957183838,-0.12132338434457779,0.3134060502052307,0.6290073990821838,-1.6238679885864258,1.6447368421052628,-0.3552631578947367,1.9841211560489738,False,0.25,low,csi-pairs-v6-software-fixture,ded1ec639ff3e6fd5eba769d42db1ed36222a48af333a30a670254b30b164b74,620f300cbec1f56da4691882bc7dbe52593dc597fc62f6ae925c0f6ac72f1c6b,True,FORBIDDEN,0901433cbfe906073eae45118a1466e03afab04a766a3061a988ffe089ba4e01,9548a24a4faf5db17b5251df407b4402de033ae8648ec321c850fe6105002cf1,8128818d8ea8f5c3517d04da28955f010269df61e756429957a0a032386f6c51
17,alignment,target-a,fixture-bank-14,fixture-base-14,86a59d2849e34c3a9889d58bb3b67b946ca9eb639083798f219989137e7f4536,d3ac0ba45cb8ca4a3062283c82745f423da87b60b62b7768857a4ffa9f3e71be,2,0,target-a:fixture-bank-14:p0007,-0.3313516080379486,-0.1249556913971901,0.3121679723262787,0.6291778683662415,-1.6275551319122314,-1.3552631578947367,2.644736842105263,2.9528954590485195,True,0.25,low,csi-pairs-v6-software-fixture,ded1ec639ff3e6fd5eba769d42db1ed36222a48af333a30a670254b30b164b74,620f300cbec1f56da4691882bc7dbe52593dc597fc62f6ae925c0f6ac72f1c6b,True,FORBIDDEN,0901433cbfe906073eae45118a1466e03afab04a766a3061a988ffe089ba4e01,9548a24a4faf5db17b5251df407b4402de033ae8648ec321c850fe6105002cf1,8128818d8ea8f5c3517d04da28955f010269df61e756429957a0a032386f6c51
17,alignment,target-a,fixture-bank-16,fixture-base-16,e23949edbfe2dbe6dc73b97687bd3eed5fbc5d7bd72ecd8b2badea6dfbfe472e,2b37638d300a790f3426572fa00b7bf61aa934746cb588d9fb5347ccf44b354c,2,0,target-a:fixture-bank-16:p0004,-0.3139052391052246,-0.12380439788103104,0.3132426142692566,0.6347956657409668,-1.6152293682098389,0.6973684210526319,-1.3026315789473681,1.5531606287019621,False,0.26126126126126126,low,csi-pairs-v6-software-fixture,ded1ec639ff3e6fd5eba769d42db1ed36222a48af333a30a670254b30b164b74,620f300cbec1f56da4691882bc7dbe52593dc597fc62f6ae925c0f6ac72f1c6b,True,FORBIDDEN,0901433cbfe906073eae45118a1466e03afab04a766a3061a988ffe089ba4e01,9548a24a4faf5db17b5251df407b4402de033ae8648ec321c850fe6105002cf1,8128818d8ea8f5c3517d04da28955f010269df61e756429957a0a032386f6c51
17,alignment,target-a,fixture-bank-16,fixture-base-16,e23949edbfe2dbe6dc73b97687bd3eed5fbc5d7bd72ecd8b2badea6dfbfe472e,2b37638d300a790f3426572fa00b7bf61aa934746cb588d9fb5347ccf44b354c,2,0,target-a:fixture-bank-16:p0005,-0.33848467469215393,-0.1172868087887764,0.3152950406074524,0.6325320601463318,-1.6122708320617676,-1.3026315789473681,0.6973684210526319,1.2622370603388537,False,0.26126126126126126,low,csi-pairs-v6-software-fixture,ded1ec639ff3e6fd5eba769d42db1ed36222a48af333a30a670254b30b164b74,620f300cbec1f56da4691882bc7dbe52593dc597fc62f6ae925c0f6ac72f1c6b,True,FORBIDDEN,0901433cbfe906073eae45118a1466e03afab04a766a3061a988ffe089ba4e01,9548a24a4faf5db17b5251df407b4402de033ae8648ec321c850fe6105002cf1,8128818d8ea8f5c3517d04da28955f010269df61e756429957a0a032386f6c51
17,alignment,target-a,fixture-bank-16,fixture-base-16,e23949edbfe2dbe6dc73b97687bd3eed5fbc5d7bd72ecd8b2badea6dfbfe472e,2b37638d300a790f3426572fa00b7bf61aa934746cb588d9fb5347ccf44b354c,2,0,target-a:fixture-bank-16:p0006,-0.32743018865585327,-0.1306714117527008,0.30962926149368286,0.6195849776268005,-1.6510850191116333,1.6973684210526319,-0.30263157894736814,2.0320875249307133,True,0.26126126126126126,low,csi-pairs-v6-software-fixture,ded1ec639ff3e6fd5eba769d42db1ed36222a48af333a30a670254b30b164b74,620f300cbec1f56da4691882bc7dbe52593dc597fc62f6ae925c0f6ac72f1c6b,True,FORBIDDEN,0901433cbfe906073eae45118a1466e03afab04a766a3061a988ffe089ba4e01,9548a24a4faf5db17b5251df407b4402de033ae8648ec321c850fe6105002cf1,8128818d8ea8f5c3517d04da28955f010269df61e756429957a0a032386f6c51
17,alignment,target-a,fixture-bank-16,fixture-base-16,e23949edbfe2dbe6dc73b97687bd3eed5fbc5d7bd72ecd8b2badea6dfbfe472e,2b37638d300a790f3426572fa00b7bf61aa934746cb588d9fb5347ccf44b354c,2,0,target-a:fixture-bank-16:p0007,-0.3179248869419098,-0.12590649724006653,0.3127637505531311,0.6292179226875305,-1.6255848407745361,-0.30263157894736814,1.6973684210526319,1.8233390559478129,False,0.26126126126126126,low,csi-pairs-v6-software-fixture,ded1ec639ff3e6fd5eba769d42db1ed36222a48af333a30a670254b30b164b74,620f300cbec1f56da4691882bc7dbe52593dc597fc62f6ae925c0f6ac72f1c6b,True,FORBIDDEN,0901433cbfe906073eae45118a1466e03afab04a766a3061a988ffe089ba4e01,9548a24a4faf5db17b5251df407b4402de033ae8648ec321c850fe6105002cf1,8128818d8ea8f5c3517d04da28955f010269df61e756429957a0a032386f6c51
17,alignment,target-a,fixture-bank-14,fixture-base-14,86a59d2849e34c3a9889d58bb3b67b946ca9eb639083798f219989137e7f4536,d3ac0ba45cb8ca4a3062283c82745f423da87b60b62b7768857a4ffa9f3e71be,4,0,target-a:fixture-bank-14:p0004,-0.3921005427837372,-0.09936203062534332,0.3254728615283966,0.6632153391838074,-1.5331318378448486,0.6447368421052628,-1.3552631578947367,1.6285943031276984,False,0.25,low,csi-pairs-v6-software-fixture,ded1ec639ff3e6fd5eba769d42db1ed36222a48af333a30a670254b30b164b74,620f300cbec1f56da4691882bc7dbe52593dc597fc62f6ae925c0f6ac72f1c6b,True,FORBIDDEN,0901433cbfe906073eae45118a1466e03afab04a766a3061a988ffe089ba4e01,9548a24a4faf5db17b5251df407b4402de033ae8648ec321c850fe6105002cf1,8128818d8ea8f5c3517d04da28955f010269df61e756429957a0a032386f6c51
17,alignment,target-a,fixture-bank-14,fixture-base-14,86a59d2849e34c3a9889d58bb3b67b946ca9eb639083798f219989137e7f4536,d3ac0ba45cb8ca4a3062283c82745f423da87b60b62b7768857a4ffa9f3e71be,4,0,target-a:fixture-bank-14:p0005,-0.38696393370628357,-0.10146127641201019,0.3249835669994354,0.6636568307876587,-1.5339707136154175,-1.3552631578947367,0.6447368421052628,1.2224626864009709,False,0.25,low,csi-pairs-v6-software-fixture,ded1ec639ff3e6fd5eba769d42db1ed36222a48af333a30a670254b30b164b74,620f300cbec1f56da4691882bc7dbe52593dc597fc62f6ae925c0f6ac72f1c6b,True,FORBIDDEN,0901433cbfe906073eae45118a1466e03afab04a766a3061a988ffe089ba4e01,9548a24a4faf5db17b5251df407b4402de033ae8648ec321c850fe6105002cf1,8128818d8ea8f5c3517d04da28955f010269df61e756429957a0a032386f6c51
17,alignment,target-a,fixture-bank-14,fixture-base-14,86a59d2849e34c3a9889d58bb3b67b946ca9eb639083798f219989137e7f4536,d3ac0ba45cb8ca4a3062283c82745f423da87b60b62b7768857a4ffa9f3e71be,4,0,target-a:fixture-bank-14:p0006,-0.395822137594223,-0.10077222436666489,0.3246196210384369,0.658833384513855,-1.5423858165740967,1.6447368421052628,-0.3552631578947367,2.0563673273226737,True,0.25,low,csi-pairs-v6-software-fixture,ded1ec639ff3e6fd5eba769d42db1ed36222a48af333a30a670254b30b164b74,620f300cbec1f56da4691882bc7dbe52593dc597fc62f6ae925c0f6ac72f1c6b,True,FORBIDDEN,0901433cbfe906073eae45118a1466e03afab04a766a3061a988ffe089ba4e01,9548a24a4faf5db17b5251df407b4402de033ae8648ec321c850fe6105002cf1,8128818d8ea8f5c3517d04da28955f010269df61e756429957a0a032386f6c51
17,alignment,target-a,fixture-bank-14,fixture-base-14,86a59d2849e34c3a9889d58bb3b67b946ca9eb639083798f219989137e7f4536,d3ac0ba45cb8ca4a3062283c82745f423da87b60b62b7768857a4ffa9f3e71be,4,0,target-a:fixture-bank-14:p0007,-0.4012147784233093,-0.10549335181713104,0.32336682081222534,0.6593445539474487,-1.5454769134521484,-1.3552631578947367,2.644736842105263,2.9110091772329514,True,0.25,low,csi-pairs-v6-software-fixture,ded1ec639ff3e6fd5eba769d42db1ed36222a48af333a30a670254b30b164b74,620f300cbec1f56da4691882bc7dbe52593dc597fc62f6ae925c0f6ac72f1c6b,True,FORBIDDEN,0901433cbfe906073eae45118a1466e03afab04a766a3061a988ffe089ba4e01,9548a24a4faf5db17b5251df407b4402de033ae8648ec321c850fe6105002cf1,8128818d8ea8f5c3517d04da28955f010269df61e756429957a0a032386f6c51
17,alignment,target-a,fixture-bank-16,fixture-base-16,e23949edbfe2dbe6dc73b97687bd3eed5fbc5d7bd72ecd8b2badea6dfbfe472e,2b37638d300a790f3426572fa00b7bf61aa934746cb588d9fb5347ccf44b354c,4,0,target-a:fixture-bank-16:p0004,-0.3780617117881775,-0.10505011677742004,0.3231492042541504,0.6627048254013062,-1.5410667657852173,0.6973684210526319,-1.3026315789473681,1.6095811036276213,False,0.26126126126126126,low,csi-pairs-v6-software-fixture,ded1ec639ff3e6fd5eba769d42db1ed36222a48af333a30a670254b30b164b74,620f300cbec1f56da4691882bc7dbe52593dc597fc62f6ae925c0f6ac72f1c6b,True,FORBIDDEN,0901433cbfe906073eae45118a1466e03afab04a766a3061a988ffe089ba4e01,9548a24a4faf5db17b5251df407b4402de033ae8648ec321c850fe6105002cf1,8128818d8ea8f5c3517d04da28955f010269df61e756429957a0a032386f6c51
17,alignment,target-a,fixture-bank-16,fixture-base-16,e23949edbfe2dbe6dc73b97687bd3eed5fbc5d7bd72ecd8b2badea6dfbfe472e,2b37638d300a790f3426572fa00b7bf61aa934746cb588d9fb5347ccf44b354c,4,0,target-a:fixture-bank-16:p0005,-0.40988805890083313,-0.09679790586233139,0.32696735858917236,0.6637701988220215,-1.5277141332626343,-1.3026315789473681,0.6973684210526319,1.1948603045505706,False,0.26126126126126126,low,csi-pairs-v6-software-fixture,ded1ec639ff3e6fd5eba769d42db1ed36222a48af333a30a670254b30b164b74,620f300cbec1f56da4691882bc7dbe52593dc597fc62f6ae925c0f6ac72f1c6b,True,FORBIDDEN,0901433cbfe906073eae45118a1466e03afab04a766a3061a988ffe089ba4e01,9548a24a4faf5db17b5251df407b4402de033ae8648ec321c850fe6105002cf1,8128818d8ea8f5c3517d04da28955f010269df61e756429957a0a032386f6c51
17,alignment,target-a,fixture-bank-16,fixture-base-16,e23949edbfe2dbe6dc73b97687bd3eed5fbc5d7bd72ecd8b2badea6dfbfe472e,2b37638d300a790f3426572fa00b7bf61aa934746cb588d9fb5347ccf44b354c,4,0,target-a:fixture-bank-16:p0006,-0.40357905626296997,-0.10916190594434738,0.3218747675418854,0.650598406791687,-1.5634554624557495,1.6973684210526319,-0.30263157894736814,2.109836680127324,True,0.26126126126126126,low,csi-pairs-v6-software-fixture,ded1ec639ff3e6fd5eba769d42db1ed36222a48af333a30a670254b30b164b74,620f300cbec1f56da4691882bc7dbe52593dc597fc62f6ae925c0f6ac72f1c6b,True,FORBIDDEN,0901433cbfe906073eae45118a1466e03afab04a766a3061a988ffe089ba4e01,9548a24a4faf5db17b5251df407b4402de033ae8648ec321c850fe6105002cf1,8128818d8ea8f5c3517d04da28955f010269df61e756429957a0a032386f6c51
17,alignment,target-a,fixture-bank-16,fixture-base-16,e23949edbfe2dbe6dc73b97687bd3eed5fbc5d7bd72ecd8b2badea6dfbfe472e,2b37638d300a790f3426572fa00b7bf61aa934746cb588d9fb5347ccf44b354c,4,0,target-a:fixture-bank-16:p0007,-0.38756003975868225,-0.10515208542346954,0.3238688111305237,0.6585070490837097,-1.545196771621704,-0.30263157894736814,1.6973684210526319,1.8045201632906849,False,0.26126126126126126,low,csi-pairs-v6-software-fixture,ded1ec639ff3e6fd5eba769d42db1ed36222a48af333a30a670254b30b164b74,620f300cbec1f56da4691882bc7dbe52593dc597fc62f6ae925c0f6ac72f1c6b,True,FORBIDDEN,0901433cbfe906073eae45118a1466e03afab04a766a3061a988ffe089ba4e01,9548a24a4faf5db17b5251df407b4402de033ae8648ec321c850fe6105002cf1,8128818d8ea8f5c3517d04da28955f010269df61e756429957a0a032386f6c51
17,alignment,target-a,fixture-bank-14,fixture-base-14,86a59d2849e34c3a9889d58bb3b67b946ca9eb639083798f219989137e7f4536,d3ac0ba45cb8ca4a3062283c82745f423da87b60b62b7768857a4ffa9f3e71be,2,1,target-a:fixture-bank-14:p0004,-0.34041160345077515,-0.148607537150383,0.31636714935302734,0.6685909628868103,-1.5534346103668213,0.6447368421052628,-1.3552631578947367,1.5577340103032415,False,0.25,low,csi-pairs-v6-software-fixture,ded1ec639ff3e6fd5eba769d42db1ed36222a48af333a30a670254b30b164b74,620f300cbec1f56da4691882bc7dbe52593dc597fc62f6ae925c0f6ac72f1c6b,True,FORBIDDEN,0901433cbfe906073eae45118a1466e03afab04a766a3061a988ffe089ba4e01,9548a24a4faf5db17b5251df407b4402de033ae8648ec321c850fe6105002cf1,8128818d8ea8f5c3517d04da28955f010269df61e756429957a0a032386f6c51
17,alignment,target-a,fixture-bank-14,fixture-base-14,86a59d2849e34c3a9889d58bb3b67b946ca9eb639083798f219989137e7f4536,d3ac0ba45cb8ca4a3062283c82745f423da87b60b62b7768857a4ffa9f3e71be,2,1,target-a:fixture-bank-14:p0005,-0.3364376425743103,-0.1503296196460724,0.3160870671272278,0.6693867444992065,-1.553130865097046,-1.3552631578947367,0.6447368421052628,1.2923374595165613,False,0.25,low,csi-pairs-v6-software-fixture,ded1ec639ff3e6fd5eba769d42db1ed36222a48af333a30a670254b30b164b74,620f300cbec1f56da4691882bc7dbe52593dc597fc62f6ae925c0f6ac72f1c6b,True,FORBIDDEN,0901433cbfe906073eae45118a1466e03afab04a766a3061a988ffe089ba4e01,9548a24a4faf5db17b5251df407b4402de033ae8648ec321c850fe6105002cf1,8128818d8ea8f5c3517d04da28955f010269df61e756429957a0a032386f6c51
17,alignment,target-a,fixture-bank-14,fixture-base-14,86a59d2849e34c3a9889d58bb3b67b946ca9eb639083798f219989137e7f4536,d3ac0ba45cb8ca4a3062283c82745f423da87b60b62b7768857a4ffa9f3e71be,2,1,target-a:fixture-bank-14:p0006,-0.34145206212997437,-0.15130150318145752,0.31501057744026184,0.6635269522666931,-1.5653349161148071,1.6447368421052628,-0.3552631578947367,1.9966338472290184,False,0.25,low,csi-pairs-v6-software-fixture,ded1ec639ff3e6fd5eba769d42db1ed36222a48af333a30a670254b30b164b74,620f300cbec1f56da4691882bc7dbe52593dc597fc62f6ae925c0f6ac72f1c6b,True,FORBIDDEN,0901433cbfe906073eae45118a1466e03afab04a766a3061a988ffe089ba4e01,9548a24a4faf5db17b5251df407b4402de033ae8648ec321c850fe6105002cf1,8128818d8ea8f5c3517d04da28955f010269df61e756429957a0a032386f6c51
17,alignment,target-a,fixture-bank-14,fixture-base-14,86a59d2849e34c3a9889d58bb3b67b946ca9eb639083798f219989137e7f4536,d3ac0ba45cb8ca4a3062283c82745f423da87b60b62b7768857a4ffa9f3e71be,2,1,target-a:fixture-bank-14:p0007,-0.3462580144405365,-0.15481393039226532,0.31346070766448975,0.6630034446716309,-1.5710563659667969,-1.3552631578947367,2.644736842105263,2.9758319689304598,True,0.25,low,csi-pairs-v6-software-fixture,ded1ec639ff3e6fd5eba769d42db1ed36222a48af333a30a670254b30b164b74,620f300cbec1f56da4691882bc7dbe52593dc597fc62f6ae925c0f6ac72f1c6b,True,FORBIDDEN,0901433cbfe906073eae45118a1466e03afab04a766a3061a988ffe089ba4e01,9548a24a4faf5db17b5251df407b4402de033ae8648ec321c850fe6105002cf1,8128818d8ea8f5c3517d04da28955f010269df61e756429957a0a032386f6c51
17,alignment,target-a,fixture-bank-16,fixture-base-16,e23949edbfe2dbe6dc73b97687bd3eed5fbc5d7bd72ecd8b2badea6dfbfe472e,2b37638d300a790f3426572fa00b7bf61aa934746cb588d9fb5347ccf44b354c,2,1,target-a:fixture-bank-16:p0004,-0.33009016513824463,-0.15285389125347137,0.31500354409217834,0.6688118577003479,-1.5574238300323486,0.6973684210526319,-1.3026315789473681,1.541966237456605,False,0.26126126126126126,low,csi-pairs-v6-software-fixture,ded1ec639ff3e6fd5eba769d42db1ed36222a48af333a30a670254b30b164b74,620f300cbec1f56da4691882bc7dbe52593dc597fc62f6ae925c0f6ac72f1c6b,True,FORBIDDEN,0901433cbfe906073eae45118a1466e03afab04a766a3061a988ffe089ba4e01,9548a24a4faf5db17b5251df407b4402de033ae8648ec321c850fe6105002cf1,8128818d8ea8f5c3517d04da28955f010269df61e756429957a0a032386f6c51
17,alignment,target-a,fixture-bank-16,fixture-base-16,e23949edbfe2dbe6dc73b97687bd3eed5fbc5d7bd72ecd8b2badea6dfbfe472e,2b37638d300a790f3426572fa00b7bf61aa934746cb588d9fb5347ccf44b354c,2,1,target-a:fixture-bank-16:p0005,-0.3536716401576996,-0.14689655601978302,0.31651684641838074,0.6674972176551819,-1.5545988082885742,-1.3026315789473681,0.6973684210526319,1.2701607445275487,False,0.26126126126126126,low,csi-pairs-v6-software-fixture,ded1ec639ff3e6fd5eba769d42db1ed36222a48af333a30a670254b30b164b74,620f300cbec1f56da4691882bc7dbe52593dc597fc62f6ae925c0f6ac72f1c6b,True,FORBIDDEN,0901433cbfe906073eae45118a1466e03afab04a766a3061a988ffe089ba4e01,9548a24a4faf5db17b5251df407b4402de033ae8648ec321c850fe6105002cf1,8128818d8ea8f5c3517d04da28955f010269df61e756429957a0a032386f6c51
17,alignment,target-a,fixture-bank-16,fixture-base-16,e23949edbfe2dbe6dc73b97687bd3eed5fbc5d7bd72ecd8b2badea6dfbfe472e,2b37638d300a790f3426572fa00b7bf61aa934746cb588d9fb5347ccf44b354c,2,1,target-a:fixture-bank-16:p0006,-0.3429242670536041,-0.16224518418312073,0.3109831213951111,0.6539907455444336,-1.5926787853240967,1.6973684210526319,-0.30263157894736814,2.0451167675647945,True,0.26126126126126126,low,csi-pairs-v6-software-fixture,ded1ec639ff3e6fd5eba769d42db1ed36222a48af333a30a670254b30b164b74,620f300cbec1f56da4691882bc7dbe52593dc597fc62f6ae925c0f6ac72f1c6b,True,FORBIDDEN,0901433cbfe906073eae45118a1466e03afab04a766a3061a988ffe089ba4e01,9548a24a4faf5db17b5251df407b4402de033ae8648ec321c850fe6105002cf1,8128818d8ea8f5c3517d04da28955f010269df61e756429957a0a032386f6c51
17,alignment,target-a,fixture-bank-16,fixture-base-16,e23949edbfe2dbe6dc73b97687bd3eed5fbc5d7bd72ecd8b2badea6dfbfe472e,2b37638d300a790f3426572fa00b7bf61aa934746cb588d9fb5347ccf44b354c,2,1,target-a:fixture-bank-16:p0007,-0.33463922142982483,-0.15559354424476624,0.3146362602710724,0.663642942905426,-1.5663491487503052,-0.30263157894736814,1.6973684210526319,1.8532383910377208,False,0.26126126126126126,low,csi-pairs-v6-software-fixture,ded1ec639ff3e6fd5eba769d42db1ed36222a48af333a30a670254b30b164b74,620f300cbec1f56da4691882bc7dbe52593dc597fc62f6ae925c0f6ac72f1c6b,True,FORBIDDEN,0901433cbfe906073eae45118a1466e03afab04a766a3061a988ffe089ba4e01,9548a24a4faf5db17b5251df407b4402de033ae8648ec321c850fe6105002cf1,8128818d8ea8f5c3517d04da28955f010269df61e756429957a0a032386f6c51
17,alignment,target-a,fixture-bank-14,fixture-base-14,86a59d2849e34c3a9889d58bb3b67b946ca9eb639083798f219989137e7f4536,d3ac0ba45cb8ca4a3062283c82745f423da87b60b62b7768857a4ffa9f3e71be,4,1,target-a:fixture-bank-14:p0004,-0.3614640533924103,-0.11523780226707458,0.3236439526081085,0.6798590421676636,-1.5139811038970947,0.6447368421052628,-1.3552631578947367,1.5969042315367035,False,0.25,low,csi-pairs-v6-software-fixture,ded1ec639ff3e6fd5eba769d42db1ed36222a48af333a30a670254b30b164b74,620f300cbec1f56da4691882bc7dbe52593dc597fc62f6ae925c0f6ac72f1c6b,True,FORBIDDEN,0901433cbfe906073eae45118a1466e03afab04a766a3061a988ffe089ba4e01,9548a24a4faf5db17b5251df407b4402de033ae8648ec321c850fe6105002cf1,8128818d8ea8f5c3517d04da28955f010269df61e756429957a0a032386f6c51
17,alignment,target-a,fixture-bank-14,fixture-base-14,86a59d2849e34c3a9889d58bb3b67b946ca9eb639083798f219989137e7f4536,d3ac0ba45cb8ca4a3062283c82745f423da87b60b62b7768857a4ffa9f3e71be,4,1,target-a:fixture-bank-14:p0005,-0.3568534255027771,-0.11757177859544754,0.3232133686542511,0.6804510354995728,-1.514441967010498,-1.3552631578947367,0.6447368421052628,1.2561593955106192,False,0.25,low,csi-pairs-v6-software-fixture,ded1ec639ff3e6fd5eba769d42db1ed36222a48af333a30a670254b30b164b74,620f300cbec1f56da4691882bc7dbe52593dc597fc62f6ae925c0f6ac72f1c6b,True,FORBIDDEN,0901433cbfe906073eae45118a1466e03afab04a766a3061a988ffe089ba4e01,9548a24a4faf5db17b5251df407b4402de033ae8648ec321c850fe6105002cf1,8128818d8ea8f5c3517d04da28955f010269df61e756429957a0a032386f6c51
17,alignment,target-a,fixture-bank-14,fixture-base-14,86a59d2849e34c3a9889d58bb3b67b946ca9eb639083798f219989137e7f4536,d3ac0ba45cb8ca4a3062283c82745f423da87b60b62b7768857a4ffa9f3e71be,4,1,target-a:fixture-bank-14:p0006,-0.36395177245140076,-0.11647619307041168,0.3225981593132019,0.6755930185317993,-1.5235122442245483,1.6447368421052628,-0.3552631578947367,2.022831966530978,True,0.25,low,csi-pairs-v6-software-fixture,ded1ec639ff3e6fd5eba769d42db1ed36222a48af333a30a670254b30b164b74,620f300cbec1f56da4691882bc7dbe52593dc597fc62f6ae925c0f6ac72f1c6b,True,FORBIDDEN,0901433cbfe906073eae45118a1466e03afab04a766a3061a988ffe089ba4e01,9548a24a4faf5db17b5251df407b4402de033ae8648ec321c850fe6105002cf1,8128818d8ea8f5c3517d04da28955f010269df61e756429957a0a032386f6c51
17,alignment,target-a,fixture-bank-14,fixture-base-14,86a59d2849e34c3a9889d58bb3b67b946ca9eb639083798f219989137e7f4536,d3ac0ba45cb8ca4a3062283c82745f423da87b60b62b7768857a4ffa9f3e71be,4,1,target-a:fixture-bank-14:p0007,-0.3698648512363434,-0.12008097022771835,0.32124027609825134,0.6756443381309509,-1.5276544094085693,-1.3552631578947367,2.644736842105263,2.9351707545147967,True,0.25,low,csi-pairs-v6-software-fixture,ded1ec639ff3e6fd5eba769d42db1ed36222a48af333a30a670254b30b164b74,620f300cbec1f56da4691882bc7dbe52593dc597fc62f6ae925c0f6ac72f1c6b,True,FORBIDDEN,0901433cbfe906073eae45118a1466e03afab04a766a3061a988ffe089ba4e01,9548a24a4faf5db17b5251df407b4402de033ae8648ec321c850fe6105002cf1,8128818d8ea8f5c3517d04da28955f010269df61e756429957a0a032386f6c51
17,alignment,target-a,fixture-bank-16,fixture-base-16,e23949edbfe2dbe6dc73b97687bd3eed5fbc5d7bd72ecd8b2badea6dfbfe472e,2b37638d300a790f3426572fa00b7bf61aa934746cb588d9fb5347ccf44b354c,4,1,target-a:fixture-bank-16:p0004,-0.34824666380882263,-0.12087876349687576,0.32139644026756287,0.6787952780723572,-1.5225155353546143,0.6973684210526319,-1.3026315789473681,1.5779260510286888,False,0.26126126126126126,low,csi-pairs-v6-software-fixture,ded1ec639ff3e6fd5eba769d42db1ed36222a48af333a30a670254b30b164b74,620f300cbec1f56da4691882bc7dbe52593dc597fc62f6ae925c0f6ac72f1c6b,True,FORBIDDEN,0901433cbfe906073eae45118a1466e03afab04a766a3061a988ffe089ba4e01,9548a24a4faf5db17b5251df407b4402de033ae8648ec321c850fe6105002cf1,8128818d8ea8f5c3517d04da28955f010269df61e756429957a0a032386f6c51
17,alignment,target-a,fixture-bank-16,fixture-base-16,e23949edbfe2dbe6dc73b97687bd3eed5fbc5d7bd72ecd8b2badea6dfbfe472e,2b37638d300a790f3426572fa00b7bf61aa934746cb588d9fb5347ccf44b354c,4,1,target-a:fixture-bank-16:p0005,-0.3790225386619568,-0.11200791597366333,0.3250400424003601,0.6807595491409302,-1.5083531141281128,-1.3026315789473681,0.6973684210526319,1.2280650285042083,False,0.26126126126126126,low,csi-pairs-v6-software-fixture,ded1ec639ff3e6fd5eba769d42db1ed36222a48af333a30a670254b30b164b74,620f300cbec1f56da4691882bc7dbe52593dc597fc62f6ae925c0f6ac72f1c6b,True,FORBIDDEN,0901433cbfe906073eae45118a1466e03afab04a766a3061a988ffe089ba4e01,9548a24a4faf5db17b5251df407b4402de033ae8648ec321c850fe6105002cf1,8128818d8ea8f5c3517d04da28955f010269df61e756429957a0a032386f6c51
17,alignment,target-a,fixture-bank-16,fixture-base-16,e23949edbfe2dbe6dc73b97687bd3eed5fbc5d7bd72ecd8b2badea6dfbfe472e,2b37638d300a790f3426572fa00b7bf61aa934746cb588d9fb5347ccf44b354c,4,1,target-a:fixture-bank-16:p0006,-0.36907607316970825,-0.12460075318813324,0.3193624019622803,0.6679996848106384,-1.5448962450027466,1.6973684210526319,-0.30263157894736814,2.074099279837476,True,0.26126126126126126,low,csi-pairs-v6-software-fixture,ded1ec639ff3e6fd5eba769d42db1ed36222a48af333a30a670254b30b164b74,620f300cbec1f56da4691882bc7dbe52593dc597fc62f6ae925c0f6ac72f1c6b,True,FORBIDDEN,0901433cbfe906073eae45118a1466e03afab04a766a3061a988ffe089ba4e01,9548a24a4faf5db17b5251df407b4402de033ae8648ec321c850fe6105002cf1,8128818d8ea8f5c3517d04da28955f010269df61e756429957a0a032386f6c51
17,alignment,target-a,fixture-bank-16,fixture-base-16,e23949edbfe2dbe6dc73b97687bd3eed5fbc5d7bd72ecd8b2badea6dfbfe472e,2b37638d300a790f3426572fa00b7bf61aa934746cb588d9fb5347ccf44b354c,4,1,target-a:fixture-bank-16:p0007,-0.35561394691467285,-0.12129177898168564,0.3217306435108185,0.6752589344978333,-1.5266996622085571,-0.30263157894736814,1.6973684210526319,1.819431794408432,False,0.26126126126126126,low,csi-pairs-v6-software-fixture,ded1ec639ff3e6fd5eba769d42db1ed36222a48af333a30a670254b30b164b74,620f300cbec1f56da4691882bc7dbe52593dc597fc62f6ae925c0f6ac72f1c6b,True,FORBIDDEN,0901433cbfe906073eae45118a1466e03afab04a766a3061a988ffe089ba4e01,9548a24a4faf5db17b5251df407b4402de033ae8648ec321c850fe6105002cf1,8128818d8ea8f5c3517d04da28955f010269df61e756429957a0a032386f6c51
17,alignment,target-b,fixture-bank-15,fixture-base-15,e23949edbfe2dbe6dc73b97687bd3eed5fbc5d7bd72ecd8b2badea6dfbfe472e,234b78d61b49dc10d04ca8d24378f3b96eae7ef419b9bbe2bb61b3933c753b5d,0,0,target-b:fixture-bank-15:p0004,-0.351868599653244,-0.15158456563949585,0.3055882453918457,0.6415500044822693,-1.6293848752975464,-2.3289473684210527,-0.32894736842105265,1.9850183932958818,False,0.23393574297188752,low,csi-pairs-v6-software-fixture,ded1ec639ff3e6fd5eba769d42db1ed36222a48af333a30a670254b30b164b74,620f300cbec1f56da4691882bc7dbe52593dc597fc62f6ae925c0f6ac72f1c6b,True,FORBIDDEN,0901433cbfe906073eae45118a1466e03afab04a766a3061a988ffe089ba4e01,9548a24a4faf5db17b5251df407b4402de033ae8648ec321c850fe6105002cf1,8128818d8ea8f5c3517d04da28955f010269df61e756429957a0a032386f6c51
17,alignment,target-b,fixture-bank-15,fixture-base-15,e23949edbfe2dbe6dc73b97687bd3eed5fbc5d7bd72ecd8b2badea6dfbfe472e,234b78d61b49dc10d04ca8d24378f3b96eae7ef419b9bbe2bb61b3933c753b5d,0,0,target-b:fixture-bank-15:p0005,-0.36248695850372314,-0.14285296201705933,0.3079867660999298,0.6422262787818909,-1.6205130815505981,1.671052631578947,-2.3289473684210527,2.9856811648507318,True,0.23393574297188752,low,csi-pairs-v6-software-fixture,ded1ec639ff3e6fd5eba769d42db1ed36222a48af333a30a670254b30b164b74,620f300cbec1f56da4691882bc7dbe52593dc597fc62f6ae925c0f6ac72f1c6b,True,FORBIDDEN,0901433cbfe906073eae45118a1466e03afab04a766a3061a988ffe089ba4e01,9548a24a4faf5db17b5251df407b4402de033ae8648ec321c850fe6105002cf1,8128818d8ea8f5c3517d04da28955f010269df61e756429957a0a032386f6c51
17,alignment,target-b,fixture-bank-15,fixture-base-15,e23949edbfe2dbe6dc73b97687bd3eed5fbc5d7bd72ecd8b2badea6dfbfe472e,234b78d61b49dc10d04ca8d24378f3b96eae7ef419b9bbe2bb61b3933c753b5d,0,0,target-b:fixture-bank-15:p0006,-0.3885580897331238,-0.13769659399986267,0.30643191933631897,0.6348503828048706,-1.6371256113052368,-0.32894736842105265,1.671052631578947,1.8097312505251404,False,0.23393574297188752,low,csi-pairs-v6-software-fixture,ded1ec639ff3e6fd5eba769d42db1ed36222a48af333a30a670254b30b164b74,620f300cbec1f56da4691882bc7dbe52593dc597fc62f6ae925c0f6ac72f1c6b,True,FORBIDDEN,0901433cbfe906073eae45118a1466e03afab04a766a3061a988ffe089ba4e01,9548a24a4faf5db17b5251df407b4402de033ae8648ec321c850fe6105002cf1,8128818d8ea8f5c3517d04da28955f010269df61e756429957a0a032386f6c51
17,alignment,target-b,fixture-bank-15,fixture-base-15,e23949edbfe2dbe6dc73b97687bd3eed5fbc5d7bd72ecd8b2badea6dfbfe472e,234b78d61b49dc10d04ca8d24378f3b96eae7ef419b9bbe2bb61b3933c753b5d,0,0,target-b:fixture-bank-15:p0007,-0.39121612906455994,-0.13616037368774414,0.30776384472846985,0.6334826946258545,-1.6349451541900635,2.671052631578947,-0.32894736842105265,3.0683312708622936,True,0.23393574297188752,low,csi-pairs-v6-software-fixture,ded1ec639ff3e6fd5eba769d42db1ed36222a48af333a30a670254b30b164b74,620f300cbec1f56da4691882bc7dbe52593dc597fc62f6ae925c0f6ac72f1c6b,True,FORBIDDEN,0901433cbfe906073eae45118a1466e03afab04a766a3061a988ffe089ba4e01,9548a24a4faf5db17b5251df407b4402de033ae8648ec321c850fe6105002cf1,8128818d8ea8f5c3517d04da28955f010269df61e756429957a0a032386f6c51
17,alignment,target-b,fixture-bank-17,fixture-base-17,86a59d2849e34c3a9889d58bb3b67b946ca9eb639083798f219989137e7f4536,b8fec4fd063826ac29c6cc8d291ad3a1a89347817c28241565eb44269fa8c24d,0,0,target-b:fixture-bank-17:p0004,-0.3253878057003021,-0.15127617120742798,0.3076063394546509,0.6483010053634644,-1.6123346090316772,-2.276315789473684,-0.27631578947368407,1.9549309205202736,False,0.24519700423314877,low,csi-pairs-v6-software-fixture,ded1ec639ff3e6fd5eba769d42db1ed36222a48af333a30a670254b30b164b74,620f300cbec1f56da4691882bc7dbe52593dc597fc62f6ae925c0f6ac72f1c6b,True,FORBIDDEN,0901433cbfe906073eae45118a1466e03afab04a766a3061a988ffe089ba4e01,9548a24a4faf5db17b5251df407b4402de033ae8648ec321c850fe6105002cf1,8128818d8ea8f5c3517d04da28955f010269df61e756429957a0a032386f6c51
17,alignment,target-b,fixture-bank-17,fixture-base-17,86a59d2849e34c3a9889d58bb3b67b946ca9eb639083798f219989137e7f4536,b8fec4fd063826ac29c6cc8d291ad3a1a89347817c28241565eb44269fa8c24d,0,0,target-b:fixture-bank-17:p0005,-0.3787235617637634,-0.13931384682655334,0.3066166043281555,0.6338360905647278,-1.6381220817565918,1.723684210526316,-2.276315789473684,2.9978151617241755,True,0.24519700423314877,low,csi-pairs-v6-software-fixture,ded1ec639ff3e6fd5eba769d42db1ed36222a48af333a30a670254b30b164b74,620f300cbec1f56da4691882bc7dbe52593dc597fc62f6ae925c0f6ac72f1c6b,True,FORBIDDEN,0901433cbfe906073eae45118a1466e03afab04a766a3061a988ffe089ba4e01,9548a24a4faf5db17b5251df407b4402de033ae8648ec321c850fe6105002cf1,8128818d8ea8f5c3517d04da28955f010269df61e756429957a0a032386f6c51
17,alignment,target-b,fixture-bank-17,fixture-base-17,86a59d2849e34c3a9889d58bb3b67b946ca9eb639083798f219989137e7f4536,b8fec4fd063826ac29c6cc8d291ad3a1a89347817c28241565eb44269fa8c24d,0,0,target-b:fixture-bank-17:p0006,-0.36177611351013184,-0.1398392915725708,0.30814939737319946,0.6438900232315063,-1.6173977851867676,1.723684210526316,-0.27631578947368407,2.089921194114639,True,0.24519700423314877,low,csi-pairs-v6-software-fixture,ded1ec639ff3e6fd5eba769d42db1ed36222a48af333a30a670254b30b164b74,620f300cbec1f56da4691882bc7dbe52593dc597fc62f6ae925c0f6ac72f1c6b,True,FORBIDDEN,0901433cbfe906073eae45118a1466e03afab04a766a3061a988ffe089ba4e01,9548a24a4faf5db17b5251df407b4402de033ae8648ec321c850fe6105002cf1,8128818d8ea8f5c3517d04da28955f010269df61e756429957a0a032386f6c51
17,alignment,target-b,fixture-bank-17,fixture-base-17,86a59d2849e34c3a9889d58bb3b67b946ca9eb639083798f219989137e7f4536,b8fec4fd063826ac29c6cc8d291ad3a1a89347817c28241565eb44269fa8c24d,0,0,target-b:fixture-bank-17:p0007,-0.3630504608154297,-0.1386764794588089,0.30903902649879456,0.6417900919914246,-1.617781639099121,-1.276315789473684,2.723684210526316,3.0045236361362493,True,0.24519700423314877,low,csi-pairs-v6-software-fixture,ded1ec639ff3e6fd5eba769d42db1ed36222a48af333a30a670254b30b164b74,620f300cbec1f56da4691882bc7dbe52593dc597fc62f6ae925c0f6ac72f1c6b,True,FORBIDDEN,0901433cbfe906073eae45118a1466e03afab04a766a3061a988ffe089ba4e01,9548a24a4faf5db17b5251df407b4402de033ae8648ec321c850fe6105002cf1,8128818d8ea8f5c3517d04da28955f010269df61e756429957a0a032386f6c51
17,alignment,target-b,fixture-bank-15,fixture-base-15,e23949edbfe2dbe6dc73b97687bd3eed5fbc5d7bd72ecd8b2badea6dfbfe472e,234b78d61b49dc10d04ca8d24378f3b96eae7ef419b9bbe2bb61b3933c753b5d,2,0,target-b:fixture-bank-15:p0004,-0.38169360160827637,-0.15169517695903778,0.3144579529762268,0.6552324295043945,-1.5796701908111572,-2.3289473684210527,-0.32894736842105265,1.9553044703433358,False,0.23393574297188752,low,csi-pairs-v6-software-fixture,ded1ec639ff3e6fd5eba769d42db1ed36222a48af333a30a670254b30b164b74,620f300cbec1f56da4691882bc7dbe52593dc597fc62f6ae925c0f6ac72f1c6b,True,FORBIDDEN,0901433cbfe906073eae45118a1466e03afab04a766a3061a988ffe089ba4e01,9548a24a4faf5db17b5251df407b4402de033ae8648ec321c850fe6105002cf1,8128818d8ea8f5c3517d04da28955f010269df61e756429957a0a032386f6c51
17,alignment,target-b,fixture-bank-15,fixture-base-15,e23949edbfe2dbe6dc73b97687bd3eed5fbc5d7bd72ecd8b2badea6dfbfe472e,234b78d61b49dc10d04ca8d24378f3b96eae7ef419b9bbe2bb61b3933c753b5d,2,0,target-b:fixture-bank-15:p0005,-0.39768028259277344,-0.14388145506381989,0.31776583194732666,0.6592491865158081,-1.563094139099121,1.671052631578947,-2.3289473684210527,3.009014608786919,True,0.23393574297188752,low,csi-pairs-v6-software-fixture,ded1ec639ff3e6fd5eba769d42db1ed36222a48af333a30a670254b30b164b74,620f300cbec1f56da4691882bc7dbe52593dc597fc62f6ae925c0f6ac72f1c6b,True,FORBIDDEN,0901433cbfe906073eae45118a1466e03afab04a766a3061a988ffe089ba4e01,9548a24a4faf5db17b5251df407b4402de033ae8648ec321c850fe6105002cf1,8128818d8ea8f5c3517d04da28955f010269df61e756429957a0a032386f6c51
17,alignment,target-b,fixture-bank-15,fixture-base-15,e23949edbfe2dbe6dc73b97687bd3eed5fbc5d7bd72ecd8b2badea6dfbfe472e,234b78d61b49dc10d04ca8d24378f3b96eae7ef419b9bbe2bb61b3933c753b5d,2,0,target-b:fixture-bank-15:p0006,-0.4207267165184021,-0.14115124940872192,0.3157033622264862,0.6515560150146484,-1.5813441276550293,-0.32894736842105265,1.671052631578947,1.814526482309901,False,0.23393574297188752,low,csi-pairs-v6-software-fixture,ded1ec639ff3e6fd5eba769d42db1ed36222a48af333a30a670254b30b164b74,620f300cbec1f56da4691882bc7dbe52593dc597fc62f6ae925c0f6ac72f1c6b,True,FORBIDDEN,0901433cbfe906073eae45118a1466e03afab04a766a3061a988ffe089ba4e01,9548a24a4faf5db17b5251df407b4402de033ae8648ec321c850fe6105002cf1,8128818d8ea8f5c3517d04da28955f010269df61e756429957a0a032386f6c51
17,alignment,target-b,fixture-bank-15,fixture-base-15,e23949edbfe2dbe6dc73b97687bd3eed5fbc5d7bd72ecd8b2badea6dfbfe472e,234b78d61b49dc10d04ca8d24378f3b96eae7ef419b9bbe2bb61b3933c753b5d,2,0,target-b:fixture-bank-15:p0007,-0.42643797397613525,-0.1384386271238327,0.31781336665153503,0.6512233018875122,-1.5751936435699463,2.671052631578947,-0.32894736842105265,3.1033436213240457,True,0.23393574297188752,low,csi-pairs-v6-software-fixture,ded1ec639ff3e6fd5eba769d42db1ed36222a48af333a30a670254b30b164b74,620f300cbec1f56da4691882bc7dbe52593dc597fc62f6ae925c0f6ac72f1c6b,True,FORBIDDEN,0901433cbfe906073eae45118a1466e03afab04a766a3061a988ffe089ba4e01,9548a24a4faf5db17b5251df407b4402de033ae8648ec321c850fe6105002cf1,8128818d8ea8f5c3517d04da28955f010269df61e756429957a0a032386f6c51
17,alignment,target-b,fixture-bank-17,fixture-base-17,86a59d2849e34c3a9889d58bb3b67b946ca9eb639083798f219989137e7f4536,b8fec4fd063826ac29c6cc8d291ad3a1a89347817c28241565eb44269fa8c24d,2,0,target-b:fixture-bank-17:p0004,-0.35813039541244507,-0.15088804066181183,0.3165856599807739,0.662926197052002,-1.5612530708312988,-2.276315789473684,-0.27631578947368407,1.9222818019639796,False,0.24519700423314877,low,csi-pairs-v6-software-fixture,ded1ec639ff3e6fd5eba769d42db1ed36222a48af333a30a670254b30b164b74,620f300cbec1f56da4691882bc7dbe52593dc597fc62f6ae925c0f6ac72f1c6b,True,FORBIDDEN,0901433cbfe906073eae45118a1466e03afab04a766a3061a988ffe089ba4e01,9548a24a4faf5db17b5251df407b4402de033ae8648ec321c850fe6105002cf1,8128818d8ea8f5c3517d04da28955f010269df61e756429957a0a032386f6c51
17,alignment,target-b,fixture-bank-17,fixture-base-17,86a59d2849e34c3a9889d58bb3b67b946ca9eb639083798f219989137e7f4536,b8fec4fd063826ac29c6cc8d291ad3a1a89347817c28241565eb44269fa8c24d,2,0,target-b:fixture-bank-17:p0005,-0.41230323910713196,-0.14161057770252228,0.31620660424232483,0.6505178213119507,-1.581346035003662,1.723684210526316,-2.276315789473684,3.0198358773540264,True,0.24519700423314877,low,csi-pairs-v6-software-fixture,ded1ec639ff3e6fd5eba769d42db1ed36222a48af333a30a670254b30b164b74,620f300cbec1f56da4691882bc7dbe52593dc597fc62f6ae925c0f6ac72f1c6b,True,FORBIDDEN,0901433cbfe906073eae45118a1466e03afab04a766a3061a988ffe089ba4e01,9548a24a4faf5db17b5251df407b4402de033ae8648ec321c850fe6105002cf1,8128818d8ea8f5c3517d04da28955f010269df61e756429957a0a032386f6c51
17,alignment,target-b,fixture-bank-17,fixture-base-17,86a59d2849e34c3a9889d58bb3b67b946ca9eb639083798f219989137e7f4536,b8fec4fd063826ac29c6cc8d291ad3a1a89347817c28241565eb44269fa8c24d,2,0,target-b:fixture-bank-17:p0006,-0.396762877702713,-0.14247508347034454,0.31762802600860596,0.6617937684059143,-1.5596755743026733,1.723684210526316,-0.27631578947368407,2.1246668417807153,True,0.24519700423314877,low,csi-pairs-v6-software-fixture,ded1ec639ff3e6fd5eba769d42db1ed36222a48af333a30a670254b30b164b74,620f300cbec1f56da4691882bc7dbe52593dc597fc62f6ae925c0f6ac72f1c6b,True,FORBIDDEN,0901433cbfe906073eae45118a1466e03afab04a766a3061a988ffe089ba4e01,9548a24a4faf5db17b5251df407b4402de033ae8648ec321c850fe6105002cf1,8128818d8ea8f5c3517d04da28955f010269df61e756429957a0a032386f6c51
17,alignment,target-b,fixture-bank-17,fixture-base-17,86a59d2849e34c3a9889d58bb3b67b946ca9eb639083798f219989137e7f4536,b8fec4fd063826ac29c6cc8d291ad3a1a89347817c28241565eb44269fa8c24d,2,0,target-b:fixture-bank-17:p0007,-0.39984554052352905,-0.1402936577796936,0.3189793527126312,0.6598978638648987,-1.5582990646362305,-1.276315789473684,2.723684210526316,2.9950908713161577,True,0.24519700423314877,low,csi-pairs-v6-software-fixture,ded1ec639ff3e6fd5eba769d42db1ed36222a48af333a30a670254b30b164b74,620f300cbec1f56da4691882bc7dbe52593dc597fc62f6ae925c0f6ac72f1c6b,True,FORBIDDEN,0901433cbfe906073eae45118a1466e03afab04a766a3061a988ffe089ba4e01,9548a24a4faf5db17b5251df407b4402de033ae8648ec321c850fe6105002cf1,8128818d8ea8f5c3517d04da28955f010269df61e756429957a0a032386f6c51
17,alignment,target-b,fixture-bank-15,fixture-base-15,e23949edbfe2dbe6dc73b97687bd3eed5fbc5d7bd72ecd8b2badea6dfbfe472e,234b78d61b49dc10d04ca8d24378f3b96eae7ef419b9bbe2bb61b3933c753b5d,4,0,target-b:fixture-bank-15:p0004,-0.3807889223098755,-0.15127074718475342,0.3136923909187317,0.6557127833366394,-1.5813748836517334,-2.3289473684210527,-0.32894736842105265,1.956243929802279,False,0.23393574297188752,low,csi-pairs-v6-software-fixture,ded1ec639ff3e6fd5eba769d42db1ed36222a48af333a30a670254b30b164b74,620f300cbec1f56da4691882bc7dbe52593dc597fc62f6ae925c0f6ac72f1c6b,True,FORBIDDEN,0901433cbfe906073eae45118a1466e03afab04a766a3061a988ffe089ba4e01,9548a24a4faf5db17b5251df407b4402de033ae8648ec321c850fe6105002cf1,8128818d8ea8f5c3517d04da28955f010269df61e756429957a0a032386f6c51
17,alignment,target-b,fixture-bank-15,fixture-base-15,e23949edbfe2dbe6dc73b97687bd3eed5fbc5d7bd72ecd8b2badea6dfbfe472e,234b78d61b49dc10d04ca8d24378f3b96eae7ef419b9bbe2bb61b3933c753b5d,4,0,target-b:fixture-bank-15:p0005,-0.3969441056251526,-0.14361584186553955,0.3171771764755249,0.6596142649650574,-1.5643947124481201,1.671052631578947,-2.3289473684210527,3.008701445149427,True,0.23393574297188752,low,csi-pairs-v6-software-fixture,ded1ec639ff3e6fd5eba769d42db1ed36222a48af333a30a670254b30b164b74,620f300cbec1f56da4691882bc7dbe52593dc597fc62f6ae925c0f6ac72f1c6b,True,FORBIDDEN,0901433cbfe906073eae45118a1466e03afab04a766a3061a988ffe089ba4e01,9548a24a4faf5db17b5251df407b4402de033ae8648ec321c850fe6105002cf1,8128818d8ea8f5c3517d04da28955f010269df61e756429957a0a032386f6c51
17,alignment,target-b,fixture-bank-15,fixture-base-15,e23949edbfe2dbe6dc73b97687bd3eed5fbc5d7bd72ecd8b2badea6dfbfe472e,234b78d61b49dc10d04ca8d24378f3b96eae7ef419b9bbe2bb61b3933c753b5d,4,0,target-b:fixture-bank-15:p0006,-0.42268842458724976,-0.14101547002792358,0.31570959091186523,0.6537243127822876,-1.5780020952224731,-0.32894736842105265,1.671052631578947,1.8144911657189962,False,0.23393574297188752,low,csi-pairs-v6-software-fixture,ded1ec639ff3e6fd5eba769d42db1ed36222a48af333a30a670254b30b164b74,620f300cbec1f56da4691882bc7dbe52593dc597fc62f6ae925c0f6ac72f1c6b,True,FORBIDDEN,0901433cbfe906073eae45118a1466e03afab04a766a3061a988ffe089ba4e01,9548a24a4faf5db17b5251df407b4402de033ae8648ec321c850fe6105002cf1,8128818d8ea8f5c3517d04da28955f010269df61e756429957a0a032386f6c51
17,alignment,target-b,fixture-bank-15,fixture-base-15,e23949edbfe2dbe6dc73b97687bd3eed5fbc5d7bd72ecd8b2badea6dfbfe472e,234b78d61b49dc10d04ca8d24378f3b96eae7ef419b9bbe2bb61b3933c753b5d,4,0,target-b:fixture-bank-15:p0007,-0.4281254708766937,-0.1384199857711792,0.3177070617675781,0.6532487869262695,-1.572422742843628,2.671052631578947,-0.32894736842105265,3.105029081068317,True,0.23393574297188752,low,csi-pairs-v6-software-fixture,ded1ec639ff3e6fd5eba769d42db1ed36222a48af333a30a670254b30b164b74,620f300cbec1f56da4691882bc7dbe52593dc597fc62f6ae925c0f6ac72f1c6b,True,FORBIDDEN,0901433cbfe906073eae45118a1466e03afab04a766a3061a988ffe089ba4e01,9548a24a4faf5db17b5251df407b4402de033ae8648ec321c850fe6105002cf1,8128818d8ea8f5c3517d04da28955f010269df61e756429957a0a032386f6c51
17,alignment,target-b,fixture-bank-17,fixture-base-17,86a59d2849e34c3a9889d58bb3b67b946ca9eb639083798f219989137e7f4536,b8fec4fd063826ac29c6cc8d291ad3a1a89347817c28241565eb44269fa8c24d,4,0,target-b:fixture-bank-17:p0004,-0.3551672101020813,-0.1499035358428955,0.315602570772171,0.6618882417678833,-1.5659301280975342,-2.276315789473684,-0.27631578947368407,1.9253030727367426,False,0.24519700423314877,low,csi-pairs-v6-software-fixture,ded1ec639ff3e6fd5eba769d42db1ed36222a48af333a30a670254b30b164b74,620f300cbec1f56da4691882bc7dbe52593dc597fc62f6ae925c0f6ac72f1c6b,True,FORBIDDEN,0901433cbfe906073eae45118a1466e03afab04a766a3061a988ffe089ba4e01,9548a24a4faf5db17b5251df407b4402de033ae8648ec321c850fe6105002cf1,8128818d8ea8f5c3517d04da28955f010269df61e756429957a0a032386f6c51
17,alignment,target-b,fixture-bank-17,fixture-base-17,86a59d2849e34c3a9889d58bb3b67b946ca9eb639083798f219989137e7f4536,b8fec4fd063826ac29c6cc8d291ad3a1a89347817c28241565eb44269fa8c24d,4,0,target-b:fixture-bank-17:p0005,-0.4132876992225647,-0.14145642518997192,0.31596705317497253,0.6520736813545227,-1.5797150135040283,1.723684210526316,-2.276315789473684,3.0206412313158997,True,0.24519700423314877,low,csi-pairs-v6-software-fixture,ded1ec639ff3e6fd5eba769d42db1ed36222a48af333a30a670254b30b164b74,620f300cbec1f56da4691882bc7dbe52593dc597fc62f6ae925c0f6ac72f1c6b,True,FORBIDDEN,0901433cbfe906073eae45118a1466e03afab04a766a3061a988ffe089ba4e01,9548a24a4faf5db17b5251df407b4402de033ae8648ec321c850fe6105002cf1,8128818d8ea8f5c3517d04da28955f010269df61e756429957a0a032386f6c51
17,alignment,target-b,fixture-bank-17,fixture-base-17,86a59d2849e34c3a9889d58bb3b67b946ca9eb639083798f219989137e7f4536,b8fec4fd063826ac29c6cc8d291ad3a1a89347817c28241565eb44269fa8c24d,4,0,target-b:fixture-bank-17:p0006,-0.39615121483802795,-0.14213506877422333,0.3172198235988617,0.6620365381240845,-1.5605947971343994,1.723684210526316,-0.27631578947368407,2.124077846133954,True,0.24519700423314877,low,csi-pairs-v6-software-fixture,ded1ec639ff3e6fd5eba769d42db1ed36222a48af333a30a670254b30b164b74,620f300cbec1f56da4691882bc7dbe52593dc597fc62f6ae925c0f6ac72f1c6b,True,FORBIDDEN,0901433cbfe906073eae45118a1466e03afab04a766a3061a988ffe089ba4e01,9548a24a4faf5db17b5251df407b4402de033ae8648ec321c850fe6105002cf1,8128818d8ea8f5c3517d04da28955f010269df61e756429957a0a032386f6c51
17,alignment,target-b,fixture-bank-17,fixture-base-17,86a59d2849e34c3a9889d58bb3b67b946ca9eb639083798f219989137e7f4536,b8fec4fd063826ac29c6cc8d291ad3a1a89347817c28241565eb44269fa8c24d,4,0,target-b:fixture-bank-17:p0007,-0.39897972345352173,-0.14000572264194489,0.318452388048172,0.6600772142410278,-1.5596808195114136,-1.276315789473684,2.723684210526316,2.995069048631262,True,0.24519700423314877,low,csi-pairs-v6-software-fixture,ded1ec639ff3e6fd5eba769d42db1ed36222a48af333a30a670254b30b164b74,620f300cbec1f56da4691882bc7dbe52593dc597fc62f6ae925c0f6ac72f1c6b,True,FORBIDDEN,0901433cbfe906073eae45118a1466e03afab04a766a3061a988ffe089ba4e01,9548a24a4faf5db17b5251df407b4402de033ae8648ec321c850fe6105002cf1,8128818d8ea8f5c3517d04da28955f010269df61e756429957a0a032386f6c51
17,alignment,target-b,fixture-bank-15,fixture-base-15,e23949edbfe2dbe6dc73b97687bd3eed5fbc5d7bd72ecd8b2badea6dfbfe472e,234b78d61b49dc10d04ca8d24378f3b96eae7ef419b9bbe2bb61b3933c753b5d,2,1,target-b:fixture-bank-15:p0004,-0.3833944499492645,-0.1422235518693924,0.3147886097431183,0.6608336567878723,-1.570107102394104,-2.3289473684210527,-0.32894736842105265,1.9544927582986105,False,0.23393574297188752,low,csi-pairs-v6-software-fixture,ded1ec639ff3e6fd5eba769d42db1ed36222a48af333a30a670254b30b164b74,620f300cbec1f56da4691882bc7dbe52593dc597fc62f6ae925c0f6ac72f1c6b,True,FORBIDDEN,0901433cbfe906073eae45118a1466e03afab04a766a3061a988ffe089ba4e01,9548a24a4faf5db17b5251df407b4402de033ae8648ec321c850fe6105002cf1,8128818d8ea8f5c3517d04da28955f010269df61e756429957a0a032386f6c51
17,alignment,target-b,fixture-bank-15,fixture-base-15,e23949edbfe2dbe6dc73b97687bd3eed5fbc5d7bd72ecd8b2badea6dfbfe472e,234b78d61b49dc10d04ca8d24378f3b96eae7ef419b9bbe2bb61b3933c753b5d,2,1,target-b:fixture-bank-15:p0005,-0.39751601219177246,-0.13673268258571625,0.31794655323028564,0.6634204983711243,-1.5562182664871216,1.671052631578947,-2.3289473684210527,3.0140971223209707,True,0.23393574297188752,low,csi-pairs-v6-software-fixture,ded1ec639ff3e6fd5eba769d42db1ed36222a48af333a30a670254b30b164b74,620f300cbec1f56da4691882bc7dbe52593dc597fc62f6ae925c0f6ac72f1c6b,True,FORBIDDEN,0901433cbfe906073eae45118a1466e03afab04a766a3061a988ffe089ba4e01,9548a24a4faf5db17b5251df407b4402de033ae8648ec321c850fe6105002cf1,8128818d8ea8f5c3517d04da28955f010269df61e756429957a0a032386f6c51
17,alignment,target-b,fixture-bank-15,fixture-base-15,e23949edbfe2dbe6dc73b97687bd3eed5fbc5d7bd72ecd8b2badea6dfbfe472e,234b78d61b49dc10d04ca8d24378f3b96eae7ef419b9bbe2bb61b3933c753b5d,2,1,target-b:fixture-bank-15:p0006,-0.42479854822158813,-0.13357821106910706,0.31681957840919495,0.6577082276344299,-1.5684165954589844,-0.32894736842105265,1.671052631578947,1.8071745701248065,False,0.23393574297188752,low,csi-pairs-v6-software-fixture,ded1ec639ff3e6fd5eba769d42db1ed36222a48af333a30a670254b30b164b74,620f300cbec1f56da4691882bc7dbe52593dc597fc62f6ae925c0f6ac72f1c6b,True,FORBIDDEN,0901433cbfe906073eae45118a1466e03afab04a766a3061a988ffe089ba4e01,9548a24a4faf5db17b5251df407b4402de033ae8648ec321c850fe6105002cf1,8128818d8ea8f5c3517d04da28955f010269df61e756429957a0a032386f6c51
17,alignment,target-b,fixture-bank-15,fixture-base-15,e23949edbfe2dbe6dc73b97687bd3eed5fbc5d7bd72ecd8b2badea6dfbfe472e,234b78d61b49dc10d04ca8d24378f3b96eae7ef419b9bbe2bb61b3933c753b5d,2,1,target-b:fixture-bank-15:p0007,-0.42996540665626526,-0.13091813027858734,0.3188904821872711,0.657475471496582,-1.5622553825378418,2.671052631578947,-0.32894736842105265,3.1073346219259115,True,0.23393574297188752,low,csi-pairs-v6-software-fixture,ded1ec639ff3e6fd5eba769d42db1ed36222a48af333a30a670254b30b164b74,620f300cbec1f56da4691882bc7dbe52593dc597fc62f6ae925c0f6ac72f1c6b,True,FORBIDDEN,0901433cbfe906073eae45118a1466e03afab04a766a3061a988ffe089ba4e01,9548a24a4faf5db17b5251df407b4402de033ae8648ec321c850fe6105002cf1,8128818d8ea8f5c3517d04da28955f010269df61e756429957a0a032386f6c51
17,alignment,target-b,fixture-bank-17,fixture-base-17,86a59d2849e34c3a9889d58bb3b67b946ca9eb639083798f219989137e7f4536,b8fec4fd063826ac29c6cc8d291ad3a1a89347817c28241565eb44269fa8c24d,2,1,target-b:fixture-bank-17:p0004,-0.3557721972465515,-0.1427667737007141,0.3162325918674469,0.6656640768051147,-1.558247447013855,-2.276315789473684,-0.27631578947368407,1.925181297763571,False,0.24519700423314877,low,csi-pairs-v6-software-fixture,ded1ec639ff3e6fd5eba769d42db1ed36222a48af333a30a670254b30b164b74,620f300cbec1f56da4691882bc7dbe52593dc597fc62f6ae925c0f6ac72f1c6b,True,FORBIDDEN,0901433cbfe906073eae45118a1466e03afab04a766a3061a988ffe089ba4e01,9548a24a4faf5db17b5251df407b4402de033ae8648ec321c850fe6105002cf1,8128818d8ea8f5c3517d04da28955f010269df61e756429957a0a032386f6c51
17,alignment,target-b,fixture-bank-17,fixture-base-17,86a59d2849e34c3a9889d58bb3b67b946ca9eb639083798f219989137e7f4536,b8fec4fd063826ac29c6cc8d291ad3a1a89347817c28241565eb44269fa8c24d,2,1,target-b:fixture-bank-17:p0005,-0.4150571823120117,-0.13385456800460815,0.31704849004745483,0.6561909914016724,-1.5700039863586426,1.723684210526316,-2.276315789473684,3.027268542917657,True,0.24519700423314877,low,csi-pairs-v6-software-fixture,ded1ec639ff3e6fd5eba769d42db1ed36222a48af333a30a670254b30b164b74,620f300cbec1f56da4691882bc7dbe52593dc597fc62f6ae925c0f6ac72f1c6b,True,FORBIDDEN,0901433cbfe906073eae45118a1466e03afab04a766a3061a988ffe089ba4e01,9548a24a4faf5db17b5251df407b4402de033ae8648ec321c850fe6105002cf1,8128818d8ea8f5c3517d04da28955f010269df61e756429957a0a032386f6c51
17,alignment,target-b,fixture-bank-17,fixture-base-17,86a59d2849e34c3a9889d58bb3b67b946ca9eb639083798f219989137e7f4536,b8fec4fd063826ac29c6cc8d291ad3a1a89347817c28241565eb44269fa8c24d,2,1,target-b:fixture-bank-17:p0006,-0.3957163691520691,-0.13654182851314545,0.31765875220298767,0.6647360324859619,-1.555142879486084,1.723684210526316,-0.27631578947368407,2.1240046085881437,True,0.24519700423314877,low,csi-pairs-v6-software-fixture,ded1ec639ff3e6fd5eba769d42db1ed36222a48af333a30a670254b30b164b74,620f300cbec1f56da4691882bc7dbe52593dc597fc62f6ae925c0f6ac72f1c6b,True,FORBIDDEN,0901433cbfe906073eae45118a1466e03afab04a766a3061a988ffe089ba4e01,9548a24a4faf5db17b5251df407b4402de033ae8648ec321c850fe6105002cf1,8128818d8ea8f5c3517d04da28955f010269df61e756429957a0a032386f6c51
17,alignment,target-b,fixture-bank-17,fixture-base-17,86a59d2849e34c3a9889d58bb3b67b946ca9eb639083798f219989137e7f4536,b8fec4fd063826ac29c6cc8d291ad3a1a89347817c28241565eb44269fa8c24d,2,1,target-b:fixture-bank-17:p0007,-0.3988470733165741,-0.1339598000049591,0.3190712630748749,0.6632927060127258,-1.5528796911239624,-1.276315789473684,2.723684210526316,2.9893277904505013,True,0.24519700423314877,low,csi-pairs-v6-software-fixture,ded1ec639ff3e6fd5eba769d42db1ed36222a48af333a30a670254b30b164b74,620f300cbec1f56da4691882bc7dbe52593dc597fc62f6ae925c0f6ac72f1c6b,True,FORBIDDEN,0901433cbfe906073eae45118a1466e03afab04a766a3061a988ffe089ba4e01,9548a24a4faf5db17b5251df407b4402de033ae8648ec321c850fe6105002cf1,8128818d8ea8f5c3517d04da28955f010269df61e756429957a0a032386f6c51
17,alignment,target-b,fixture-bank-15,fixture-base-15,e23949edbfe2dbe6dc73b97687bd3eed5fbc5d7bd72ecd8b2badea6dfbfe472e,234b78d61b49dc10d04ca8d24378f3b96eae7ef419b9bbe2bb61b3933c753b5d,4,1,target-b:fixture-bank-15:p0004,-0.3954949975013733,-0.14979051053524017,0.31831759214401245,0.6616188287734985,-1.5577713251113892,-2.3289473684210527,-0.32894736842105265,1.941735113330973,False,0.23393574297188752,low,csi-pairs-v6-software-fixture,ded1ec639ff3e6fd5eba769d42db1ed36222a48af333a30a670254b30b164b74,620f300cbec1f56da4691882bc7dbe52593dc597fc62f6ae925c0f6ac72f1c6b,True,FORBIDDEN,0901433cbfe906073eae45118a1466e03afab04a766a3061a988ffe089ba4e01,9548a24a4faf5db17b5251df407b4402de033ae8648ec321c850fe6105002cf1,8128818d8ea8f5c3517d04da28955f010269df61e756429957a0a032386f6c51
17,alignment,target-b,fixture-bank-15,fixture-base-15,e23949edbfe2dbe6dc73b97687bd3eed5fbc5d7bd72ecd8b2badea6dfbfe472e,234b78d61b49dc10d04ca8d24378f3b96eae7ef419b9bbe2bb61b3933c753b5d,4,1,target-b:fixture-bank-15:p0005,-0.40585941076278687,-0.14169521629810333,0.3204510509967804,0.6636015772819519,-1.5480990409851074,1.671052631578947,-2.3289473684210527,3.0162287062805078,True,0.23393574297188752,low,csi-pairs-v6-software-fixture,ded1ec639ff3e6fd5eba769d42db1ed36222a48af333a30a670254b30b164b74,620f300cbec1f56da4691882bc7dbe52593dc597fc62f6ae925c0f6ac72f1c6b,True,FORBIDDEN,0901433cbfe906073eae45118a1466e03afab04a766a3061a988ffe089ba4e01,9548a24a4faf5db17b5251df407b4402de033ae8648ec321c850fe6105002cf1,8128818d8ea8f5c3517d04da28955f010269df61e756429957a0a032386f6c51
17,alignment,target-b,fixture-bank-15,fixture-base-15,e23949edbfe2dbe6dc73b97687bd3eed5fbc5d7bd72ecd8b2badea6dfbfe472e,234b78d61b49dc10d04ca8d24378f3b96eae7ef419b9bbe2bb61b3933c753b5d,4,1,target-b:fixture-bank-15:p0006,-0.4304070472717285,-0.13829398155212402,0.3186141848564148,0.6575641632080078,-1.5629873275756836,-0.32894736842105265,1.671052631578947,1.8121890720565996,False,0.23393574297188752,low,csi-pairs-v6-software-fixture,ded1ec639ff3e6fd5eba769d42db1ed36222a48af333a30a670254b30b164b74,620f300cbec1f56da4691882bc7dbe52593dc597fc62f6ae925c0f6ac72f1c6b,True,FORBIDDEN,0901433cbfe906073eae45118a1466e03afab04a766a3061a988ffe089ba4e01,9548a24a4faf5db17b5251df407b4402de033ae8648ec321c850fe6105002cf1,8128818d8ea8f5c3517d04da28955f010269df61e756429957a0a032386f6c51
17,alignment,target-b,fixture-bank-15,fixture-base-15,e23949edbfe2dbe6dc73b97687bd3eed5fbc5d7bd72ecd8b2badea6dfbfe472e,234b78d61b49dc10d04ca8d24378f3b96eae7ef419b9bbe2bb61b3933c753b5d,4,1,target-b:fixture-bank-15:p0007,-0.4359663724899292,-0.13556990027427673,0.3207850456237793,0.6573741436004639,-1.556485891342163,2.671052631578947,-0.32894736842105265,3.11303098873622,True,0.23393574297188752,low,csi-pairs-v6-software-fixture,ded1ec639ff3e6fd5eba769d42db1ed36222a48af333a30a670254b30b164b74,620f300cbec1f56da4691882bc7dbe52593dc597fc62f6ae925c0f6ac72f1c6b,True,FORBIDDEN,0901433cbfe906073eae45118a1466e03afab04a766a3061a988ffe089ba4e01,9548a24a4faf5db17b5251df407b4402de033ae8648ec321c850fe6105002cf1,8128818d8ea8f5c3517d04da28955f010269df61e756429957a0a032386f6c51
17,alignment,target-b,fixture-bank-17,fixture-base-17,86a59d2849e34c3a9889d58bb3b67b946ca9eb639083798f219989137e7f4536,b8fec4fd063826ac29c6cc8d291ad3a1a89347817c28241565eb44269fa8c24d,4,1,target-b:fixture-bank-17:p0004,-0.36778998374938965,-0.1493469923734665,0.3195262849330902,0.6662307381629944,-1.5470349788665771,-2.276315789473684,-0.27631578947368407,1.9127445795381681,False,0.24519700423314877,low,csi-pairs-v6-software-fixture,ded1ec639ff3e6fd5eba769d42db1ed36222a48af333a30a670254b30b164b74,620f300cbec1f56da4691882bc7dbe52593dc597fc62f6ae925c0f6ac72f1c6b,True,FORBIDDEN,0901433cbfe906073eae45118a1466e03afab04a766a3061a988ffe089ba4e01,9548a24a4faf5db17b5251df407b4402de033ae8648ec321c850fe6105002cf1,8128818d8ea8f5c3517d04da28955f010269df61e756429957a0a032386f6c51
17,alignment,target-b,fixture-bank-17,fixture-base-17,86a59d2849e34c3a9889d58bb3b67b946ca9eb639083798f219989137e7f4536,b8fec4fd063826ac29c6cc8d291ad3a1a89347817c28241565eb44269fa8c24d,4,1,target-b:fixture-bank-17:p0005,-0.4219381809234619,-0.13878878951072693,0.31915414333343506,0.656211256980896,-1.5633536577224731,1.723684210526316,-2.276315789473684,3.0286493891273225,True,0.24519700423314877,low,csi-pairs-v6-software-fixture,ded1ec639ff3e6fd5eba769d42db1ed36222a48af333a30a670254b30b164b74,620f300cbec1f56da4691882bc7dbe52593dc597fc62f6ae925c0f6ac72f1c6b,True,FORBIDDEN,0901433cbfe906073eae45118a1466e03afab04a766a3061a988ffe089ba4e01,9548a24a4faf5db17b5251df407b4402de033ae8648ec321c850fe6105002cf1,8128818d8ea8f5c3517d04da28955f010269df61e756429957a0a032386f6c51
17,alignment,target-b,fixture-bank-17,fixture-base-17,86a59d2849e34c3a9889d58bb3b67b946ca9eb639083798f219989137e7f4536,b8fec4fd063826ac29c6cc8d291ad3a1a89347817c28241565eb44269fa8c24d,4,1,target-b:fixture-bank-17:p0006,-0.40162545442581177,-0.14027829468250275,0.3195144236087799,0.6644177436828613,-1.5497970581054688,1.723684210526316,-0.27631578947368407,2.1296589801956523,True,0.24519700423314877,low,csi-pairs-v6-software-fixture,ded1ec639ff3e6fd5eba769d42db1ed36222a48af333a30a670254b30b164b74,620f300cbec1f56da4691882bc7dbe52593dc597fc62f6ae925c0f6ac72f1c6b,True,FORBIDDEN,0901433cbfe906073eae45118a1466e03afab04a766a3061a988ffe089ba4e01,9548a24a4faf5db17b5251df407b4402de033ae8648ec321c850fe6105002cf1,8128818d8ea8f5c3517d04da28955f010269df61e756429957a0a032386f6c51
17,alignment,target-b,fixture-bank-17,fixture-base-17,86a59d2849e34c3a9889d58bb3b67b946ca9eb639083798f219989137e7f4536,b8fec4fd063826ac29c6cc8d291ad3a1a89347817c28241565eb44269fa8c24d,4,1,target-b:fixture-bank-17:p0007,-0.40566039085388184,-0.13804669678211212,0.32116594910621643,0.6631189584732056,-1.546598196029663,-1.276315789473684,2.723684210526316,2.9912446588318593,True,0.24519700423314877,low,csi-pairs-v6-software-fixture,ded1ec639ff3e6fd5eba769d42db1ed36222a48af333a30a670254b30b164b74,620f300cbec1f56da4691882bc7dbe52593dc597fc62f6ae925c0f6ac72f1c6b,True,FORBIDDEN,0901433cbfe906073eae45118a1466e03afab04a766a3061a988ffe089ba4e01,9548a24a4faf5db17b5251df407b4402de033ae8648ec321c850fe6105002cf1,8128818d8ea8f5c3517d04da28955f010269df61e756429957a0a032386f6c51
17,response,target-a,fixture-bank-14,fixture-base-14,86a59d2849e34c3a9889d58bb3b67b946ca9eb639083798f219989137e7f4536,d3ac0ba45cb8ca4a3062283c82745f423da87b60b62b7768857a4ffa9f3e71be,0,0,target-a:fixture-bank-14:p0004,-0.37011778354644775,-0.12862730026245117,0.31197136640548706,0.6463420391082764,-1.601270318031311,0.6447368421052628,-1.3552631578947367,1.592031858486496,False,0.25,low,csi-pairs-v6-software-fixture,ded1ec639ff3e6fd5eba769d42db1ed36222a48af333a30a670254b30b164b74,620f300cbec1f56da4691882bc7dbe52593dc597fc62f6ae925c0f6ac72f1c6b,True,FORBIDDEN,0901433cbfe906073eae45118a1466e03afab04a766a3061a988ffe089ba4e01,9548a24a4faf5db17b5251df407b4402de033ae8648ec321c850fe6105002cf1,8128818d8ea8f5c3517d04da28955f010269df61e756429957a0a032386f6c51
17,response,target-a,fixture-bank-14,fixture-base-14,86a59d2849e34c3a9889d58bb3b67b946ca9eb639083798f219989137e7f4536,d3ac0ba45cb8ca4a3062283c82745f423da87b60b62b7768857a4ffa9f3e71be,0,0,target-a:fixture-bank-14:p0005,-0.36607202887535095,-0.13027185201644897,0.31180042028427124,0.6470949053764343,-1.6006542444229126,-1.3552631578947367,0.6447368421052628,1.256637404224022,False,0.25,low,csi-pairs-v6-software-fixture,ded1ec639ff3e6fd5eba769d42db1ed36222a48af333a30a670254b30b164b74,620f300cbec1f56da4691882bc7dbe52593dc597fc62f6ae925c0f6ac72f1c6b,True,FORBIDDEN,0901433cbfe906073eae45118a1466e03afab04a766a3061a988ffe089ba4e01,9548a24a4faf5db17b5251df407b4402de033ae8648ec321c850fe6105002cf1,8128818d8ea8f5c3517d04da28955f010269df61e756429957a0a032386f6c51
17,response,target-a,fixture-bank-14,fixture-base-14,86a59d2849e34c3a9889d58bb3b67b946ca9eb639083798f219989137e7f4536,d3ac0ba45cb8ca4a3062283c82745f423da87b60b62b7768857a4ffa9f3e71be,0,0,target-a:fixture-bank-14:p0006,-0.3714050054550171,-0.13106748461723328,0.3105469048023224,0.6415736079216003,-1.6132516860961914,1.6447368421052628,-0.3552631578947367,2.028568867305257,True,0.25,low,csi-pairs-v6-software-fixture,ded1ec639ff3e6fd5eba769d42db1ed36222a48af333a30a670254b30b164b74,620f300cbec1f56da4691882bc7dbe52593dc597fc62f6ae925c0f6ac72f1c6b,True,FORBIDDEN,0901433cbfe906073eae45118a1466e03afab04a766a3061a988ffe089ba4e01,9548a24a4faf5db17b5251df407b4402de033ae8648ec321c850fe6105002cf1,8128818d8ea8f5c3517d04da28955f010269df61e756429957a0a032386f6c51
17,response,target-a,fixture-bank-14,fixture-base-14,86a59d2849e34c3a9889d58bb3b67b946ca9eb639083798f219989137e7f4536,d3ac0ba45cb8ca4a3062283c82745f423da87b60b62b7768857a4ffa9f3e71be,0,0,target-a:fixture-bank-14:p0007,-0.3759085237979889,-0.13565921783447266,0.30906063318252563,0.6416499614715576,-1.6179301738739014,-1.3552631578947367,2.644736842105263,2.9478361130590653,True,0.25,low,csi-pairs-v6-software-fixture,ded1ec639ff3e6fd5eba769d42db1ed36222a48af333a30a670254b30b164b74,620f300cbec1f56da4691882bc7dbe52593dc597fc62f6ae925c0f6ac72f1c6b,True,FORBIDDEN,0901433cbfe906073eae45118a1466e03afab04a766a3061a988ffe089ba4e01,9548a24a4faf5db17b5251df407b4402de033ae8648ec321c850fe6105002cf1,8128818d8ea8f5c3517d04da28955f010269df61e756429957a0a032386f6c51
17,response,target-a,fixture-bank-16,fixture-base-16,e23949edbfe2dbe6dc73b97687bd3eed5fbc5d7bd72ecd8b2badea6dfbfe472e,2b37638d300a790f3426572fa00b7bf61aa934746cb588d9fb5347ccf44b354c,0,0,target-a:fixture-bank-16:p0004,-0.35786759853363037,-0.13287241756916046,0.3105461895465851,0.64717036485672,-1.604568362236023,0.6973684210526319,-1.3026315789473681,1.5753918727289749,False,0.26126126126126126,low,csi-pairs-v6-software-fixture,ded1ec639ff3e6fd5eba769d42db1ed36222a48af333a30a670254b30b164b74,620f300cbec1f56da4691882bc7dbe52593dc597fc62f6ae925c0f6ac72f1c6b,True,FORBIDDEN,0901433cbfe906073eae45118a1466e03afab04a766a3061a988ffe089ba4e01,9548a24a4faf5db17b5251df407b4402de033ae8648ec321c850fe6105002cf1,8128818d8ea8f5c3517d04da28955f010269df61e756429957a0a032386f6c51
17,response,target-a,fixture-bank-16,fixture-base-16,e23949edbfe2dbe6dc73b97687bd3eed5fbc5d7bd72ecd8b2badea6dfbfe472e,2b37638d300a790f3426572fa00b7bf61aa934746cb588d9fb5347ccf44b354c,0,0,target-a:fixture-bank-16:p0005,-0.38560426235198975,-0.12764443457126617,0.31235554814338684,0.6451414823532104,-1.6018987894058228,-1.3026315789473681,0.6973684210526319,1.2335255616835912,False,0.26126126126126126,low,csi-pairs-v6-software-fixture,ded1ec639ff3e6fd5eba769d42db1ed36222a48af333a30a670254b30b164b74,620f300cbec1f56da4691882bc7dbe52593dc597fc62f6ae925c0f6ac72f1c6b,True,FORBIDDEN,0901433cbfe906073eae45118a1466e03afab04a766a3061a988ffe089ba4e01,9548a24a4faf5db17b5251df407b4402de033ae8648ec321c850fe6105002cf1,8128818d8ea8f5c3517d04da28955f010269df61e756429957a0a032386f6c51
17,response,target-a,fixture-bank-16,fixture-base-16,e23949edbfe2dbe6dc73b97687bd3eed5fbc5d7bd72ecd8b2badea6dfbfe472e,2b37638d300a790f3426572fa00b7bf61aa934746cb588d9fb5347ccf44b354c,0,0,target-a:fixture-bank-16:p0006,-0.3741629123687744,-0.1416867971420288,0.30641794204711914,0.6325777769088745,-1.640757441520691,1.6973684210526319,-0.30263157894736814,2.077774118651264,True,0.26126126126126126,low,csi-pairs-v6-software-fixture,ded1ec639ff3e6fd5eba769d42db1ed36222a48af333a30a670254b30b164b74,620f300cbec1f56da4691882bc7dbe52593dc597fc62f6ae925c0f6ac72f1c6b,True,FORBIDDEN,0901433cbfe906073eae45118a1466e03afab04a766a3061a988ffe089ba4e01,9548a24a4faf5db17b5251df407b4402de033ae8648ec321c850fe6105002cf1,8128818d8ea8f5c3517d04da28955f010269df61e756429957a0a032386f6c51
17,response,target-a,fixture-bank-16,fixture-base-16,e23949edbfe2dbe6dc73b97687bd3eed5fbc5d7bd72ecd8b2badea6dfbfe472e,2b37638d300a790f3426572fa00b7bf61aa934746cb588d9fb5347ccf44b354c,0,0,target-a:fixture-bank-16:p0007,-0.363688200712204,-0.13524694740772247,0.30996280908584595,0.6416348814964294,-1.6150387525558472,-0.30263157894736814,1.6973684210526319,1.8336321877024342,False,0.26126126126126126,low,csi-pairs-v6-software-fixture,ded1ec639ff3e6fd5eba769d42db1ed36222a48af333a30a670254b30b164b74,620f300cbec1f56da4691882bc7dbe52593dc597fc62f6ae925c0f6ac72f1c6b,True,FORBIDDEN,0901433cbfe906073eae45118a1466e03afab04a766a3061a988ffe089ba4e01,9548a24a4faf5db17b5251df407b4402de033ae8648ec321c850fe6105002cf1,8128818d8ea8f5c3517d04da28955f010269df61e756429957a0a032386f6c51
17,response,target-a,fixture-bank-14,fixture-base-14,86a59d2849e34c3a9889d58bb3b67b946ca9eb639083798f219989137e7f4536,d3ac0ba45cb8ca4a3062283c82745f423da87b60b62b7768857a4ffa9f3e71be,2,0,target-a:fixture-bank-14:p0004,-0.32378125190734863,-0.11737996339797974,0.31465426087379456,0.6324002742767334,-1.614513635635376,0.6447368421052628,-1.3552631578947367,1.5717449225772346,False,0.25,low,csi-pairs-v6-software-fixture,ded1ec639ff3e6fd5eba769d42db1ed36222a48af333a30a670254b30b164b74,620f300cbec1f56da4691882bc7dbe52593dc597fc62f6ae925c0f6ac72f1c6b,True,FORBIDDEN,0901433cbfe906073eae45118a1466e03afab04a766a3061a988ffe089ba4e01,9548a24a4faf5db17b5251df407b4402de033ae8648ec321c850fe6105002cf1,8128818d8ea8f5c3517d04da28955f010269df61e756429957a0a032386f6c51
17,response,target-a,fixture-bank-14,fixture-base-14,86a59d2849e34c3a9889d58bb3b67b946ca9eb639083798f219989137e7f4536,d3ac0ba45cb8ca4a3062283c82745f423da87b60b62b7768857a4ffa9f3e71be,2,0,target-a:fixture-bank-14:p0005,-0.319690078496933,-0.11949492990970612,0.31438496708869934,0.6333244442939758,-1.6139094829559326,-1.3552631578947367,0.6447368421052628,1.2870360539357821,False,0.25,low,csi-pairs-v6-software-fixture,ded1ec639ff3e6fd5eba769d42db1ed36222a48af333a30a670254b30b164b74,620f300cbec1f56da4691882bc7dbe52593dc597fc62f6ae925c0f6ac72f1c6b,True,FORBIDDEN,0901433cbfe906073eae45118a1466e03afab04a766a3061a988ffe089ba4e01,9548a24a4faf5db17b5251df407b4402de033ae8648ec321c850fe6105002cf1,8128818d8ea8f5c3517d04da28955f010269df61e756429957a0a032386f6c51
17,response,target-a,fixture-bank-14,fixture-base-14,86a59d2849e34c3a9889d58bb3b67b946ca9eb639083798f219989137e7f4536,d3ac0ba45cb8ca4a3062283c82745f423da87b60b62b7768857a4ffa9f3e71be,2,0,target-a:fixture-bank-14:p0006,-0.3247327506542206,-0.11960112303495407,0.3134077191352844,0.6276330351829529,-1.6260499954223633,1.6447368421052628,-0.3552631578947367,1.983518860882966,False,0.25,low,csi-pairs-v6-software-fixture,ded1ec639ff3e6fd5eba769d42db1ed36222a48af333a30a670254b30b164b74,620f300cbec1f56da4691882bc7dbe52593dc597fc62f6ae925c0f6ac72f1c6b,True,FORBIDDEN,0901433cbfe906073eae45118a1466e03afab04a766a3061a988ffe089ba4e01,9548a24a4faf5db17b5251df407b4402de033ae8648ec321c850fe6105002cf1,8128818d8ea8f5c3517d04da28955f010269df61e756429957a0a032386f6c51
17,response,target-a,fixture-bank-14,fixture-base-14,86a59d2849e34c3a9889d58bb3b67b946ca9eb639083798f219989137e7f4536,d3ac0ba45cb8ca4a3062283c82745f423da87b60b62b7768857a4ffa9f3e71be,2,0,target-a:fixture-bank-14:p0007,-0.3305708169937134,-0.12360522896051407,0.312042772769928,0.6276511549949646,-1.6303857564926147,-1.3552631578947367,2.644736842105263,2.9518997638696973,True,0.25,low,csi-pairs-v6-software-fixture,ded1ec639ff3e6fd5eba769d42db1ed36222a48af333a30a670254b30b164b74,620f300cbec1f56da4691882bc7dbe52593dc597fc62f6ae925c0f6ac72f1c6b,True,FORBIDDEN,0901433cbfe906073eae45118a1466e03afab04a766a3061a988ffe089ba4e01,9548a24a4faf5db17b5251df407b4402de033ae8648ec321c850fe6105002cf1,8128818d8ea8f5c3517d04da28955f010269df61e756429957a0a032386f6c51
17,response,target-a,fixture-bank-16,fixture-base-16,e23949edbfe2dbe6dc73b97687bd3eed5fbc5d7bd72ecd8b2badea6dfbfe472e,2b37638d300a790f3426572fa00b7bf61aa934746cb588d9fb5347ccf44b354c,2,0,target-a:fixture-bank-16:p0004,-0.3133525252342224,-0.12236520648002625,0.3131861090660095,0.6336971521377563,-1.617141842842102,0.6973684210526319,-1.3026315789473681,1.5538936711500606,False,0.26126126126126126,low,csi-pairs-v6-software-fixture,ded1ec639ff3e6fd5eba769d42db1ed36222a48af333a30a670254b30b164b74,620f300cbec1f56da4691882bc7dbe52593dc597fc62f6ae925c0f6ac72f1c6b,True,FORBIDDEN,0901433cbfe906073eae45118a1466e03afab04a766a3061a988ffe089ba4e01,9548a24a4faf5db17b5251df407b4402de033ae8648ec321c850fe6105002cf1,8128818d8ea8f5c3517d04da28955f010269df61e756429957a0a032386f6c51
17,response,target-a,fixture-bank-16,fixture-base-16,e23949edbfe2dbe6dc73b97687bd3eed5fbc5d7bd72ecd8b2badea6dfbfe472e,2b37638d300a790f3426572fa00b7bf61aa934746cb588d9fb5347ccf44b354c,2,0,target-a:fixture-bank-16:p0005,-0.3380569517612457,-0.11542679369449615,0.31517839431762695,0.6307286620140076,-1.615496039390564,-1.3026315789473681,0.6973684210526319,1.2613644487328304,False,0.26126126126126126,low,csi-pairs-v6-software-fixture,ded1ec639ff3e6fd5eba769d42db1ed36222a48af333a30a670254b30b164b74,620f300cbec1f56da4691882bc7dbe52593dc597fc62f6ae925c0f6ac72f1c6b,True,FORBIDDEN,0901433cbfe906073eae45118a1466e03afab04a766a3061a988ffe089ba4e01,9548a24a4faf5db17b5251df407b4402de033ae8648ec321c850fe6105002cf1,8128818d8ea8f5c3517d04da28955f010269df61e756429957a0a032386f6c51
17,response,target-a,fixture-bank-16,fixture-base-16,e23949edbfe2dbe6dc73b97687bd3eed5fbc5d7bd72ecd8b2badea6dfbfe472e,2b37638d300a790f3426572fa00b7bf61aa934746cb588d9fb5347ccf44b354c,2,0,target-a:fixture-bank-16:p0006,-0.32633906602859497,-0.1292552351951599,0.3096840977668762,0.6182922720909119,-1.65299654006958,1.6973684210526319,-0.30263157894736814,2.031120712769553,True,0.26126126126126126,low,csi-pairs-v6-software-fixture,ded1ec639ff3e6fd5eba769d42db1ed36222a48af333a30a670254b30b164b74,620f300cbec1f56da4691882bc7dbe52593dc597fc62f6ae925c0f6ac72f1c6b,True,FORBIDDEN,0901433cbfe906073eae45118a1466e03afab04a766a3061a988ffe089ba4e01,9548a24a4faf5db17b5251df407b4402de033ae8648ec321c850fe6105002cf1,8128818d8ea8f5c3517d04da28955f010269df61e756429957a0a032386f6c51
17,response,target-a,fixture-bank-16,fixture-base-16,e23949edbfe2dbe6dc73b97687bd3eed5fbc5d7bd72ecd8b2badea6dfbfe472e,2b37638d300a790f3426572fa00b7bf61aa934746cb588d9fb5347ccf44b354c,2,0,target-a:fixture-bank-16:p0007,-0.31728267669677734,-0.12448956072330475,0.3126867711544037,0.627780556678772,-1.6281179189682007,-0.30263157894736814,1.6973684210526319,1.8219168917450521,False,0.26126126126126126,low,csi-pairs-v6-software-fixture,ded1ec639ff3e6fd5eba769d42db1ed36222a48af333a30a670254b30b164b74,620f300cbec1f56da4691882bc7dbe52593dc597fc62f6ae925c0f6ac72f1c6b,True,FORBIDDEN,0901433cbfe906073eae45118a1466e03afab04a766a3061a988ffe089ba4e01,9548a24a4faf5db17b5251df407b4402de033ae8648ec321c850fe6105002cf1,8128818d8ea8f5c3517d04da28955f010269df61e756429957a0a032386f6c51
17,response,target-a,fixture-bank-14,fixture-base-14,86a59d2849e34c3a9889d58bb3b67b946ca9eb639083798f219989137e7f4536,d3ac0ba45cb8ca4a3062283c82745f423da87b60b62b7768857a4ffa9f3e71be,4,0,target-a:fixture-bank-14:p0004,-0.3918724060058594,-0.09714135527610779,0.32543519139289856,0.66178297996521,-1.5354095697402954,0.6447368421052628,-1.3552631578947367,1.6301623242775103,False,0.25,low,csi-pairs-v6-software-fixture,ded1ec639ff3e6fd5eba769d42db1ed36222a48af333a30a670254b30b164b74,620f300cbec1f56da4691882bc7dbe52593dc597fc62f6ae925c0f6ac72f1c6b,True,FORBIDDEN,0901433cbfe906073eae45118a1466e03afab04a766a3061a988ffe089ba4e01,9548a24a4faf5db17b5251df407b4402de033ae8648ec321c850fe6105002cf1,8128818d8ea8f5c3517d04da28955f010269df61e756429957a0a032386f6c51
17,response,target-a,fixture-bank-14,fixture-base-14,86a59d2849e34c3a9889d58bb3b67b946ca9eb639083798f219989137e7f4536,d3ac0ba45cb8ca4a3062283c82745f423da87b60b62b7768857a4ffa9f3e71be,4,0,target-a:fixture-bank-14:p0005,-0.3866320550441742,-0.0992872416973114,0.3249015510082245,0.6621560454368591,-1.536487102508545,-1.3552631578947367,0.6447368421052628,1.221400037124511,False,0.25,low,csi-pairs-v6-software-fixture,ded1ec639ff3e6fd5eba769d42db1ed36222a48af333a30a670254b30b164b74,620f300cbec1f56da4691882bc7dbe52593dc597fc62f6ae925c0f6ac72f1c6b,True,FORBIDDEN,0901433cbfe906073eae45118a1466e03afab04a766a3061a988ffe089ba4e01,9548a24a4faf5db17b5251df407b4402de033ae8648ec321c850fe6105002cf1,8128818d8ea8f5c3517d04da28955f010269df61e756429957a0a032386f6c51
17,response,target-a,fixture-bank-14,fixture-base-14,86a59d2849e34c3a9889d58bb3b67b946ca9eb639083798f219989137e7f4536,d3ac0ba45cb8ca4a3062283c82745f423da87b60b62b7768857a4ffa9f3e71be,4,0,target-a:fixture-bank-14:p0006,-0.3951152563095093,-0.09849131852388382,0.3246704936027527,0.6574958562850952,-1.5442612171173096,1.6447368421052628,-0.3552631578947367,2.055949503490064,True,0.25,low,csi-pairs-v6-software-fixture,ded1ec639ff3e6fd5eba769d42db1ed36222a48af333a30a670254b30b164b74,620f300cbec1f56da4691882bc7dbe52593dc597fc62f6ae925c0f6ac72f1c6b,True,FORBIDDEN,0901433cbfe906073eae45118a1466e03afab04a766a3061a988ffe089ba4e01,9548a24a4faf5db17b5251df407b4402de033ae8648ec321c850fe6105002cf1,8128818d8ea8f5c3517d04da28955f010269df61e756429957a0a032386f6c51
17,response,target-a,fixture-bank-14,fixture-base-14,86a59d2849e34c3a9889d58bb3b67b946ca9eb639083798f219989137e7f4536,d3ac0ba45cb8ca4a3062283c82745f423da87b60b62b7768857a4ffa9f3e71be,4,0,target-a:fixture-bank-14:p0007,-0.4005490243434906,-0.10361650586128235,0.32334086298942566,0.6579000353813171,-1.547750473022461,-1.3552631578947367,2.644736842105263,2.90945445093774,True,0.25,low,csi-pairs-v6-software-fixture,ded1ec639ff3e6fd5eba769d42db1ed36222a48af333a30a670254b30b164b74,620f300cbec1f56da4691882bc7dbe52593dc597fc62f6ae925c0f6ac72f1c6b,True,FORBIDDEN,0901433cbfe906073eae45118a1466e03afab04a766a3061a988ffe089ba4e01,9548a24a4faf5db17b5251df407b4402de033ae8648ec321c850fe6105002cf1,8128818d8ea8f5c3517d04da28955f010269df61e756429957a0a032386f6c51
17,response,target-a,fixture-bank-16,fixture-base-16,e23949edbfe2dbe6dc73b97687bd3eed5fbc5d7bd72ecd8b2badea6dfbfe472e,2b37638d300a790f3426572fa00b7bf61aa934746cb588d9fb5347ccf44b354c,4,0,target-a:fixture-bank-16:p0004,-0.37757766246795654,-0.10325299203395844,0.3230631947517395,0.661523699760437,-1.543116807937622,0.6973684210526319,-1.3026315789473681,1.6105955660011795,False,0.26126126126126126,low,csi-pairs-v6-software-fixture,ded1ec639ff3e6fd5eba769d42db1ed36222a48af333a30a670254b30b164b74,620f300cbec1f56da4691882bc7dbe52593dc597fc62f6ae925c0f6ac72f1c6b,True,FORBIDDEN,0901433cbfe906073eae45118a1466e03afab04a766a3061a988ffe089ba4e01,9548a24a4faf5db17b5251df407b4402de033ae8648ec321c850fe6105002cf1,8128818d8ea8f5c3517d04da28955f010269df61e756429957a0a032386f6c51
17,response,target-a,fixture-bank-16,fixture-base-16,e23949edbfe2dbe6dc73b97687bd3eed5fbc5d7bd72ecd8b2badea6dfbfe472e,2b37638d300a790f3426572fa00b7bf61aa934746cb588d9fb5347ccf44b354c,4,0,target-a:fixture-bank-16:p0005,-0.40976548194885254,-0.09440441429615021,0.326911062002182,0.662007212638855,-1.530545949935913,-1.3026315789473681,0.6973684210526319,1.1933625140608415,False,0.26126126126126126,low,csi-pairs-v6-software-fixture,ded1ec639ff3e6fd5eba769d42db1ed36222a48af333a30a670254b30b164b74,620f300cbec1f56da4691882bc7dbe52593dc597fc62f6ae925c0f6ac72f1c6b,True,FORBIDDEN,0901433cbfe906073eae45118a1466e03afab04a766a3061a988ffe089ba4e01,9548a24a4faf5db17b5251df407b4402de033ae8648ec321c850fe6105002cf1,8128818d8ea8f5c3517d04da28955f010269df61e756429957a0a032386f6c51
17,response,target-a,fixture-bank-16,fixture-base-16,e23949edbfe2dbe6dc73b97687bd3eed5fbc5d7bd72ecd8b2badea6dfbfe472e,2b37638d300a790f3426572fa00b7bf61aa934746cb588d9fb5347ccf44b354c,4,0,target-a:fixture-bank-16:p0006,-0.40242892503738403,-0.10705146193504333,0.3220854699611664,0.6494616270065308,-1.5645499229431152,1.6973684210526319,-0.30263157894736814,2.1088860748786855,True,0.26126126126126126,low,csi-pairs-v6-software-fixture,ded1ec639ff3e6fd5eba769d42db1ed36222a48af333a30a670254b30b164b74,620f300cbec1f56da4691882bc7dbe52593dc597fc62f6ae925c0f6ac72f1c6b,True,FORBIDDEN,0901433cbfe906073eae45118a1466e03afab04a766a3061a988ffe089ba4e01,9548a24a4faf5db17b5251df407b4402de033ae8648ec321c850fe6105002cf1,8128818d8ea8f5c3517d04da28955f010269df61e756429957a0a032386f6c51
17,response,target-a,fixture-bank-16,fixture-base-16,e23949edbfe2dbe6dc73b97687bd3eed5fbc5d7bd72ecd8b2badea6dfbfe472e,2b37638d300a790f3426572fa00b7bf61aa934746cb588d9fb5347ccf44b354c,4,0,target-a:fixture-bank-16:p0007,-0.3868350088596344,-0.10325216501951218,0.32379797101020813,0.657025933265686,-1.5476672649383545,-0.30263157894736814,1.6973684210526319,1.8025883369743023,False,0.26126126126126126,low,csi-pairs-v6-software-fixture,ded1ec639ff3e6fd5eba769d42db1ed36222a48af333a30a670254b30b164b74,620f300cbec1f56da4691882bc7dbe52593dc597fc62f6ae925c0f6ac72f1c6b,True,FORBIDDEN,0901433cbfe906073eae45118a1466e03afab04a766a3061a988ffe089ba4e01,9548a24a4faf5db17b5251df407b4402de033ae8648ec321c850fe6105002cf1,8128818d8ea8f5c3517d04da28955f010269df61e756429957a0a032386f6c51
17,response,target-a,fixture-bank-14,fixture-base-14,86a59d2849e34c3a9889d58bb3b67b946ca9eb639083798f219989137e7f4536,d3ac0ba45cb8ca4a3062283c82745f423da87b60b62b7768857a4ffa9f3e71be,2,1,target-a:fixture-bank-14:p0004,-0.33979499340057373,-0.14667648077011108,0.31636741757392883,0.6670989394187927,-1.5556678771972656,0.6447368421052628,-1.3552631578947367,1.5588408165196457,False,0.25,low,csi-pairs-v6-software-fixture,ded1ec639ff3e6fd5eba769d42db1ed36222a48af333a30a670254b30b164b74,620f300cbec1f56da4691882bc7dbe52593dc597fc62f6ae925c0f6ac72f1c6b,True,FORBIDDEN,0901433cbfe906073eae45118a1466e03afab04a766a3061a988ffe089ba4e01,9548a24a4faf5db17b5251df407b4402de033ae8648ec321c850fe6105002cf1,8128818d8ea8f5c3517d04da28955f010269df61e756429957a0a032386f6c51
17,response,target-a,fixture-bank-14,fixture-base-14,86a59d2849e34c3a9889d58bb3b67b946ca9eb639083798f219989137e7f4536,d3ac0ba45cb8ca4a3062283c82745f423da87b60b62b7768857a4ffa9f3e71be,2,1,target-a:fixture-bank-14:p0005,-0.335676908493042,-0.14843079447746277,0.3160400986671448,0.667823851108551,-1.555617094039917,-1.3552631578947367,0.6447368421052628,1.2917704980727969,False,0.25,low,csi-pairs-v6-software-fixture,ded1ec639ff3e6fd5eba769d42db1ed36222a48af333a30a670254b30b164b74,620f300cbec1f56da4691882bc7dbe52593dc597fc62f6ae925c0f6ac72f1c6b,True,FORBIDDEN,0901433cbfe906073eae45118a1466e03afab04a766a3061a988ffe089ba4e01,9548a24a4faf5db17b5251df407b4402de033ae8648ec321c850fe6105002cf1,8128818d8ea8f5c3517d04da28955f010269df61e756429957a0a032386f6c51
17,response,target-a,fixture-bank-14,fixture-base-14,86a59d2849e34c3a9889d58bb3b67b946ca9eb639083798f219989137e7f4536,d3ac0ba45cb8ca4a3062283c82745f423da87b60b62b7768857a4ffa9f3e71be,2,1,target-a:fixture-bank-14:p0006,-0.34052717685699463,-0.14938202500343323,0.3150901794433594,0.6621172428131104,-1.567209005355835,1.6447368421052628,-0.3552631578947367,1.9959108862538881,False,0.25,low,csi-pairs-v6-software-fixture,ded1ec639ff3e6fd5eba769d42db1ed36222a48af333a30a670254b30b164b74,620f300cbec1f56da4691882bc7dbe52593dc597fc62f6ae925c0f6ac72f1c6b,True,FORBIDDEN,0901433cbfe906073eae45118a1466e03afab04a766a3061a988ffe089ba4e01,9548a24a4faf5db17b5251df407b4402de033ae8648ec321c850fe6105002cf1,8128818d8ea8f5c3517d04da28955f010269df61e756429957a0a032386f6c51
17,response,target-a,fixture-bank-14,fixture-base-14,86a59d2849e34c3a9889d58bb3b67b946ca9eb639083798f219989137e7f4536,d3ac0ba45cb8ca4a3062283c82745f423da87b60b62b7768857a4ffa9f3e71be,2,1,target-a:fixture-bank-14:p0007,-0.34550634026527405,-0.15315748751163483,0.3134848475456238,0.661471962928772,-1.5732918977737427,-1.3552631578947367,2.644736842105263,2.9745287879682,True,0.25,low,csi-pairs-v6-software-fixture,ded1ec639ff3e6fd5eba769d42db1ed36222a48af333a30a670254b30b164b74,620f300cbec1f56da4691882bc7dbe52593dc597fc62f6ae925c0f6ac72f1c6b,True,FORBIDDEN,0901433cbfe906073eae45118a1466e03afab04a766a3061a988ffe089ba4e01,9548a24a4faf5db17b5251df407b4402de033ae8648ec321c850fe6105002cf1,8128818d8ea8f5c3517d04da28955f010269df61e756429957a0a032386f6c51
17,response,target-a,fixture-bank-16,fixture-base-16,e23949edbfe2dbe6dc73b97687bd3eed5fbc5d7bd72ecd8b2badea6dfbfe472e,2b37638d300a790f3426572fa00b7bf61aa934746cb588d9fb5347ccf44b354c,2,1,target-a:fixture-bank-16:p0004,-0.3293050229549408,-0.15124860405921936,0.3149726390838623,0.6675752401351929,-1.5593726634979248,0.6973684210526319,-1.3026315789473681,1.542640954821521,False,0.26126126126126126,low,csi-pairs-v6-software-fixture,ded1ec639ff3e6fd5eba769d42db1ed36222a48af333a30a670254b30b164b74,620f300cbec1f56da4691882bc7dbe52593dc597fc62f6ae925c0f6ac72f1c6b,True,FORBIDDEN,0901433cbfe906073eae45118a1466e03afab04a766a3061a988ffe089ba4e01,9548a24a4faf5db17b5251df407b4402de033ae8648ec321c850fe6105002cf1,8128818d8ea8f5c3517d04da28955f010269df61e756429957a0a032386f6c51
17,response,target-a,fixture-bank-16,fixture-base-16,e23949edbfe2dbe6dc73b97687bd3eed5fbc5d7bd72ecd8b2badea6dfbfe472e,2b37638d300a790f3426572fa00b7bf61aa934746cb588d9fb5347ccf44b354c,2,1,target-a:fixture-bank-16:p0005,-0.3531986176967621,-0.1447932869195938,0.31649744510650635,0.6656345725059509,-1.5574545860290527,-1.3026315789473681,0.6973684210526319,1.2691175242205865,False,0.26126126126126126,low,csi-pairs-v6-software-fixture,ded1ec639ff3e6fd5eba769d42db1ed36222a48af333a30a670254b30b164b74,620f300cbec1f56da4691882bc7dbe52593dc597fc62f6ae925c0f6ac72f1c6b,True,FORBIDDEN,0901433cbfe906073eae45118a1466e03afab04a766a3061a988ffe089ba4e01,9548a24a4faf5db17b5251df407b4402de033ae8648ec321c850fe6105002cf1,8128818d8ea8f5c3517d04da28955f010269df61e756429957a0a032386f6c51
17,response,target-a,fixture-bank-16,fixture-base-16,e23949edbfe2dbe6dc73b97687bd3eed5fbc5d7bd72ecd8b2badea6dfbfe472e,2b37638d300a790f3426572fa00b7bf61aa934746cb588d9fb5347ccf44b354c,2,1,target-a:fixture-bank-16:p0006,-0.3419043719768524,-0.16050592064857483,0.3112117350101471,0.6527877449989319,-1.593785047531128,1.6973684210526319,-0.30263157894736814,2.0442194664803335,True,0.26126126126126126,low,csi-pairs-v6-software-fixture,ded1ec639ff3e6fd5eba769d42db1ed36222a48af333a30a670254b30b164b74,620f300cbec1f56da4691882bc7dbe52593dc597fc62f6ae925c0f6ac72f1c6b,True,FORBIDDEN,0901433cbfe906073eae45118a1466e03afab04a766a3061a988ffe089ba4e01,9548a24a4faf5db17b5251df407b4402de033ae8648ec321c850fe6105002cf1,8128818d8ea8f5c3517d04da28955f010269df61e756429957a0a032386f6c51
17,response,target-a,fixture-bank-16,fixture-base-16,e23949edbfe2dbe6dc73b97687bd3eed5fbc5d7bd72ecd8b2badea6dfbfe472e,2b37638d300a790f3426572fa00b7bf61aa934746cb588d9fb5347ccf44b354c,2,1,target-a:fixture-bank-16:p0007,-0.33370599150657654,-0.1539880335330963,0.3145822286605835,0.6620376110076904,-1.568942666053772,-0.30263157894736814,1.6973684210526319,1.851617223146333,False,0.26126126126126126,low,csi-pairs-v6-software-fixture,ded1ec639ff3e6fd5eba769d42db1ed36222a48af333a30a670254b30b164b74,620f300cbec1f56da4691882bc7dbe52593dc597fc62f6ae925c0f6ac72f1c6b,True,FORBIDDEN,0901433cbfe906073eae45118a1466e03afab04a766a3061a988ffe089ba4e01,9548a24a4faf5db17b5251df407b4402de033ae8648ec321c850fe6105002cf1,8128818d8ea8f5c3517d04da28955f010269df61e756429957a0a032386f6c51
17,response,target-a,fixture-bank-14,fixture-base-14,86a59d2849e34c3a9889d58bb3b67b946ca9eb639083798f219989137e7f4536,d3ac0ba45cb8ca4a3062283c82745f423da87b60b62b7768857a4ffa9f3e71be,4,1,target-a:fixture-bank-14:p0004,-0.3609952926635742,-0.11331123113632202,0.3237423002719879,0.6784762144088745,-1.5157133340835571,0.6447368421052628,-1.3552631578947367,1.5981056646184635,False,0.25,low,csi-pairs-v6-software-fixture,ded1ec639ff3e6fd5eba769d42db1ed36222a48af333a30a670254b30b164b74,620f300cbec1f56da4691882bc7dbe52593dc597fc62f6ae925c0f6ac72f1c6b,True,FORBIDDEN,0901433cbfe906073eae45118a1466e03afab04a766a3061a988ffe089ba4e01,9548a24a4faf5db17b5251df407b4402de033ae8648ec321c850fe6105002cf1,8128818d8ea8f5c3517d04da28955f010269df61e756429957a0a032386f6c51
17,response,target-a,fixture-bank-14,fixture-base-14,86a59d2849e34c3a9889d58bb3b67b946ca9eb639083798f219989137e7f4536,d3ac0ba45cb8ca4a3062283c82745f423da87b60b62b7768857a4ffa9f3e71be,4,1,target-a:fixture-bank-14:p0005,-0.35628312826156616,-0.11559050530195236,0.32327720522880554,0.6789371967315674,-1.5164718627929688,-1.3552631578947367,0.6447368421052628,1.2554117949187757,False,0.25,low,csi-pairs-v6-software-fixture,ded1ec639ff3e6fd5eba769d42db1ed36222a48af333a30a670254b30b164b74,620f300cbec1f56da4691882bc7dbe52593dc597fc62f6ae925c0f6ac72f1c6b,True,FORBIDDEN,0901433cbfe906073eae45118a1466e03afab04a766a3061a988ffe089ba4e01,9548a24a4faf5db17b5251df407b4402de033ae8648ec321c850fe6105002cf1,8128818d8ea8f5c3517d04da28955f010269df61e756429957a0a032386f6c51
17,response,target-a,fixture-bank-14,fixture-base-14,86a59d2849e34c3a9889d58bb3b67b946ca9eb639083798f219989137e7f4536,d3ac0ba45cb8ca4a3062283c82745f423da87b60b62b7768857a4ffa9f3e71be,4,1,target-a:fixture-bank-14:p0006,-0.36306485533714294,-0.1146191656589508,0.3227495551109314,0.6743090748786926,-1.5249453783035278,1.6447368421052628,-0.3552631578947367,2.0221714040238483,True,0.25,low,csi-pairs-v6-software-fixture,ded1ec639ff3e6fd5eba769d42db1ed36222a48af333a30a670254b30b164b74,620f300cbec1f56da4691882bc7dbe52593dc597fc62f6ae925c0f6ac72f1c6b,True,FORBIDDEN,0901433cbfe906073eae45118a1466e03afab04a766a3061a988ffe089ba4e01,9548a24a4faf5db17b5251df407b4402de033ae8648ec321c850fe6105002cf1,8128818d8ea8f5c3517d04da28955f010269df61e756429957a0a032386f6c51
17,response,target-a,fixture-bank-14,fixture-base-14,86a59d2849e34c3a9889d58bb3b67b946ca9eb639083798f219989137e7f4536,d3ac0ba45cb8ca4a3062283c82745f423da87b60b62b7768857a4ffa9f3e71be,4,1,target-a:fixture-bank-14:p0007,-0.36907029151916504,-0.11851631850004196,0.321300745010376,0.674184262752533,-1.5296294689178467,-1.3552631578947367,2.644736842105263,2.9339639396702326,True,0.25,low,csi-pairs-v6-software-fixture,ded1ec639ff3e6fd5eba769d42db1ed36222a48af333a30a670254b30b164b74,620f300cbec1f56da4691882bc7dbe52593dc597fc62f6ae925c0f6ac72f1c6b,True,FORBIDDEN,0901433cbfe906073eae45118a1466e03afab04a766a3061a988ffe089ba4e01,9548a24a4faf5db17b5251df407b4402de033ae8648ec321c850fe6105002cf1,8128818d8ea8f5c3517d04da28955f010269df61e756429957a0a032386f6c51
17,response,target-a,fixture-bank-16,fixture-base-16,e23949edbfe2dbe6dc73b97687bd3eed5fbc5d7bd72ecd8b2badea6dfbfe472e,2b37638d300a790f3426572fa00b7bf61aa934746cb588d9fb5347ccf44b354c,4,1,target-a:fixture-bank-16:p0004,-0.34761637449264526,-0.11932951211929321,0.3214375376701355,0.6776062846183777,-1.5241409540176392,0.6973684210526319,-1.3026315789473681,1.5786693777610303,False,0.26126126126126126,low,csi-pairs-v6-software-fixture,ded1ec639ff3e6fd5eba769d42db1ed36222a48af333a30a670254b30b164b74,620f300cbec1f56da4691882bc7dbe52593dc597fc62f6ae925c0f6ac72f1c6b,True,FORBIDDEN,0901433cbfe906073eae45118a1466e03afab04a766a3061a988ffe089ba4e01,9548a24a4faf5db17b5251df407b4402de033ae8648ec321c850fe6105002cf1,8128818d8ea8f5c3517d04da28955f010269df61e756429957a0a032386f6c51
17,response,target-a,fixture-bank-16,fixture-base-16,e23949edbfe2dbe6dc73b97687bd3eed5fbc5d7bd72ecd8b2badea6dfbfe472e,2b37638d300a790f3426572fa00b7bf61aa934746cb588d9fb5347ccf44b354c,4,1,target-a:fixture-bank-16:p0005,-0.37861958146095276,-0.10979893803596497,0.32512664794921875,0.6789836883544922,-1.510698676109314,-1.3026315789473681,0.6973684210526319,1.2269137366077922,False,0.26126126126126126,low,csi-pairs-v6-software-fixture,ded1ec639ff3e6fd5eba769d42db1ed36222a48af333a30a670254b30b164b74,620f300cbec1f56da4691882bc7dbe52593dc597fc62f6ae925c0f6ac72f1c6b,True,FORBIDDEN,0901433cbfe906073eae45118a1466e03afab04a766a3061a988ffe089ba4e01,9548a24a4faf5db17b5251df407b4402de033ae8648ec321c850fe6105002cf1,8128818d8ea8f5c3517d04da28955f010269df61e756429957a0a032386f6c51
17,response,target-a,fixture-bank-16,fixture-base-16,e23949edbfe2dbe6dc73b97687bd3eed5fbc5d7bd72ecd8b2badea6dfbfe472e,2b37638d300a790f3426572fa00b7bf61aa934746cb588d9fb5347ccf44b354c,4,1,target-a:fixture-bank-16:p0006,-0.36783796548843384,-0.12309487164020538,0.3195890784263611,0.6670048236846924,-1.5456773042678833,1.6973684210526319,-0.30263157894736814,2.07299562186723,True,0.26126126126126126,low,csi-pairs-v6-software-fixture,ded1ec639ff3e6fd5eba769d42db1ed36222a48af333a30a670254b30b164b74,620f300cbec1f56da4691882bc7dbe52593dc597fc62f6ae925c0f6ac72f1c6b,True,FORBIDDEN,0901433cbfe906073eae45118a1466e03afab04a766a3061a988ffe089ba4e01,9548a24a4faf5db17b5251df407b4402de033ae8648ec321c850fe6105002cf1,8128818d8ea8f5c3517d04da28955f010269df61e756429957a0a032386f6c51
17,response,target-a,fixture-bank-16,fixture-base-16,e23949edbfe2dbe6dc73b97687bd3eed5fbc5d7bd72ecd8b2badea6dfbfe472e,2b37638d300a790f3426572fa00b7bf61aa934746cb588d9fb5347ccf44b354c,4,1,target-a:fixture-bank-16:p0007,-0.3547780513763428,-0.11978097259998322,0.32173553109169006,0.6737686991691589,-1.5288938283920288,-0.30263157894736814,1.6973684210526319,1.8178974595501398,False,0.26126126126126126,low,csi-pairs-v6-software-fixture,ded1ec639ff3e6fd5eba769d42db1ed36222a48af333a30a670254b30b164b74,620f300cbec1f56da4691882bc7dbe52593dc597fc62f6ae925c0f6ac72f1c6b,True,FORBIDDEN,0901433cbfe906073eae45118a1466e03afab04a766a3061a988ffe089ba4e01,9548a24a4faf5db17b5251df407b4402de033ae8648ec321c850fe6105002cf1,8128818d8ea8f5c3517d04da28955f010269df61e756429957a0a032386f6c51
17,response,target-b,fixture-bank-15,fixture-base-15,e23949edbfe2dbe6dc73b97687bd3eed5fbc5d7bd72ecd8b2badea6dfbfe472e,234b78d61b49dc10d04ca8d24378f3b96eae7ef419b9bbe2bb61b3933c753b5d,0,0,target-b:fixture-bank-15:p0004,-0.350884348154068,-0.15006311237812042,0.30577415227890015,0.6405248641967773,-1.630375862121582,-2.3289473684210527,-0.32894736842105265,1.9861351638817986,False,0.23393574297188752,low,csi-pairs-v6-software-fixture,ded1ec639ff3e6fd5eba769d42db1ed36222a48af333a30a670254b30b164b74,620f300cbec1f56da4691882bc7dbe52593dc597fc62f6ae925c0f6ac72f1c6b,True,FORBIDDEN,0901433cbfe906073eae45118a1466e03afab04a766a3061a988ffe089ba4e01,9548a24a4faf5db17b5251df407b4402de033ae8648ec321c850fe6105002cf1,8128818d8ea8f5c3517d04da28955f010269df61e756429957a0a032386f6c51
17,response,target-b,fixture-bank-15,fixture-base-15,e23949edbfe2dbe6dc73b97687bd3eed5fbc5d7bd72ecd8b2badea6dfbfe472e,234b78d61b49dc10d04ca8d24378f3b96eae7ef419b9bbe2bb61b3933c753b5d,0,0,target-b:fixture-bank-15:p0005,-0.3615589439868927,-0.1412375569343567,0.3080158233642578,0.6408699750900269,-1.6225327253341675,1.671052631578947,-2.3289473684210527,2.9862324150004467,True,0.23393574297188752,low,csi-pairs-v6-software-fixture,ded1ec639ff3e6fd5eba769d42db1ed36222a48af333a30a670254b30b164b74,620f300cbec1f56da4691882bc7dbe52593dc597fc62f6ae925c0f6ac72f1c6b,True,FORBIDDEN,0901433cbfe906073eae45118a1466e03afab04a766a3061a988ffe089ba4e01,9548a24a4faf5db17b5251df407b4402de033ae8648ec321c850fe6105002cf1,8128818d8ea8f5c3517d04da28955f010269df61e756429957a0a032386f6c51
17,response,target-b,fixture-bank-15,fixture-base-15,e23949edbfe2dbe6dc73b97687bd3eed5fbc5d7bd72ecd8b2badea6dfbfe472e,234b78d61b49dc10d04ca8d24378f3b96eae7ef419b9bbe2bb61b3933c753b5d,0,0,target-b:fixture-bank-15:p0006,-0.3881528973579407,-0.1360153704881668,0.30666491389274597,0.6337077617645264,-1.638166904449463,-0.32894736842105265,1.671052631578947,1.8080376264756015,False,0.23393574297188752,low,csi-pairs-v6-software-fixture,ded1ec639ff3e6fd5eba769d42db1ed36222a48af333a30a670254b30b164b74,620f300cbec1f56da4691882bc7dbe52593dc597fc62f6ae925c0f6ac72f1c6b,True,FORBIDDEN,0901433cbfe906073eae45118a1466e03afab04a766a3061a988ffe089ba4e01,9548a24a4faf5db17b5251df407b4402de033ae8648ec321c850fe6105002cf1,8128818d8ea8f5c3517d04da28955f010269df61e756429957a0a032386f6c51
17,response,target-b,fixture-bank-15,fixture-base-15,e23949edbfe2dbe6dc73b97687bd3eed5fbc5d7bd72ecd8b2badea6dfbfe472e,234b78d61b49dc10d04ca8d24378f3b96eae7ef419b9bbe2bb61b3933c753b5d,0,0,target-b:fixture-bank-15:p0007,-0.3906567692756653,-0.13418364524841309,0.30794695019721985,0.6319615244865417,-1.6367545127868652,2.671052631578947,-0.32894736842105265,3.0678978736499,True,0.23393574297188752,low,csi-pairs-v6-software-fixture,ded1ec639ff3e6fd5eba769d42db1ed36222a48af333a30a670254b30b164b74,620f300cbec1f56da4691882bc7dbe52593dc597fc62f6ae925c0f6ac72f1c6b,True,FORBIDDEN,0901433cbfe906073eae45118a1466e03afab04a766a3061a988ffe089ba4e01,9548a24a4faf5db17b5251df407b4402de033ae8648ec321c850fe6105002cf1,8128818d8ea8f5c3517d04da28955f010269df61e756429957a0a032386f6c51
17,response,target-b,fixture-bank-17,fixture-base-17,86a59d2849e34c3a9889d58bb3b67b946ca9eb639083798f219989137e7f4536,b8fec4fd063826ac29c6cc8d291ad3a1a89347817c28241565eb44269fa8c24d,0,0,target-b:fixture-bank-17:p0004,-0.32413703203201294,-0.14991286396980286,0.3076515793800354,0.6474007368087769,-1.613577127456665,-2.276315789473684,-0.27631578947368407,1.9562667508758735,False,0.24519700423314877,low,csi-pairs-v6-software-fixture,ded1ec639ff3e6fd5eba769d42db1ed36222a48af333a30a670254b30b164b74,620f300cbec1f56da4691882bc7dbe52593dc597fc62f6ae925c0f6ac72f1c6b,True,FORBIDDEN,0901433cbfe906073eae45118a1466e03afab04a766a3061a988ffe089ba4e01,9548a24a4faf5db17b5251df407b4402de033ae8648ec321c850fe6105002cf1,8128818d8ea8f5c3517d04da28955f010269df61e756429957a0a032386f6c51
17,response,target-b,fixture-bank-17,fixture-base-17,86a59d2849e34c3a9889d58bb3b67b946ca9eb639083798f219989137e7f4536,b8fec4fd063826ac29c6cc8d291ad3a1a89347817c28241565eb44269fa8c24d,0,0,target-b:fixture-bank-17:p0005,-0.37781113386154175,-0.1375921070575714,0.30682727694511414,0.6326760649681091,-1.6392669677734375,1.723684210526316,-2.276315789473684,2.9984031870666388,True,0.24519700423314877,low,csi-pairs-v6-software-fixture,ded1ec639ff3e6fd5eba769d42db1ed36222a48af333a30a670254b30b164b74,620f300cbec1f56da4691882bc7dbe52593dc597fc62f6ae925c0f6ac72f1c6b,True,FORBIDDEN,0901433cbfe906073eae45118a1466e03afab04a766a3061a988ffe089ba4e01,9548a24a4faf5db17b5251df407b4402de033ae8648ec321c850fe6105002cf1,8128818d8ea8f5c3517d04da28955f010269df61e756429957a0a032386f6c51
17,response,target-b,fixture-bank-17,fixture-base-17,86a59d2849e34c3a9889d58bb3b67b946ca9eb639083798f219989137e7f4536,b8fec4fd063826ac29c6cc8d291ad3a1a89347817c28241565eb44269fa8c24d,0,0,target-b:fixture-bank-17:p0006,-0.361167311668396,-0.13847783207893372,0.3081445097923279,0.6427042484283447,-1.6192569732666016,1.723684210526316,-0.27631578947368407,2.0894030659727587,True,0.24519700423314877,low,csi-pairs-v6-software-fixture,ded1ec639ff3e6fd5eba769d42db1ed36222a48af333a30a670254b30b164b74,620f300cbec1f56da4691882bc7dbe52593dc597fc62f6ae925c0f6ac72f1c6b,True,FORBIDDEN,0901433cbfe906073eae45118a1466e03afab04a766a3061a988ffe089ba4e01,9548a24a4faf5db17b5251df407b4402de033ae8648ec321c850fe6105002cf1,8128818d8ea8f5c3517d04da28955f010269df61e756429957a0a032386f6c51
17,response,target-b,fixture-bank-17,fixture-base-17,86a59d2849e34c3a9889d58bb3b67b946ca9eb639083798f219989137e7f4536,b8fec4fd063826ac29c6cc8d291ad3a1a89347817c28241565eb44269fa8c24d,0,0,target-b:fixture-bank-17:p0007,-0.36225923895835876,-0.13706344366073608,0.3090514838695526,0.6404097676277161,-1.6198943853378296,-1.276315789473684,2.723684210526316,3.0032276834227365,True,0.24519700423314877,low,csi-pairs-v6-software-fixture,ded1ec639ff3e6fd5eba769d42db1ed36222a48af333a30a670254b30b164b74,620f300cbec1f56da4691882bc7dbe52593dc597fc62f6ae925c0f6ac72f1c6b,True,FORBIDDEN,0901433cbfe906073eae45118a1466e03afab04a766a3061a988ffe089ba4e01,9548a24a4faf5db17b5251df407b4402de033ae8648ec321c850fe6105002cf1,8128818d8ea8f5c3517d04da28955f010269df61e756429957a0a032386f6c51
17,response,target-b,fixture-bank-15,fixture-base-15,e23949edbfe2dbe6dc73b97687bd3eed5fbc5d7bd72ecd8b2badea6dfbfe472e,234b78d61b49dc10d04ca8d24378f3b96eae7ef419b9bbe2bb61b3933c753b5d,2,0,target-b:fixture-bank-15:p0004,-0.38053518533706665,-0.15014487504959106,0.3146696984767914,0.6541698575019836,-1.5806200504302979,-2.3289473684210527,-0.32894736842105265,1.956599183999103,False,0.23393574297188752,low,csi-pairs-v6-software-fixture,ded1ec639ff3e6fd5eba769d42db1ed36222a48af333a30a670254b30b164b74,620f300cbec1f56da4691882bc7dbe52593dc597fc62f6ae925c0f6ac72f1c6b,True,FORBIDDEN,0901433cbfe906073eae45118a1466e03afab04a766a3061a988ffe089ba4e01,9548a24a4faf5db17b5251df407b4402de033ae8648ec321c850fe6105002cf1,8128818d8ea8f5c3517d04da28955f010269df61e756429957a0a032386f6c51
17,response,target-b,fixture-bank-15,fixture-base-15,e23949edbfe2dbe6dc73b97687bd3eed5fbc5d7bd72ecd8b2badea6dfbfe472e,234b78d61b49dc10d04ca8d24378f3b96eae7ef419b9bbe2bb61b3933c753b5d,2,0,target-b:fixture-bank-15:p0005,-0.39656561613082886,-0.14227131009101868,0.3178057074546814,0.6577385067939758,-1.5652629137039185,1.671052631578947,-2.3289473684210527,3.009418116901707,True,0.23393574297188752,low,csi-pairs-v6-software-fixture,ded1ec639ff3e6fd5eba769d42db1ed36222a48af333a30a670254b30b164b74,620f300cbec1f56da4691882bc7dbe52593dc597fc62f6ae925c0f6ac72f1c6b,True,FORBIDDEN,0901433cbfe906073eae45118a1466e03afab04a766a3061a988ffe089ba4e01,9548a24a4faf5db17b5251df407b4402de033ae8648ec321c850fe6105002cf1,8128818d8ea8f5c3517d04da28955f010269df61e756429957a0a032386f6c51
17,response,target-b,fixture-bank-15,fixture-base-15,e23949edbfe2dbe6dc73b97687bd3eed5fbc5d7bd72ecd8b2badea6dfbfe472e,234b78d61b49dc10d04ca8d24378f3b96eae7ef419b9bbe2bb61b3933c753b5d,2,0,target-b:fixture-bank-15:p0006,-0.4202716648578644,-0.13953998684883118,0.31596362590789795,0.6503506302833557,-1.5823718309402466,-0.32894736842105265,1.671052631578947,1.8128943038756662,False,0.23393574297188752,low,csi-pairs-v6-software-fixture,ded1ec639ff3e6fd5eba769d42db1ed36222a48af333a30a670254b30b164b74,620f300cbec1f56da4691882bc7dbe52593dc597fc62f6ae925c0f6ac72f1c6b,True,FORBIDDEN,0901433cbfe906073eae45118a1466e03afab04a766a3061a988ffe089ba4e01,9548a24a4faf5db17b5251df407b4402de033ae8648ec321c850fe6105002cf1,8128818d8ea8f5c3517d04da28955f010269df61e756429957a0a032386f6c51
17,response,target-b,fixture-bank-15,fixture-base-15,e23949edbfe2dbe6dc73b97687bd3eed5fbc5d7bd72ecd8b2badea6dfbfe472e,234b78d61b49dc10d04ca8d24378f3b96eae7ef419b9bbe2bb61b3933c753b5d,2,0,target-b:fixture-bank-15:p0007,-0.42582613229751587,-0.13652721047401428,0.318023145198822,0.649601399898529,-1.577027440071106,2.671052631578947,-0.32894736842105265,3.1028508819041516,True,0.23393574297188752,low,csi-pairs-v6-software-fixture,ded1ec639ff3e6fd5eba769d42db1ed36222a48af333a30a670254b30b164b74,620f300cbec1f56da4691882bc7dbe52593dc597fc62f6ae925c0f6ac72f1c6b,True,FORBIDDEN,0901433cbfe906073eae45118a1466e03afab04a766a3061a988ffe089ba4e01,9548a24a4faf5db17b5251df407b4402de033ae8648ec321c850fe6105002cf1,8128818d8ea8f5c3517d04da28955f010269df61e756429957a0a032386f6c51
17,response,target-b,fixture-bank-17,fixture-base-17,86a59d2849e34c3a9889d58bb3b67b946ca9eb639083798f219989137e7f4536,b8fec4fd063826ac29c6cc8d291ad3a1a89347817c28241565eb44269fa8c24d,2,0,target-b:fixture-bank-17:p0004,-0.35661593079566956,-0.14945882558822632,0.3166448175907135,0.6619226336479187,-1.562581181526184,-2.276315789473684,-0.27631578947368407,1.9238867525648762,False,0.24519700423314877,low,csi-pairs-v6-software-fixture,ded1ec639ff3e6fd5eba769d42db1ed36222a48af333a30a670254b30b164b74,620f300cbec1f56da4691882bc7dbe52593dc597fc62f6ae925c0f6ac72f1c6b,True,FORBIDDEN,0901433cbfe906073eae45118a1466e03afab04a766a3061a988ffe089ba4e01,9548a24a4faf5db17b5251df407b4402de033ae8648ec321c850fe6105002cf1,8128818d8ea8f5c3517d04da28955f010269df61e756429957a0a032386f6c51
17,response,target-b,fixture-bank-17,fixture-base-17,86a59d2849e34c3a9889d58bb3b67b946ca9eb639083798f219989137e7f4536,b8fec4fd063826ac29c6cc8d291ad3a1a89347817c28241565eb44269fa8c24d,2,0,target-b:fixture-bank-17:p0005,-0.41127580404281616,-0.1399506777524948,0.3164307177066803,0.6492608189582825,-1.5825717449188232,1.723684210526316,-2.276315789473684,3.0202831248723223,True,0.24519700423314877,low,csi-pairs-v6-software-fixture,ded1ec639ff3e6fd5eba769d42db1ed36222a48af333a30a670254b30b164b74,620f300cbec1f56da4691882bc7dbe52593dc597fc62f6ae925c0f6ac72f1c6b,True,FORBIDDEN,0901433cbfe906073eae45118a1466e03afab04a766a3061a988ffe089ba4e01,9548a24a4faf5db17b5251df407b4402de033ae8648ec321c850fe6105002cf1,8128818d8ea8f5c3517d04da28955f010269df61e756429957a0a032386f6c51
17,response,target-b,fixture-bank-17,fixture-base-17,86a59d2849e34c3a9889d58bb3b67b946ca9eb639083798f219989137e7f4536,b8fec4fd063826ac29c6cc8d291ad3a1a89347817c28241565eb44269fa8c24d,2,0,target-b:fixture-bank-17:p0006,-0.3959740996360779,-0.1411612629890442,0.31762266159057617,0.6604582667350769,-1.5617125034332275,1.723684210526316,-0.27631578947368407,2.1239628287401318,True,0.24519700423314877,low,csi-pairs-v6-software-fixture,ded1ec639ff3e6fd5eba769d42db1ed36222a48af333a30a670254b30b164b74,620f300cbec1f56da4691882bc7dbe52593dc597fc62f6ae925c0f6ac72f1c6b,True,FORBIDDEN,0901433cbfe906073eae45118a1466e03afab04a766a3061a988ffe089ba4e01,9548a24a4faf5db17b5251df407b4402de033ae8648ec321c850fe6105002cf1,8128818d8ea8f5c3517d04da28955f010269df61e756429957a0a032386f6c51
17,response,target-b,fixture-bank-17,fixture-base-17,86a59d2849e34c3a9889d58bb3b67b946ca9eb639083798f219989137e7f4536,b8fec4fd063826ac29c6cc8d291ad3a1a89347817c28241565eb44269fa8c24d,2,0,target-b:fixture-bank-17:p0007,-0.39890632033348083,-0.1386885643005371,0.31900304555892944,0.6583462357521057,-1.5605789422988892,-1.276315789473684,2.723684210526316,2.9938312040939903,True,0.24519700423314877,low,csi-pairs-v6-software-fixture,ded1ec639ff3e6fd5eba769d42db1ed36222a48af333a30a670254b30b164b74,620f300cbec1f56da4691882bc7dbe52593dc597fc62f6ae925c0f6ac72f1c6b,True,FORBIDDEN,0901433cbfe906073eae45118a1466e03afab04a766a3061a988ffe089ba4e01,9548a24a4faf5db17b5251df407b4402de033ae8648ec321c850fe6105002cf1,8128818d8ea8f5c3517d04da28955f010269df61e756429957a0a032386f6c51
17,response,target-b,fixture-bank-15,fixture-base-15,e23949edbfe2dbe6dc73b97687bd3eed5fbc5d7bd72ecd8b2badea6dfbfe472e,234b78d61b49dc10d04ca8d24378f3b96eae7ef419b9bbe2bb61b3933c753b5d,4,0,target-b:fixture-bank-15:p0004,-0.3793231248855591,-0.14936189353466034,0.3138856589794159,0.6545405387878418,-1.5825481414794922,-2.3289473684210527,-0.32894736842105265,1.957877839338174,False,0.23393574297188752,low,csi-pairs-v6-software-fixture,ded1ec639ff3e6fd5eba769d42db1ed36222a48af333a30a670254b30b164b74,620f300cbec1f56da4691882bc7dbe52593dc597fc62f6ae925c0f6ac72f1c6b,True,FORBIDDEN,0901433cbfe906073eae45118a1466e03afab04a766a3061a988ffe089ba4e01,9548a24a4faf5db17b5251df407b4402de033ae8648ec321c850fe6105002cf1,8128818d8ea8f5c3517d04da28955f010269df61e756429957a0a032386f6c51
17,response,target-b,fixture-bank-15,fixture-base-15,e23949edbfe2dbe6dc73b97687bd3eed5fbc5d7bd72ecd8b2badea6dfbfe472e,234b78d61b49dc10d04ca8d24378f3b96eae7ef419b9bbe2bb61b3933c753b5d,4,0,target-b:fixture-bank-15:p0005,-0.39547979831695557,-0.14165732264518738,0.31719934940338135,0.6580373644828796,-1.566718339920044,1.671052631578947,-2.3289473684210527,3.009118480246607,True,0.23393574297188752,low,csi-pairs-v6-software-fixture,ded1ec639ff3e6fd5eba769d42db1ed36222a48af333a30a670254b30b164b74,620f300cbec1f56da4691882bc7dbe52593dc597fc62f6ae925c0f6ac72f1c6b,True,FORBIDDEN,0901433cbfe906073eae45118a1466e03afab04a766a3061a988ffe089ba4e01,9548a24a4faf5db17b5251df407b4402de033ae8648ec321c850fe6105002cf1,8128818d8ea8f5c3517d04da28955f010269df61e756429957a0a032386f6c51
17,response,target-b,fixture-bank-15,fixture-base-15,e23949edbfe2dbe6dc73b97687bd3eed5fbc5d7bd72ecd8b2badea6dfbfe472e,234b78d61b49dc10d04ca8d24378f3b96eae7ef419b9bbe2bb61b3933c753b5d,4,0,target-b:fixture-bank-15:p0006,-0.42183026671409607,-0.13903695344924927,0.31591659784317017,0.6523709893226624,-1.5794188976287842,-0.32894736842105265,1.671052631578947,1.8124711138726772,False,0.23393574297188752,low,csi-pairs-v6-software-fixture,ded1ec639ff3e6fd5eba769d42db1ed36222a48af333a30a670254b30b164b74,620f300cbec1f56da4691882bc7dbe52593dc597fc62f6ae925c0f6ac72f1c6b,True,FORBIDDEN,0901433cbfe906073eae45118a1466e03afab04a766a3061a988ffe089ba4e01,9548a24a4faf5db17b5251df407b4402de033ae8648ec321c850fe6105002cf1,8128818d8ea8f5c3517d04da28955f010269df61e756429957a0a032386f6c51
17,response,target-b,fixture-bank-15,fixture-base-15,e23949edbfe2dbe6dc73b97687bd3eed5fbc5d7bd72ecd8b2badea6dfbfe472e,234b78d61b49dc10d04ca8d24378f3b96eae7ef419b9bbe2bb61b3933c753b5d,4,0,target-b:fixture-bank-15:p0007,-0.42706894874572754,-0.13609755039215088,0.31786826252937317,0.6514862179756165,-1.5746173858642578,2.671052631578947,-0.32894736842105265,3.1041179711453037,True,0.23393574297188752,low,csi-pairs-v6-software-fixture,ded1ec639ff3e6fd5eba769d42db1ed36222a48af333a30a670254b30b164b74,620f300cbec1f56da4691882bc7dbe52593dc597fc62f6ae925c0f6ac72f1c6b,True,FORBIDDEN,0901433cbfe906073eae45118a1466e03afab04a766a3061a988ffe089ba4e01,9548a24a4faf5db17b5251df407b4402de033ae8648ec321c850fe6105002cf1,8128818d8ea8f5c3517d04da28955f010269df61e756429957a0a032386f6c51
17,response,target-b,fixture-bank-17,fixture-base-17,86a59d2849e34c3a9889d58bb3b67b946ca9eb639083798f219989137e7f4536,b8fec4fd063826ac29c6cc8d291ad3a1a89347817c28241565eb44269fa8c24d,4,0,target-b:fixture-bank-17:p0004,-0.35345402359962463,-0.1481650024652481,0.31566840410232544,0.660835862159729,-1.5673127174377441,-2.276315789473684,-0.27631578947368407,1.9271273945619651,False,0.24519700423314877,low,csi-pairs-v6-software-fixture,ded1ec639ff3e6fd5eba769d42db1ed36222a48af333a30a670254b30b164b74,620f300cbec1f56da4691882bc7dbe52593dc597fc62f6ae925c0f6ac72f1c6b,True,FORBIDDEN,0901433cbfe906073eae45118a1466e03afab04a766a3061a988ffe089ba4e01,9548a24a4faf5db17b5251df407b4402de033ae8648ec321c850fe6105002cf1,8128818d8ea8f5c3517d04da28955f010269df61e756429957a0a032386f6c51
17,response,target-b,fixture-bank-17,fixture-base-17,86a59d2849e34c3a9889d58bb3b67b946ca9eb639083798f219989137e7f4536,b8fec4fd063826ac29c6cc8d291ad3a1a89347817c28241565eb44269fa8c24d,4,0,target-b:fixture-bank-17:p0005,-0.41185086965560913,-0.1394117772579193,0.31613901257514954,0.6506607532501221,-1.5813401937484741,1.723684210526316,-2.276315789473684,3.021070809516297,True,0.24519700423314877,low,csi-pairs-v6-software-fixture,ded1ec639ff3e6fd5eba769d42db1ed36222a48af333a30a670254b30b164b74,620f300cbec1f56da4691882bc7dbe52593dc597fc62f6ae925c0f6ac72f1c6b,True,FORBIDDEN,0901433cbfe906073eae45118a1466e03afab04a766a3061a988ffe089ba4e01,9548a24a4faf5db17b5251df407b4402de033ae8648ec321c850fe6105002cf1,8128818d8ea8f5c3517d04da28955f010269df61e756429957a0a032386f6c51
17,response,target-b,fixture-bank-17,fixture-base-17,86a59d2849e34c3a9889d58bb3b67b946ca9eb639083798f219989137e7f4536,b8fec4fd063826ac29c6cc8d291ad3a1a89347817c28241565eb44269fa8c24d,4,0,target-b:fixture-bank-17:p0006,-0.395039826631546,-0.14053690433502197,0.31720054149627686,0.6606574654579163,-1.5627409219741821,1.723684210526316,-0.27631578947368407,2.1230702888223005,True,0.24519700423314877,low,csi-pairs-v6-software-fixture,ded1ec639ff3e6fd5eba769d42db1ed36222a48af333a30a670254b30b164b74,620f300cbec1f56da4691882bc7dbe52593dc597fc62f6ae925c0f6ac72f1c6b,True,FORBIDDEN,0901433cbfe906073eae45118a1466e03afab04a766a3061a988ffe089ba4e01,9548a24a4faf5db17b5251df407b4402de033ae8648ec321c850fe6105002cf1,8128818d8ea8f5c3517d04da28955f010269df61e756429957a0a032386f6c51
17,response,target-b,fixture-bank-17,fixture-base-17,86a59d2849e34c3a9889d58bb3b67b946ca9eb639083798f219989137e7f4536,b8fec4fd063826ac29c6cc8d291ad3a1a89347817c28241565eb44269fa8c24d,4,0,target-b:fixture-bank-17:p0007,-0.3976898491382599,-0.13806144893169403,0.31846094131469727,0.6584746837615967,-1.562084674835205,-1.276315789473684,2.723684210526316,2.993588442397697,True,0.24519700423314877,low,csi-pairs-v6-software-fixture,ded1ec639ff3e6fd5eba769d42db1ed36222a48af333a30a670254b30b164b74,620f300cbec1f56da4691882bc7dbe52593dc597fc62f6ae925c0f6ac72f1c6b,True,FORBIDDEN,0901433cbfe906073eae45118a1466e03afab04a766a3061a988ffe089ba4e01,9548a24a4faf5db17b5251df407b4402de033ae8648ec321c850fe6105002cf1,8128818d8ea8f5c3517d04da28955f010269df61e756429957a0a032386f6c51
17,response,target-b,fixture-bank-15,fixture-base-15,e23949edbfe2dbe6dc73b97687bd3eed5fbc5d7bd72ecd8b2badea6dfbfe472e,234b78d61b49dc10d04ca8d24378f3b96eae7ef419b9bbe2bb61b3933c753b5d,2,1,target-b:fixture-bank-15:p0004,-0.3821967840194702,-0.14064475893974304,0.3150118887424469,0.658752977848053,-1.5725516080856323,-2.3289473684210527,-0.32894736842105265,1.9558363199934123,False,0.23393574297188752,low,csi-pairs-v6-software-fixture,ded1ec639ff3e6fd5eba769d42db1ed36222a48af333a30a670254b30b164b74,620f300cbec1f56da4691882bc7dbe52593dc597fc62f6ae925c0f6ac72f1c6b,True,FORBIDDEN,0901433cbfe906073eae45118a1466e03afab04a766a3061a988ffe089ba4e01,9548a24a4faf5db17b5251df407b4402de033ae8648ec321c850fe6105002cf1,8128818d8ea8f5c3517d04da28955f010269df61e756429957a0a032386f6c51
17,response,target-b,fixture-bank-15,fixture-base-15,e23949edbfe2dbe6dc73b97687bd3eed5fbc5d7bd72ecd8b2badea6dfbfe472e,234b78d61b49dc10d04ca8d24378f3b96eae7ef419b9bbe2bb61b3933c753b5d,2,1,target-b:fixture-bank-15:p0005,-0.3962773084640503,-0.13501358032226562,0.31796714663505554,0.6612733006477356,-1.5593953132629395,1.671052631578947,-2.3289473684210527,3.014498058974276,True,0.23393574297188752,low,csi-pairs-v6-software-fixture,ded1ec639ff3e6fd5eba769d42db1ed36222a48af333a30a670254b30b164b74,620f300cbec1f56da4691882bc7dbe52593dc597fc62f6ae925c0f6ac72f1c6b,True,FORBIDDEN,0901433cbfe906073eae45118a1466e03afab04a766a3061a988ffe089ba4e01,9548a24a4faf5db17b5251df407b4402de033ae8648ec321c850fe6105002cf1,8128818d8ea8f5c3517d04da28955f010269df61e756429957a0a032386f6c51
17,response,target-b,fixture-bank-15,fixture-base-15,e23949edbfe2dbe6dc73b97687bd3eed5fbc5d7bd72ecd8b2badea6dfbfe472e,234b78d61b49dc10d04ca8d24378f3b96eae7ef419b9bbe2bb61b3933c753b5d,2,1,target-b:fixture-bank-15:p0006,-0.42417460680007935,-0.13194407522678375,0.31703707575798035,0.6557983160018921,-1.5706385374069214,-0.32894736842105265,1.671052631578947,1.805509720738608,False,0.23393574297188752,low,csi-pairs-v6-software-fixture,ded1ec639ff3e6fd5eba769d42db1ed36222a48af333a30a670254b30b164b74,620f300cbec1f56da4691882bc7dbe52593dc597fc62f6ae925c0f6ac72f1c6b,True,FORBIDDEN,0901433cbfe906073eae45118a1466e03afab04a766a3061a988ffe089ba4e01,9548a24a4faf5db17b5251df407b4402de033ae8648ec321c850fe6105002cf1,8128818d8ea8f5c3517d04da28955f010269df61e756429957a0a032386f6c51
17,response,target-b,fixture-bank-15,fixture-base-15,e23949edbfe2dbe6dc73b97687bd3eed5fbc5d7bd72ecd8b2badea6dfbfe472e,234b78d61b49dc10d04ca8d24378f3b96eae7ef419b9bbe2bb61b3933c753b5d,2,1,target-b:fixture-bank-15:p0007,-0.42915740609169006,-0.12892816960811615,0.3190610706806183,0.6552032828330994,-1.5651824474334717,2.671052631578947,-0.32894736842105265,3.106655751377603,True,0.23393574297188752,low,csi-pairs-v6-software-fixture,ded1ec639ff3e6fd5eba769d42db1ed36222a48af333a30a670254b30b164b74,620f300cbec1f56da4691882bc7dbe52593dc597fc62f6ae925c0f6ac72f1c6b,True,FORBIDDEN,0901433cbfe906073eae45118a1466e03afab04a766a3061a988ffe089ba4e01,9548a24a4faf5db17b5251df407b4402de033ae8648ec321c850fe6105002cf1,8128818d8ea8f5c3517d04da28955f010269df61e756429957a0a032386f6c51
17,response,target-b,fixture-bank-17,fixture-base-17,86a59d2849e34c3a9889d58bb3b67b946ca9eb639083798f219989137e7f4536,b8fec4fd063826ac29c6cc8d291ad3a1a89347817c28241565eb44269fa8c24d,2,1,target-b:fixture-bank-17:p0004,-0.3542443811893463,-0.14112713932991028,0.31630802154541016,0.6639386415481567,-1.5606043338775635,-2.276315789473684,-0.27631578947368407,1.9268197813163102,False,0.24519700423314877,low,csi-pairs-v6-software-fixture,ded1ec639ff3e6fd5eba769d42db1ed36222a48af333a30a670254b30b164b74,620f300cbec1f56da4691882bc7dbe52593dc597fc62f6ae925c0f6ac72f1c6b,True,FORBIDDEN,0901433cbfe906073eae45118a1466e03afab04a766a3061a988ffe089ba4e01,9548a24a4faf5db17b5251df407b4402de033ae8648ec321c850fe6105002cf1,8128818d8ea8f5c3517d04da28955f010269df61e756429957a0a032386f6c51
17,response,target-b,fixture-bank-17,fixture-base-17,86a59d2849e34c3a9889d58bb3b67b946ca9eb639083798f219989137e7f4536,b8fec4fd063826ac29c6cc8d291ad3a1a89347817c28241565eb44269fa8c24d,2,1,target-b:fixture-bank-17:p0005,-0.4138408303260803,-0.1321120411157608,0.3172304332256317,0.6542314887046814,-1.5724208354949951,1.723684210526316,-2.276315789473684,3.027643145211008,True,0.24519700423314877,low,csi-pairs-v6-software-fixture,ded1ec639ff3e6fd5eba769d42db1ed36222a48af333a30a670254b30b164b74,620f300cbec1f56da4691882bc7dbe52593dc597fc62f6ae925c0f6ac72f1c6b,True,FORBIDDEN,0901433cbfe906073eae45118a1466e03afab04a766a3061a988ffe089ba4e01,9548a24a4faf5db17b5251df407b4402de033ae8648ec321c850fe6105002cf1,8128818d8ea8f5c3517d04da28955f010269df61e756429957a0a032386f6c51
17,response,target-b,fixture-bank-17,fixture-base-17,86a59d2849e34c3a9889d58bb3b67b946ca9eb639083798f219989137e7f4536,b8fec4fd063826ac29c6cc8d291ad3a1a89347817c28241565eb44269fa8c24d,2,1,target-b:fixture-bank-17:p0006,-0.39477020502090454,-0.13513118028640747,0.31761619448661804,0.6629214286804199,-1.5580103397369385,1.723684210526316,-0.27631578947368407,2.12315383442248,True,0.24519700423314877,low,csi-pairs-v6-software-fixture,ded1ec639ff3e6fd5eba769d42db1ed36222a48af333a30a670254b30b164b74,620f300cbec1f56da4691882bc7dbe52593dc597fc62f6ae925c0f6ac72f1c6b,True,FORBIDDEN,0901433cbfe906073eae45118a1466e03afab04a766a3061a988ffe089ba4e01,9548a24a4faf5db17b5251df407b4402de033ae8648ec321c850fe6105002cf1,8128818d8ea8f5c3517d04da28955f010269df61e756429957a0a032386f6c51
17,response,target-b,fixture-bank-17,fixture-base-17,86a59d2849e34c3a9889d58bb3b67b946ca9eb639083798f219989137e7f4536,b8fec4fd063826ac29c6cc8d291ad3a1a89347817c28241565eb44269fa8c24d,2,1,target-b:fixture-bank-17:p0007,-0.39775925874710083,-0.13220013678073883,0.3190692961215973,0.6612650752067566,-1.5559475421905518,-1.276315789473684,2.723684210526316,2.987965358379473,True,0.24519700423314877,low,csi-pairs-v6-software-fixture,ded1ec639ff3e6fd5eba769d42db1ed36222a48af333a30a670254b30b164b74,620f300cbec1f56da4691882bc7dbe52593dc597fc62f6ae925c0f6ac72f1c6b,True,FORBIDDEN,0901433cbfe906073eae45118a1466e03afab04a766a3061a988ffe089ba4e01,9548a24a4faf5db17b5251df407b4402de033ae8648ec321c850fe6105002cf1,8128818d8ea8f5c3517d04da28955f010269df61e756429957a0a032386f6c51
17,response,target-b,fixture-bank-15,fixture-base-15,e23949edbfe2dbe6dc73b97687bd3eed5fbc5d7bd72ecd8b2badea6dfbfe472e,234b78d61b49dc10d04ca8d24378f3b96eae7ef419b9bbe2bb61b3933c753b5d,4,1,target-b:fixture-bank-15:p0004,-0.3943858742713928,-0.14831343293190002,0.31846529245376587,0.6603232622146606,-1.559267520904541,-2.3289473684210527,-0.32894736842105265,1.9429762719335673,False,0.23393574297188752,low,csi-pairs-v6-software-fixture,ded1ec639ff3e6fd5eba769d42db1ed36222a48af333a30a670254b30b164b74,620f300cbec1f56da4691882bc7dbe52593dc597fc62f6ae925c0f6ac72f1c6b,True,FORBIDDEN,0901433cbfe906073eae45118a1466e03afab04a766a3061a988ffe089ba4e01,9548a24a4faf5db17b5251df407b4402de033ae8648ec321c850fe6105002cf1,8128818d8ea8f5c3517d04da28955f010269df61e756429957a0a032386f6c51
17,response,target-b,fixture-bank-15,fixture-base-15,e23949edbfe2dbe6dc73b97687bd3eed5fbc5d7bd72ecd8b2badea6dfbfe472e,234b78d61b49dc10d04ca8d24378f3b96eae7ef419b9bbe2bb61b3933c753b5d,4,1,target-b:fixture-bank-15:p0005,-0.4045306146144867,-0.1402057558298111,0.3204343914985657,0.6620772480964661,-1.5504508018493652,1.671052631578947,-2.3289473684210527,3.0163944799325204,True,0.23393574297188752,low,csi-pairs-v6-software-fixture,ded1ec639ff3e6fd5eba769d42db1ed36222a48af333a30a670254b30b164b74,620f300cbec1f56da4691882bc7dbe52593dc597fc62f6ae925c0f6ac72f1c6b,True,FORBIDDEN,0901433cbfe906073eae45118a1466e03afab04a766a3061a988ffe089ba4e01,9548a24a4faf5db17b5251df407b4402de033ae8648ec321c850fe6105002cf1,8128818d8ea8f5c3517d04da28955f010269df61e756429957a0a032386f6c51
17,response,target-b,fixture-bank-15,fixture-base-15,e23949edbfe2dbe6dc73b97687bd3eed5fbc5d7bd72ecd8b2badea6dfbfe472e,234b78d61b49dc10d04ca8d24378f3b96eae7ef419b9bbe2bb61b3933c753b5d,4,1,target-b:fixture-bank-15:p0006,-0.4298449754714966,-0.13657893240451813,0.31881946325302124,0.6561228036880493,-1.5645376443862915,-0.32894736842105265,1.671052631578947,1.8104453038459387,False,0.23393574297188752,low,csi-pairs-v6-software-fixture,ded1ec639ff3e6fd5eba769d42db1ed36222a48af333a30a670254b30b164b74,620f300cbec1f56da4691882bc7dbe52593dc597fc62f6ae925c0f6ac72f1c6b,True,FORBIDDEN,0901433cbfe906073eae45118a1466e03afab04a766a3061a988ffe089ba4e01,9548a24a4faf5db17b5251df407b4402de033ae8648ec321c850fe6105002cf1,8128818d8ea8f5c3517d04da28955f010269df61e756429957a0a032386f6c51
17,response,target-b,fixture-bank-15,fixture-base-15,e23949edbfe2dbe6dc73b97687bd3eed5fbc5d7bd72ecd8b2badea6dfbfe472e,234b78d61b49dc10d04ca8d24378f3b96eae7ef419b9bbe2bb61b3933c753b5d,4,1,target-b:fixture-bank-15:p0007,-0.4351944625377655,-0.13356982171535492,0.32093462347984314,0.6555613279342651,-1.5587812662124634,2.671052631578947,-0.32894736842105265,3.112385483108617,True,0.23393574297188752,low,csi-pairs-v6-software-fixture,ded1ec639ff3e6fd5eba769d42db1ed36222a48af333a30a670254b30b164b74,620f300cbec1f56da4691882bc7dbe52593dc597fc62f6ae925c0f6ac72f1c6b,True,FORBIDDEN,0901433cbfe906073eae45118a1466e03afab04a766a3061a988ffe089ba4e01,9548a24a4faf5db17b5251df407b4402de033ae8648ec321c850fe6105002cf1,8128818d8ea8f5c3517d04da28955f010269df61e756429957a0a032386f6c51
17,response,target-b,fixture-bank-17,fixture-base-17,86a59d2849e34c3a9889d58bb3b67b946ca9eb639083798f219989137e7f4536,b8fec4fd063826ac29c6cc8d291ad3a1a89347817c28241565eb44269fa8c24d,4,1,target-b:fixture-bank-17:p0004,-0.3660944402217865,-0.14826947450637817,0.31953164935112,0.6653038859367371,-1.5484102964401245,-2.276315789473684,-0.27631578947368407,1.9145081514358842,False,0.24519700423314877,low,csi-pairs-v6-software-fixture,ded1ec639ff3e6fd5eba769d42db1ed36222a48af333a30a670254b30b164b74,620f300cbec1f56da4691882bc7dbe52593dc597fc62f6ae925c0f6ac72f1c6b,True,FORBIDDEN,0901433cbfe906073eae45118a1466e03afab04a766a3061a988ffe089ba4e01,9548a24a4faf5db17b5251df407b4402de033ae8648ec321c850fe6105002cf1,8128818d8ea8f5c3517d04da28955f010269df61e756429957a0a032386f6c51
17,response,target-b,fixture-bank-17,fixture-base-17,86a59d2849e34c3a9889d58bb3b67b946ca9eb639083798f219989137e7f4536,b8fec4fd063826ac29c6cc8d291ad3a1a89347817c28241565eb44269fa8c24d,4,1,target-b:fixture-bank-17:p0005,-0.4207914471626282,-0.13708122074604034,0.3193182945251465,0.6547530889511108,-1.5650639533996582,1.723684210526316,-2.276315789473684,3.0290428168746275,True,0.24519700423314877,low,csi-pairs-v6-software-fixture,ded1ec639ff3e6fd5eba769d42db1ed36222a48af333a30a670254b30b164b74,620f300cbec1f56da4691882bc7dbe52593dc597fc62f6ae925c0f6ac72f1c6b,True,FORBIDDEN,0901433cbfe906073eae45118a1466e03afab04a766a3061a988ffe089ba4e01,9548a24a4faf5db17b5251df407b4402de033ae8648ec321c850fe6105002cf1,8128818d8ea8f5c3517d04da28955f010269df61e756429957a0a032386f6c51
17,response,target-b,fixture-bank-17,fixture-base-17,86a59d2849e34c3a9889d58bb3b67b946ca9eb639083798f219989137e7f4536,b8fec4fd063826ac29c6cc8d291ad3a1a89347817c28241565eb44269fa8c24d,4,1,target-b:fixture-bank-17:p0006,-0.4005124568939209,-0.13907748460769653,0.3194510042667389,0.6631002426147461,-1.5519803762435913,1.723684210526316,-0.27631578947368407,2.128625339086644,True,0.24519700423314877,low,csi-pairs-v6-software-fixture,ded1ec639ff3e6fd5eba769d42db1ed36222a48af333a30a670254b30b164b74,620f300cbec1f56da4691882bc7dbe52593dc597fc62f6ae925c0f6ac72f1c6b,True,FORBIDDEN,0901433cbfe906073eae45118a1466e03afab04a766a3061a988ffe089ba4e01,9548a24a4faf5db17b5251df407b4402de033ae8648ec321c850fe6105002cf1,8128818d8ea8f5c3517d04da28955f010269df61e756429957a0a032386f6c51
17,response,target-b,fixture-bank-17,fixture-base-17,86a59d2849e34c3a9889d58bb3b67b946ca9eb639083798f219989137e7f4536,b8fec4fd063826ac29c6cc8d291ad3a1a89347817c28241565eb44269fa8c24d,4,1,target-b:fixture-bank-17:p0007,-0.4044198989868164,-0.1365794837474823,0.32114413380622864,0.6616351008415222,-1.5489063262939453,-1.276315789473684,2.723684210526316,2.9902024755238035,True,0.24519700423314877,low,csi-pairs-v6-software-fixture,ded1ec639ff3e6fd5eba769d42db1ed36222a48af333a30a670254b30b164b74,620f300cbec1f56da4691882bc7dbe52593dc597fc62f6ae925c0f6ac72f1c6b,True,FORBIDDEN,0901433cbfe906073eae45118a1466e03afab04a766a3061a988ffe089ba4e01,9548a24a4faf5db17b5251df407b4402de033ae8648ec321c850fe6105002cf1,8128818d8ea8f5c3517d04da28955f010269df61e756429957a0a032386f6c51
17,full,target-a,fixture-bank-14,fixture-base-14,86a59d2849e34c3a9889d58bb3b67b946ca9eb639083798f219989137e7f4536,d3ac0ba45cb8ca4a3062283c82745f423da87b60b62b7768857a4ffa9f3e71be,0,0,target-a:fixture-bank-14:p0004,-0.3698916733264923,-0.12857073545455933,0.3119937479496002,0.6464601159095764,-1.6010159254074097,0.6447368421052628,-1.3552631578947367,1.5919313187444357,False,0.25,low,csi-pairs-v6-software-fixture,ded1ec639ff3e6fd5eba769d42db1ed36222a48af333a30a670254b30b164b74,620f300cbec1f56da4691882bc7dbe52593dc597fc62f6ae925c0f6ac72f1c6b,True,FORBIDDEN,0901433cbfe906073eae45118a1466e03afab04a766a3061a988ffe089ba4e01,9548a24a4faf5db17b5251df407b4402de033ae8648ec321c850fe6105002cf1,8128818d8ea8f5c3517d04da28955f010269df61e756429957a0a032386f6c51
17,full,target-a,fixture-bank-14,fixture-base-14,86a59d2849e34c3a9889d58bb3b67b946ca9eb639083798f219989137e7f4536,d3ac0ba45cb8ca4a3062283c82745f423da87b60b62b7768857a4ffa9f3e71be,0,0,target-a:fixture-bank-14:p0005,-0.3658144176006317,-0.13022254407405853,0.3118188679218292,0.6472111344337463,-1.6004154682159424,-1.3552631578947367,0.6447368421052628,1.2568097946376062,False,0.25,low,csi-pairs-v6-software-fixture,ded1ec639ff3e6fd5eba769d42db1ed36222a48af333a30a670254b30b164b74,620f300cbec1f56da4691882bc7dbe52593dc597fc62f6ae925c0f6ac72f1c6b,True,FORBIDDEN,0901433cbfe906073eae45118a1466e03afab04a766a3061a988ffe089ba4e01,9548a24a4faf5db17b5251df407b4402de033ae8648ec321c850fe6105002cf1,8128818d8ea8f5c3517d04da28955f010269df61e756429957a0a032386f6c51
17,full,target-a,fixture-bank-14,fixture-base-14,86a59d2849e34c3a9889d58bb3b67b946ca9eb639083798f219989137e7f4536,d3ac0ba45cb8ca4a3062283c82745f423da87b60b62b7768857a4ffa9f3e71be,0,0,target-a:fixture-bank-14:p0006,-0.3712232708930969,-0.13100385665893555,0.3105747401714325,0.6416993737220764,-1.6129660606384277,1.6447368421052628,-0.3552631578947367,2.0283952798680853,True,0.25,low,csi-pairs-v6-software-fixture,ded1ec639ff3e6fd5eba769d42db1ed36222a48af333a30a670254b30b164b74,620f300cbec1f56da4691882bc7dbe52593dc597fc62f6ae925c0f6ac72f1c6b,True,FORBIDDEN,0901433cbfe906073eae45118a1466e03afab04a766a3061a988ffe089ba4e01,9548a24a4faf5db17b5251df407b4402de033ae8648ec321c850fe6105002cf1,8128818d8ea8f5c3517d04da28955f010269df61e756429957a0a032386f6c51
17,full,target-a,fixture-bank-14,fixture-base-14,86a59d2849e34c3a9889d58bb3b67b946ca9eb639083798f219989137e7f4536,d3ac0ba45cb8ca4a3062283c82745f423da87b60b62b7768857a4ffa9f3e71be,0,0,target-a:fixture-bank-14:p0007,-0.375752717256546,-0.13560733199119568,0.30908435583114624,0.6417422294616699,-1.6177096366882324,-1.3552631578947367,2.644736842105263,2.9478389423018587,True,0.25,low,csi-pairs-v6-software-fixture,ded1ec639ff3e6fd5eba769d42db1ed36222a48af333a30a670254b30b164b74,620f300cbec1f56da4691882bc7dbe52593dc597fc62f6ae925c0f6ac72f1c6b,True,FORBIDDEN,0901433cbfe906073eae45118a1466e03afab04a766a3061a988ffe089ba4e01,9548a24a4faf5db17b5251df407b4402de033ae8648ec321c850fe6105002cf1,8128818d8ea8f5c3517d04da28955f010269df61e756429957a0a032386f6c51
17,full,target-a,fixture-bank-16,fixture-base-16,e23949edbfe2dbe6dc73b97687bd3eed5fbc5d7bd72ecd8b2badea6dfbfe472e,2b37638d300a790f3426572fa00b7bf61aa934746cb588d9fb5347ccf44b354c,0,0,target-a:fixture-bank-16:p0004,-0.35764288902282715,-0.13284000754356384,0.31056472659111023,0.6472782492637634,-1.604341983795166,0.6973684210526319,-1.3026315789473681,1.5752654331618268,False,0.26126126126126126,low,csi-pairs-v6-software-fixture,ded1ec639ff3e6fd5eba769d42db1ed36222a48af333a30a670254b30b164b74,620f300cbec1f56da4691882bc7dbe52593dc597fc62f6ae925c0f6ac72f1c6b,True,FORBIDDEN,0901433cbfe906073eae45118a1466e03afab04a766a3061a988ffe089ba4e01,9548a24a4faf5db17b5251df407b4402de033ae8648ec321c850fe6105002cf1,8128818d8ea8f5c3517d04da28955f010269df61e756429957a0a032386f6c51
17,full,target-a,fixture-bank-16,fixture-base-16,e23949edbfe2dbe6dc73b97687bd3eed5fbc5d7bd72ecd8b2badea6dfbfe472e,2b37638d300a790f3426572fa00b7bf61aa934746cb588d9fb5347ccf44b354c,0,0,target-a:fixture-bank-16:p0005,-0.3853020668029785,-0.12761157751083374,0.3123682141304016,0.6452119946479797,-1.6017489433288574,-1.3026315789473681,0.6973684210526319,1.2337282650084822,False,0.26126126126126126,low,csi-pairs-v6-software-fixture,ded1ec639ff3e6fd5eba769d42db1ed36222a48af333a30a670254b30b164b74,620f300cbec1f56da4691882bc7dbe52593dc597fc62f6ae925c0f6ac72f1c6b,True,FORBIDDEN,0901433cbfe906073eae45118a1466e03afab04a766a3061a988ffe089ba4e01,9548a24a4faf5db17b5251df407b4402de033ae8648ec321c850fe6105002cf1,8128818d8ea8f5c3517d04da28955f010269df61e756429957a0a032386f6c51
17,full,target-a,fixture-bank-16,fixture-base-16,e23949edbfe2dbe6dc73b97687bd3eed5fbc5d7bd72ecd8b2badea6dfbfe472e,2b37638d300a790f3426572fa00b7bf61aa934746cb588d9fb5347ccf44b354c,0,0,target-a:fixture-bank-16:p0006,-0.3739736080169678,-0.14167869091033936,0.30643174052238464,0.6326454281806946,-1.6406054496765137,1.6973684210526319,-0.30263157894736814,2.077586011109438,True,0.26126126126126126,low,csi-pairs-v6-software-fixture,ded1ec639ff3e6fd5eba769d42db1ed36222a48af333a30a670254b30b164b74,620f300cbec1f56da4691882bc7dbe52593dc597fc62f6ae925c0f6ac72f1c6b,True,FORBIDDEN,0901433cbfe906073eae45118a1466e03afab04a766a3061a988ffe089ba4e01,9548a24a4faf5db17b5251df407b4402de033ae8648ec321c850fe6105002cf1,8128818d8ea8f5c3517d04da28955f010269df61e756429957a0a032386f6c51
17,full,target-a,fixture-bank-16,fixture-base-16,e23949edbfe2dbe6dc73b97687bd3eed5fbc5d7bd72ecd8b2badea6dfbfe472e,2b37638d300a790f3426572fa00b7bf61aa934746cb588d9fb5347ccf44b354c,0,0,target-a:fixture-bank-16:p0007,-0.3634740710258484,-0.13521835207939148,0.30998581647872925,0.6417465209960938,-1.614790678024292,-0.30263157894736814,1.6973684210526319,1.8335964904800515,False,0.26126126126126126,low,csi-pairs-v6-software-fixture,ded1ec639ff3e6fd5eba769d42db1ed36222a48af333a30a670254b30b164b74,620f300cbec1f56da4691882bc7dbe52593dc597fc62f6ae925c0f6ac72f1c6b,True,FORBIDDEN,0901433cbfe906073eae45118a1466e03afab04a766a3061a988ffe089ba4e01,9548a24a4faf5db17b5251df407b4402de033ae8648ec321c850fe6105002cf1,8128818d8ea8f5c3517d04da28955f010269df61e756429957a0a032386f6c51
17,full,target-a,fixture-bank-14,fixture-base-14,86a59d2849e34c3a9889d58bb3b67b946ca9eb639083798f219989137e7f4536,d3ac0ba45cb8ca4a3062283c82745f423da87b60b62b7768857a4ffa9f3e71be,2,0,target-a:fixture-bank-14:p0004,-0.32356205582618713,-0.11733392626047134,0.31468093395233154,0.6325345039367676,-1.6142165660858154,0.6447368421052628,-1.3552631578947367,1.5716461237409214,False,0.25,low,csi-pairs-v6-software-fixture,ded1ec639ff3e6fd5eba769d42db1ed36222a48af333a30a670254b30b164b74,620f300cbec1f56da4691882bc7dbe52593dc597fc62f6ae925c0f6ac72f1c6b,True,FORBIDDEN,0901433cbfe906073eae45118a1466e03afab04a766a3061a988ffe089ba4e01,9548a24a4faf5db17b5251df407b4402de033ae8648ec321c850fe6105002cf1,8128818d8ea8f5c3517d04da28955f010269df61e756429957a0a032386f6c51
17,full,target-a,fixture-bank-14,fixture-base-14,86a59d2849e34c3a9889d58bb3b67b946ca9eb639083798f219989137e7f4536,d3ac0ba45cb8ca4a3062283c82745f423da87b60b62b7768857a4ffa9f3e71be,2,0,target-a:fixture-bank-14:p0005,-0.31944045424461365,-0.11945835500955582,0.3144072890281677,0.6334572434425354,-1.6136287450790405,-1.3552631578947367,0.6447368421052628,1.287215200613482,False,0.25,low,csi-pairs-v6-software-fixture,ded1ec639ff3e6fd5eba769d42db1ed36222a48af333a30a670254b30b164b74,620f300cbec1f56da4691882bc7dbe52593dc597fc62f6ae925c0f6ac72f1c6b,True,FORBIDDEN,0901433cbfe906073eae45118a1466e03afab04a766a3061a988ffe089ba4e01,9548a24a4faf5db17b5251df407b4402de033ae8648ec321c850fe6105002cf1,8128818d8ea8f5c3517d04da28955f010269df61e756429957a0a032386f6c51
17,full,target-a,fixture-bank-14,fixture-base-14,86a59d2849e34c3a9889d58bb3b67b946ca9eb639083798f219989137e7f4536,d3ac0ba45cb8ca4a3062283c82745f423da87b60b62b7768857a4ffa9f3e71be,2,0,target-a:fixture-bank-14:p0006,-0.324560284614563,-0.11954374611377716,0.31344160437583923,0.6277744770050049,-1.6257164478302002,1.6447368421052628,-0.3552631578947367,1.983354434889872,False,0.25,low,csi-pairs-v6-software-fixture,ded1ec639ff3e6fd5eba769d42db1ed36222a48af333a30a670254b30b164b74,620f300cbec1f56da4691882bc7dbe52593dc597fc62f6ae925c0f6ac72f1c6b,True,FORBIDDEN,0901433cbfe906073eae45118a1466e03afab04a766a3061a988ffe089ba4e01,9548a24a4faf5db17b5251df407b4402de033ae8648ec321c850fe6105002cf1,8128818d8ea8f5c3517d04da28955f010269df61e756429957a0a032386f6c51
17,full,target-a,fixture-bank-14,fixture-base-14,86a59d2849e34c3a9889d58bb3b67b946ca9eb639083798f219989137e7f4536,d3ac0ba45cb8ca4a3062283c82745f423da87b60b62b7768857a4ffa9f3e71be,2,0,target-a:fixture-bank-14:p0007,-0.3304319977760315,-0.12355554103851318,0.31207579374313354,0.6277614831924438,-1.6301041841506958,-1.3552631578947367,2.644736842105263,2.9519013576544353,True,0.25,low,csi-pairs-v6-software-fixture,ded1ec639ff3e6fd5eba769d42db1ed36222a48af333a30a670254b30b164b74,620f300cbec1f56da4691882bc7dbe52593dc597fc62f6ae925c0f6ac72f1c6b,True,FORBIDDEN,0901433cbfe906073eae45118a1466e03afab04a766a3061a988ffe089ba4e01,9548a24a4faf5db17b5251df407b4402de033ae8648ec321c850fe6105002cf1,8128818d8ea8f5c3517d04da28955f010269df61e756429957a0a032386f6c51
17,full,target-a,fixture-bank-16,fixture-base-16,e23949edbfe2dbe6dc73b97687bd3eed5fbc5d7bd72ecd8b2badea6dfbfe472e,2b37638d300a790f3426572fa00b7bf61aa934746cb588d9fb5347ccf44b354c,2,0,target-a:fixture-bank-16:p0004,-0.31312355399131775,-0.12234095484018326,0.31320852041244507,0.633817195892334,-1.6168808937072754,0.6973684210526319,-1.3026315789473681,1.5537631701721952,False,0.26126126126126126,low,csi-pairs-v6-software-fixture,ded1ec639ff3e6fd5eba769d42db1ed36222a48af333a30a670254b30b164b74,620f300cbec1f56da4691882bc7dbe52593dc597fc62f6ae925c0f6ac72f1c6b,True,FORBIDDEN,0901433cbfe906073eae45118a1466e03afab04a766a3061a988ffe089ba4e01,9548a24a4faf5db17b5251df407b4402de033ae8648ec321c850fe6105002cf1,8128818d8ea8f5c3517d04da28955f010269df61e756429957a0a032386f6c51
17,full,target-a,fixture-bank-16,fixture-base-16,e23949edbfe2dbe6dc73b97687bd3eed5fbc5d7bd72ecd8b2badea6dfbfe472e,2b37638d300a790f3426572fa00b7bf61aa934746cb588d9fb5347ccf44b354c,2,0,target-a:fixture-bank-16:p0005,-0.3377629518508911,-0.11540405452251434,0.31519871950149536,0.6308221220970154,-1.6152833700180054,-1.3026315789473681,0.6973684210526319,1.261574636954783,False,0.26126126126126126,low,csi-pairs-v6-software-fixture,ded1ec639ff3e6fd5eba769d42db1ed36222a48af333a30a670254b30b164b74,620f300cbec1f56da4691882bc7dbe52593dc597fc62f6ae925c0f6ac72f1c6b,True,FORBIDDEN,0901433cbfe906073eae45118a1466e03afab04a766a3061a988ffe089ba4e01,9548a24a4faf5db17b5251df407b4402de033ae8648ec321c850fe6105002cf1,8128818d8ea8f5c3517d04da28955f010269df61e756429957a0a032386f6c51
17,full,target-a,fixture-bank-16,fixture-base-16,e23949edbfe2dbe6dc73b97687bd3eed5fbc5d7bd72ecd8b2badea6dfbfe472e,2b37638d300a790f3426572fa00b7bf61aa934746cb588d9fb5347ccf44b354c,2,0,target-a:fixture-bank-16:p0006,-0.32616570591926575,-0.12925145030021667,0.30970606207847595,0.6183762550354004,-1.652789831161499,1.6973684210526319,-0.30263157894736814,2.0309483085567743,True,0.26126126126126126,low,csi-pairs-v6-software-fixture,ded1ec639ff3e6fd5eba769d42db1ed36222a48af333a30a670254b30b164b74,620f300cbec1f56da4691882bc7dbe52593dc597fc62f6ae925c0f6ac72f1c6b,True,FORBIDDEN,0901433cbfe906073eae45118a1466e03afab04a766a3061a988ffe089ba4e01,9548a24a4faf5db17b5251df407b4402de033ae8648ec321c850fe6105002cf1,8128818d8ea8f5c3517d04da28955f010269df61e756429957a0a032386f6c51
17,full,target-a,fixture-bank-16,fixture-base-16,e23949edbfe2dbe6dc73b97687bd3eed5fbc5d7bd72ecd8b2badea6dfbfe472e,2b37638d300a790f3426572fa00b7bf61aa934746cb588d9fb5347ccf44b354c,2,0,target-a:fixture-bank-16:p0007,-0.3170590400695801,-0.1244724690914154,0.3127116858959198,0.6279027462005615,-1.6278436183929443,-0.30263157894736814,1.6973684210526319,1.8218980159809406,False,0.26126126126126126,low,csi-pairs-v6-software-fixture,ded1ec639ff3e6fd5eba769d42db1ed36222a48af333a30a670254b30b164b74,620f300cbec1f56da4691882bc7dbe52593dc597fc62f6ae925c0f6ac72f1c6b,True,FORBIDDEN,0901433cbfe906073eae45118a1466e03afab04a766a3061a988ffe089ba4e01,9548a24a4faf5db17b5251df407b4402de033ae8648ec321c850fe6105002cf1,8128818d8ea8f5c3517d04da28955f010269df61e756429957a0a032386f6c51
17,full,target-a,fixture-bank-14,fixture-base-14,86a59d2849e34c3a9889d58bb3b67b946ca9eb639083798f219989137e7f4536,d3ac0ba45cb8ca4a3062283c82745f423da87b60b62b7768857a4ffa9f3e71be,4,0,target-a:fixture-bank-14:p0004,-0.3916887640953064,-0.0970277339220047,0.3254680931568146,0.6620540022850037,-1.5348989963531494,0.6447368421052628,-1.3552631578947367,1.6301332520159382,False,0.25,low,csi-pairs-v6-software-fixture,ded1ec639ff3e6fd5eba769d42db1ed36222a48af333a30a670254b30b164b74,620f300cbec1f56da4691882bc7dbe52593dc597fc62f6ae925c0f6ac72f1c6b,True,FORBIDDEN,0901433cbfe906073eae45118a1466e03afab04a766a3061a988ffe089ba4e01,9548a24a4faf5db17b5251df407b4402de033ae8648ec321c850fe6105002cf1,8128818d8ea8f5c3517d04da28955f010269df61e756429957a0a032386f6c51
17,full,target-a,fixture-bank-14,fixture-base-14,86a59d2849e34c3a9889d58bb3b67b946ca9eb639083798f219989137e7f4536,d3ac0ba45cb8ca4a3062283c82745f423da87b60b62b7768857a4ffa9f3e71be,4,0,target-a:fixture-bank-14:p0005,-0.38641610741615295,-0.09917924553155899,0.32493001222610474,0.6623851656913757,-1.5360535383224487,-1.3552631578947367,0.6447368421052628,1.2215055270713788,False,0.25,low,csi-pairs-v6-software-fixture,ded1ec639ff3e6fd5eba769d42db1ed36222a48af333a30a670254b30b164b74,620f300cbec1f56da4691882bc7dbe52593dc597fc62f6ae925c0f6ac72f1c6b,True,FORBIDDEN,0901433cbfe906073eae45118a1466e03afab04a766a3061a988ffe089ba4e01,9548a24a4faf5db17b5251df407b4402de033ae8648ec321c850fe6105002cf1,8128818d8ea8f5c3517d04da28955f010269df61e756429957a0a032386f6c51
17,full,target-a,fixture-bank-14,fixture-base-14,86a59d2849e34c3a9889d58bb3b67b946ca9eb639083798f219989137e7f4536,d3ac0ba45cb8ca4a3062283c82745f423da87b60b62b7768857a4ffa9f3e71be,4,0,target-a:fixture-bank-14:p0006,-0.39498820900917053,-0.09836643934249878,0.3247108459472656,0.6577792763710022,-1.5437060594558716,1.6447368421052628,-0.3552631578947367,2.0558390521017658,True,0.25,low,csi-pairs-v6-software-fixture,ded1ec639ff3e6fd5eba769d42db1ed36222a48af333a30a670254b30b164b74,620f300cbec1f56da4691882bc7dbe52593dc597fc62f6ae925c0f6ac72f1c6b,True,FORBIDDEN,0901433cbfe906073eae45118a1466e03afab04a766a3061a988ffe089ba4e01,9548a24a4faf5db17b5251df407b4402de033ae8648ec321c850fe6105002cf1,8128818d8ea8f5c3517d04da28955f010269df61e756429957a0a032386f6c51
17,full,target-a,fixture-bank-14,fixture-base-14,86a59d2849e34c3a9889d58bb3b67b946ca9eb639083798f219989137e7f4536,d3ac0ba45cb8ca4a3062283c82745f423da87b60b62b7768857a4ffa9f3e71be,4,0,target-a:fixture-bank-14:p0007,-0.40042996406555176,-0.10352639853954315,0.3233705461025238,0.658105731010437,-1.5473461151123047,-1.3552631578947367,2.644736842105263,2.9094084051431373,True,0.25,low,csi-pairs-v6-software-fixture,ded1ec639ff3e6fd5eba769d42db1ed36222a48af333a30a670254b30b164b74,620f300cbec1f56da4691882bc7dbe52593dc597fc62f6ae925c0f6ac72f1c6b,True,FORBIDDEN,0901433cbfe906073eae45118a1466e03afab04a766a3061a988ffe089ba4e01,9548a24a4faf5db17b5251df407b4402de033ae8648ec321c850fe6105002cf1,8128818d8ea8f5c3517d04da28955f010269df61e756429957a0a032386f6c51
17,full,target-a,fixture-bank-16,fixture-base-16,e23949edbfe2dbe6dc73b97687bd3eed5fbc5d7bd72ecd8b2badea6dfbfe472e,2b37638d300a790f3426572fa00b7bf61aa934746cb588d9fb5347ccf44b354c,4,0,target-a:fixture-bank-16:p0004,-0.37740540504455566,-0.10314853489398956,0.32309791445732117,0.6617184281349182,-1.5427149534225464,0.6973684210526319,-1.3026315789473681,1.6105583970273003,False,0.26126126126126126,low,csi-pairs-v6-software-fixture,ded1ec639ff3e6fd5eba769d42db1ed36222a48af333a30a670254b30b164b74,620f300cbec1f56da4691882bc7dbe52593dc597fc62f6ae925c0f6ac72f1c6b,True,FORBIDDEN,0901433cbfe906073eae45118a1466e03afab04a766a3061a988ffe089ba4e01,9548a24a4faf5db17b5251df407b4402de033ae8648ec321c850fe6105002cf1,8128818d8ea8f5c3517d04da28955f010269df61e756429957a0a032386f6c51
17,full,target-a,fixture-bank-16,fixture-base-16,e23949edbfe2dbe6dc73b97687bd3eed5fbc5d7bd72ecd8b2badea6dfbfe472e,2b37638d300a790f3426572fa00b7bf61aa934746cb588d9fb5347ccf44b354c,4,0,target-a:fixture-bank-16:p0005,-0.40947580337524414,-0.09434257447719574,0.326923668384552,0.6622493267059326,-1.5301417112350464,-1.3026315789473681,0.6973684210526319,1.1935382439958397,False,0.26126126126126126,low,csi-pairs-v6-software-fixture,ded1ec639ff3e6fd5eba769d42db1ed36222a48af333a30a670254b30b164b74,620f300cbec1f56da4691882bc7dbe52593dc597fc62f6ae925c0f6ac72f1c6b,True,FORBIDDEN,0901433cbfe906073eae45118a1466e03afab04a766a3061a988ffe089ba4e01,9548a24a4faf5db17b5251df407b4402de033ae8648ec321c850fe6105002cf1,8128818d8ea8f5c3517d04da28955f010269df61e756429957a0a032386f6c51
17,full,target-a,fixture-bank-16,fixture-base-16,e23949edbfe2dbe6dc73b97687bd3eed5fbc5d7bd72ecd8b2badea6dfbfe472e,2b37638d300a790f3426572fa00b7bf61aa934746cb588d9fb5347ccf44b354c,4,0,target-a:fixture-bank-16:p0006,-0.40228813886642456,-0.10700931400060654,0.3221025764942169,0.6496549248695374,-1.5641992092132568,1.6973684210526319,-0.30263157894736814,2.108749805015765,True,0.26126126126126126,low,csi-pairs-v6-software-fixture,ded1ec639ff3e6fd5eba769d42db1ed36222a48af333a30a670254b30b164b74,620f300cbec1f56da4691882bc7dbe52593dc597fc62f6ae925c0f6ac72f1c6b,True,FORBIDDEN,0901433cbfe906073eae45118a1466e03afab04a766a3061a988ffe089ba4e01,9548a24a4faf5db17b5251df407b4402de033ae8648ec321c850fe6105002cf1,8128818d8ea8f5c3517d04da28955f010269df61e756429957a0a032386f6c51
17,full,target-a,fixture-bank-16,fixture-base-16,e23949edbfe2dbe6dc73b97687bd3eed5fbc5d7bd72ecd8b2badea6dfbfe472e,2b37638d300a790f3426572fa00b7bf61aa934746cb588d9fb5347ccf44b354c,4,0,target-a:fixture-bank-16:p0007,-0.3866729736328125,-0.10315991938114166,0.32383298873901367,0.6572562456130981,-1.5472086668014526,-0.30263157894736814,1.6973684210526319,1.8024886298464888,False,0.26126126126126126,low,csi-pairs-v6-software-fixture,ded1ec639ff3e6fd5eba769d42db1ed36222a48af333a30a670254b30b164b74,620f300cbec1f56da4691882bc7dbe52593dc597fc62f6ae925c0f6ac72f1c6b,True,FORBIDDEN,0901433cbfe906073eae45118a1466e03afab04a766a3061a988ffe089ba4e01,9548a24a4faf5db17b5251df407b4402de033ae8648ec321c850fe6105002cf1,8128818d8ea8f5c3517d04da28955f010269df61e756429957a0a032386f6c51
17,full,target-a,fixture-bank-14,fixture-base-14,86a59d2849e34c3a9889d58bb3b67b946ca9eb639083798f219989137e7f4536,d3ac0ba45cb8ca4a3062283c82745f423da87b60b62b7768857a4ffa9f3e71be,2,1,target-a:fixture-bank-14:p0004,-0.3395765721797943,-0.14663776755332947,0.31639304757118225,0.6672341227531433,-1.5553843975067139,0.6447368421052628,-1.3552631578947367,1.558732892999768,False,0.25,low,csi-pairs-v6-software-fixture,ded1ec639ff3e6fd5eba769d42db1ed36222a48af333a30a670254b30b164b74,620f300cbec1f56da4691882bc7dbe52593dc597fc62f6ae925c0f6ac72f1c6b,True,FORBIDDEN,0901433cbfe906073eae45118a1466e03afab04a766a3061a988ffe089ba4e01,9548a24a4faf5db17b5251df407b4402de033ae8648ec321c850fe6105002cf1,8128818d8ea8f5c3517d04da28955f010269df61e756429957a0a032386f6c51
17,full,target-a,fixture-bank-14,fixture-base-14,86a59d2849e34c3a9889d58bb3b67b946ca9eb639083798f219989137e7f4536,d3ac0ba45cb8ca4a3062283c82745f423da87b60b62b7768857a4ffa9f3e71be,2,1,target-a:fixture-bank-14:p0005,-0.3354281485080719,-0.14840315282344818,0.3160612881183624,0.6679571270942688,-1.555350422859192,-1.3552631578947367,0.6447368421052628,1.291949882126321,False,0.25,low,csi-pairs-v6-software-fixture,ded1ec639ff3e6fd5eba769d42db1ed36222a48af333a30a670254b30b164b74,620f300cbec1f56da4691882bc7dbe52593dc597fc62f6ae925c0f6ac72f1c6b,True,FORBIDDEN,0901433cbfe906073eae45118a1466e03afab04a766a3061a988ffe089ba4e01,9548a24a4faf5db17b5251df407b4402de033ae8648ec321c850fe6105002cf1,8128818d8ea8f5c3517d04da28955f010269df61e756429957a0a032386f6c51
17,full,target-a,fixture-bank-14,fixture-base-14,86a59d2849e34c3a9889d58bb3b67b946ca9eb639083798f219989137e7f4536,d3ac0ba45cb8ca4a3062283c82745f423da87b60b62b7768857a4ffa9f3e71be,2,1,target-a:fixture-bank-14:p0006,-0.3403535783290863,-0.1493299901485443,0.3151223063468933,0.6622602343559265,-1.5668911933898926,1.6447368421052628,-0.3552631578947367,1.995743582446954,False,0.25,low,csi-pairs-v6-software-fixture,ded1ec639ff3e6fd5eba769d42db1ed36222a48af333a30a670254b30b164b74,620f300cbec1f56da4691882bc7dbe52593dc597fc62f6ae925c0f6ac72f1c6b,True,FORBIDDEN,0901433cbfe906073eae45118a1466e03afab04a766a3061a988ffe089ba4e01,9548a24a4faf5db17b5251df407b4402de033ae8648ec321c850fe6105002cf1,8128818d8ea8f5c3517d04da28955f010269df61e756429957a0a032386f6c51
17,full,target-a,fixture-bank-14,fixture-base-14,86a59d2849e34c3a9889d58bb3b67b946ca9eb639083798f219989137e7f4536,d3ac0ba45cb8ca4a3062283c82745f423da87b60b62b7768857a4ffa9f3e71be,2,1,target-a:fixture-bank-14:p0007,-0.3453592360019684,-0.1531069576740265,0.3135134279727936,0.6615779399871826,-1.57304048538208,-1.3552631578947367,2.644736842105263,2.97453119994022,True,0.25,low,csi-pairs-v6-software-fixture,ded1ec639ff3e6fd5eba769d42db1ed36222a48af333a30a670254b30b164b74,620f300cbec1f56da4691882bc7dbe52593dc597fc62f6ae925c0f6ac72f1c6b,True,FORBIDDEN,0901433cbfe906073eae45118a1466e03afab04a766a3061a988ffe089ba4e01,9548a24a4faf5db17b5251df407b4402de033ae8648ec321c850fe6105002cf1,8128818d8ea8f5c3517d04da28955f010269df61e756429957a0a032386f6c51
17,full,target-a,fixture-bank-16,fixture-base-16,e23949edbfe2dbe6dc73b97687bd3eed5fbc5d7bd72ecd8b2badea6dfbfe472e,2b37638d300a790f3426572fa00b7bf61aa934746cb588d9fb5347ccf44b354c,2,1,target-a:fixture-bank-16:p0004,-0.32907697558403015,-0.15123885869979858,0.3149930238723755,0.6676983833312988,-1.5591235160827637,0.6973684210526319,-1.3026315789473681,1.5424964662895317,False,0.26126126126126126,low,csi-pairs-v6-software-fixture,ded1ec639ff3e6fd5eba769d42db1ed36222a48af333a30a670254b30b164b74,620f300cbec1f56da4691882bc7dbe52593dc597fc62f6ae925c0f6ac72f1c6b,True,FORBIDDEN,0901433cbfe906073eae45118a1466e03afab04a766a3061a988ffe089ba4e01,9548a24a4faf5db17b5251df407b4402de033ae8648ec321c850fe6105002cf1,8128818d8ea8f5c3517d04da28955f010269df61e756429957a0a032386f6c51
17,full,target-a,fixture-bank-16,fixture-base-16,e23949edbfe2dbe6dc73b97687bd3eed5fbc5d7bd72ecd8b2badea6dfbfe472e,2b37638d300a790f3426572fa00b7bf61aa934746cb588d9fb5347ccf44b354c,2,1,target-a:fixture-bank-16:p0005,-0.35290566086769104,-0.14477436244487762,0.31651657819747925,0.6657259464263916,-1.557256817817688,-1.3026315789473681,0.6973684210526319,1.2693241458623636,False,0.26126126126126126,low,csi-pairs-v6-software-fixture,ded1ec639ff3e6fd5eba769d42db1ed36222a48af333a30a670254b30b164b74,620f300cbec1f56da4691882bc7dbe52593dc597fc62f6ae925c0f6ac72f1c6b,True,FORBIDDEN,0901433cbfe906073eae45118a1466e03afab04a766a3061a988ffe089ba4e01,9548a24a4faf5db17b5251df407b4402de033ae8648ec321c850fe6105002cf1,8128818d8ea8f5c3517d04da28955f010269df61e756429957a0a032386f6c51
17,full,target-a,fixture-bank-16,fixture-base-16,e23949edbfe2dbe6dc73b97687bd3eed5fbc5d7bd72ecd8b2badea6dfbfe472e,2b37638d300a790f3426572fa00b7bf61aa934746cb588d9fb5347ccf44b354c,2,1,target-a:fixture-bank-16:p0006,-0.3417254090309143,-0.16049350798130035,0.311231791973114,0.6528660655021667,-1.5936006307601929,1.6973684210526319,-0.30263157894736814,2.0440417997445013,True,0.26126126126126126,low,csi-pairs-v6-software-fixture,ded1ec639ff3e6fd5eba769d42db1ed36222a48af333a30a670254b30b164b74,620f300cbec1f56da4691882bc7dbe52593dc597fc62f6ae925c0f6ac72f1c6b,True,FORBIDDEN,0901433cbfe906073eae45118a1466e03afab04a766a3061a988ffe089ba4e01,9548a24a4faf5db17b5251df407b4402de033ae8648ec321c850fe6105002cf1,8128818d8ea8f5c3517d04da28955f010269df61e756429957a0a032386f6c51
17,full,target-a,fixture-bank-16,fixture-base-16,e23949edbfe2dbe6dc73b97687bd3eed5fbc5d7bd72ecd8b2badea6dfbfe472e,2b37638d300a790f3426572fa00b7bf61aa934746cb588d9fb5347ccf44b354c,2,1,target-a:fixture-bank-16:p0007,-0.3334886431694031,-0.15397591888904572,0.3146079182624817,0.6621650457382202,-1.5686686038970947,-0.30263157894736814,1.6973684210526319,1.8516014753306091,False,0.26126126126126126,low,csi-pairs-v6-software-fixture,ded1ec639ff3e6fd5eba769d42db1ed36222a48af333a30a670254b30b164b74,620f300cbec1f56da4691882bc7dbe52593dc597fc62f6ae925c0f6ac72f1c6b,True,FORBIDDEN,0901433cbfe906073eae45118a1466e03afab04a766a3061a988ffe089ba4e01,9548a24a4faf5db17b5251df407b4402de033ae8648ec321c850fe6105002cf1,8128818d8ea8f5c3517d04da28955f010269df61e756429957a0a032386f6c51
17,full,target-a,fixture-bank-14,fixture-base-14,86a59d2849e34c3a9889d58bb3b67b946ca9eb639083798f219989137e7f4536,d3ac0ba45cb8ca4a3062283c82745f423da87b60b62b7768857a4ffa9f3e71be,4,1,target-a:fixture-bank-14:p0004,-0.36073949933052063,-0.11327620595693588,0.3237627148628235,0.6785951256752014,-1.5154750347137451,0.6447368421052628,-1.3552631578947367,1.5979719215214132,False,0.25,low,csi-pairs-v6-software-fixture,ded1ec639ff3e6fd5eba769d42db1ed36222a48af333a30a670254b30b164b74,620f300cbec1f56da4691882bc7dbe52593dc597fc62f6ae925c0f6ac72f1c6b,True,FORBIDDEN,0901433cbfe906073eae45118a1466e03afab04a766a3061a988ffe089ba4e01,9548a24a4faf5db17b5251df407b4402de033ae8648ec321c850fe6105002cf1,8128818d8ea8f5c3517d04da28955f010269df61e756429957a0a032386f6c51
17,full,target-a,fixture-bank-14,fixture-base-14,86a59d2849e34c3a9889d58bb3b67b946ca9eb639083798f219989137e7f4536,d3ac0ba45cb8ca4a3062283c82745f423da87b60b62b7768857a4ffa9f3e71be,4,1,target-a:fixture-bank-14:p0005,-0.3559911549091339,-0.11556845158338547,0.32329151034355164,0.6790497899055481,-1.5162615776062012,-1.3552631578947367,0.6447368421052628,1.2556307879157154,False,0.25,low,csi-pairs-v6-software-fixture,ded1ec639ff3e6fd5eba769d42db1ed36222a48af333a30a670254b30b164b74,620f300cbec1f56da4691882bc7dbe52593dc597fc62f6ae925c0f6ac72f1c6b,True,FORBIDDEN,0901433cbfe906073eae45118a1466e03afab04a766a3061a988ffe089ba4e01,9548a24a4faf5db17b5251df407b4402de033ae8648ec321c850fe6105002cf1,8128818d8ea8f5c3517d04da28955f010269df61e756429957a0a032386f6c51
17,full,target-a,fixture-bank-14,fixture-base-14,86a59d2849e34c3a9889d58bb3b67b946ca9eb639083798f219989137e7f4536,d3ac0ba45cb8ca4a3062283c82745f423da87b60b62b7768857a4ffa9f3e71be,4,1,target-a:fixture-bank-14:p0006,-0.3628602921962738,-0.11456998437643051,0.3227778673171997,0.6744404435157776,-1.5246628522872925,1.6447368421052628,-0.3552631578947367,2.0219741485573093,True,0.25,low,csi-pairs-v6-software-fixture,ded1ec639ff3e6fd5eba769d42db1ed36222a48af333a30a670254b30b164b74,620f300cbec1f56da4691882bc7dbe52593dc597fc62f6ae925c0f6ac72f1c6b,True,FORBIDDEN,0901433cbfe906073eae45118a1466e03afab04a766a3061a988ffe089ba4e01,9548a24a4faf5db17b5251df407b4402de033ae8648ec321c850fe6105002cf1,8128818d8ea8f5c3517d04da28955f010269df61e756429957a0a032386f6c51
17,full,target-a,fixture-bank-14,fixture-base-14,86a59d2849e34c3a9889d58bb3b67b946ca9eb639083798f219989137e7f4536,d3ac0ba45cb8ca4a3062283c82745f423da87b60b62b7768857a4ffa9f3e71be,4,1,target-a:fixture-bank-14:p0007,-0.368895560503006,-0.11847478151321411,0.32132452726364136,0.674278736114502,-1.5294153690338135,-1.3552631578947367,2.644736842105263,2.9339835572280557,True,0.25,low,csi-pairs-v6-software-fixture,ded1ec639ff3e6fd5eba769d42db1ed36222a48af333a30a670254b30b164b74,620f300cbec1f56da4691882bc7dbe52593dc597fc62f6ae925c0f6ac72f1c6b,True,FORBIDDEN,0901433cbfe906073eae45118a1466e03afab04a766a3061a988ffe089ba4e01,9548a24a4faf5db17b5251df407b4402de033ae8648ec321c850fe6105002cf1,8128818d8ea8f5c3517d04da28955f010269df61e756429957a0a032386f6c51
17,full,target-a,fixture-bank-16,fixture-base-16,e23949edbfe2dbe6dc73b97687bd3eed5fbc5d7bd72ecd8b2badea6dfbfe472e,2b37638d300a790f3426572fa00b7bf61aa934746cb588d9fb5347ccf44b354c,4,1,target-a:fixture-bank-16:p0004,-0.3473624289035797,-0.11931713670492172,0.3214552402496338,0.6777175664901733,-1.5239216089248657,0.6973684210526319,-1.3026315789473681,1.5785105695147499,False,0.26126126126126126,low,csi-pairs-v6-software-fixture,ded1ec639ff3e6fd5eba769d42db1ed36222a48af333a30a670254b30b164b74,620f300cbec1f56da4691882bc7dbe52593dc597fc62f6ae925c0f6ac72f1c6b,True,FORBIDDEN,0901433cbfe906073eae45118a1466e03afab04a766a3061a988ffe089ba4e01,9548a24a4faf5db17b5251df407b4402de033ae8648ec321c850fe6105002cf1,8128818d8ea8f5c3517d04da28955f010269df61e756429957a0a032386f6c51
17,full,target-a,fixture-bank-16,fixture-base-16,e23949edbfe2dbe6dc73b97687bd3eed5fbc5d7bd72ecd8b2badea6dfbfe472e,2b37638d300a790f3426572fa00b7bf61aa934746cb588d9fb5347ccf44b354c,4,1,target-a:fixture-bank-16:p0005,-0.37827372550964355,-0.10979696363210678,0.325134813785553,0.67905193567276,-1.5105730295181274,-1.3026315789473681,0.6973684210526319,1.227172929723134,False,0.26126126126126126,low,csi-pairs-v6-software-fixture,ded1ec639ff3e6fd5eba769d42db1ed36222a48af333a30a670254b30b164b74,620f300cbec1f56da4691882bc7dbe52593dc597fc62f6ae925c0f6ac72f1c6b,True,FORBIDDEN,0901433cbfe906073eae45118a1466e03afab04a766a3061a988ffe089ba4e01,9548a24a4faf5db17b5251df407b4402de033ae8648ec321c850fe6105002cf1,8128818d8ea8f5c3517d04da28955f010269df61e756429957a0a032386f6c51
17,full,target-a,fixture-bank-16,fixture-base-16,e23949edbfe2dbe6dc73b97687bd3eed5fbc5d7bd72ecd8b2badea6dfbfe472e,2b37638d300a790f3426572fa00b7bf61aa934746cb588d9fb5347ccf44b354c,4,1,target-a:fixture-bank-16:p0006,-0.3676285445690155,-0.12309665232896805,0.3196018934249878,0.6670739054679871,-1.545533537864685,1.6973684210526319,-0.30263157894736814,2.072786833686109,True,0.26126126126126126,low,csi-pairs-v6-software-fixture,ded1ec639ff3e6fd5eba769d42db1ed36222a48af333a30a670254b30b164b74,620f300cbec1f56da4691882bc7dbe52593dc597fc62f6ae925c0f6ac72f1c6b,True,FORBIDDEN,0901433cbfe906073eae45118a1466e03afab04a766a3061a988ffe089ba4e01,9548a24a4faf5db17b5251df407b4402de033ae8648ec321c850fe6105002cf1,8128818d8ea8f5c3517d04da28955f010269df61e756429957a0a032386f6c51
17,full,target-a,fixture-bank-16,fixture-base-16,e23949edbfe2dbe6dc73b97687bd3eed5fbc5d7bd72ecd8b2badea6dfbfe472e,2b37638d300a790f3426572fa00b7bf61aa934746cb588d9fb5347ccf44b354c,4,1,target-a:fixture-bank-16:p0007,-0.354533314704895,-0.11977159976959229,0.3217579126358032,0.6738864183425903,-1.5286495685577393,-0.30263157894736814,1.6973684210526319,1.8178810867183908,False,0.26126126126126126,low,csi-pairs-v6-software-fixture,ded1ec639ff3e6fd5eba769d42db1ed36222a48af333a30a670254b30b164b74,620f300cbec1f56da4691882bc7dbe52593dc597fc62f6ae925c0f6ac72f1c6b,True,FORBIDDEN,0901433cbfe906073eae45118a1466e03afab04a766a3061a988ffe089ba4e01,9548a24a4faf5db17b5251df407b4402de033ae8648ec321c850fe6105002cf1,8128818d8ea8f5c3517d04da28955f010269df61e756429957a0a032386f6c51
17,full,target-b,fixture-bank-15,fixture-base-15,e23949edbfe2dbe6dc73b97687bd3eed5fbc5d7bd72ecd8b2badea6dfbfe472e,234b78d61b49dc10d04ca8d24378f3b96eae7ef419b9bbe2bb61b3933c753b5d,0,0,target-b:fixture-bank-15:p0004,-0.35077929496765137,-0.1500174105167389,0.3058030903339386,0.6406584978103638,-1.6300725936889648,-2.3289473684210527,-0.32894736842105265,1.9862439066403654,False,0.23393574297188752,low,csi-pairs-v6-software-fixture,ded1ec639ff3e6fd5eba769d42db1ed36222a48af333a30a670254b30b164b74,620f300cbec1f56da4691882bc7dbe52593dc597fc62f6ae925c0f6ac72f1c6b,True,FORBIDDEN,0901433cbfe906073eae45118a1466e03afab04a766a3061a988ffe089ba4e01,9548a24a4faf5db17b5251df407b4402de033ae8648ec321c850fe6105002cf1,8128818d8ea8f5c3517d04da28955f010269df61e756429957a0a032386f6c51
17,full,target-b,fixture-bank-15,fixture-base-15,e23949edbfe2dbe6dc73b97687bd3eed5fbc5d7bd72ecd8b2badea6dfbfe472e,234b78d61b49dc10d04ca8d24378f3b96eae7ef419b9bbe2bb61b3933c753b5d,0,0,target-b:fixture-bank-15:p0005,-0.3613933026790619,-0.14117328822612762,0.30804941058158875,0.6410144567489624,-1.6221983432769775,1.671052631578947,-2.3289473684210527,2.986166757174599,True,0.23393574297188752,low,csi-pairs-v6-software-fixture,ded1ec639ff3e6fd5eba769d42db1ed36222a48af333a30a670254b30b164b74,620f300cbec1f56da4691882bc7dbe52593dc597fc62f6ae925c0f6ac72f1c6b,True,FORBIDDEN,0901433cbfe906073eae45118a1466e03afab04a766a3061a988ffe089ba4e01,9548a24a4faf5db17b5251df407b4402de033ae8648ec321c850fe6105002cf1,8128818d8ea8f5c3517d04da28955f010269df61e756429957a0a032386f6c51
17,full,target-b,fixture-bank-15,fixture-base-15,e23949edbfe2dbe6dc73b97687bd3eed5fbc5d7bd72ecd8b2badea6dfbfe472e,234b78d61b49dc10d04ca8d24378f3b96eae7ef419b9bbe2bb61b3933c753b5d,0,0,target-b:fixture-bank-15:p0006,-0.38801881670951843,-0.13598528504371643,0.3066808879375458,0.6337670087814331,-1.6380213499069214,-0.32894736842105265,1.671052631578947,1.8080031714891633,False,0.23393574297188752,low,csi-pairs-v6-software-fixture,ded1ec639ff3e6fd5eba769d42db1ed36222a48af333a30a670254b30b164b74,620f300cbec1f56da4691882bc7dbe52593dc597fc62f6ae925c0f6ac72f1c6b,True,FORBIDDEN,0901433cbfe906073eae45118a1466e03afab04a766a3061a988ffe089ba4e01,9548a24a4faf5db17b5251df407b4402de033ae8648ec321c850fe6105002cf1,8128818d8ea8f5c3517d04da28955f010269df61e756429957a0a032386f6c51
17,full,target-b,fixture-bank-15,fixture-base-15,e23949edbfe2dbe6dc73b97687bd3eed5fbc5d7bd72ecd8b2badea6dfbfe472e,234b78d61b49dc10d04ca8d24378f3b96eae7ef419b9bbe2bb61b3933c753b5d,0,0,target-b:fixture-bank-15:p0007,-0.3904839754104614,-0.1341293901205063,0.30797189474105835,0.6320489048957825,-1.6365352869033813,2.671052631578947,-0.32894736842105265,3.0677288733858687,True,0.23393574297188752,low,csi-pairs-v6-software-fixture,ded1ec639ff3e6fd5eba769d42db1ed36222a48af333a30a670254b30b164b74,620f300cbec1f56da4691882bc7dbe52593dc597fc62f6ae925c0f6ac72f1c6b,True,FORBIDDEN,0901433cbfe906073eae45118a1466e03afab04a766a3061a988ffe089ba4e01,9548a24a4faf5db17b5251df407b4402de033ae8648ec321c850fe6105002cf1,8128818d8ea8f5c3517d04da28955f010269df61e756429957a0a032386f6c51
17,full,target-b,fixture-bank-17,fixture-base-17,86a59d2849e34c3a9889d58bb3b67b946ca9eb639083798f219989137e7f4536,b8fec4fd063826ac29c6cc8d291ad3a1a89347817c28241565eb44269fa8c24d,0,0,target-b:fixture-bank-17:p0004,-0.3240259289741516,-0.14985314011573792,0.30768680572509766,0.647581934928894,-1.6131829023361206,-2.276315789473684,-0.27631578947368407,1.956381481483587,False,0.24519700423314877,low,csi-pairs-v6-software-fixture,ded1ec639ff3e6fd5eba769d42db1ed36222a48af333a30a670254b30b164b74,620f300cbec1f56da4691882bc7dbe52593dc597fc62f6ae925c0f6ac72f1c6b,True,FORBIDDEN,0901433cbfe906073eae45118a1466e03afab04a766a3061a988ffe089ba4e01,9548a24a4faf5db17b5251df407b4402de033ae8648ec321c850fe6105002cf1,8128818d8ea8f5c3517d04da28955f010269df61e756429957a0a032386f6c51
17,full,target-b,fixture-bank-17,fixture-base-17,86a59d2849e34c3a9889d58bb3b67b946ca9eb639083798f219989137e7f4536,b8fec4fd063826ac29c6cc8d291ad3a1a89347817c28241565eb44269fa8c24d,0,0,target-b:fixture-bank-17:p0005,-0.37766313552856445,-0.13754937052726746,0.30685144662857056,0.6327679753303528,-1.6390429735183716,1.723684210526316,-2.276315789473684,2.998329945750595,True,0.24519700423314877,low,csi-pairs-v6-software-fixture,ded1ec639ff3e6fd5eba769d42db1ed36222a48af333a30a670254b30b164b74,620f300cbec1f56da4691882bc7dbe52593dc597fc62f6ae925c0f6ac72f1c6b,True,FORBIDDEN,0901433cbfe906073eae45118a1466e03afab04a766a3061a988ffe089ba4e01,9548a24a4faf5db17b5251df407b4402de033ae8648ec321c850fe6105002cf1,8128818d8ea8f5c3517d04da28955f010269df61e756429957a0a032386f6c51
17,full,target-b,fixture-bank-17,fixture-base-17,86a59d2849e34c3a9889d58bb3b67b946ca9eb639083798f219989137e7f4536,b8fec4fd063826ac29c6cc8d291ad3a1a89347817c28241565eb44269fa8c24d,0,0,target-b:fixture-bank-17:p0006,-0.3610202670097351,-0.13842545449733734,0.30817314982414246,0.6428152322769165,-1.618991494178772,1.723684210526316,-0.27631578947368407,2.089259797904212,True,0.24519700423314877,low,csi-pairs-v6-software-fixture,ded1ec639ff3e6fd5eba769d42db1ed36222a48af333a30a670254b30b164b74,620f300cbec1f56da4691882bc7dbe52593dc597fc62f6ae925c0f6ac72f1c6b,True,FORBIDDEN,0901433cbfe906073eae45118a1466e03afab04a766a3061a988ffe089ba4e01,9548a24a4faf5db17b5251df407b4402de033ae8648ec321c850fe6105002cf1,8128818d8ea8f5c3517d04da28955f010269df61e756429957a0a032386f6c51
17,full,target-b,fixture-bank-17,fixture-base-17,86a59d2849e34c3a9889d58bb3b67b946ca9eb639083798f219989137e7f4536,b8fec4fd063826ac29c6cc8d291ad3a1a89347817c28241565eb44269fa8c24d,0,0,target-b:fixture-bank-17:p0007,-0.3620828092098236,-0.13701319694519043,0.309079647064209,0.6405429840087891,-1.6195952892303467,-1.276315789473684,2.723684210526316,3.003233523939878,True,0.24519700423314877,low,csi-pairs-v6-software-fixture,ded1ec639ff3e6fd5eba769d42db1ed36222a48af333a30a670254b30b164b74,620f300cbec1f56da4691882bc7dbe52593dc597fc62f6ae925c0f6ac72f1c6b,True,FORBIDDEN,0901433cbfe906073eae45118a1466e03afab04a766a3061a988ffe089ba4e01,9548a24a4faf5db17b5251df407b4402de033ae8648ec321c850fe6105002cf1,8128818d8ea8f5c3517d04da28955f010269df61e756429957a0a032386f6c51
17,full,target-b,fixture-bank-15,fixture-base-15,e23949edbfe2dbe6dc73b97687bd3eed5fbc5d7bd72ecd8b2badea6dfbfe472e,234b78d61b49dc10d04ca8d24378f3b96eae7ef419b9bbe2bb61b3933c753b5d,2,0,target-b:fixture-bank-15:p0004,-0.38042324781417847,-0.15008918941020966,0.31470218300819397,0.6543022394180298,-1.5803143978118896,-2.3289473684210527,-0.32894736842105265,1.9567157424587422,False,0.23393574297188752,low,csi-pairs-v6-software-fixture,ded1ec639ff3e6fd5eba769d42db1ed36222a48af333a30a670254b30b164b74,620f300cbec1f56da4691882bc7dbe52593dc597fc62f6ae925c0f6ac72f1c6b,True,FORBIDDEN,0901433cbfe906073eae45118a1466e03afab04a766a3061a988ffe089ba4e01,9548a24a4faf5db17b5251df407b4402de033ae8648ec321c850fe6105002cf1,8128818d8ea8f5c3517d04da28955f010269df61e756429957a0a032386f6c51
17,full,target-b,fixture-bank-15,fixture-base-15,e23949edbfe2dbe6dc73b97687bd3eed5fbc5d7bd72ecd8b2badea6dfbfe472e,234b78d61b49dc10d04ca8d24378f3b96eae7ef419b9bbe2bb61b3933c753b5d,2,0,target-b:fixture-bank-15:p0005,-0.3963959813117981,-0.1421959102153778,0.317841500043869,0.6578776240348816,-1.5649387836456299,1.671052631578947,-2.3289473684210527,3.009356360903193,True,0.23393574297188752,low,csi-pairs-v6-software-fixture,ded1ec639ff3e6fd5eba769d42db1ed36222a48af333a30a670254b30b164b74,620f300cbec1f56da4691882bc7dbe52593dc597fc62f6ae925c0f6ac72f1c6b,True,FORBIDDEN,0901433cbfe906073eae45118a1466e03afab04a766a3061a988ffe089ba4e01,9548a24a4faf5db17b5251df407b4402de033ae8648ec321c850fe6105002cf1,8128818d8ea8f5c3517d04da28955f010269df61e756429957a0a032386f6c51
17,full,target-b,fixture-bank-15,fixture-base-15,e23949edbfe2dbe6dc73b97687bd3eed5fbc5d7bd72ecd8b2badea6dfbfe472e,234b78d61b49dc10d04ca8d24378f3b96eae7ef419b9bbe2bb61b3933c753b5d,2,0,target-b:fixture-bank-15:p0006,-0.42012450098991394,-0.1394987404346466,0.31598132848739624,0.6504064202308655,-1.5822300910949707,-0.32894736842105265,1.671052631578947,1.8128457022603401,False,0.23393574297188752,low,csi-pairs-v6-software-fixture,ded1ec639ff3e6fd5eba769d42db1ed36222a48af333a30a670254b30b164b74,620f300cbec1f56da4691882bc7dbe52593dc597fc62f6ae925c0f6ac72f1c6b,True,FORBIDDEN,0901433cbfe906073eae45118a1466e03afab04a766a3061a988ffe089ba4e01,9548a24a4faf5db17b5251df407b4402de033ae8648ec321c850fe6105002cf1,8128818d8ea8f5c3517d04da28955f010269df61e756429957a0a032386f6c51
17,full,target-b,fixture-bank-15,fixture-base-15,e23949edbfe2dbe6dc73b97687bd3eed5fbc5d7bd72ecd8b2badea6dfbfe472e,234b78d61b49dc10d04ca8d24378f3b96eae7ef419b9bbe2bb61b3933c753b5d,2,0,target-b:fixture-bank-15:p0007,-0.4256443381309509,-0.13645794987678528,0.3180507719516754,0.649684488773346,-1.576812744140625,2.671052631578947,-0.32894736842105265,3.1026737338079835,True,0.23393574297188752,low,csi-pairs-v6-software-fixture,ded1ec639ff3e6fd5eba769d42db1ed36222a48af333a30a670254b30b164b74,620f300cbec1f56da4691882bc7dbe52593dc597fc62f6ae925c0f6ac72f1c6b,True,FORBIDDEN,0901433cbfe906073eae45118a1466e03afab04a766a3061a988ffe089ba4e01,9548a24a4faf5db17b5251df407b4402de033ae8648ec321c850fe6105002cf1,8128818d8ea8f5c3517d04da28955f010269df61e756429957a0a032386f6c51
17,full,target-b,fixture-bank-17,fixture-base-17,86a59d2849e34c3a9889d58bb3b67b946ca9eb639083798f219989137e7f4536,b8fec4fd063826ac29c6cc8d291ad3a1a89347817c28241565eb44269fa8c24d,2,0,target-b:fixture-bank-17:p0004,-0.3565048575401306,-0.14939239621162415,0.3166827857494354,0.6620998382568359,-1.5621936321258545,-2.276315789473684,-0.27631578947368407,1.9240019652091664,False,0.24519700423314877,low,csi-pairs-v6-software-fixture,ded1ec639ff3e6fd5eba769d42db1ed36222a48af333a30a670254b30b164b74,620f300cbec1f56da4691882bc7dbe52593dc597fc62f6ae925c0f6ac72f1c6b,True,FORBIDDEN,0901433cbfe906073eae45118a1466e03afab04a766a3061a988ffe089ba4e01,9548a24a4faf5db17b5251df407b4402de033ae8648ec321c850fe6105002cf1,8128818d8ea8f5c3517d04da28955f010269df61e756429957a0a032386f6c51
17,full,target-b,fixture-bank-17,fixture-base-17,86a59d2849e34c3a9889d58bb3b67b946ca9eb639083798f219989137e7f4536,b8fec4fd063826ac29c6cc8d291ad3a1a89347817c28241565eb44269fa8c24d,2,0,target-b:fixture-bank-17:p0005,-0.4111170768737793,-0.13989517092704773,0.3164571523666382,0.649348258972168,-1.5823534727096558,1.723684210526316,-2.276315789473684,3.020210190704663,True,0.24519700423314877,low,csi-pairs-v6-software-fixture,ded1ec639ff3e6fd5eba769d42db1ed36222a48af333a30a670254b30b164b74,620f300cbec1f56da4691882bc7dbe52593dc597fc62f6ae925c0f6ac72f1c6b,True,FORBIDDEN,0901433cbfe906073eae45118a1466e03afab04a766a3061a988ffe089ba4e01,9548a24a4faf5db17b5251df407b4402de033ae8648ec321c850fe6105002cf1,8128818d8ea8f5c3517d04da28955f010269df61e756429957a0a032386f6c51
17,full,target-b,fixture-bank-17,fixture-base-17,86a59d2849e34c3a9889d58bb3b67b946ca9eb639083798f219989137e7f4536,b8fec4fd063826ac29c6cc8d291ad3a1a89347817c28241565eb44269fa8c24d,2,0,target-b:fixture-bank-17:p0006,-0.39582961797714233,-0.1410990059375763,0.3176535665988922,0.6605653166770935,-1.5614532232284546,1.723684210526316,-0.27631578947368407,2.123822602706553,True,0.24519700423314877,low,csi-pairs-v6-software-fixture,ded1ec639ff3e6fd5eba769d42db1ed36222a48af333a30a670254b30b164b74,620f300cbec1f56da4691882bc7dbe52593dc597fc62f6ae925c0f6ac72f1c6b,True,FORBIDDEN,0901433cbfe906073eae45118a1466e03afab04a766a3061a988ffe089ba4e01,9548a24a4faf5db17b5251df407b4402de033ae8648ec321c850fe6105002cf1,8128818d8ea8f5c3517d04da28955f010269df61e756429957a0a032386f6c51
17,full,target-b,fixture-bank-17,fixture-base-17,86a59d2849e34c3a9889d58bb3b67b946ca9eb639083798f219989137e7f4536,b8fec4fd063826ac29c6cc8d291ad3a1a89347817c28241565eb44269fa8c24d,2,0,target-b:fixture-bank-17:p0007,-0.39872607588768005,-0.13862764835357666,0.3190324604511261,0.6584720015525818,-1.560295581817627,-1.276315789473684,2.723684210526316,2.9938257936754487,True,0.24519700423314877,low,csi-pairs-v6-software-fixture,ded1ec639ff3e6fd5eba769d42db1ed36222a48af333a30a670254b30b164b74,620f300cbec1f56da4691882bc7dbe52593dc597fc62f6ae925c0f6ac72f1c6b,True,FORBIDDEN,0901433cbfe906073eae45118a1466e03afab04a766a3061a988ffe089ba4e01,9548a24a4faf5db17b5251df407b4402de033ae8648ec321c850fe6105002cf1,8128818d8ea8f5c3517d04da28955f010269df61e756429957a0a032386f6c51
17,full,target-b,fixture-bank-15,fixture-base-15,e23949edbfe2dbe6dc73b97687bd3eed5fbc5d7bd72ecd8b2badea6dfbfe472e,234b78d61b49dc10d04ca8d24378f3b96eae7ef419b9bbe2bb61b3933c753b5d,4,0,target-b:fixture-bank-15:p0004,-0.37921130657196045,-0.14930789172649384,0.31392011046409607,0.654669463634491,-1.5822415351867676,-2.3289473684210527,-0.32894736842105265,1.9579941400478966,False,0.23393574297188752,low,csi-pairs-v6-software-fixture,ded1ec639ff3e6fd5eba769d42db1ed36222a48af333a30a670254b30b164b74,620f300cbec1f56da4691882bc7dbe52593dc597fc62f6ae925c0f6ac72f1c6b,True,FORBIDDEN,0901433cbfe906073eae45118a1466e03afab04a766a3061a988ffe089ba4e01,9548a24a4faf5db17b5251df407b4402de033ae8648ec321c850fe6105002cf1,8128818d8ea8f5c3517d04da28955f010269df61e756429957a0a032386f6c51
17,full,target-b,fixture-bank-15,fixture-base-15,e23949edbfe2dbe6dc73b97687bd3eed5fbc5d7bd72ecd8b2badea6dfbfe472e,234b78d61b49dc10d04ca8d24378f3b96eae7ef419b9bbe2bb61b3933c753b5d,4,0,target-b:fixture-bank-15:p0005,-0.3953043520450592,-0.1415802240371704,0.31723564863204956,0.6581683158874512,-1.566404938697815,1.671052631578947,-2.3289473684210527,3.0090540387473603,True,0.23393574297188752,low,csi-pairs-v6-software-fixture,ded1ec639ff3e6fd5eba769d42db1ed36222a48af333a30a670254b30b164b74,620f300cbec1f56da4691882bc7dbe52593dc597fc62f6ae925c0f6ac72f1c6b,True,FORBIDDEN,0901433cbfe906073eae45118a1466e03afab04a766a3061a988ffe089ba4e01,9548a24a4faf5db17b5251df407b4402de033ae8648ec321c850fe6105002cf1,8128818d8ea8f5c3517d04da28955f010269df61e756429957a0a032386f6c51
17,full,target-b,fixture-bank-15,fixture-base-15,e23949edbfe2dbe6dc73b97687bd3eed5fbc5d7bd72ecd8b2badea6dfbfe472e,234b78d61b49dc10d04ca8d24378f3b96eae7ef419b9bbe2bb61b3933c753b5d,4,0,target-b:fixture-bank-15:p0006,-0.42168188095092773,-0.13899803161621094,0.31593403220176697,0.6524196863174438,-1.5792889595031738,-0.32894736842105265,1.671052631578947,1.8124246448190293,False,0.23393574297188752,low,csi-pairs-v6-software-fixture,ded1ec639ff3e6fd5eba769d42db1ed36222a48af333a30a670254b30b164b74,620f300cbec1f56da4691882bc7dbe52593dc597fc62f6ae925c0f6ac72f1c6b,True,FORBIDDEN,0901433cbfe906073eae45118a1466e03afab04a766a3061a988ffe089ba4e01,9548a24a4faf5db17b5251df407b4402de033ae8648ec321c850fe6105002cf1,8128818d8ea8f5c3517d04da28955f010269df61e756429957a0a032386f6c51
17,full,target-b,fixture-bank-15,fixture-base-15,e23949edbfe2dbe6dc73b97687bd3eed5fbc5d7bd72ecd8b2badea6dfbfe472e,234b78d61b49dc10d04ca8d24378f3b96eae7ef419b9bbe2bb61b3933c753b5d,4,0,target-b:fixture-bank-15:p0007,-0.4268823564052582,-0.13602903485298157,0.3178953528404236,0.6515594720840454,-1.574419617652893,2.671052631578947,-0.32894736842105265,3.1039359969566673,True,0.23393574297188752,low,csi-pairs-v6-software-fixture,ded1ec639ff3e6fd5eba769d42db1ed36222a48af333a30a670254b30b164b74,620f300cbec1f56da4691882bc7dbe52593dc597fc62f6ae925c0f6ac72f1c6b,True,FORBIDDEN,0901433cbfe906073eae45118a1466e03afab04a766a3061a988ffe089ba4e01,9548a24a4faf5db17b5251df407b4402de033ae8648ec321c850fe6105002cf1,8128818d8ea8f5c3517d04da28955f010269df61e756429957a0a032386f6c51
17,full,target-b,fixture-bank-17,fixture-base-17,86a59d2849e34c3a9889d58bb3b67b946ca9eb639083798f219989137e7f4536,b8fec4fd063826ac29c6cc8d291ad3a1a89347817c28241565eb44269fa8c24d,4,0,target-b:fixture-bank-17:p0004,-0.3533405661582947,-0.14809678494930267,0.315708190202713,0.6610100269317627,-1.5669231414794922,-2.276315789473684,-0.27631578947368407,1.9272451381716067,False,0.24519700423314877,low,csi-pairs-v6-software-fixture,ded1ec639ff3e6fd5eba769d42db1ed36222a48af333a30a670254b30b164b74,620f300cbec1f56da4691882bc7dbe52593dc597fc62f6ae925c0f6ac72f1c6b,True,FORBIDDEN,0901433cbfe906073eae45118a1466e03afab04a766a3061a988ffe089ba4e01,9548a24a4faf5db17b5251df407b4402de033ae8648ec321c850fe6105002cf1,8128818d8ea8f5c3517d04da28955f010269df61e756429957a0a032386f6c51
17,full,target-b,fixture-bank-17,fixture-base-17,86a59d2849e34c3a9889d58bb3b67b946ca9eb639083798f219989137e7f4536,b8fec4fd063826ac29c6cc8d291ad3a1a89347817c28241565eb44269fa8c24d,4,0,target-b:fixture-bank-17:p0005,-0.4116898775100708,-0.1393572986125946,0.3161657154560089,0.6507413387298584,-1.5811318159103394,1.723684210526316,-2.276315789473684,3.0209955457631072,True,0.24519700423314877,low,csi-pairs-v6-software-fixture,ded1ec639ff3e6fd5eba769d42db1ed36222a48af333a30a670254b30b164b74,620f300cbec1f56da4691882bc7dbe52593dc597fc62f6ae925c0f6ac72f1c6b,True,FORBIDDEN,0901433cbfe906073eae45118a1466e03afab04a766a3061a988ffe089ba4e01,9548a24a4faf5db17b5251df407b4402de033ae8648ec321c850fe6105002cf1,8128818d8ea8f5c3517d04da28955f010269df61e756429957a0a032386f6c51
17,full,target-b,fixture-bank-17,fixture-base-17,86a59d2849e34c3a9889d58bb3b67b946ca9eb639083798f219989137e7f4536,b8fec4fd063826ac29c6cc8d291ad3a1a89347817c28241565eb44269fa8c24d,4,0,target-b:fixture-bank-17:p0006,-0.39488929510116577,-0.14047367870807648,0.31723135709762573,0.6607570052146912,-1.562493085861206,1.723684210526316,-0.27631578947368407,2.1229241102319163,True,0.24519700423314877,low,csi-pairs-v6-software-fixture,ded1ec639ff3e6fd5eba769d42db1ed36222a48af333a30a670254b30b164b74,620f300cbec1f56da4691882bc7dbe52593dc597fc62f6ae925c0f6ac72f1c6b,True,FORBIDDEN,0901433cbfe906073eae45118a1466e03afab04a766a3061a988ffe089ba4e01,9548a24a4faf5db17b5251df407b4402de033ae8648ec321c850fe6105002cf1,8128818d8ea8f5c3517d04da28955f010269df61e756429957a0a032386f6c51
17,full,target-b,fixture-bank-17,fixture-base-17,86a59d2849e34c3a9889d58bb3b67b946ca9eb639083798f219989137e7f4536,b8fec4fd063826ac29c6cc8d291ad3a1a89347817c28241565eb44269fa8c24d,4,0,target-b:fixture-bank-17:p0007,-0.39750367403030396,-0.13799920678138733,0.318490594625473,0.6585927605628967,-1.561812162399292,-1.276315789473684,2.723684210526316,2.9935835908061703,True,0.24519700423314877,low,csi-pairs-v6-software-fixture,ded1ec639ff3e6fd5eba769d42db1ed36222a48af333a30a670254b30b164b74,620f300cbec1f56da4691882bc7dbe52593dc597fc62f6ae925c0f6ac72f1c6b,True,FORBIDDEN,0901433cbfe906073eae45118a1466e03afab04a766a3061a988ffe089ba4e01,9548a24a4faf5db17b5251df407b4402de033ae8648ec321c850fe6105002cf1,8128818d8ea8f5c3517d04da28955f010269df61e756429957a0a032386f6c51
17,full,target-b,fixture-bank-15,fixture-base-15,e23949edbfe2dbe6dc73b97687bd3eed5fbc5d7bd72ecd8b2badea6dfbfe472e,234b78d61b49dc10d04ca8d24378f3b96eae7ef419b9bbe2bb61b3933c753b5d,2,1,target-b:fixture-bank-15:p0004,-0.382183700799942,-0.14068947732448578,0.31495991349220276,0.6591259241104126,-1.5721505880355835,-2.3289473684210527,-0.32894736842105265,1.955845037606437,False,0.23393574297188752,low,csi-pairs-v6-software-fixture,ded1ec639ff3e6fd5eba769d42db1ed36222a48af333a30a670254b30b164b74,620f300cbec1f56da4691882bc7dbe52593dc597fc62f6ae925c0f6ac72f1c6b,True,FORBIDDEN,0901433cbfe906073eae45118a1466e03afab04a766a3061a988ffe089ba4e01,9548a24a4faf5db17b5251df407b4402de033ae8648ec321c850fe6105002cf1,8128818d8ea8f5c3517d04da28955f010269df61e756429957a0a032386f6c51
17,full,target-b,fixture-bank-15,fixture-base-15,e23949edbfe2dbe6dc73b97687bd3eed5fbc5d7bd72ecd8b2badea6dfbfe472e,234b78d61b49dc10d04ca8d24378f3b96eae7ef419b9bbe2bb61b3933c753b5d,2,1,target-b:fixture-bank-15:p0005,-0.3961549401283264,-0.13498781621456146,0.3179570436477661,0.6615360379219055,-1.5590298175811768,1.671052631578947,-2.3289473684210527,3.0144328921443897,True,0.23393574297188752,low,csi-pairs-v6-software-fixture,ded1ec639ff3e6fd5eba769d42db1ed36222a48af333a30a670254b30b164b74,620f300cbec1f56da4691882bc7dbe52593dc597fc62f6ae925c0f6ac72f1c6b,True,FORBIDDEN,0901433cbfe906073eae45118a1466e03afab04a766a3061a988ffe089ba4e01,9548a24a4faf5db17b5251df407b4402de033ae8648ec321c850fe6105002cf1,8128818d8ea8f5c3517d04da28955f010269df61e756429957a0a032386f6c51
17,full,target-b,fixture-bank-15,fixture-base-15,e23949edbfe2dbe6dc73b97687bd3eed5fbc5d7bd72ecd8b2badea6dfbfe472e,234b78d61b49dc10d04ca8d24378f3b96eae7ef419b9bbe2bb61b3933c753b5d,2,1,target-b:fixture-bank-15:p0006,-0.4240805506706238,-0.13195191323757172,0.31700775027275085,0.6559790372848511,-1.570455551147461,-0.32894736842105265,1.671052631578947,1.8055125895418043,False,0.23393574297188752,low,csi-pairs-v6-software-fixture,ded1ec639ff3e6fd5eba769d42db1ed36222a48af333a30a670254b30b164b74,620f300cbec1f56da4691882bc7dbe52593dc597fc62f6ae925c0f6ac72f1c6b,True,FORBIDDEN,0901433cbfe906073eae45118a1466e03afab04a766a3061a988ffe089ba4e01,9548a24a4faf5db17b5251df407b4402de033ae8648ec321c850fe6105002cf1,8128818d8ea8f5c3517d04da28955f010269df61e756429957a0a032386f6c51
17,full,target-b,fixture-bank-15,fixture-base-15,e23949edbfe2dbe6dc73b97687bd3eed5fbc5d7bd72ecd8b2badea6dfbfe472e,234b78d61b49dc10d04ca8d24378f3b96eae7ef419b9bbe2bb61b3933c753b5d,2,1,target-b:fixture-bank-15:p0007,-0.4290177822113037,-0.12889966368675232,0.3190469443798065,0.6553902626037598,-1.56494140625,2.671052631578947,-0.32894736842105265,3.106518252743273,True,0.23393574297188752,low,csi-pairs-v6-software-fixture,ded1ec639ff3e6fd5eba769d42db1ed36222a48af333a30a670254b30b164b74,620f300cbec1f56da4691882bc7dbe52593dc597fc62f6ae925c0f6ac72f1c6b,True,FORBIDDEN,0901433cbfe906073eae45118a1466e03afab04a766a3061a988ffe089ba4e01,9548a24a4faf5db17b5251df407b4402de033ae8648ec321c850fe6105002cf1,8128818d8ea8f5c3517d04da28955f010269df61e756429957a0a032386f6c51
17,full,target-b,fixture-bank-17,fixture-base-17,86a59d2849e34c3a9889d58bb3b67b946ca9eb639083798f219989137e7f4536,b8fec4fd063826ac29c6cc8d291ad3a1a89347817c28241565eb44269fa8c24d,2,1,target-b:fixture-bank-17:p0004,-0.35420289635658264,-0.14113444089889526,0.31628528237342834,0.6642929911613464,-1.5601426362991333,-2.276315789473684,-0.27631578947368407,1.9268606516532254,False,0.24519700423314877,low,csi-pairs-v6-software-fixture,ded1ec639ff3e6fd5eba769d42db1ed36222a48af333a30a670254b30b164b74,620f300cbec1f56da4691882bc7dbe52593dc597fc62f6ae925c0f6ac72f1c6b,True,FORBIDDEN,0901433cbfe906073eae45118a1466e03afab04a766a3061a988ffe089ba4e01,9548a24a4faf5db17b5251df407b4402de033ae8648ec321c850fe6105002cf1,8128818d8ea8f5c3517d04da28955f010269df61e756429957a0a032386f6c51
17,full,target-b,fixture-bank-17,fixture-base-17,86a59d2849e34c3a9889d58bb3b67b946ca9eb639083798f219989137e7f4536,b8fec4fd063826ac29c6cc8d291ad3a1a89347817c28241565eb44269fa8c24d,2,1,target-b:fixture-bank-17:p0005,-0.4137338101863861,-0.1321030706167221,0.31721216440200806,0.6544390916824341,-1.5721611976623535,1.723684210526316,-2.276315789473684,3.0275739427758603,True,0.24519700423314877,low,csi-pairs-v6-software-fixture,ded1ec639ff3e6fd5eba769d42db1ed36222a48af333a30a670254b30b164b74,620f300cbec1f56da4691882bc7dbe52593dc597fc62f6ae925c0f6ac72f1c6b,True,FORBIDDEN,0901433cbfe906073eae45118a1466e03afab04a766a3061a988ffe089ba4e01,9548a24a4faf5db17b5251df407b4402de033ae8648ec321c850fe6105002cf1,8128818d8ea8f5c3517d04da28955f010269df61e756429957a0a032386f6c51
17,full,target-b,fixture-bank-17,fixture-base-17,86a59d2849e34c3a9889d58bb3b67b946ca9eb639083798f219989137e7f4536,b8fec4fd063826ac29c6cc8d291ad3a1a89347817c28241565eb44269fa8c24d,2,1,target-b:fixture-bank-17:p0006,-0.3946535587310791,-0.13509997725486755,0.3176172971725464,0.6631081700325012,-1.557725191116333,1.723684210526316,-0.27631578947368407,2.123039521601757,True,0.24519700423314877,low,csi-pairs-v6-software-fixture,ded1ec639ff3e6fd5eba769d42db1ed36222a48af333a30a670254b30b164b74,620f300cbec1f56da4691882bc7dbe52593dc597fc62f6ae925c0f6ac72f1c6b,True,FORBIDDEN,0901433cbfe906073eae45118a1466e03afab04a766a3061a988ffe089ba4e01,9548a24a4faf5db17b5251df407b4402de033ae8648ec321c850fe6105002cf1,8128818d8ea8f5c3517d04da28955f010269df61e756429957a0a032386f6c51
17,full,target-b,fixture-bank-17,fixture-base-17,86a59d2849e34c3a9889d58bb3b67b946ca9eb639083798f219989137e7f4536,b8fec4fd063826ac29c6cc8d291ad3a1a89347817c28241565eb44269fa8c24d,2,1,target-b:fixture-bank-17:p0007,-0.3976086676120758,-0.13217110931873322,0.3190675377845764,0.661472499370575,-1.5556392669677734,-1.276315789473684,2.723684210526316,2.987981896514365,True,0.24519700423314877,low,csi-pairs-v6-software-fixture,ded1ec639ff3e6fd5eba769d42db1ed36222a48af333a30a670254b30b164b74,620f300cbec1f56da4691882bc7dbe52593dc597fc62f6ae925c0f6ac72f1c6b,True,FORBIDDEN,0901433cbfe906073eae45118a1466e03afab04a766a3061a988ffe089ba4e01,9548a24a4faf5db17b5251df407b4402de033ae8648ec321c850fe6105002cf1,8128818d8ea8f5c3517d04da28955f010269df61e756429957a0a032386f6c51
17,full,target-b,fixture-bank-15,fixture-base-15,e23949edbfe2dbe6dc73b97687bd3eed5fbc5d7bd72ecd8b2badea6dfbfe472e,234b78d61b49dc10d04ca8d24378f3b96eae7ef419b9bbe2bb61b3933c753b5d,4,1,target-b:fixture-bank-15:p0004,-0.39429154992103577,-0.14826782047748566,0.3184981346130371,0.6604463458061218,-1.5589780807495117,-2.3289473684210527,-0.32894736842105265,1.9430744286056214,False,0.23393574297188752,low,csi-pairs-v6-software-fixture,ded1ec639ff3e6fd5eba769d42db1ed36222a48af333a30a670254b30b164b74,620f300cbec1f56da4691882bc7dbe52593dc597fc62f6ae925c0f6ac72f1c6b,True,FORBIDDEN,0901433cbfe906073eae45118a1466e03afab04a766a3061a988ffe089ba4e01,9548a24a4faf5db17b5251df407b4402de033ae8648ec321c850fe6105002cf1,8128818d8ea8f5c3517d04da28955f010269df61e756429957a0a032386f6c51
17,full,target-b,fixture-bank-15,fixture-base-15,e23949edbfe2dbe6dc73b97687bd3eed5fbc5d7bd72ecd8b2badea6dfbfe472e,234b78d61b49dc10d04ca8d24378f3b96eae7ef419b9bbe2bb61b3933c753b5d,4,1,target-b:fixture-bank-15:p0005,-0.40437811613082886,-0.1401430070400238,0.3204706311225891,0.6622061729431152,-1.5501430034637451,1.671052631578947,-2.3289473684210527,3.0163350810113543,True,0.23393574297188752,low,csi-pairs-v6-software-fixture,ded1ec639ff3e6fd5eba769d42db1ed36222a48af333a30a670254b30b164b74,620f300cbec1f56da4691882bc7dbe52593dc597fc62f6ae925c0f6ac72f1c6b,True,FORBIDDEN,0901433cbfe906073eae45118a1466e03afab04a766a3061a988ffe089ba4e01,9548a24a4faf5db17b5251df407b4402de033ae8648ec321c850fe6105002cf1,8128818d8ea8f5c3517d04da28955f010269df61e756429957a0a032386f6c51
17,full,target-b,fixture-bank-15,fixture-base-15,e23949edbfe2dbe6dc73b97687bd3eed5fbc5d7bd72ecd8b2badea6dfbfe472e,234b78d61b49dc10d04ca8d24378f3b96eae7ef419b9bbe2bb61b3933c753b5d,4,1,target-b:fixture-bank-15:p0006,-0.42971721291542053,-0.13654381036758423,0.31883755326271057,0.6561673283576965,-1.564413070678711,-0.32894736842105265,1.671052631578947,1.8104031204395274,False,0.23393574297188752,low,csi-pairs-v6-software-fixture,ded1ec639ff3e6fd5eba769d42db1ed36222a48af333a30a670254b30b164b74,620f300cbec1f56da4691882bc7dbe52593dc597fc62f6ae925c0f6ac72f1c6b,True,FORBIDDEN,0901433cbfe906073eae45118a1466e03afab04a766a3061a988ffe089ba4e01,9548a24a4faf5db17b5251df407b4402de033ae8648ec321c850fe6105002cf1,8128818d8ea8f5c3517d04da28955f010269df61e756429957a0a032386f6c51
17,full,target-b,fixture-bank-15,fixture-base-15,e23949edbfe2dbe6dc73b97687bd3eed5fbc5d7bd72ecd8b2badea6dfbfe472e,234b78d61b49dc10d04ca8d24378f3b96eae7ef419b9bbe2bb61b3933c753b5d,4,1,target-b:fixture-bank-15:p0007,-0.43503135442733765,-0.1335097849369049,0.32096225023269653,0.6556298136711121,-1.5585907697677612,2.671052631578947,-0.32894736842105265,3.1122264662396937,True,0.23393574297188752,low,csi-pairs-v6-software-fixture,ded1ec639ff3e6fd5eba769d42db1ed36222a48af333a30a670254b30b164b74,620f300cbec1f56da4691882bc7dbe52593dc597fc62f6ae925c0f6ac72f1c6b,True,FORBIDDEN,0901433cbfe906073eae45118a1466e03afab04a766a3061a988ffe089ba4e01,9548a24a4faf5db17b5251df407b4402de033ae8648ec321c850fe6105002cf1,8128818d8ea8f5c3517d04da28955f010269df61e756429957a0a032386f6c51
17,full,target-b,fixture-bank-17,fixture-base-17,86a59d2849e34c3a9889d58bb3b67b946ca9eb639083798f219989137e7f4536,b8fec4fd063826ac29c6cc8d291ad3a1a89347817c28241565eb44269fa8c24d,4,1,target-b:fixture-bank-17:p0004,-0.36599990725517273,-0.1482180655002594,0.31957048177719116,0.665478527545929,-1.5480263233184814,-2.276315789473684,-0.27631578947368407,1.9146059116025576,False,0.24519700423314877,low,csi-pairs-v6-software-fixture,ded1ec639ff3e6fd5eba769d42db1ed36222a48af333a30a670254b30b164b74,620f300cbec1f56da4691882bc7dbe52593dc597fc62f6ae925c0f6ac72f1c6b,True,FORBIDDEN,0901433cbfe906073eae45118a1466e03afab04a766a3061a988ffe089ba4e01,9548a24a4faf5db17b5251df407b4402de033ae8648ec321c850fe6105002cf1,8128818d8ea8f5c3517d04da28955f010269df61e756429957a0a032386f6c51
17,full,target-b,fixture-bank-17,fixture-base-17,86a59d2849e34c3a9889d58bb3b67b946ca9eb639083798f219989137e7f4536,b8fec4fd063826ac29c6cc8d291ad3a1a89347817c28241565eb44269fa8c24d,4,1,target-b:fixture-bank-17:p0005,-0.4206543564796448,-0.13703452050685883,0.3193455636501312,0.6548299193382263,-1.5648612976074219,1.723684210526316,-2.276315789473684,3.028978745006555,True,0.24519700423314877,low,csi-pairs-v6-software-fixture,ded1ec639ff3e6fd5eba769d42db1ed36222a48af333a30a670254b30b164b74,620f300cbec1f56da4691882bc7dbe52593dc597fc62f6ae925c0f6ac72f1c6b,True,FORBIDDEN,0901433cbfe906073eae45118a1466e03afab04a766a3061a988ffe089ba4e01,9548a24a4faf5db17b5251df407b4402de033ae8648ec321c850fe6105002cf1,8128818d8ea8f5c3517d04da28955f010269df61e756429957a0a032386f6c51
17,full,target-b,fixture-bank-17,fixture-base-17,86a59d2849e34c3a9889d58bb3b67b946ca9eb639083798f219989137e7f4536,b8fec4fd063826ac29c6cc8d291ad3a1a89347817c28241565eb44269fa8c24d,4,1,target-b:fixture-bank-17:p0006,-0.4003812372684479,-0.13902565836906433,0.3194827437400818,0.6632006168365479,-1.551729679107666,1.723684210526316,-0.27631578947368407,2.1284977346979477,True,0.24519700423314877,low,csi-pairs-v6-software-fixture,ded1ec639ff3e6fd5eba769d42db1ed36222a48af333a30a670254b30b164b74,620f300cbec1f56da4691882bc7dbe52593dc597fc62f6ae925c0f6ac72f1c6b,True,FORBIDDEN,0901433cbfe906073eae45118a1466e03afab04a766a3061a988ffe089ba4e01,9548a24a4faf5db17b5251df407b4402de033ae8648ec321c850fe6105002cf1,8128818d8ea8f5c3517d04da28955f010269df61e756429957a0a032386f6c51
17,full,target-b,fixture-bank-17,fixture-base-17,86a59d2849e34c3a9889d58bb3b67b946ca9eb639083798f219989137e7f4536,b8fec4fd063826ac29c6cc8d291ad3a1a89347817c28241565eb44269fa8c24d,4,1,target-b:fixture-bank-17:p0007,-0.4042559862136841,-0.1365308314561844,0.3211743235588074,0.6617528200149536,-1.54863440990448,-1.276315789473684,2.723684210526316,2.9902037366782928,True,0.24519700423314877,low,csi-pairs-v6-software-fixture,ded1ec639ff3e6fd5eba769d42db1ed36222a48af333a30a670254b30b164b74,620f300cbec1f56da4691882bc7dbe52593dc597fc62f6ae925c0f6ac72f1c6b,True,FORBIDDEN,0901433cbfe906073eae45118a1466e03afab04a766a3061a988ffe089ba4e01,9548a24a4faf5db17b5251df407b4402de033ae8648ec321c850fe6105002cf1,8128818d8ea8f5c3517d04da28955f010269df61e756429957a0a032386f6c51
23,endpoint,target-a,fixture-bank-14,fixture-base-14,86a59d2849e34c3a9889d58bb3b67b946ca9eb639083798f219989137e7f4536,d3ac0ba45cb8ca4a3062283c82745f423da87b60b62b7768857a4ffa9f3e71be,0,0,target-a:fixture-bank-14:p0004,0.09648600220680237,-0.3580162525177002,0.3583933711051941,0.5856802463531494,-1.561105489730835,0.6447368421052628,-1.3552631578947367,1.138015981317241,False,0.25,low,csi-pairs-v6-software-fixture,ded1ec639ff3e6fd5eba769d42db1ed36222a48af333a30a670254b30b164b74,620f300cbec1f56da4691882bc7dbe52593dc597fc62f6ae925c0f6ac72f1c6b,True,FORBIDDEN,0901433cbfe906073eae45118a1466e03afab04a766a3061a988ffe089ba4e01,9548a24a4faf5db17b5251df407b4402de033ae8648ec321c850fe6105002cf1,8128818d8ea8f5c3517d04da28955f010269df61e756429957a0a032386f6c51
23,endpoint,target-a,fixture-bank-14,fixture-base-14,86a59d2849e34c3a9889d58bb3b67b946ca9eb639083798f219989137e7f4536,d3ac0ba45cb8ca4a3062283c82745f423da87b60b62b7768857a4ffa9f3e71be,0,0,target-a:fixture-bank-14:p0005,0.09700294584035873,-0.3556221127510071,0.3581552505493164,0.5879884362220764,-1.5578367710113525,-1.3552631578947367,0.6447368421052628,1.763461049929667,False,0.25,low,csi-pairs-v6-software-fixture,ded1ec639ff3e6fd5eba769d42db1ed36222a48af333a30a670254b30b164b74,620f300cbec1f56da4691882bc7dbe52593dc597fc62f6ae925c0f6ac72f1c6b,True,FORBIDDEN,0901433cbfe906073eae45118a1466e03afab04a766a3061a988ffe089ba4e01,9548a24a4faf5db17b5251df407b4402de033ae8648ec321c850fe6105002cf1,8128818d8ea8f5c3517d04da28955f010269df61e756429957a0a032386f6c51
23,endpoint,target-a,fixture-bank-14,fixture-base-14,86a59d2849e34c3a9889d58bb3b67b946ca9eb639083798f219989137e7f4536,d3ac0ba45cb8ca4a3062283c82745f423da87b60b62b7768857a4ffa9f3e71be,0,0,target-a:fixture-bank-14:p0006,0.09905793517827988,-0.3597405254840851,0.357980340719223,0.580527663230896,-1.5710949897766113,1.6447368421052628,-0.3552631578947367,1.5456853917080031,False,0.25,low,csi-pairs-v6-software-fixture,ded1ec639ff3e6fd5eba769d42db1ed36222a48af333a30a670254b30b164b74,620f300cbec1f56da4691882bc7dbe52593dc597fc62f6ae925c0f6ac72f1c6b,True,FORBIDDEN,0901433cbfe906073eae45118a1466e03afab04a766a3061a988ffe089ba4e01,9548a24a4faf5db17b5251df407b4402de033ae8648ec321c850fe6105002cf1,8128818d8ea8f5c3517d04da28955f010269df61e756429957a0a032386f6c51
23,endpoint,target-a,fixture-bank-14,fixture-base-14,86a59d2849e34c3a9889d58bb3b67b946ca9eb639083798f219989137e7f4536,d3ac0ba45cb8ca4a3062283c82745f423da87b60b62b7768857a4ffa9f3e71be,0,0,target-a:fixture-bank-14:p0007,0.10457736998796463,-0.3563210964202881,0.35644686222076416,0.5743300318717957,-1.5861210823059082,-1.3552631578947367,2.644736842105263,3.3372867897793967,True,0.25,low,csi-pairs-v6-software-fixture,ded1ec639ff3e6fd5eba769d42db1ed36222a48af333a30a670254b30b164b74,620f300cbec1f56da4691882bc7dbe52593dc597fc62f6ae925c0f6ac72f1c6b,True,FORBIDDEN,0901433cbfe906073eae45118a1466e03afab04a766a3061a988ffe089ba4e01,9548a24a4faf5db17b5251df407b4402de033ae8648ec321c850fe6105002cf1,8128818d8ea8f5c3517d04da28955f010269df61e756429957a0a032386f6c51
23,endpoint,target-a,fixture-bank-16,fixture-base-16,e23949edbfe2dbe6dc73b97687bd3eed5fbc5d7bd72ecd8b2badea6dfbfe472e,2b37638d300a790f3426572fa00b7bf61aa934746cb588d9fb5347ccf44b354c,0,0,target-a:fixture-bank-16:p0004,0.09567632526159286,-0.3567489683628082,0.3588765263557434,0.5858590602874756,-1.559453010559082,0.6973684210526319,-1.3026315789473681,1.121038487806585,False,0.26126126126126126,low,csi-pairs-v6-software-fixture,ded1ec639ff3e6fd5eba769d42db1ed36222a48af333a30a670254b30b164b74,620f300cbec1f56da4691882bc7dbe52593dc597fc62f6ae925c0f6ac72f1c6b,True,FORBIDDEN,0901433cbfe906073eae45118a1466e03afab04a766a3061a988ffe089ba4e01,9548a24a4faf5db17b5251df407b4402de033ae8648ec321c850fe6105002cf1,8128818d8ea8f5c3517d04da28955f010269df61e756429957a0a032386f6c51
23,endpoint,target-a,fixture-bank-16,fixture-base-16,e23949edbfe2dbe6dc73b97687bd3eed5fbc5d7bd72ecd8b2badea6dfbfe472e,2b37638d300a790f3426572fa00b7bf61aa934746cb588d9fb5347ccf44b354c,0,0,target-a:fixture-bank-16:p0005,0.10236687958240509,-0.3551914691925049,0.3564101457595825,0.5816067457199097,-1.5736339092254639,-1.3026315789473681,0.6973684210526319,1.7555349586447697,False,0.26126126126126126,low,csi-pairs-v6-software-fixture,ded1ec639ff3e6fd5eba769d42db1ed36222a48af333a30a670254b30b164b74,620f300cbec1f56da4691882bc7dbe52593dc597fc62f6ae925c0f6ac72f1c6b,True,FORBIDDEN,0901433cbfe906073eae45118a1466e03afab04a766a3061a988ffe089ba4e01,9548a24a4faf5db17b5251df407b4402de033ae8648ec321c850fe6105002cf1,8128818d8ea8f5c3517d04da28955f010269df61e756429957a0a032386f6c51
23,endpoint,target-a,fixture-bank-16,fixture-base-16,e23949edbfe2dbe6dc73b97687bd3eed5fbc5d7bd72ecd8b2badea6dfbfe472e,2b37638d300a790f3426572fa00b7bf61aa934746cb588d9fb5347ccf44b354c,0,0,target-a:fixture-bank-16:p0006,0.1112804114818573,-0.3615660071372986,0.3546716272830963,0.565670371055603,-1.6063066720962524,1.6973684210526319,-0.30263157894736814,1.5871825480801682,False,0.26126126126126126,low,csi-pairs-v6-software-fixture,ded1ec639ff3e6fd5eba769d42db1ed36222a48af333a30a670254b30b164b74,620f300cbec1f56da4691882bc7dbe52593dc597fc62f6ae925c0f6ac72f1c6b,True,FORBIDDEN,0901433cbfe906073eae45118a1466e03afab04a766a3061a988ffe089ba4e01,9548a24a4faf5db17b5251df407b4402de033ae8648ec321c850fe6105002cf1,8128818d8ea8f5c3517d04da28955f010269df61e756429957a0a032386f6c51
23,endpoint,target-a,fixture-bank-16,fixture-base-16,e23949edbfe2dbe6dc73b97687bd3eed5fbc5d7bd72ecd8b2badea6dfbfe472e,2b37638d300a790f3426572fa00b7bf61aa934746cb588d9fb5347ccf44b354c,0,0,target-a:fixture-bank-16:p0007,0.0962858721613884,-0.36075854301452637,0.35859933495521545,0.5827937722206116,-1.5654714107513428,-0.30263157894736814,1.6973684210526319,2.0964307126684165,True,0.26126126126126126,low,csi-pairs-v6-software-fixture,ded1ec639ff3e6fd5eba769d42db1ed36222a48af333a30a670254b30b164b74,620f300cbec1f56da4691882bc7dbe52593dc597fc62f6ae925c0f6ac72f1c6b,True,FORBIDDEN,0901433cbfe906073eae45118a1466e03afab04a766a3061a988ffe089ba4e01,9548a24a4faf5db17b5251df407b4402de033ae8648ec321c850fe6105002cf1,8128818d8ea8f5c3517d04da28955f010269df61e756429957a0a032386f6c51
23,endpoint,target-a,fixture-bank-14,fixture-base-14,86a59d2849e34c3a9889d58bb3b67b946ca9eb639083798f219989137e7f4536,d3ac0ba45cb8ca4a3062283c82745f423da87b60b62b7768857a4ffa9f3e71be,2,0,target-a:fixture-bank-14:p0004,0.06078167259693146,-0.35232919454574585,0.37619152665138245,0.6020269989967346,-1.485109806060791,0.6447368421052628,-1.3552631578947367,1.160551668317451,False,0.25,low,csi-pairs-v6-software-fixture,ded1ec639ff3e6fd5eba769d42db1ed36222a48af333a30a670254b30b164b74,620f300cbec1f56da4691882bc7dbe52593dc597fc62f6ae925c0f6ac72f1c6b,True,FORBIDDEN,0901433cbfe906073eae45118a1466e03afab04a766a3061a988ffe089ba4e01,9548a24a4faf5db17b5251df407b4402de033ae8648ec321c850fe6105002cf1,8128818d8ea8f5c3517d04da28955f010269df61e756429957a0a032386f6c51
23,endpoint,target-a,fixture-bank-14,fixture-base-14,86a59d2849e34c3a9889d58bb3b67b946ca9eb639083798f219989137e7f4536,d3ac0ba45cb8ca4a3062283c82745f423da87b60b62b7768857a4ffa9f3e71be,2,0,target-a:fixture-bank-14:p0005,0.06180265545845032,-0.3499673008918762,0.37565848231315613,0.6044366955757141,-1.4825332164764404,-1.3552631578947367,0.6447368421052628,1.7313323919657952,False,0.25,low,csi-pairs-v6-software-fixture,ded1ec639ff3e6fd5eba769d42db1ed36222a48af333a30a670254b30b164b74,620f300cbec1f56da4691882bc7dbe52593dc597fc62f6ae925c0f6ac72f1c6b,True,FORBIDDEN,0901433cbfe906073eae45118a1466e03afab04a766a3061a988ffe089ba4e01,9548a24a4faf5db17b5251df407b4402de033ae8648ec321c850fe6105002cf1,8128818d8ea8f5c3517d04da28955f010269df61e756429957a0a032386f6c51
23,endpoint,target-a,fixture-bank-14,fixture-base-14,86a59d2849e34c3a9889d58bb3b67b946ca9eb639083798f219989137e7f4536,d3ac0ba45cb8ca4a3062283c82745f423da87b60b62b7768857a4ffa9f3e71be,2,0,target-a:fixture-bank-14:p0006,0.061632633209228516,-0.3537345230579376,0.3764433264732361,0.5971025228500366,-1.4926542043685913,1.6447368421052628,-0.3552631578947367,1.58310494691565,False,0.25,low,csi-pairs-v6-software-fixture,ded1ec639ff3e6fd5eba769d42db1ed36222a48af333a30a670254b30b164b74,620f300cbec1f56da4691882bc7dbe52593dc597fc62f6ae925c0f6ac72f1c6b,True,FORBIDDEN,0901433cbfe906073eae45118a1466e03afab04a766a3061a988ffe089ba4e01,9548a24a4faf5db17b5251df407b4402de033ae8648ec321c850fe6105002cf1,8128818d8ea8f5c3517d04da28955f010269df61e756429957a0a032386f6c51
23,endpoint,target-a,fixture-bank-14,fixture-base-14,86a59d2849e34c3a9889d58bb3b67b946ca9eb639083798f219989137e7f4536,d3ac0ba45cb8ca4a3062283c82745f423da87b60b62b7768857a4ffa9f3e71be,2,0,target-a:fixture-bank-14:p0007,0.06716349720954895,-0.3501203656196594,0.37471655011177063,0.5903074145317078,-1.508697271347046,-1.3552631578947367,2.644736842105263,3.3154889961833813,True,0.25,low,csi-pairs-v6-software-fixture,ded1ec639ff3e6fd5eba769d42db1ed36222a48af333a30a670254b30b164b74,620f300cbec1f56da4691882bc7dbe52593dc597fc62f6ae925c0f6ac72f1c6b,True,FORBIDDEN,0901433cbfe906073eae45118a1466e03afab04a766a3061a988ffe089ba4e01,9548a24a4faf5db17b5251df407b4402de033ae8648ec321c850fe6105002cf1,8128818d8ea8f5c3517d04da28955f010269df61e756429957a0a032386f6c51
23,endpoint,target-a,fixture-bank-16,fixture-base-16,e23949edbfe2dbe6dc73b97687bd3eed5fbc5d7bd72ecd8b2badea6dfbfe472e,2b37638d300a790f3426572fa00b7bf61aa934746cb588d9fb5347ccf44b354c,2,0,target-a:fixture-bank-16:p0004,0.0619356632232666,-0.3508690595626831,0.3760864734649658,0.6017877459526062,-1.4857866764068604,0.6973684210526319,-1.3026315789473681,1.1443892183291993,False,0.26126126126126126,low,csi-pairs-v6-software-fixture,ded1ec639ff3e6fd5eba769d42db1ed36222a48af333a30a670254b30b164b74,620f300cbec1f56da4691882bc7dbe52593dc597fc62f6ae925c0f6ac72f1c6b,True,FORBIDDEN,0901433cbfe906073eae45118a1466e03afab04a766a3061a988ffe089ba4e01,9548a24a4faf5db17b5251df407b4402de033ae8648ec321c850fe6105002cf1,8128818d8ea8f5c3517d04da28955f010269df61e756429957a0a032386f6c51
23,endpoint,target-a,fixture-bank-16,fixture-base-16,e23949edbfe2dbe6dc73b97687bd3eed5fbc5d7bd72ecd8b2badea6dfbfe472e,2b37638d300a790f3426572fa00b7bf61aa934746cb588d9fb5347ccf44b354c,2,0,target-a:fixture-bank-16:p0005,0.06418192386627197,-0.3495919108390808,0.37474265694618225,0.5981035232543945,-1.4955072402954102,-1.3026315789473681,0.6973684210526319,1.721715739612233,False,0.26126126126126126,low,csi-pairs-v6-software-fixture,ded1ec639ff3e6fd5eba769d42db1ed36222a48af333a30a670254b30b164b74,620f300cbec1f56da4691882bc7dbe52593dc597fc62f6ae925c0f6ac72f1c6b,True,FORBIDDEN,0901433cbfe906073eae45118a1466e03afab04a766a3061a988ffe089ba4e01,9548a24a4faf5db17b5251df407b4402de033ae8648ec321c850fe6105002cf1,8128818d8ea8f5c3517d04da28955f010269df61e756429957a0a032386f6c51
23,endpoint,target-a,fixture-bank-16,fixture-base-16,e23949edbfe2dbe6dc73b97687bd3eed5fbc5d7bd72ecd8b2badea6dfbfe472e,2b37638d300a790f3426572fa00b7bf61aa934746cb588d9fb5347ccf44b354c,2,0,target-a:fixture-bank-16:p0006,0.07034599781036377,-0.3548496663570404,0.3743087351322174,0.5824123620986938,-1.5232508182525635,1.6973684210526319,-0.30263157894736814,1.627860158117357,False,0.26126126126126126,low,csi-pairs-v6-software-fixture,ded1ec639ff3e6fd5eba769d42db1ed36222a48af333a30a670254b30b164b74,620f300cbec1f56da4691882bc7dbe52593dc597fc62f6ae925c0f6ac72f1c6b,True,FORBIDDEN,0901433cbfe906073eae45118a1466e03afab04a766a3061a988ffe089ba4e01,9548a24a4faf5db17b5251df407b4402de033ae8648ec321c850fe6105002cf1,8128818d8ea8f5c3517d04da28955f010269df61e756429957a0a032386f6c51
23,endpoint,target-a,fixture-bank-16,fixture-base-16,e23949edbfe2dbe6dc73b97687bd3eed5fbc5d7bd72ecd8b2badea6dfbfe472e,2b37638d300a790f3426572fa00b7bf61aa934746cb588d9fb5347ccf44b354c,2,0,target-a:fixture-bank-16:p0007,0.0590849369764328,-0.3547208309173584,0.37699323892593384,0.5996038913726807,-1.4870140552520752,-0.30263157894736814,1.6973684210526319,2.0837248225096343,True,0.26126126126126126,low,csi-pairs-v6-software-fixture,ded1ec639ff3e6fd5eba769d42db1ed36222a48af333a30a670254b30b164b74,620f300cbec1f56da4691882bc7dbe52593dc597fc62f6ae925c0f6ac72f1c6b,True,FORBIDDEN,0901433cbfe906073eae45118a1466e03afab04a766a3061a988ffe089ba4e01,9548a24a4faf5db17b5251df407b4402de033ae8648ec321c850fe6105002cf1,8128818d8ea8f5c3517d04da28955f010269df61e756429957a0a032386f6c51
23,endpoint,target-a,fixture-bank-14,fixture-base-14,86a59d2849e34c3a9889d58bb3b67b946ca9eb639083798f219989137e7f4536,d3ac0ba45cb8ca4a3062283c82745f423da87b60b62b7768857a4ffa9f3e71be,4,0,target-a:fixture-bank-14:p0004,0.06286102533340454,-0.3520966172218323,0.3757420778274536,0.6032214164733887,-1.484323263168335,0.6447368421052628,-1.3552631578947367,1.1597079694774712,False,0.25,low,csi-pairs-v6-software-fixture,ded1ec639ff3e6fd5eba769d42db1ed36222a48af333a30a670254b30b164b74,620f300cbec1f56da4691882bc7dbe52593dc597fc62f6ae925c0f6ac72f1c6b,True,FORBIDDEN,0901433cbfe906073eae45118a1466e03afab04a766a3061a988ffe089ba4e01,9548a24a4faf5db17b5251df407b4402de033ae8648ec321c850fe6105002cf1,8128818d8ea8f5c3517d04da28955f010269df61e756429957a0a032386f6c51
23,endpoint,target-a,fixture-bank-14,fixture-base-14,86a59d2849e34c3a9889d58bb3b67b946ca9eb639083798f219989137e7f4536,d3ac0ba45cb8ca4a3062283c82745f423da87b60b62b7768857a4ffa9f3e71be,4,0,target-a:fixture-bank-14:p0005,0.06393700838088989,-0.3495168089866638,0.3752278983592987,0.6055514216423035,-1.481837511062622,-1.3552631578947367,0.6447368421052628,1.7328212356346493,False,0.25,low,csi-pairs-v6-software-fixture,ded1ec639ff3e6fd5eba769d42db1ed36222a48af333a30a670254b30b164b74,620f300cbec1f56da4691882bc7dbe52593dc597fc62f6ae925c0f6ac72f1c6b,True,FORBIDDEN,0901433cbfe906073eae45118a1466e03afab04a766a3061a988ffe089ba4e01,9548a24a4faf5db17b5251df407b4402de033ae8648ec321c850fe6105002cf1,8128818d8ea8f5c3517d04da28955f010269df61e756429957a0a032386f6c51
23,endpoint,target-a,fixture-bank-14,fixture-base-14,86a59d2849e34c3a9889d58bb3b67b946ca9eb639083798f219989137e7f4536,d3ac0ba45cb8ca4a3062283c82745f423da87b60b62b7768857a4ffa9f3e71be,4,0,target-a:fixture-bank-14:p0006,0.06389355659484863,-0.3538569509983063,0.375934362411499,0.5985204577445984,-1.4916353225708008,1.6447368421052628,-0.3552631578947367,1.5808439109416201,False,0.25,low,csi-pairs-v6-software-fixture,ded1ec639ff3e6fd5eba769d42db1ed36222a48af333a30a670254b30b164b74,620f300cbec1f56da4691882bc7dbe52593dc597fc62f6ae925c0f6ac72f1c6b,True,FORBIDDEN,0901433cbfe906073eae45118a1466e03afab04a766a3061a988ffe089ba4e01,9548a24a4faf5db17b5251df407b4402de033ae8648ec321c850fe6105002cf1,8128818d8ea8f5c3517d04da28955f010269df61e756429957a0a032386f6c51
23,endpoint,target-a,fixture-bank-14,fixture-base-14,86a59d2849e34c3a9889d58bb3b67b946ca9eb639083798f219989137e7f4536,d3ac0ba45cb8ca4a3062283c82745f423da87b60b62b7768857a4ffa9f3e71be,4,0,target-a:fixture-bank-14:p0007,0.06917503476142883,-0.3505576252937317,0.37419593334198,0.5917112231254578,-1.5077123641967773,-1.3552631578947367,2.644736842105263,3.3167473692050455,True,0.25,low,csi-pairs-v6-software-fixture,ded1ec639ff3e6fd5eba769d42db1ed36222a48af333a30a670254b30b164b74,620f300cbec1f56da4691882bc7dbe52593dc597fc62f6ae925c0f6ac72f1c6b,True,FORBIDDEN,0901433cbfe906073eae45118a1466e03afab04a766a3061a988ffe089ba4e01,9548a24a4faf5db17b5251df407b4402de033ae8648ec321c850fe6105002cf1,8128818d8ea8f5c3517d04da28955f010269df61e756429957a0a032386f6c51
23,endpoint,target-a,fixture-bank-16,fixture-base-16,e23949edbfe2dbe6dc73b97687bd3eed5fbc5d7bd72ecd8b2badea6dfbfe472e,2b37638d300a790f3426572fa00b7bf61aa934746cb588d9fb5347ccf44b354c,4,0,target-a:fixture-bank-16:p0004,0.0641038715839386,-0.35055458545684814,0.3756716549396515,0.6028938889503479,-1.4850537776947021,0.6973684210526319,-1.3026315789473681,1.1434485520335993,False,0.26126126126126126,low,csi-pairs-v6-software-fixture,ded1ec639ff3e6fd5eba769d42db1ed36222a48af333a30a670254b30b164b74,620f300cbec1f56da4691882bc7dbe52593dc597fc62f6ae925c0f6ac72f1c6b,True,FORBIDDEN,0901433cbfe906073eae45118a1466e03afab04a766a3061a988ffe089ba4e01,9548a24a4faf5db17b5251df407b4402de033ae8648ec321c850fe6105002cf1,8128818d8ea8f5c3517d04da28955f010269df61e756429957a0a032386f6c51
23,endpoint,target-a,fixture-bank-16,fixture-base-16,e23949edbfe2dbe6dc73b97687bd3eed5fbc5d7bd72ecd8b2badea6dfbfe472e,2b37638d300a790f3426572fa00b7bf61aa934746cb588d9fb5347ccf44b354c,4,0,target-a:fixture-bank-16:p0005,0.06604954600334167,-0.34960508346557617,0.3742590844631195,0.599387526512146,-1.4946539402008057,-1.3026315789473681,0.6973684210526319,1.7232067609429458,False,0.26126126126126126,low,csi-pairs-v6-software-fixture,ded1ec639ff3e6fd5eba769d42db1ed36222a48af333a30a670254b30b164b74,620f300cbec1f56da4691882bc7dbe52593dc597fc62f6ae925c0f6ac72f1c6b,True,FORBIDDEN,0901433cbfe906073eae45118a1466e03afab04a766a3061a988ffe089ba4e01,9548a24a4faf5db17b5251df407b4402de033ae8648ec321c850fe6105002cf1,8128818d8ea8f5c3517d04da28955f010269df61e756429957a0a032386f6c51
23,endpoint,target-a,fixture-bank-16,fixture-base-16,e23949edbfe2dbe6dc73b97687bd3eed5fbc5d7bd72ecd8b2badea6dfbfe472e,2b37638d300a790f3426572fa00b7bf61aa934746cb588d9fb5347ccf44b354c,4,0,target-a:fixture-bank-16:p0006,0.07259926199913025,-0.3560168743133545,0.37369677424430847,0.5842373967170715,-1.5217584371566772,1.6973684210526319,-0.30263157894736814,1.625645966984428,False,0.26126126126126126,low,csi-pairs-v6-software-fixture,ded1ec639ff3e6fd5eba769d42db1ed36222a48af333a30a670254b30b164b74,620f300cbec1f56da4691882bc7dbe52593dc597fc62f6ae925c0f6ac72f1c6b,True,FORBIDDEN,0901433cbfe906073eae45118a1466e03afab04a766a3061a988ffe089ba4e01,9548a24a4faf5db17b5251df407b4402de033ae8648ec321c850fe6105002cf1,8128818d8ea8f5c3517d04da28955f010269df61e756429957a0a032386f6c51
23,endpoint,target-a,fixture-bank-16,fixture-base-16,e23949edbfe2dbe6dc73b97687bd3eed5fbc5d7bd72ecd8b2badea6dfbfe472e,2b37638d300a790f3426572fa00b7bf61aa934746cb588d9fb5347ccf44b354c,4,0,target-a:fixture-bank-16:p0007,0.06145477294921875,-0.35466259717941284,0.37647712230682373,0.6010220050811768,-1.4860217571258545,-0.30263157894736814,1.6973684210526319,2.084080173943365,True,0.26126126126126126,low,csi-pairs-v6-software-fixture,ded1ec639ff3e6fd5eba769d42db1ed36222a48af333a30a670254b30b164b74,620f300cbec1f56da4691882bc7dbe52593dc597fc62f6ae925c0f6ac72f1c6b,True,FORBIDDEN,0901433cbfe906073eae45118a1466e03afab04a766a3061a988ffe089ba4e01,9548a24a4faf5db17b5251df407b4402de033ae8648ec321c850fe6105002cf1,8128818d8ea8f5c3517d04da28955f010269df61e756429957a0a032386f6c51
23,endpoint,target-a,fixture-bank-14,fixture-base-14,86a59d2849e34c3a9889d58bb3b67b946ca9eb639083798f219989137e7f4536,d3ac0ba45cb8ca4a3062283c82745f423da87b60b62b7768857a4ffa9f3e71be,2,1,target-a:fixture-bank-14:p0004,0.06441715359687805,-0.37988752126693726,0.3735569715499878,0.6031263470649719,-1.4903132915496826,0.6447368421052628,-1.3552631578947367,1.1349575205255718,False,0.25,low,csi-pairs-v6-software-fixture,ded1ec639ff3e6fd5eba769d42db1ed36222a48af333a30a670254b30b164b74,620f300cbec1f56da4691882bc7dbe52593dc597fc62f6ae925c0f6ac72f1c6b,True,FORBIDDEN,0901433cbfe906073eae45118a1466e03afab04a766a3061a988ffe089ba4e01,9548a24a4faf5db17b5251df407b4402de033ae8648ec321c850fe6105002cf1,8128818d8ea8f5c3517d04da28955f010269df61e756429957a0a032386f6c51
23,endpoint,target-a,fixture-bank-14,fixture-base-14,86a59d2849e34c3a9889d58bb3b67b946ca9eb639083798f219989137e7f4536,d3ac0ba45cb8ca4a3062283c82745f423da87b60b62b7768857a4ffa9f3e71be,2,1,target-a:fixture-bank-14:p0005,0.06577000021934509,-0.3771599233150482,0.3728784918785095,0.6055589914321899,-1.4881060123443604,-1.3552631578947367,0.6447368421052628,1.750316610112632,False,0.25,low,csi-pairs-v6-software-fixture,ded1ec639ff3e6fd5eba769d42db1ed36222a48af333a30a670254b30b164b74,620f300cbec1f56da4691882bc7dbe52593dc597fc62f6ae925c0f6ac72f1c6b,True,FORBIDDEN,0901433cbfe906073eae45118a1466e03afab04a766a3061a988ffe089ba4e01,9548a24a4faf5db17b5251df407b4402de033ae8648ec321c850fe6105002cf1,8128818d8ea8f5c3517d04da28955f010269df61e756429957a0a032386f6c51
23,endpoint,target-a,fixture-bank-14,fixture-base-14,86a59d2849e34c3a9889d58bb3b67b946ca9eb639083798f219989137e7f4536,d3ac0ba45cb8ca4a3062283c82745f423da87b60b62b7768857a4ffa9f3e71be,2,1,target-a:fixture-bank-14:p0006,0.06432147324085236,-0.3823239207267761,0.37424442172050476,0.5980421900749207,-1.4969401359558105,1.6447368421052628,-0.3552631578947367,1.580647026703901,False,0.25,low,csi-pairs-v6-software-fixture,ded1ec639ff3e6fd5eba769d42db1ed36222a48af333a30a670254b30b164b74,620f300cbec1f56da4691882bc7dbe52593dc597fc62f6ae925c0f6ac72f1c6b,True,FORBIDDEN,0901433cbfe906073eae45118a1466e03afab04a766a3061a988ffe089ba4e01,9548a24a4faf5db17b5251df407b4402de033ae8648ec321c850fe6105002cf1,8128818d8ea8f5c3517d04da28955f010269df61e756429957a0a032386f6c51
23,endpoint,target-a,fixture-bank-14,fixture-base-14,86a59d2849e34c3a9889d58bb3b67b946ca9eb639083798f219989137e7f4536,d3ac0ba45cb8ca4a3062283c82745f423da87b60b62b7768857a4ffa9f3e71be,2,1,target-a:fixture-bank-14:p0007,0.06931999325752258,-0.3784686326980591,0.37281596660614014,0.5910231471061707,-1.5125705003738403,-1.3552631578947367,2.644736842105263,3.3420365793072464,True,0.25,low,csi-pairs-v6-software-fixture,ded1ec639ff3e6fd5eba769d42db1ed36222a48af333a30a670254b30b164b74,620f300cbec1f56da4691882bc7dbe52593dc597fc62f6ae925c0f6ac72f1c6b,True,FORBIDDEN,0901433cbfe906073eae45118a1466e03afab04a766a3061a988ffe089ba4e01,9548a24a4faf5db17b5251df407b4402de033ae8648ec321c850fe6105002cf1,8128818d8ea8f5c3517d04da28955f010269df61e756429957a0a032386f6c51
23,endpoint,target-a,fixture-bank-16,fixture-base-16,e23949edbfe2dbe6dc73b97687bd3eed5fbc5d7bd72ecd8b2badea6dfbfe472e,2b37638d300a790f3426572fa00b7bf61aa934746cb588d9fb5347ccf44b354c,2,1,target-a:fixture-bank-16:p0004,0.06561857461929321,-0.377918541431427,0.3734371066093445,0.6029098629951477,-1.4909932613372803,0.6973684210526319,-1.3026315789473681,1.1199116350054166,False,0.26126126126126126,low,csi-pairs-v6-software-fixture,ded1ec639ff3e6fd5eba769d42db1ed36222a48af333a30a670254b30b164b74,620f300cbec1f56da4691882bc7dbe52593dc597fc62f6ae925c0f6ac72f1c6b,True,FORBIDDEN,0901433cbfe906073eae45118a1466e03afab04a766a3061a988ffe089ba4e01,9548a24a4faf5db17b5251df407b4402de033ae8648ec321c850fe6105002cf1,8128818d8ea8f5c3517d04da28955f010269df61e756429957a0a032386f6c51
23,endpoint,target-a,fixture-bank-16,fixture-base-16,e23949edbfe2dbe6dc73b97687bd3eed5fbc5d7bd72ecd8b2badea6dfbfe472e,2b37638d300a790f3426572fa00b7bf61aa934746cb588d9fb5347ccf44b354c,2,1,target-a:fixture-bank-16:p0005,0.06756533682346344,-0.37747132778167725,0.37228256464004517,0.5990599393844604,-1.5004956722259521,-1.3026315789473681,0.6973684210526319,1.7414706640256963,False,0.26126126126126126,low,csi-pairs-v6-software-fixture,ded1ec639ff3e6fd5eba769d42db1ed36222a48af333a30a670254b30b164b74,620f300cbec1f56da4691882bc7dbe52593dc597fc62f6ae925c0f6ac72f1c6b,True,FORBIDDEN,0901433cbfe906073eae45118a1466e03afab04a766a3061a988ffe089ba4e01,9548a24a4faf5db17b5251df407b4402de033ae8648ec321c850fe6105002cf1,8128818d8ea8f5c3517d04da28955f010269df61e756429957a0a032386f6c51
23,endpoint,target-a,fixture-bank-16,fixture-base-16,e23949edbfe2dbe6dc73b97687bd3eed5fbc5d7bd72ecd8b2badea6dfbfe472e,2b37638d300a790f3426572fa00b7bf61aa934746cb588d9fb5347ccf44b354c,2,1,target-a:fixture-bank-16:p0006,0.07025408744812012,-0.3854803442955017,0.3733731508255005,0.5828863382339478,-1.524940013885498,1.6973684210526319,-0.30263157894736814,1.6292221986398798,False,0.26126126126126126,low,csi-pairs-v6-software-fixture,ded1ec639ff3e6fd5eba769d42db1ed36222a48af333a30a670254b30b164b74,620f300cbec1f56da4691882bc7dbe52593dc597fc62f6ae925c0f6ac72f1c6b,True,FORBIDDEN,0901433cbfe906073eae45118a1466e03afab04a766a3061a988ffe089ba4e01,9548a24a4faf5db17b5251df407b4402de033ae8648ec321c850fe6105002cf1,8128818d8ea8f5c3517d04da28955f010269df61e756429957a0a032386f6c51
23,endpoint,target-a,fixture-bank-16,fixture-base-16,e23949edbfe2dbe6dc73b97687bd3eed5fbc5d7bd72ecd8b2badea6dfbfe472e,2b37638d300a790f3426572fa00b7bf61aa934746cb588d9fb5347ccf44b354c,2,1,target-a:fixture-bank-16:p0007,0.06190110743045807,-0.3833821713924408,0.37470224499702454,0.6005886793136597,-1.4914685487747192,-0.30263157894736814,1.6973684210526319,2.1124410305138355,True,0.26126126126126126,low,csi-pairs-v6-software-fixture,ded1ec639ff3e6fd5eba769d42db1ed36222a48af333a30a670254b30b164b74,620f300cbec1f56da4691882bc7dbe52593dc597fc62f6ae925c0f6ac72f1c6b,True,FORBIDDEN,0901433cbfe906073eae45118a1466e03afab04a766a3061a988ffe089ba4e01,9548a24a4faf5db17b5251df407b4402de033ae8648ec321c850fe6105002cf1,8128818d8ea8f5c3517d04da28955f010269df61e756429957a0a032386f6c51
23,endpoint,target-a,fixture-bank-14,fixture-base-14,86a59d2849e34c3a9889d58bb3b67b946ca9eb639083798f219989137e7f4536,d3ac0ba45cb8ca4a3062283c82745f423da87b60b62b7768857a4ffa9f3e71be,4,1,target-a:fixture-bank-14:p0004,0.08121216297149658,-0.3793300986289978,0.3745879828929901,0.5973499417304993,-1.497180700302124,0.6447368421052628,-1.3552631578947367,1.126945162889747,False,0.25,low,csi-pairs-v6-software-fixture,ded1ec639ff3e6fd5eba769d42db1ed36222a48af333a30a670254b30b164b74,620f300cbec1f56da4691882bc7dbe52593dc597fc62f6ae925c0f6ac72f1c6b,True,FORBIDDEN,0901433cbfe906073eae45118a1466e03afab04a766a3061a988ffe089ba4e01,9548a24a4faf5db17b5251df407b4402de033ae8648ec321c850fe6105002cf1,8128818d8ea8f5c3517d04da28955f010269df61e756429957a0a032386f6c51
23,endpoint,target-a,fixture-bank-14,fixture-base-14,86a59d2849e34c3a9889d58bb3b67b946ca9eb639083798f219989137e7f4536,d3ac0ba45cb8ca4a3062283c82745f423da87b60b62b7768857a4ffa9f3e71be,4,1,target-a:fixture-bank-14:p0005,0.0831475481390953,-0.3764198422431946,0.37377840280532837,0.599516749382019,-1.4957234859466553,-1.3552631578947367,0.6447368421052628,1.7640256044690175,False,0.25,low,csi-pairs-v6-software-fixture,ded1ec639ff3e6fd5eba769d42db1ed36222a48af333a30a670254b30b164b74,620f300cbec1f56da4691882bc7dbe52593dc597fc62f6ae925c0f6ac72f1c6b,True,FORBIDDEN,0901433cbfe906073eae45118a1466e03afab04a766a3061a988ffe089ba4e01,9548a24a4faf5db17b5251df407b4402de033ae8648ec321c850fe6105002cf1,8128818d8ea8f5c3517d04da28955f010269df61e756429957a0a032386f6c51
23,endpoint,target-a,fixture-bank-14,fixture-base-14,86a59d2849e34c3a9889d58bb3b67b946ca9eb639083798f219989137e7f4536,d3ac0ba45cb8ca4a3062283c82745f423da87b60b62b7768857a4ffa9f3e71be,4,1,target-a:fixture-bank-14:p0006,0.08056193590164185,-0.382318377494812,0.375419020652771,0.5926436185836792,-1.5028746128082275,1.6447368421052628,-0.3552631578947367,1.5644088730586754,False,0.25,low,csi-pairs-v6-software-fixture,ded1ec639ff3e6fd5eba769d42db1ed36222a48af333a30a670254b30b164b74,620f300cbec1f56da4691882bc7dbe52593dc597fc62f6ae925c0f6ac72f1c6b,True,FORBIDDEN,0901433cbfe906073eae45118a1466e03afab04a766a3061a988ffe089ba4e01,9548a24a4faf5db17b5251df407b4402de033ae8648ec321c850fe6105002cf1,8128818d8ea8f5c3517d04da28955f010269df61e756429957a0a032386f6c51
23,endpoint,target-a,fixture-bank-14,fixture-base-14,86a59d2849e34c3a9889d58bb3b67b946ca9eb639083798f219989137e7f4536,d3ac0ba45cb8ca4a3062283c82745f423da87b60b62b7768857a4ffa9f3e71be,4,1,target-a:fixture-bank-14:p0007,0.08424584567546844,-0.37875163555145264,0.3739432990550995,0.58619225025177,-1.5177586078643799,-1.3552631578947367,2.644736842105263,3.3486816429578083,True,0.25,low,csi-pairs-v6-software-fixture,ded1ec639ff3e6fd5eba769d42db1ed36222a48af333a30a670254b30b164b74,620f300cbec1f56da4691882bc7dbe52593dc597fc62f6ae925c0f6ac72f1c6b,True,FORBIDDEN,0901433cbfe906073eae45118a1466e03afab04a766a3061a988ffe089ba4e01,9548a24a4faf5db17b5251df407b4402de033ae8648ec321c850fe6105002cf1,8128818d8ea8f5c3517d04da28955f010269df61e756429957a0a032386f6c51
23,endpoint,target-a,fixture-bank-16,fixture-base-16,e23949edbfe2dbe6dc73b97687bd3eed5fbc5d7bd72ecd8b2badea6dfbfe472e,2b37638d300a790f3426572fa00b7bf61aa934746cb588d9fb5347ccf44b354c,4,1,target-a:fixture-bank-16:p0004,0.08240903913974762,-0.3773496747016907,0.37436503171920776,0.5973353981971741,-1.497800350189209,0.6973684210526319,-1.3026315789473681,1.1110002897061655,False,0.26126126126126126,low,csi-pairs-v6-software-fixture,ded1ec639ff3e6fd5eba769d42db1ed36222a48af333a30a670254b30b164b74,620f300cbec1f56da4691882bc7dbe52593dc597fc62f6ae925c0f6ac72f1c6b,True,FORBIDDEN,0901433cbfe906073eae45118a1466e03afab04a766a3061a988ffe089ba4e01,9548a24a4faf5db17b5251df407b4402de033ae8648ec321c850fe6105002cf1,8128818d8ea8f5c3517d04da28955f010269df61e756429957a0a032386f6c51
23,endpoint,target-a,fixture-bank-16,fixture-base-16,e23949edbfe2dbe6dc73b97687bd3eed5fbc5d7bd72ecd8b2badea6dfbfe472e,2b37638d300a790f3426572fa00b7bf61aa934746cb588d9fb5347ccf44b354c,4,1,target-a:fixture-bank-16:p0005,0.08374359458684921,-0.377153217792511,0.37334904074668884,0.5933240056037903,-1.5072561502456665,-1.3026315789473681,0.6973684210526319,1.7540333161426789,False,0.26126126126126126,low,csi-pairs-v6-software-fixture,ded1ec639ff3e6fd5eba769d42db1ed36222a48af333a30a670254b30b164b74,620f300cbec1f56da4691882bc7dbe52593dc597fc62f6ae925c0f6ac72f1c6b,True,FORBIDDEN,0901433cbfe906073eae45118a1466e03afab04a766a3061a988ffe089ba4e01,9548a24a4faf5db17b5251df407b4402de033ae8648ec321c850fe6105002cf1,8128818d8ea8f5c3517d04da28955f010269df61e756429957a0a032386f6c51
23,endpoint,target-a,fixture-bank-16,fixture-base-16,e23949edbfe2dbe6dc73b97687bd3eed5fbc5d7bd72ecd8b2badea6dfbfe472e,2b37638d300a790f3426572fa00b7bf61aa934746cb588d9fb5347ccf44b354c,4,1,target-a:fixture-bank-16:p0006,0.08446739614009857,-0.38661623001098633,0.3747519254684448,0.578514039516449,-1.5287835597991943,1.6973684210526319,-0.30263157894736814,1.6150861084716746,False,0.26126126126126126,low,csi-pairs-v6-software-fixture,ded1ec639ff3e6fd5eba769d42db1ed36222a48af333a30a670254b30b164b74,620f300cbec1f56da4691882bc7dbe52593dc597fc62f6ae925c0f6ac72f1c6b,True,FORBIDDEN,0901433cbfe906073eae45118a1466e03afab04a766a3061a988ffe089ba4e01,9548a24a4faf5db17b5251df407b4402de033ae8648ec321c850fe6105002cf1,8128818d8ea8f5c3517d04da28955f010269df61e756429957a0a032386f6c51
23,endpoint,target-a,fixture-bank-16,fixture-base-16,e23949edbfe2dbe6dc73b97687bd3eed5fbc5d7bd72ecd8b2badea6dfbfe472e,2b37638d300a790f3426572fa00b7bf61aa934746cb588d9fb5347ccf44b354c,4,1,target-a:fixture-bank-16:p0007,0.07863759249448776,-0.3832617402076721,0.3758818805217743,0.5949974060058594,-1.497678518295288,-0.30263157894736814,1.6973684210526319,2.115274934621511,True,0.26126126126126126,low,csi-pairs-v6-software-fixture,ded1ec639ff3e6fd5eba769d42db1ed36222a48af333a30a670254b30b164b74,620f300cbec1f56da4691882bc7dbe52593dc597fc62f6ae925c0f6ac72f1c6b,True,FORBIDDEN,0901433cbfe906073eae45118a1466e03afab04a766a3061a988ffe089ba4e01,9548a24a4faf5db17b5251df407b4402de033ae8648ec321c850fe6105002cf1,8128818d8ea8f5c3517d04da28955f010269df61e756429957a0a032386f6c51
23,endpoint,target-b,fixture-bank-15,fixture-base-15,e23949edbfe2dbe6dc73b97687bd3eed5fbc5d7bd72ecd8b2badea6dfbfe472e,234b78d61b49dc10d04ca8d24378f3b96eae7ef419b9bbe2bb61b3933c753b5d,0,0,target-b:fixture-bank-15:p0004,0.10466285049915314,-0.3677959144115448,0.3558932840824127,0.5688356757164001,-1.5972880125045776,-2.3289473684210527,-0.32894736842105265,2.433920275431886,True,0.23393574297188752,low,csi-pairs-v6-software-fixture,ded1ec639ff3e6fd5eba769d42db1ed36222a48af333a30a670254b30b164b74,620f300cbec1f56da4691882bc7dbe52593dc597fc62f6ae925c0f6ac72f1c6b,True,FORBIDDEN,0901433cbfe906073eae45118a1466e03afab04a766a3061a988ffe089ba4e01,9548a24a4faf5db17b5251df407b4402de033ae8648ec321c850fe6105002cf1,8128818d8ea8f5c3517d04da28955f010269df61e756429957a0a032386f6c51
23,endpoint,target-b,fixture-bank-15,fixture-base-15,e23949edbfe2dbe6dc73b97687bd3eed5fbc5d7bd72ecd8b2badea6dfbfe472e,234b78d61b49dc10d04ca8d24378f3b96eae7ef419b9bbe2bb61b3933c753b5d,0,0,target-b:fixture-bank-15:p0005,0.10101737827062607,-0.3636493682861328,0.3571183383464813,0.5765738487243652,-1.5803399085998535,1.671052631578947,-2.3289473684210527,2.515433745095513,True,0.23393574297188752,low,csi-pairs-v6-software-fixture,ded1ec639ff3e6fd5eba769d42db1ed36222a48af333a30a670254b30b164b74,620f300cbec1f56da4691882bc7dbe52593dc597fc62f6ae925c0f6ac72f1c6b,True,FORBIDDEN,0901433cbfe906073eae45118a1466e03afab04a766a3061a988ffe089ba4e01,9548a24a4faf5db17b5251df407b4402de033ae8648ec321c850fe6105002cf1,8128818d8ea8f5c3517d04da28955f010269df61e756429957a0a032386f6c51
23,endpoint,target-b,fixture-bank-15,fixture-base-15,e23949edbfe2dbe6dc73b97687bd3eed5fbc5d7bd72ecd8b2badea6dfbfe472e,234b78d61b49dc10d04ca8d24378f3b96eae7ef419b9bbe2bb61b3933c753b5d,0,0,target-b:fixture-bank-15:p0006,0.11749283969402313,-0.35604923963546753,0.353589802980423,0.5566200613975525,-1.6254901885986328,-0.32894736842105265,1.671052631578947,2.075680817395298,True,0.23393574297188752,low,csi-pairs-v6-software-fixture,ded1ec639ff3e6fd5eba769d42db1ed36222a48af333a30a670254b30b164b74,620f300cbec1f56da4691882bc7dbe52593dc597fc62f6ae925c0f6ac72f1c6b,True,FORBIDDEN,0901433cbfe906073eae45118a1466e03afab04a766a3061a988ffe089ba4e01,9548a24a4faf5db17b5251df407b4402de033ae8648ec321c850fe6105002cf1,8128818d8ea8f5c3517d04da28955f010269df61e756429957a0a032386f6c51
23,endpoint,target-b,fixture-bank-15,fixture-base-15,e23949edbfe2dbe6dc73b97687bd3eed5fbc5d7bd72ecd8b2badea6dfbfe472e,234b78d61b49dc10d04ca8d24378f3b96eae7ef419b9bbe2bb61b3933c753b5d,0,0,target-b:fixture-bank-15:p0007,0.11448069661855698,-0.3597341775894165,0.35342374444007874,0.5636820197105408,-1.6133525371551514,2.671052631578947,-0.32894736842105265,2.556757299050084,True,0.23393574297188752,low,csi-pairs-v6-software-fixture,ded1ec639ff3e6fd5eba769d42db1ed36222a48af333a30a670254b30b164b74,620f300cbec1f56da4691882bc7dbe52593dc597fc62f6ae925c0f6ac72f1c6b,True,FORBIDDEN,0901433cbfe906073eae45118a1466e03afab04a766a3061a988ffe089ba4e01,9548a24a4faf5db17b5251df407b4402de033ae8648ec321c850fe6105002cf1,8128818d8ea8f5c3517d04da28955f010269df61e756429957a0a032386f6c51
23,endpoint,target-b,fixture-bank-17,fixture-base-17,86a59d2849e34c3a9889d58bb3b67b946ca9eb639083798f219989137e7f4536,b8fec4fd063826ac29c6cc8d291ad3a1a89347817c28241565eb44269fa8c24d,0,0,target-b:fixture-bank-17:p0004,0.08875210583209991,-0.36994367837905884,0.360410213470459,0.5862683653831482,-1.554490089416504,-2.276315789473684,-0.27631578947368407,2.3669204319087296,True,0.24519700423314877,low,csi-pairs-v6-software-fixture,ded1ec639ff3e6fd5eba769d42db1ed36222a48af333a30a670254b30b164b74,620f300cbec1f56da4691882bc7dbe52593dc597fc62f6ae925c0f6ac72f1c6b,True,FORBIDDEN,0901433cbfe906073eae45118a1466e03afab04a766a3061a988ffe089ba4e01,9548a24a4faf5db17b5251df407b4402de033ae8648ec321c850fe6105002cf1,8128818d8ea8f5c3517d04da28955f010269df61e756429957a0a032386f6c51
23,endpoint,target-b,fixture-bank-17,fixture-base-17,86a59d2849e34c3a9889d58bb3b67b946ca9eb639083798f219989137e7f4536,b8fec4fd063826ac29c6cc8d291ad3a1a89347817c28241565eb44269fa8c24d,0,0,target-b:fixture-bank-17:p0005,0.11253775656223297,-0.35989049077033997,0.3545416593551636,0.5626752376556396,-1.6119821071624756,1.723684210526316,-2.276315789473684,2.5036930366223493,True,0.24519700423314877,low,csi-pairs-v6-software-fixture,ded1ec639ff3e6fd5eba769d42db1ed36222a48af333a30a670254b30b164b74,620f300cbec1f56da4691882bc7dbe52593dc597fc62f6ae925c0f6ac72f1c6b,True,FORBIDDEN,0901433cbfe906073eae45118a1466e03afab04a766a3061a988ffe089ba4e01,9548a24a4faf5db17b5251df407b4402de033ae8648ec321c850fe6105002cf1,8128818d8ea8f5c3517d04da28955f010269df61e756429957a0a032386f6c51
23,endpoint,target-b,fixture-bank-17,fixture-base-17,86a59d2849e34c3a9889d58bb3b67b946ca9eb639083798f219989137e7f4536,b8fec4fd063826ac29c6cc8d291ad3a1a89347817c28241565eb44269fa8c24d,0,0,target-b:fixture-bank-17:p0006,0.10069166868925095,-0.3565906882286072,0.3580321967601776,0.5752717852592468,-1.5800449848175049,1.723684210526316,-0.27631578947368407,1.6249765691322597,False,0.24519700423314877,low,csi-pairs-v6-software-fixture,ded1ec639ff3e6fd5eba769d42db1ed36222a48af333a30a670254b30b164b74,620f300cbec1f56da4691882bc7dbe52593dc597fc62f6ae925c0f6ac72f1c6b,True,FORBIDDEN,0901433cbfe906073eae45118a1466e03afab04a766a3061a988ffe089ba4e01,9548a24a4faf5db17b5251df407b4402de033ae8648ec321c850fe6105002cf1,8128818d8ea8f5c3517d04da28955f010269df61e756429957a0a032386f6c51
23,endpoint,target-b,fixture-bank-17,fixture-base-17,86a59d2849e34c3a9889d58bb3b67b946ca9eb639083798f219989137e7f4536,b8fec4fd063826ac29c6cc8d291ad3a1a89347817c28241565eb44269fa8c24d,0,0,target-b:fixture-bank-17:p0007,0.09914751350879669,-0.36179378628730774,0.3579990267753601,0.5796642899513245,-1.5725312232971191,-1.276315789473684,2.723684210526316,3.378176100601105,True,0.24519700423314877,low,csi-pairs-v6-software-fixture,ded1ec639ff3e6fd5eba769d42db1ed36222a48af333a30a670254b30b164b74,620f300cbec1f56da4691882bc7dbe52593dc597fc62f6ae925c0f6ac72f1c6b,True,FORBIDDEN,0901433cbfe906073eae45118a1466e03afab04a766a3061a988ffe089ba4e01,9548a24a4faf5db17b5251df407b4402de033ae8648ec321c850fe6105002cf1,8128818d8ea8f5c3517d04da28955f010269df61e756429957a0a032386f6c51
23,endpoint,target-b,fixture-bank-15,fixture-base-15,e23949edbfe2dbe6dc73b97687bd3eed5fbc5d7bd72ecd8b2badea6dfbfe472e,234b78d61b49dc10d04ca8d24378f3b96eae7ef419b9bbe2bb61b3933c753b5d,2,0,target-b:fixture-bank-15:p0004,0.06132154166698456,-0.3780415952205658,0.3722301125526428,0.5832598209381104,-1.5273655652999878,-2.3289473684210527,-0.32894736842105265,2.390773035157979,True,0.23393574297188752,low,csi-pairs-v6-software-fixture,ded1ec639ff3e6fd5eba769d42db1ed36222a48af333a30a670254b30b164b74,620f300cbec1f56da4691882bc7dbe52593dc597fc62f6ae925c0f6ac72f1c6b,True,FORBIDDEN,0901433cbfe906073eae45118a1466e03afab04a766a3061a988ffe089ba4e01,9548a24a4faf5db17b5251df407b4402de033ae8648ec321c850fe6105002cf1,8128818d8ea8f5c3517d04da28955f010269df61e756429957a0a032386f6c51
23,endpoint,target-b,fixture-bank-15,fixture-base-15,e23949edbfe2dbe6dc73b97687bd3eed5fbc5d7bd72ecd8b2badea6dfbfe472e,234b78d61b49dc10d04ca8d24378f3b96eae7ef419b9bbe2bb61b3933c753b5d,2,0,target-b:fixture-bank-15:p0005,0.06133551895618439,-0.3710488975048065,0.3716834485530853,0.5912073850631714,-1.5153011083602905,1.671052631578947,-2.3289473684210527,2.5346707093992973,True,0.23393574297188752,low,csi-pairs-v6-software-fixture,ded1ec639ff3e6fd5eba769d42db1ed36222a48af333a30a670254b30b164b74,620f300cbec1f56da4691882bc7dbe52593dc597fc62f6ae925c0f6ac72f1c6b,True,FORBIDDEN,0901433cbfe906073eae45118a1466e03afab04a766a3061a988ffe089ba4e01,9548a24a4faf5db17b5251df407b4402de033ae8648ec321c850fe6105002cf1,8128818d8ea8f5c3517d04da28955f010269df61e756429957a0a032386f6c51
23,endpoint,target-b,fixture-bank-15,fixture-base-15,e23949edbfe2dbe6dc73b97687bd3eed5fbc5d7bd72ecd8b2badea6dfbfe472e,234b78d61b49dc10d04ca8d24378f3b96eae7ef419b9bbe2bb61b3933c753b5d,2,0,target-b:fixture-bank-15:p0006,0.07475745677947998,-0.3670213520526886,0.3697158694267273,0.5696799755096436,-1.5577011108398438,-0.32894736842105265,1.671052631578947,2.0776725316195326,True,0.23393574297188752,low,csi-pairs-v6-software-fixture,ded1ec639ff3e6fd5eba769d42db1ed36222a48af333a30a670254b30b164b74,620f300cbec1f56da4691882bc7dbe52593dc597fc62f6ae925c0f6ac72f1c6b,True,FORBIDDEN,0901433cbfe906073eae45118a1466e03afab04a766a3061a988ffe089ba4e01,9548a24a4faf5db17b5251df407b4402de033ae8648ec321c850fe6105002cf1,8128818d8ea8f5c3517d04da28955f010269df61e756429957a0a032386f6c51
23,endpoint,target-b,fixture-bank-15,fixture-base-15,e23949edbfe2dbe6dc73b97687bd3eed5fbc5d7bd72ecd8b2badea6dfbfe472e,234b78d61b49dc10d04ca8d24378f3b96eae7ef419b9bbe2bb61b3933c753b5d,2,0,target-b:fixture-bank-15:p0007,0.06950683891773224,-0.37083300948143005,0.36982235312461853,0.5775392055511475,-1.5437114238739014,2.671052631578947,-0.32894736842105265,2.6018829562915213,True,0.23393574297188752,low,csi-pairs-v6-software-fixture,ded1ec639ff3e6fd5eba769d42db1ed36222a48af333a30a670254b30b164b74,620f300cbec1f56da4691882bc7dbe52593dc597fc62f6ae925c0f6ac72f1c6b,True,FORBIDDEN,0901433cbfe906073eae45118a1466e03afab04a766a3061a988ffe089ba4e01,9548a24a4faf5db17b5251df407b4402de033ae8648ec321c850fe6105002cf1,8128818d8ea8f5c3517d04da28955f010269df61e756429957a0a032386f6c51
23,endpoint,target-b,fixture-bank-17,fixture-base-17,86a59d2849e34c3a9889d58bb3b67b946ca9eb639083798f219989137e7f4536,b8fec4fd063826ac29c6cc8d291ad3a1a89347817c28241565eb44269fa8c24d,2,0,target-b:fixture-bank-17:p0004,0.052239879965782166,-0.37508368492126465,0.37405017018318176,0.6015383005142212,-1.4916304349899292,-2.276315789473684,-0.27631578947368407,2.3306493950935274,True,0.24519700423314877,low,csi-pairs-v6-software-fixture,ded1ec639ff3e6fd5eba769d42db1ed36222a48af333a30a670254b30b164b74,620f300cbec1f56da4691882bc7dbe52593dc597fc62f6ae925c0f6ac72f1c6b,True,FORBIDDEN,0901433cbfe906073eae45118a1466e03afab04a766a3061a988ffe089ba4e01,9548a24a4faf5db17b5251df407b4402de033ae8648ec321c850fe6105002cf1,8128818d8ea8f5c3517d04da28955f010269df61e756429957a0a032386f6c51
23,endpoint,target-b,fixture-bank-17,fixture-base-17,86a59d2849e34c3a9889d58bb3b67b946ca9eb639083798f219989137e7f4536,b8fec4fd063826ac29c6cc8d291ad3a1a89347817c28241565eb44269fa8c24d,2,0,target-b:fixture-bank-17:p0005,0.06919397413730621,-0.370309054851532,0.3707403540611267,0.5764748454093933,-1.5430768728256226,1.723684210526316,-2.276315789473684,2.5239254376331246,True,0.24519700423314877,low,csi-pairs-v6-software-fixture,ded1ec639ff3e6fd5eba769d42db1ed36222a48af333a30a670254b30b164b74,620f300cbec1f56da4691882bc7dbe52593dc597fc62f6ae925c0f6ac72f1c6b,True,FORBIDDEN,0901433cbfe906073eae45118a1466e03afab04a766a3061a988ffe089ba4e01,9548a24a4faf5db17b5251df407b4402de033ae8648ec321c850fe6105002cf1,8128818d8ea8f5c3517d04da28955f010269df61e756429957a0a032386f6c51
23,endpoint,target-b,fixture-bank-17,fixture-base-17,86a59d2849e34c3a9889d58bb3b67b946ca9eb639083798f219989137e7f4536,b8fec4fd063826ac29c6cc8d291ad3a1a89347817c28241565eb44269fa8c24d,2,0,target-b:fixture-bank-17:p0006,0.06601142883300781,-0.3617663085460663,0.37102144956588745,0.5891356468200684,-1.5205942392349243,1.723684210526316,-0.27631578947368407,1.6598737429023238,False,0.24519700423314877,low,csi-pairs-v6-software-fixture,ded1ec639ff3e6fd5eba769d42db1ed36222a48af333a30a670254b30b164b74,620f300cbec1f56da4691882bc7dbe52593dc597fc62f6ae925c0f6ac72f1c6b,True,FORBIDDEN,0901433cbfe906073eae45118a1466e03afab04a766a3061a988ffe089ba4e01,9548a24a4faf5db17b5251df407b4402de033ae8648ec321c850fe6105002cf1,8128818d8ea8f5c3517d04da28955f010269df61e756429957a0a032386f6c51
23,endpoint,target-b,fixture-bank-17,fixture-base-17,86a59d2849e34c3a9889d58bb3b67b946ca9eb639083798f219989137e7f4536,b8fec4fd063826ac29c6cc8d291ad3a1a89347817c28241565eb44269fa8c24d,2,0,target-b:fixture-bank-17:p0007,0.06178136169910431,-0.36774271726608276,0.3716851472854614,0.5942056775093079,-1.5102379322052002,-1.276315789473684,2.723684210526316,3.368593836581769,True,0.24519700423314877,low,csi-pairs-v6-software-fixture,ded1ec639ff3e6fd5eba769d42db1ed36222a48af333a30a670254b30b164b74,620f300cbec1f56da4691882bc7dbe52593dc597fc62f6ae925c0f6ac72f1c6b,True,FORBIDDEN,0901433cbfe906073eae45118a1466e03afab04a766a3061a988ffe089ba4e01,9548a24a4faf5db17b5251df407b4402de033ae8648ec321c850fe6105002cf1,8128818d8ea8f5c3517d04da28955f010269df61e756429957a0a032386f6c51
23,endpoint,target-b,fixture-bank-15,fixture-base-15,e23949edbfe2dbe6dc73b97687bd3eed5fbc5d7bd72ecd8b2badea6dfbfe472e,234b78d61b49dc10d04ca8d24378f3b96eae7ef419b9bbe2bb61b3933c753b5d,4,0,target-b:fixture-bank-15:p0004,0.06208464503288269,-0.3758854269981384,0.3723084628582001,0.5866362452507019,-1.5213829278945923,-2.3289473684210527,-0.32894736842105265,2.3914926867344937,True,0.23393574297188752,low,csi-pairs-v6-software-fixture,ded1ec639ff3e6fd5eba769d42db1ed36222a48af333a30a670254b30b164b74,620f300cbec1f56da4691882bc7dbe52593dc597fc62f6ae925c0f6ac72f1c6b,True,FORBIDDEN,0901433cbfe906073eae45118a1466e03afab04a766a3061a988ffe089ba4e01,9548a24a4faf5db17b5251df407b4402de033ae8648ec321c850fe6105002cf1,8128818d8ea8f5c3517d04da28955f010269df61e756429957a0a032386f6c51
23,endpoint,target-b,fixture-bank-15,fixture-base-15,e23949edbfe2dbe6dc73b97687bd3eed5fbc5d7bd72ecd8b2badea6dfbfe472e,234b78d61b49dc10d04ca8d24378f3b96eae7ef419b9bbe2bb61b3933c753b5d,4,0,target-b:fixture-bank-15:p0005,0.06066553294658661,-0.37009045481681824,0.3725120723247528,0.5944098830223083,-1.5076720714569092,1.671052631578947,-2.3289473684210527,2.5358365514000814,True,0.23393574297188752,low,csi-pairs-v6-software-fixture,ded1ec639ff3e6fd5eba769d42db1ed36222a48af333a30a670254b30b164b74,620f300cbec1f56da4691882bc7dbe52593dc597fc62f6ae925c0f6ac72f1c6b,True,FORBIDDEN,0901433cbfe906073eae45118a1466e03afab04a766a3061a988ffe089ba4e01,9548a24a4faf5db17b5251df407b4402de033ae8648ec321c850fe6105002cf1,8128818d8ea8f5c3517d04da28955f010269df61e756429957a0a032386f6c51
23,endpoint,target-b,fixture-bank-15,fixture-base-15,e23949edbfe2dbe6dc73b97687bd3eed5fbc5d7bd72ecd8b2badea6dfbfe472e,234b78d61b49dc10d04ca8d24378f3b96eae7ef419b9bbe2bb61b3933c753b5d,4,0,target-b:fixture-bank-15:p0006,0.07372736930847168,-0.36578142642974854,0.37012118101119995,0.5723196864128113,-1.5519824028015137,-0.32894736842105265,1.671052631578947,2.0762562279905894,True,0.23393574297188752,low,csi-pairs-v6-software-fixture,ded1ec639ff3e6fd5eba769d42db1ed36222a48af333a30a670254b30b164b74,620f300cbec1f56da4691882bc7dbe52593dc597fc62f6ae925c0f6ac72f1c6b,True,FORBIDDEN,0901433cbfe906073eae45118a1466e03afab04a766a3061a988ffe089ba4e01,9548a24a4faf5db17b5251df407b4402de033ae8648ec321c850fe6105002cf1,8128818d8ea8f5c3517d04da28955f010269df61e756429957a0a032386f6c51
23,endpoint,target-b,fixture-bank-15,fixture-base-15,e23949edbfe2dbe6dc73b97687bd3eed5fbc5d7bd72ecd8b2badea6dfbfe472e,234b78d61b49dc10d04ca8d24378f3b96eae7ef419b9bbe2bb61b3933c753b5d,4,0,target-b:fixture-bank-15:p0007,0.06843501329421997,-0.36934930086135864,0.37034791707992554,0.5804334282875061,-1.5372925996780396,2.671052631578947,-0.32894736842105265,2.602931190629321,True,0.23393574297188752,low,csi-pairs-v6-software-fixture,ded1ec639ff3e6fd5eba769d42db1ed36222a48af333a30a670254b30b164b74,620f300cbec1f56da4691882bc7dbe52593dc597fc62f6ae925c0f6ac72f1c6b,True,FORBIDDEN,0901433cbfe906073eae45118a1466e03afab04a766a3061a988ffe089ba4e01,9548a24a4faf5db17b5251df407b4402de033ae8648ec321c850fe6105002cf1,8128818d8ea8f5c3517d04da28955f010269df61e756429957a0a032386f6c51
23,endpoint,target-b,fixture-bank-17,fixture-base-17,86a59d2849e34c3a9889d58bb3b67b946ca9eb639083798f219989137e7f4536,b8fec4fd063826ac29c6cc8d291ad3a1a89347817c28241565eb44269fa8c24d,4,0,target-b:fixture-bank-17:p0004,0.05213424563407898,-0.3741859495639801,0.37489548325538635,0.6050567030906677,-1.4835411310195923,-2.276315789473684,-0.27631578947368407,2.330505982448756,True,0.24519700423314877,low,csi-pairs-v6-software-fixture,ded1ec639ff3e6fd5eba769d42db1ed36222a48af333a30a670254b30b164b74,620f300cbec1f56da4691882bc7dbe52593dc597fc62f6ae925c0f6ac72f1c6b,True,FORBIDDEN,0901433cbfe906073eae45118a1466e03afab04a766a3061a988ffe089ba4e01,9548a24a4faf5db17b5251df407b4402de033ae8648ec321c850fe6105002cf1,8128818d8ea8f5c3517d04da28955f010269df61e756429957a0a032386f6c51
23,endpoint,target-b,fixture-bank-17,fixture-base-17,86a59d2849e34c3a9889d58bb3b67b946ca9eb639083798f219989137e7f4536,b8fec4fd063826ac29c6cc8d291ad3a1a89347817c28241565eb44269fa8c24d,4,0,target-b:fixture-bank-17:p0005,0.06859278678894043,-0.3688296675682068,0.37112993001937866,0.5793250799179077,-1.5370945930480957,1.723684210526316,-2.276315789473684,2.5254367792900716,True,0.24519700423314877,low,csi-pairs-v6-software-fixture,ded1ec639ff3e6fd5eba769d42db1ed36222a48af333a30a670254b30b164b74,620f300cbec1f56da4691882bc7dbe52593dc597fc62f6ae925c0f6ac72f1c6b,True,FORBIDDEN,0901433cbfe906073eae45118a1466e03afab04a766a3061a988ffe089ba4e01,9548a24a4faf5db17b5251df407b4402de033ae8648ec321c850fe6105002cf1,8128818d8ea8f5c3517d04da28955f010269df61e756429957a0a032386f6c51
23,endpoint,target-b,fixture-bank-17,fixture-base-17,86a59d2849e34c3a9889d58bb3b67b946ca9eb639083798f219989137e7f4536,b8fec4fd063826ac29c6cc8d291ad3a1a89347817c28241565eb44269fa8c24d,4,0,target-b:fixture-bank-17:p0006,0.0645519345998764,-0.36182868480682373,0.3721574544906616,0.5919691324234009,-1.5127390623092651,1.723684210526316,-0.27631578947368407,1.6613345130614434,False,0.24519700423314877,low,csi-pairs-v6-software-fixture,ded1ec639ff3e6fd5eba769d42db1ed36222a48af333a30a670254b30b164b74,620f300cbec1f56da4691882bc7dbe52593dc597fc62f6ae925c0f6ac72f1c6b,True,FORBIDDEN,0901433cbfe906073eae45118a1466e03afab04a766a3061a988ffe089ba4e01,9548a24a4faf5db17b5251df407b4402de033ae8648ec321c850fe6105002cf1,8128818d8ea8f5c3517d04da28955f010269df61e756429957a0a032386f6c51
23,endpoint,target-b,fixture-bank-17,fixture-base-17,86a59d2849e34c3a9889d58bb3b67b946ca9eb639083798f219989137e7f4536,b8fec4fd063826ac29c6cc8d291ad3a1a89347817c28241565eb44269fa8c24d,4,0,target-b:fixture-bank-17:p0007,0.060742005705833435,-0.36728644371032715,0.37275171279907227,0.5972192287445068,-1.5023138523101807,-1.276315789473684,2.723684210526316,3.3677623332121307,True,0.24519700423314877,low,csi-pairs-v6-software-fixture,ded1ec639ff3e6fd5eba769d42db1ed36222a48af333a30a670254b30b164b74,620f300cbec1f56da4691882bc7dbe52593dc597fc62f6ae925c0f6ac72f1c6b,True,FORBIDDEN,0901433cbfe906073eae45118a1466e03afab04a766a3061a988ffe089ba4e01,9548a24a4faf5db17b5251df407b4402de033ae8648ec321c850fe6105002cf1,8128818d8ea8f5c3517d04da28955f010269df61e756429957a0a032386f6c51
23,endpoint,target-b,fixture-bank-15,fixture-base-15,e23949edbfe2dbe6dc73b97687bd3eed5fbc5d7bd72ecd8b2badea6dfbfe472e,234b78d61b49dc10d04ca8d24378f3b96eae7ef419b9bbe2bb61b3933c753b5d,2,1,target-b:fixture-bank-15:p0004,0.07682760059833527,-0.3762546181678772,0.3647994101047516,0.5836997032165527,-1.546776294708252,-2.3289473684210527,-0.32894736842105265,2.4062400498368497,True,0.23393574297188752,low,csi-pairs-v6-software-fixture,ded1ec639ff3e6fd5eba769d42db1ed36222a48af333a30a670254b30b164b74,620f300cbec1f56da4691882bc7dbe52593dc597fc62f6ae925c0f6ac72f1c6b,True,FORBIDDEN,0901433cbfe906073eae45118a1466e03afab04a766a3061a988ffe089ba4e01,9548a24a4faf5db17b5251df407b4402de033ae8648ec321c850fe6105002cf1,8128818d8ea8f5c3517d04da28955f010269df61e756429957a0a032386f6c51
23,endpoint,target-b,fixture-bank-15,fixture-base-15,e23949edbfe2dbe6dc73b97687bd3eed5fbc5d7bd72ecd8b2badea6dfbfe472e,234b78d61b49dc10d04ca8d24378f3b96eae7ef419b9bbe2bb61b3933c753b5d,2,1,target-b:fixture-bank-15:p0005,0.06976047158241272,-0.3741638958454132,0.3673862814903259,0.5923561453819275,-1.5249886512756348,1.671052631578947,-2.3289473684210527,2.526918084608451,True,0.23393574297188752,low,csi-pairs-v6-software-fixture,ded1ec639ff3e6fd5eba769d42db1ed36222a48af333a30a670254b30b164b74,620f300cbec1f56da4691882bc7dbe52593dc597fc62f6ae925c0f6ac72f1c6b,True,FORBIDDEN,0901433cbfe906073eae45118a1466e03afab04a766a3061a988ffe089ba4e01,9548a24a4faf5db17b5251df407b4402de033ae8648ec321c850fe6105002cf1,8128818d8ea8f5c3517d04da28955f010269df61e756429957a0a032386f6c51
23,endpoint,target-b,fixture-bank-15,fixture-base-15,e23949edbfe2dbe6dc73b97687bd3eed5fbc5d7bd72ecd8b2badea6dfbfe472e,234b78d61b49dc10d04ca8d24378f3b96eae7ef419b9bbe2bb61b3933c753b5d,2,1,target-b:fixture-bank-15:p0006,0.09164312481880188,-0.36554402112960815,0.3622186481952667,0.5694470405578613,-1.5785967111587524,-0.32894736842105265,1.671052631578947,2.0795726216767316,True,0.23393574297188752,low,csi-pairs-v6-software-fixture,ded1ec639ff3e6fd5eba769d42db1ed36222a48af333a30a670254b30b164b74,620f300cbec1f56da4691882bc7dbe52593dc597fc62f6ae925c0f6ac72f1c6b,True,FORBIDDEN,0901433cbfe906073eae45118a1466e03afab04a766a3061a988ffe089ba4e01,9548a24a4faf5db17b5251df407b4402de033ae8648ec321c850fe6105002cf1,8128818d8ea8f5c3517d04da28955f010269df61e756429957a0a032386f6c51
23,endpoint,target-b,fixture-bank-15,fixture-base-15,e23949edbfe2dbe6dc73b97687bd3eed5fbc5d7bd72ecd8b2badea6dfbfe472e,234b78d61b49dc10d04ca8d24378f3b96eae7ef419b9bbe2bb61b3933c753b5d,2,1,target-b:fixture-bank-15:p0007,0.08598987758159637,-0.3691512942314148,0.3625972867012024,0.5775128602981567,-1.5634870529174805,2.671052631578947,-0.32894736842105265,2.585375368830401,True,0.23393574297188752,low,csi-pairs-v6-software-fixture,ded1ec639ff3e6fd5eba769d42db1ed36222a48af333a30a670254b30b164b74,620f300cbec1f56da4691882bc7dbe52593dc597fc62f6ae925c0f6ac72f1c6b,True,FORBIDDEN,0901433cbfe906073eae45118a1466e03afab04a766a3061a988ffe089ba4e01,9548a24a4faf5db17b5251df407b4402de033ae8648ec321c850fe6105002cf1,8128818d8ea8f5c3517d04da28955f010269df61e756429957a0a032386f6c51
23,endpoint,target-b,fixture-bank-17,fixture-base-17,86a59d2849e34c3a9889d58bb3b67b946ca9eb639083798f219989137e7f4536,b8fec4fd063826ac29c6cc8d291ad3a1a89347817c28241565eb44269fa8c24d,2,1,target-b:fixture-bank-17:p0004,0.057078585028648376,-0.3803079128265381,0.3709976375102997,0.6035398840904236,-1.4965026378631592,-2.276315789473684,-0.27631578947368407,2.3357105275865346,True,0.24519700423314877,low,csi-pairs-v6-software-fixture,ded1ec639ff3e6fd5eba769d42db1ed36222a48af333a30a670254b30b164b74,620f300cbec1f56da4691882bc7dbe52593dc597fc62f6ae925c0f6ac72f1c6b,True,FORBIDDEN,0901433cbfe906073eae45118a1466e03afab04a766a3061a988ffe089ba4e01,9548a24a4faf5db17b5251df407b4402de033ae8648ec321c850fe6105002cf1,8128818d8ea8f5c3517d04da28955f010269df61e756429957a0a032386f6c51
23,endpoint,target-b,fixture-bank-17,fixture-base-17,86a59d2849e34c3a9889d58bb3b67b946ca9eb639083798f219989137e7f4536,b8fec4fd063826ac29c6cc8d291ad3a1a89347817c28241565eb44269fa8c24d,2,1,target-b:fixture-bank-17:p0005,0.08481559157371521,-0.3692120611667633,0.3636130690574646,0.5765939354896545,-1.5622820854187012,1.723684210526316,-2.276315789473684,2.514544686560524,True,0.24519700423314877,low,csi-pairs-v6-software-fixture,ded1ec639ff3e6fd5eba769d42db1ed36222a48af333a30a670254b30b164b74,620f300cbec1f56da4691882bc7dbe52593dc597fc62f6ae925c0f6ac72f1c6b,True,FORBIDDEN,0901433cbfe906073eae45118a1466e03afab04a766a3061a988ffe089ba4e01,9548a24a4faf5db17b5251df407b4402de033ae8648ec321c850fe6105002cf1,8128818d8ea8f5c3517d04da28955f010269df61e756429957a0a032386f6c51
23,endpoint,target-b,fixture-bank-17,fixture-base-17,86a59d2849e34c3a9889d58bb3b67b946ca9eb639083798f219989137e7f4536,b8fec4fd063826ac29c6cc8d291ad3a1a89347817c28241565eb44269fa8c24d,2,1,target-b:fixture-bank-17:p0006,0.06976020336151123,-0.3685755729675293,0.36872929334640503,0.5905859470367432,-1.5243326425552368,1.723684210526316,-0.27631578947368407,1.6564952427116766,False,0.24519700423314877,low,csi-pairs-v6-software-fixture,ded1ec639ff3e6fd5eba769d42db1ed36222a48af333a30a670254b30b164b74,620f300cbec1f56da4691882bc7dbe52593dc597fc62f6ae925c0f6ac72f1c6b,True,FORBIDDEN,0901433cbfe906073eae45118a1466e03afab04a766a3061a988ffe089ba4e01,9548a24a4faf5db17b5251df407b4402de033ae8648ec321c850fe6105002cf1,8128818d8ea8f5c3517d04da28955f010269df61e756429957a0a032386f6c51
23,endpoint,target-b,fixture-bank-17,fixture-base-17,86a59d2849e34c3a9889d58bb3b67b946ca9eb639083798f219989137e7f4536,b8fec4fd063826ac29c6cc8d291ad3a1a89347817c28241565eb44269fa8c24d,2,1,target-b:fixture-bank-17:p0007,0.0670773983001709,-0.3731611371040344,0.3687480390071869,0.5956850647926331,-1.5156848430633545,-1.276315789473684,2.723684210526316,3.375671246448171,True,0.24519700423314877,low,csi-pairs-v6-software-fixture,ded1ec639ff3e6fd5eba769d42db1ed36222a48af333a30a670254b30b164b74,620f300cbec1f56da4691882bc7dbe52593dc597fc62f6ae925c0f6ac72f1c6b,True,FORBIDDEN,0901433cbfe906073eae45118a1466e03afab04a766a3061a988ffe089ba4e01,9548a24a4faf5db17b5251df407b4402de033ae8648ec321c850fe6105002cf1,8128818d8ea8f5c3517d04da28955f010269df61e756429957a0a032386f6c51
23,endpoint,target-b,fixture-bank-15,fixture-base-15,e23949edbfe2dbe6dc73b97687bd3eed5fbc5d7bd72ecd8b2badea6dfbfe472e,234b78d61b49dc10d04ca8d24378f3b96eae7ef419b9bbe2bb61b3933c753b5d,4,1,target-b:fixture-bank-15:p0004,0.08770745992660522,-0.35609227418899536,0.3713400661945343,0.5782549977302551,-1.538377285003662,-2.3289473684210527,-0.32894736842105265,2.416807275163909,True,0.23393574297188752,low,csi-pairs-v6-software-fixture,ded1ec639ff3e6fd5eba769d42db1ed36222a48af333a30a670254b30b164b74,620f300cbec1f56da4691882bc7dbe52593dc597fc62f6ae925c0f6ac72f1c6b,True,FORBIDDEN,0901433cbfe906073eae45118a1466e03afab04a766a3061a988ffe089ba4e01,9548a24a4faf5db17b5251df407b4402de033ae8648ec321c850fe6105002cf1,8128818d8ea8f5c3517d04da28955f010269df61e756429957a0a032386f6c51
23,endpoint,target-b,fixture-bank-15,fixture-base-15,e23949edbfe2dbe6dc73b97687bd3eed5fbc5d7bd72ecd8b2badea6dfbfe472e,234b78d61b49dc10d04ca8d24378f3b96eae7ef419b9bbe2bb61b3933c753b5d,4,1,target-b:fixture-bank-15:p0005,0.08008413761854172,-0.35335469245910645,0.37325960397720337,0.5869249105453491,-1.5183393955230713,1.671052631578947,-2.3289473684210527,2.536562076924025,True,0.23393574297188752,low,csi-pairs-v6-software-fixture,ded1ec639ff3e6fd5eba769d42db1ed36222a48af333a30a670254b30b164b74,620f300cbec1f56da4691882bc7dbe52593dc597fc62f6ae925c0f6ac72f1c6b,True,FORBIDDEN,0901433cbfe906073eae45118a1466e03afab04a766a3061a988ffe089ba4e01,9548a24a4faf5db17b5251df407b4402de033ae8648ec321c850fe6105002cf1,8128818d8ea8f5c3517d04da28955f010269df61e756429957a0a032386f6c51
23,endpoint,target-b,fixture-bank-15,fixture-base-15,e23949edbfe2dbe6dc73b97687bd3eed5fbc5d7bd72ecd8b2badea6dfbfe472e,234b78d61b49dc10d04ca8d24378f3b96eae7ef419b9bbe2bb61b3933c753b5d,4,1,target-b:fixture-bank-15:p0006,0.10090195387601852,-0.34532883763313293,0.368214875459671,0.564981997013092,-1.5700500011444092,-0.32894736842105265,1.671052631578947,2.0616897606723272,True,0.23393574297188752,low,csi-pairs-v6-software-fixture,ded1ec639ff3e6fd5eba769d42db1ed36222a48af333a30a670254b30b164b74,620f300cbec1f56da4691882bc7dbe52593dc597fc62f6ae925c0f6ac72f1c6b,True,FORBIDDEN,0901433cbfe906073eae45118a1466e03afab04a766a3061a988ffe089ba4e01,9548a24a4faf5db17b5251df407b4402de033ae8648ec321c850fe6105002cf1,8128818d8ea8f5c3517d04da28955f010269df61e756429957a0a032386f6c51
23,endpoint,target-b,fixture-bank-15,fixture-base-15,e23949edbfe2dbe6dc73b97687bd3eed5fbc5d7bd72ecd8b2badea6dfbfe472e,234b78d61b49dc10d04ca8d24378f3b96eae7ef419b9bbe2bb61b3933c753b5d,4,1,target-b:fixture-bank-15:p0007,0.09627671539783478,-0.34854936599731445,0.3687569499015808,0.5721407532691956,-1.55598783493042,2.671052631578947,-0.32894736842105265,2.5748505309736456,True,0.23393574297188752,low,csi-pairs-v6-software-fixture,ded1ec639ff3e6fd5eba769d42db1ed36222a48af333a30a670254b30b164b74,620f300cbec1f56da4691882bc7dbe52593dc597fc62f6ae925c0f6ac72f1c6b,True,FORBIDDEN,0901433cbfe906073eae45118a1466e03afab04a766a3061a988ffe089ba4e01,9548a24a4faf5db17b5251df407b4402de033ae8648ec321c850fe6105002cf1,8128818d8ea8f5c3517d04da28955f010269df61e756429957a0a032386f6c51
23,endpoint,target-b,fixture-bank-17,fixture-base-17,86a59d2849e34c3a9889d58bb3b67b946ca9eb639083798f219989137e7f4536,b8fec4fd063826ac29c6cc8d291ad3a1a89347817c28241565eb44269fa8c24d,4,1,target-b:fixture-bank-17:p0004,0.0677785873413086,-0.3595108985900879,0.37677785754203796,0.5977959036827087,-1.490605354309082,-2.276315789473684,-0.27631578947368407,2.3455702661818854,True,0.24519700423314877,low,csi-pairs-v6-software-fixture,ded1ec639ff3e6fd5eba769d42db1ed36222a48af333a30a670254b30b164b74,620f300cbec1f56da4691882bc7dbe52593dc597fc62f6ae925c0f6ac72f1c6b,True,FORBIDDEN,0901433cbfe906073eae45118a1466e03afab04a766a3061a988ffe089ba4e01,9548a24a4faf5db17b5251df407b4402de033ae8648ec321c850fe6105002cf1,8128818d8ea8f5c3517d04da28955f010269df61e756429957a0a032386f6c51
23,endpoint,target-b,fixture-bank-17,fixture-base-17,86a59d2849e34c3a9889d58bb3b67b946ca9eb639083798f219989137e7f4536,b8fec4fd063826ac29c6cc8d291ad3a1a89347817c28241565eb44269fa8c24d,4,1,target-b:fixture-bank-17:p0005,0.09458963572978973,-0.34888458251953125,0.3698425889015198,0.5714676380157471,-1.554225206375122,1.723684210526316,-2.276315789473684,2.5236759283180987,True,0.24519700423314877,low,csi-pairs-v6-software-fixture,ded1ec639ff3e6fd5eba769d42db1ed36222a48af333a30a670254b30b164b74,620f300cbec1f56da4691882bc7dbe52593dc597fc62f6ae925c0f6ac72f1c6b,True,FORBIDDEN,0901433cbfe906073eae45118a1466e03afab04a766a3061a988ffe089ba4e01,9548a24a4faf5db17b5251df407b4402de033ae8648ec321c850fe6105002cf1,8128818d8ea8f5c3517d04da28955f010269df61e756429957a0a032386f6c51
23,endpoint,target-b,fixture-bank-17,fixture-base-17,86a59d2849e34c3a9889d58bb3b67b946ca9eb639083798f219989137e7f4536,b8fec4fd063826ac29c6cc8d291ad3a1a89347817c28241565eb44269fa8c24d,4,1,target-b:fixture-bank-17:p0006,0.07859748601913452,-0.3477829098701477,0.37394678592681885,0.5862539410591125,-1.5176440477371216,1.723684210526316,-0.27631578947368407,1.6466383575173784,False,0.24519700423314877,low,csi-pairs-v6-software-fixture,ded1ec639ff3e6fd5eba769d42db1ed36222a48af333a30a670254b30b164b74,620f300cbec1f56da4691882bc7dbe52593dc597fc62f6ae925c0f6ac72f1c6b,True,FORBIDDEN,0901433cbfe906073eae45118a1466e03afab04a766a3061a988ffe089ba4e01,9548a24a4faf5db17b5251df407b4402de033ae8648ec321c850fe6105002cf1,8128818d8ea8f5c3517d04da28955f010269df61e756429957a0a032386f6c51
23,endpoint,target-b,fixture-bank-17,fixture-base-17,86a59d2849e34c3a9889d58bb3b67b946ca9eb639083798f219989137e7f4536,b8fec4fd063826ac29c6cc8d291ad3a1a89347817c28241565eb44269fa8c24d,4,1,target-b:fixture-bank-17:p0007,0.0769452154636383,-0.35227346420288086,0.37425556778907776,0.5905384421348572,-1.5095369815826416,-1.276315789473684,2.723684210526316,3.3604807638505267,True,0.24519700423314877,low,csi-pairs-v6-software-fixture,ded1ec639ff3e6fd5eba769d42db1ed36222a48af333a30a670254b30b164b74,620f300cbec1f56da4691882bc7dbe52593dc597fc62f6ae925c0f6ac72f1c6b,True,FORBIDDEN,0901433cbfe906073eae45118a1466e03afab04a766a3061a988ffe089ba4e01,9548a24a4faf5db17b5251df407b4402de033ae8648ec321c850fe6105002cf1,8128818d8ea8f5c3517d04da28955f010269df61e756429957a0a032386f6c51
23,alignment,target-a,fixture-bank-14,fixture-base-14,86a59d2849e34c3a9889d58bb3b67b946ca9eb639083798f219989137e7f4536,d3ac0ba45cb8ca4a3062283c82745f423da87b60b62b7768857a4ffa9f3e71be,0,0,target-a:fixture-bank-14:p0004,0.09659309685230255,-0.3579142391681671,0.35835009813308716,0.5855593681335449,-1.5614326000213623,0.6447368421052628,-1.3552631578947367,1.1380537909716746,False,0.25,low,csi-pairs-v6-software-fixture,ded1ec639ff3e6fd5eba769d42db1ed36222a48af333a30a670254b30b164b74,620f300cbec1f56da4691882bc7dbe52593dc597fc62f6ae925c0f6ac72f1c6b,True,FORBIDDEN,0901433cbfe906073eae45118a1466e03afab04a766a3061a988ffe089ba4e01,9548a24a4faf5db17b5251df407b4402de033ae8648ec321c850fe6105002cf1,8128818d8ea8f5c3517d04da28955f010269df61e756429957a0a032386f6c51
23,alignment,target-a,fixture-bank-14,fixture-base-14,86a59d2849e34c3a9889d58bb3b67b946ca9eb639083798f219989137e7f4536,d3ac0ba45cb8ca4a3062283c82745f423da87b60b62b7768857a4ffa9f3e71be,0,0,target-a:fixture-bank-14:p0005,0.0971095934510231,-0.3555159270763397,0.35810789465904236,0.5878803730010986,-1.558152675628662,-1.3552631578947367,0.6447368421052628,1.7634886478532026,False,0.25,low,csi-pairs-v6-software-fixture,ded1ec639ff3e6fd5eba769d42db1ed36222a48af333a30a670254b30b164b74,620f300cbec1f56da4691882bc7dbe52593dc597fc62f6ae925c0f6ac72f1c6b,True,FORBIDDEN,0901433cbfe906073eae45118a1466e03afab04a766a3061a988ffe089ba4e01,9548a24a4faf5db17b5251df407b4402de033ae8648ec321c850fe6105002cf1,8128818d8ea8f5c3517d04da28955f010269df61e756429957a0a032386f6c51
23,alignment,target-a,fixture-bank-14,fixture-base-14,86a59d2849e34c3a9889d58bb3b67b946ca9eb639083798f219989137e7f4536,d3ac0ba45cb8ca4a3062283c82745f423da87b60b62b7768857a4ffa9f3e71be,0,0,target-a:fixture-bank-14:p0006,0.09916406124830246,-0.35963183641433716,0.3579344153404236,0.5804159641265869,-1.5714157819747925,1.6447368421052628,-0.3552631578947367,1.5455789550449777,False,0.25,low,csi-pairs-v6-software-fixture,ded1ec639ff3e6fd5eba769d42db1ed36222a48af333a30a670254b30b164b74,620f300cbec1f56da4691882bc7dbe52593dc597fc62f6ae925c0f6ac72f1c6b,True,FORBIDDEN,0901433cbfe906073eae45118a1466e03afab04a766a3061a988ffe089ba4e01,9548a24a4faf5db17b5251df407b4402de033ae8648ec321c850fe6105002cf1,8128818d8ea8f5c3517d04da28955f010269df61e756429957a0a032386f6c51
23,alignment,target-a,fixture-bank-14,fixture-base-14,86a59d2849e34c3a9889d58bb3b67b946ca9eb639083798f219989137e7f4536,d3ac0ba45cb8ca4a3062283c82745f423da87b60b62b7768857a4ffa9f3e71be,0,0,target-a:fixture-bank-14:p0007,0.10468418151140213,-0.3562392592430115,0.35640501976013184,0.5742260217666626,-1.586419701576233,-1.3552631578947367,2.644736842105263,3.337259923155904,True,0.25,low,csi-pairs-v6-software-fixture,ded1ec639ff3e6fd5eba769d42db1ed36222a48af333a30a670254b30b164b74,620f300cbec1f56da4691882bc7dbe52593dc597fc62f6ae925c0f6ac72f1c6b,True,FORBIDDEN,0901433cbfe906073eae45118a1466e03afab04a766a3061a988ffe089ba4e01,9548a24a4faf5db17b5251df407b4402de033ae8648ec321c850fe6105002cf1,8128818d8ea8f5c3517d04da28955f010269df61e756429957a0a032386f6c51
23,alignment,target-a,fixture-bank-16,fixture-base-16,e23949edbfe2dbe6dc73b97687bd3eed5fbc5d7bd72ecd8b2badea6dfbfe472e,2b37638d300a790f3426572fa00b7bf61aa934746cb588d9fb5347ccf44b354c,0,0,target-a:fixture-bank-16:p0004,0.0957675576210022,-0.3566657304763794,0.35884204506874084,0.5857641696929932,-1.55971097946167,0.6973684210526319,-1.3026315789473681,1.1210597599392818,False,0.26126126126126126,low,csi-pairs-v6-software-fixture,ded1ec639ff3e6fd5eba769d42db1ed36222a48af333a30a670254b30b164b74,620f300cbec1f56da4691882bc7dbe52593dc597fc62f6ae925c0f6ac72f1c6b,True,FORBIDDEN,0901433cbfe906073eae45118a1466e03afab04a766a3061a988ffe089ba4e01,9548a24a4faf5db17b5251df407b4402de033ae8648ec321c850fe6105002cf1,8128818d8ea8f5c3517d04da28955f010269df61e756429957a0a032386f6c51
23,alignment,target-a,fixture-bank-16,fixture-base-16,e23949edbfe2dbe6dc73b97687bd3eed5fbc5d7bd72ecd8b2badea6dfbfe472e,2b37638d300a790f3426572fa00b7bf61aa934746cb588d9fb5347ccf44b354c,0,0,target-a:fixture-bank-16:p0005,0.10250131785869598,-0.35507380962371826,0.35634973645210266,0.5814815163612366,-1.5740187168121338,-1.3026315789473681,0.6973684210526319,1.75557201692144,False,0.26126126126126126,low,csi-pairs-v6-software-fixture,ded1ec639ff3e6fd5eba769d42db1ed36222a48af333a30a670254b30b164b74,620f300cbec1f56da4691882bc7dbe52593dc597fc62f6ae925c0f6ac72f1c6b,True,FORBIDDEN,0901433cbfe906073eae45118a1466e03afab04a766a3061a988ffe089ba4e01,9548a24a4faf5db17b5251df407b4402de033ae8648ec321c850fe6105002cf1,8128818d8ea8f5c3517d04da28955f010269df61e756429957a0a032386f6c51
23,alignment,target-a,fixture-bank-16,fixture-base-16,e23949edbfe2dbe6dc73b97687bd3eed5fbc5d7bd72ecd8b2badea6dfbfe472e,2b37638d300a790f3426572fa00b7bf61aa934746cb588d9fb5347ccf44b354c,0,0,target-a:fixture-bank-16:p0006,0.1113814264535904,-0.3614625334739685,0.35462039709091187,0.5655750632286072,-1.6066195964813232,1.6973684210526319,-0.30263157894736814,1.5870777637683073,False,0.26126126126126126,low,csi-pairs-v6-software-fixture,ded1ec639ff3e6fd5eba769d42db1ed36222a48af333a30a670254b30b164b74,620f300cbec1f56da4691882bc7dbe52593dc597fc62f6ae925c0f6ac72f1c6b,True,FORBIDDEN,0901433cbfe906073eae45118a1466e03afab04a766a3061a988ffe089ba4e01,9548a24a4faf5db17b5251df407b4402de033ae8648ec321c850fe6105002cf1,8128818d8ea8f5c3517d04da28955f010269df61e756429957a0a032386f6c51
23,alignment,target-a,fixture-bank-16,fixture-base-16,e23949edbfe2dbe6dc73b97687bd3eed5fbc5d7bd72ecd8b2badea6dfbfe472e,2b37638d300a790f3426572fa00b7bf61aa934746cb588d9fb5347ccf44b354c,0,0,target-a:fixture-bank-16:p0007,0.09635728597640991,-0.36067843437194824,0.3585582971572876,0.5827020406723022,-1.5657432079315186,-0.30263157894736814,1.6973684210526319,2.0963656583373447,True,0.26126126126126126,low,csi-pairs-v6-software-fixture,ded1ec639ff3e6fd5eba769d42db1ed36222a48af333a30a670254b30b164b74,620f300cbec1f56da4691882bc7dbe52593dc597fc62f6ae925c0f6ac72f1c6b,True,FORBIDDEN,0901433cbfe906073eae45118a1466e03afab04a766a3061a988ffe089ba4e01,9548a24a4faf5db17b5251df407b4402de033ae8648ec321c850fe6105002cf1,8128818d8ea8f5c3517d04da28955f010269df61e756429957a0a032386f6c51
23,alignment,target-a,fixture-bank-14,fixture-base-14,86a59d2849e34c3a9889d58bb3b67b946ca9eb639083798f219989137e7f4536,d3ac0ba45cb8ca4a3062283c82745f423da87b60b62b7768857a4ffa9f3e71be,2,0,target-a:fixture-bank-14:p0004,0.06081859767436981,-0.3522333800792694,0.3761443793773651,0.6019129753112793,-1.4854246377944946,0.6447368421052628,-1.3552631578947367,1.1606158931204595,False,0.25,low,csi-pairs-v6-software-fixture,ded1ec639ff3e6fd5eba769d42db1ed36222a48af333a30a670254b30b164b74,620f300cbec1f56da4691882bc7dbe52593dc597fc62f6ae925c0f6ac72f1c6b,True,FORBIDDEN,0901433cbfe906073eae45118a1466e03afab04a766a3061a988ffe089ba4e01,9548a24a4faf5db17b5251df407b4402de033ae8648ec321c850fe6105002cf1,8128818d8ea8f5c3517d04da28955f010269df61e756429957a0a032386f6c51
23,alignment,target-a,fixture-bank-14,fixture-base-14,86a59d2849e34c3a9889d58bb3b67b946ca9eb639083798f219989137e7f4536,d3ac0ba45cb8ca4a3062283c82745f423da87b60b62b7768857a4ffa9f3e71be,2,0,target-a:fixture-bank-14:p0005,0.06183426082134247,-0.34986943006515503,0.375611275434494,0.6043378114700317,-1.4828224182128906,-1.3552631578947367,0.6447368421052628,1.7313020333761842,False,0.25,low,csi-pairs-v6-software-fixture,ded1ec639ff3e6fd5eba769d42db1ed36222a48af333a30a670254b30b164b74,620f300cbec1f56da4691882bc7dbe52593dc597fc62f6ae925c0f6ac72f1c6b,True,FORBIDDEN,0901433cbfe906073eae45118a1466e03afab04a766a3061a988ffe089ba4e01,9548a24a4faf5db17b5251df407b4402de033ae8648ec321c850fe6105002cf1,8128818d8ea8f5c3517d04da28955f010269df61e756429957a0a032386f6c51
23,alignment,target-a,fixture-bank-14,fixture-base-14,86a59d2849e34c3a9889d58bb3b67b946ca9eb639083798f219989137e7f4536,d3ac0ba45cb8ca4a3062283c82745f423da87b60b62b7768857a4ffa9f3e71be,2,0,target-a:fixture-bank-14:p0006,0.06166861951351166,-0.35363271832466125,0.3763909637928009,0.5969989895820618,-1.4929667711257935,1.6447368421052628,-0.3552631578947367,1.5830690622057517,False,0.25,low,csi-pairs-v6-software-fixture,ded1ec639ff3e6fd5eba769d42db1ed36222a48af333a30a670254b30b164b74,620f300cbec1f56da4691882bc7dbe52593dc597fc62f6ae925c0f6ac72f1c6b,True,FORBIDDEN,0901433cbfe906073eae45118a1466e03afab04a766a3061a988ffe089ba4e01,9548a24a4faf5db17b5251df407b4402de033ae8648ec321c850fe6105002cf1,8128818d8ea8f5c3517d04da28955f010269df61e756429957a0a032386f6c51
23,alignment,target-a,fixture-bank-14,fixture-base-14,86a59d2849e34c3a9889d58bb3b67b946ca9eb639083798f219989137e7f4536,d3ac0ba45cb8ca4a3062283c82745f423da87b60b62b7768857a4ffa9f3e71be,2,0,target-a:fixture-bank-14:p0007,0.06720870733261108,-0.35004639625549316,0.374670147895813,0.5902101397514343,-1.5089858770370483,-1.3552631578947367,2.644736842105263,3.3154415772457684,True,0.25,low,csi-pairs-v6-software-fixture,ded1ec639ff3e6fd5eba769d42db1ed36222a48af333a30a670254b30b164b74,620f300cbec1f56da4691882bc7dbe52593dc597fc62f6ae925c0f6ac72f1c6b,True,FORBIDDEN,0901433cbfe906073eae45118a1466e03afab04a766a3061a988ffe089ba4e01,9548a24a4faf5db17b5251df407b4402de033ae8648ec321c850fe6105002cf1,8128818d8ea8f5c3517d04da28955f010269df61e756429957a0a032386f6c51
23,alignment,target-a,fixture-bank-16,fixture-base-16,e23949edbfe2dbe6dc73b97687bd3eed5fbc5d7bd72ecd8b2badea6dfbfe472e,2b37638d300a790f3426572fa00b7bf61aa934746cb588d9fb5347ccf44b354c,2,0,target-a:fixture-bank-16:p0004,0.061950474977493286,-0.35079139471054077,0.37604355812072754,0.601705014705658,-1.4860382080078125,0.6973684210526319,-1.3026315789473681,1.1444455874013169,False,0.26126126126126126,low,csi-pairs-v6-software-fixture,ded1ec639ff3e6fd5eba769d42db1ed36222a48af333a30a670254b30b164b74,620f300cbec1f56da4691882bc7dbe52593dc597fc62f6ae925c0f6ac72f1c6b,True,FORBIDDEN,0901433cbfe906073eae45118a1466e03afab04a766a3061a988ffe089ba4e01,9548a24a4faf5db17b5251df407b4402de033ae8648ec321c850fe6105002cf1,8128818d8ea8f5c3517d04da28955f010269df61e756429957a0a032386f6c51
23,alignment,target-a,fixture-bank-16,fixture-base-16,e23949edbfe2dbe6dc73b97687bd3eed5fbc5d7bd72ecd8b2badea6dfbfe472e,2b37638d300a790f3426572fa00b7bf61aa934746cb588d9fb5347ccf44b354c,2,0,target-a:fixture-bank-16:p0005,0.06425607204437256,-0.3494819402694702,0.37468472123146057,0.5979804992675781,-1.4958674907684326,-1.3026315789473681,0.6973684210526319,1.7217077363576938,False,0.26126126126126126,low,csi-pairs-v6-software-fixture,ded1ec639ff3e6fd5eba769d42db1ed36222a48af333a30a670254b30b164b74,620f300cbec1f56da4691882bc7dbe52593dc597fc62f6ae925c0f6ac72f1c6b,True,FORBIDDEN,0901433cbfe906073eae45118a1466e03afab04a766a3061a988ffe089ba4e01,9548a24a4faf5db17b5251df407b4402de033ae8648ec321c850fe6105002cf1,8128818d8ea8f5c3517d04da28955f010269df61e756429957a0a032386f6c51
23,alignment,target-a,fixture-bank-16,fixture-base-16,e23949edbfe2dbe6dc73b97687bd3eed5fbc5d7bd72ecd8b2badea6dfbfe472e,2b37638d300a790f3426572fa00b7bf61aa934746cb588d9fb5347ccf44b354c,2,0,target-a:fixture-bank-16:p0006,0.07038528472185135,-0.35475465655326843,0.37424618005752563,0.5823245644569397,-1.523568868637085,1.6973684210526319,-0.30263157894736814,1.627817846420125,False,0.26126126126126126,low,csi-pairs-v6-software-fixture,ded1ec639ff3e6fd5eba769d42db1ed36222a48af333a30a670254b30b164b74,620f300cbec1f56da4691882bc7dbe52593dc597fc62f6ae925c0f6ac72f1c6b,True,FORBIDDEN,0901433cbfe906073eae45118a1466e03afab04a766a3061a988ffe089ba4e01,9548a24a4faf5db17b5251df407b4402de033ae8648ec321c850fe6105002cf1,8128818d8ea8f5c3517d04da28955f010269df61e756429957a0a032386f6c51
23,alignment,target-a,fixture-bank-16,fixture-base-16,e23949edbfe2dbe6dc73b97687bd3eed5fbc5d7bd72ecd8b2badea6dfbfe472e,2b37638d300a790f3426572fa00b7bf61aa934746cb588d9fb5347ccf44b354c,2,0,target-a:fixture-bank-16:p0007,0.05908721685409546,-0.3546479344367981,0.3769491910934448,0.5995219945907593,-1.4872674942016602,-0.30263157894736814,1.6973684210526319,2.0836534285797588,True,0.26126126126126126,low,csi-pairs-v6-software-fixture,ded1ec639ff3e6fd5eba769d42db1ed36222a48af333a30a670254b30b164b74,620f300cbec1f56da4691882bc7dbe52593dc597fc62f6ae925c0f6ac72f1c6b,True,FORBIDDEN,0901433cbfe906073eae45118a1466e03afab04a766a3061a988ffe089ba4e01,9548a24a4faf5db17b5251df407b4402de033ae8648ec321c850fe6105002cf1,8128818d8ea8f5c3517d04da28955f010269df61e756429957a0a032386f6c51
23,alignment,target-a,fixture-bank-14,fixture-base-14,86a59d2849e34c3a9889d58bb3b67b946ca9eb639083798f219989137e7f4536,d3ac0ba45cb8ca4a3062283c82745f423da87b60b62b7768857a4ffa9f3e71be,4,0,target-a:fixture-bank-14:p0004,0.0629013329744339,-0.35198694467544556,0.37570247054100037,0.6030960083007812,-1.484636664390564,0.6447368421052628,-1.3552631578947367,1.1597826174318926,False,0.25,low,csi-pairs-v6-software-fixture,ded1ec639ff3e6fd5eba769d42db1ed36222a48af333a30a670254b30b164b74,620f300cbec1f56da4691882bc7dbe52593dc597fc62f6ae925c0f6ac72f1c6b,True,FORBIDDEN,0901433cbfe906073eae45118a1466e03afab04a766a3061a988ffe089ba4e01,9548a24a4faf5db17b5251df407b4402de033ae8648ec321c850fe6105002cf1,8128818d8ea8f5c3517d04da28955f010269df61e756429957a0a032386f6c51
23,alignment,target-a,fixture-bank-14,fixture-base-14,86a59d2849e34c3a9889d58bb3b67b946ca9eb639083798f219989137e7f4536,d3ac0ba45cb8ca4a3062283c82745f423da87b60b62b7768857a4ffa9f3e71be,4,0,target-a:fixture-bank-14:p0005,0.06397171318531036,-0.34940457344055176,0.37518540024757385,0.6054458618164062,-1.4821250438690186,-1.3552631578947367,0.6447368421052628,1.7327852646514033,False,0.25,low,csi-pairs-v6-software-fixture,ded1ec639ff3e6fd5eba769d42db1ed36222a48af333a30a670254b30b164b74,620f300cbec1f56da4691882bc7dbe52593dc597fc62f6ae925c0f6ac72f1c6b,True,FORBIDDEN,0901433cbfe906073eae45118a1466e03afab04a766a3061a988ffe089ba4e01,9548a24a4faf5db17b5251df407b4402de033ae8648ec321c850fe6105002cf1,8128818d8ea8f5c3517d04da28955f010269df61e756429957a0a032386f6c51
23,alignment,target-a,fixture-bank-14,fixture-base-14,86a59d2849e34c3a9889d58bb3b67b946ca9eb639083798f219989137e7f4536,d3ac0ba45cb8ca4a3062283c82745f423da87b60b62b7768857a4ffa9f3e71be,4,0,target-a:fixture-bank-14:p0006,0.06393082439899445,-0.3537355065345764,0.37589168548583984,0.5983998775482178,-1.491950273513794,1.6447368421052628,-0.3552631578947367,1.580806755848111,False,0.25,low,csi-pairs-v6-software-fixture,ded1ec639ff3e6fd5eba769d42db1ed36222a48af333a30a670254b30b164b74,620f300cbec1f56da4691882bc7dbe52593dc597fc62f6ae925c0f6ac72f1c6b,True,FORBIDDEN,0901433cbfe906073eae45118a1466e03afab04a766a3061a988ffe089ba4e01,9548a24a4faf5db17b5251df407b4402de033ae8648ec321c850fe6105002cf1,8128818d8ea8f5c3517d04da28955f010269df61e756429957a0a032386f6c51
23,alignment,target-a,fixture-bank-14,fixture-base-14,86a59d2849e34c3a9889d58bb3b67b946ca9eb639083798f219989137e7f4536,d3ac0ba45cb8ca4a3062283c82745f423da87b60b62b7768857a4ffa9f3e71be,4,0,target-a:fixture-bank-14:p0007,0.0692138522863388,-0.3504672050476074,0.3741600513458252,0.5915972590446472,-1.5080008506774902,-1.3552631578947367,2.644736842105263,3.3166823840421245,True,0.25,low,csi-pairs-v6-software-fixture,ded1ec639ff3e6fd5eba769d42db1ed36222a48af333a30a670254b30b164b74,620f300cbec1f56da4691882bc7dbe52593dc597fc62f6ae925c0f6ac72f1c6b,True,FORBIDDEN,0901433cbfe906073eae45118a1466e03afab04a766a3061a988ffe089ba4e01,9548a24a4faf5db17b5251df407b4402de033ae8648ec321c850fe6105002cf1,8128818d8ea8f5c3517d04da28955f010269df61e756429957a0a032386f6c51
23,alignment,target-a,fixture-bank-16,fixture-base-16,e23949edbfe2dbe6dc73b97687bd3eed5fbc5d7bd72ecd8b2badea6dfbfe472e,2b37638d300a790f3426572fa00b7bf61aa934746cb588d9fb5347ccf44b354c,4,0,target-a:fixture-bank-16:p0004,0.06413251161575317,-0.35046452283859253,0.3756413161754608,0.6028022766113281,-1.4852865934371948,0.6973684210526319,-1.3026315789473681,1.1435076824137225,False,0.26126126126126126,low,csi-pairs-v6-software-fixture,ded1ec639ff3e6fd5eba769d42db1ed36222a48af333a30a670254b30b164b74,620f300cbec1f56da4691882bc7dbe52593dc597fc62f6ae925c0f6ac72f1c6b,True,FORBIDDEN,0901433cbfe906073eae45118a1466e03afab04a766a3061a988ffe089ba4e01,9548a24a4faf5db17b5251df407b4402de033ae8648ec321c850fe6105002cf1,8128818d8ea8f5c3517d04da28955f010269df61e756429957a0a032386f6c51
23,alignment,target-a,fixture-bank-16,fixture-base-16,e23949edbfe2dbe6dc73b97687bd3eed5fbc5d7bd72ecd8b2badea6dfbfe472e,2b37638d300a790f3426572fa00b7bf61aa934746cb588d9fb5347ccf44b354c,4,0,target-a:fixture-bank-16:p0005,0.06611137092113495,-0.3494783937931061,0.3742026388645172,0.5992525219917297,-1.4950300455093384,-1.3026315789473681,0.6973684210526319,1.7231788985962537,False,0.26126126126126126,low,csi-pairs-v6-software-fixture,ded1ec639ff3e6fd5eba769d42db1ed36222a48af333a30a670254b30b164b74,620f300cbec1f56da4691882bc7dbe52593dc597fc62f6ae925c0f6ac72f1c6b,True,FORBIDDEN,0901433cbfe906073eae45118a1466e03afab04a766a3061a988ffe089ba4e01,9548a24a4faf5db17b5251df407b4402de033ae8648ec321c850fe6105002cf1,8128818d8ea8f5c3517d04da28955f010269df61e756429957a0a032386f6c51
23,alignment,target-a,fixture-bank-16,fixture-base-16,e23949edbfe2dbe6dc73b97687bd3eed5fbc5d7bd72ecd8b2badea6dfbfe472e,2b37638d300a790f3426572fa00b7bf61aa934746cb588d9fb5347ccf44b354c,4,0,target-a:fixture-bank-16:p0006,0.07262973487377167,-0.3558919131755829,0.37364935874938965,0.5841183066368103,-1.5220892429351807,1.6973684210526319,-0.30263157894736814,1.6256114116135842,False,0.26126126126126126,low,csi-pairs-v6-software-fixture,ded1ec639ff3e6fd5eba769d42db1ed36222a48af333a30a670254b30b164b74,620f300cbec1f56da4691882bc7dbe52593dc597fc62f6ae925c0f6ac72f1c6b,True,FORBIDDEN,0901433cbfe906073eae45118a1466e03afab04a766a3061a988ffe089ba4e01,9548a24a4faf5db17b5251df407b4402de033ae8648ec321c850fe6105002cf1,8128818d8ea8f5c3517d04da28955f010269df61e756429957a0a032386f6c51
23,alignment,target-a,fixture-bank-16,fixture-base-16,e23949edbfe2dbe6dc73b97687bd3eed5fbc5d7bd72ecd8b2badea6dfbfe472e,2b37638d300a790f3426572fa00b7bf61aa934746cb588d9fb5347ccf44b354c,4,0,target-a:fixture-bank-16:p0007,0.06145922839641571,-0.3545707166194916,0.37644097208976746,0.6009243130683899,-1.4862803220748901,-0.30263157894736814,1.6973684210526319,2.083990484791825,True,0.26126126126126126,low,csi-pairs-v6-software-fixture,ded1ec639ff3e6fd5eba769d42db1ed36222a48af333a30a670254b30b164b74,620f300cbec1f56da4691882bc7dbe52593dc597fc62f6ae925c0f6ac72f1c6b,True,FORBIDDEN,0901433cbfe906073eae45118a1466e03afab04a766a3061a988ffe089ba4e01,9548a24a4faf5db17b5251df407b4402de033ae8648ec321c850fe6105002cf1,8128818d8ea8f5c3517d04da28955f010269df61e756429957a0a032386f6c51
23,alignment,target-a,fixture-bank-14,fixture-base-14,86a59d2849e34c3a9889d58bb3b67b946ca9eb639083798f219989137e7f4536,d3ac0ba45cb8ca4a3062283c82745f423da87b60b62b7768857a4ffa9f3e71be,2,1,target-a:fixture-bank-14:p0004,0.06445667147636414,-0.37979236245155334,0.37353065609931946,0.6029828786849976,-1.4906216859817505,0.6447368421052628,-1.3552631578947367,1.1350190963977922,False,0.25,low,csi-pairs-v6-software-fixture,ded1ec639ff3e6fd5eba769d42db1ed36222a48af333a30a670254b30b164b74,620f300cbec1f56da4691882bc7dbe52593dc597fc62f6ae925c0f6ac72f1c6b,True,FORBIDDEN,0901433cbfe906073eae45118a1466e03afab04a766a3061a988ffe089ba4e01,9548a24a4faf5db17b5251df407b4402de033ae8648ec321c850fe6105002cf1,8128818d8ea8f5c3517d04da28955f010269df61e756429957a0a032386f6c51
23,alignment,target-a,fixture-bank-14,fixture-base-14,86a59d2849e34c3a9889d58bb3b67b946ca9eb639083798f219989137e7f4536,d3ac0ba45cb8ca4a3062283c82745f423da87b60b62b7768857a4ffa9f3e71be,2,1,target-a:fixture-bank-14:p0005,0.0658009797334671,-0.3770642876625061,0.3728509247303009,0.6054161787033081,-1.4884157180786133,-1.3552631578947367,0.6447368421052628,1.7502859286549954,False,0.25,low,csi-pairs-v6-software-fixture,ded1ec639ff3e6fd5eba769d42db1ed36222a48af333a30a670254b30b164b74,620f300cbec1f56da4691882bc7dbe52593dc597fc62f6ae925c0f6ac72f1c6b,True,FORBIDDEN,0901433cbfe906073eae45118a1466e03afab04a766a3061a988ffe089ba4e01,9548a24a4faf5db17b5251df407b4402de033ae8648ec321c850fe6105002cf1,8128818d8ea8f5c3517d04da28955f010269df61e756429957a0a032386f6c51
23,alignment,target-a,fixture-bank-14,fixture-base-14,86a59d2849e34c3a9889d58bb3b67b946ca9eb639083798f219989137e7f4536,d3ac0ba45cb8ca4a3062283c82745f423da87b60b62b7768857a4ffa9f3e71be,2,1,target-a:fixture-bank-14:p0006,0.06436632573604584,-0.38221508264541626,0.3742107152938843,0.5979205369949341,-1.4972336292266846,1.6447368421052628,-0.3552631578947367,1.5806003211618274,False,0.25,low,csi-pairs-v6-software-fixture,ded1ec639ff3e6fd5eba769d42db1ed36222a48af333a30a670254b30b164b74,620f300cbec1f56da4691882bc7dbe52593dc597fc62f6ae925c0f6ac72f1c6b,True,FORBIDDEN,0901433cbfe906073eae45118a1466e03afab04a766a3061a988ffe089ba4e01,9548a24a4faf5db17b5251df407b4402de033ae8648ec321c850fe6105002cf1,8128818d8ea8f5c3517d04da28955f010269df61e756429957a0a032386f6c51
23,alignment,target-a,fixture-bank-14,fixture-base-14,86a59d2849e34c3a9889d58bb3b67b946ca9eb639083798f219989137e7f4536,d3ac0ba45cb8ca4a3062283c82745f423da87b60b62b7768857a4ffa9f3e71be,2,1,target-a:fixture-bank-14:p0007,0.06936639547348022,-0.3783864974975586,0.3727880120277405,0.5909587740898132,-1.5127544403076172,-1.3552631578947367,2.644736842105263,3.3419820602123886,True,0.25,low,csi-pairs-v6-software-fixture,ded1ec639ff3e6fd5eba769d42db1ed36222a48af333a30a670254b30b164b74,620f300cbec1f56da4691882bc7dbe52593dc597fc62f6ae925c0f6ac72f1c6b,True,FORBIDDEN,0901433cbfe906073eae45118a1466e03afab04a766a3061a988ffe089ba4e01,9548a24a4faf5db17b5251df407b4402de033ae8648ec321c850fe6105002cf1,8128818d8ea8f5c3517d04da28955f010269df61e756429957a0a032386f6c51
23,alignment,target-a,fixture-bank-16,fixture-base-16,e23949edbfe2dbe6dc73b97687bd3eed5fbc5d7bd72ecd8b2badea6dfbfe472e,2b37638d300a790f3426572fa00b7bf61aa934746cb588d9fb5347ccf44b354c,2,1,target-a:fixture-bank-16:p0004,0.06564189493656158,-0.37784266471862793,0.3734210133552551,0.602820873260498,-1.4911839962005615,0.6973684210526319,-1.3026315789473681,1.1199611331108996,False,0.26126126126126126,low,csi-pairs-v6-software-fixture,ded1ec639ff3e6fd5eba769d42db1ed36222a48af333a30a670254b30b164b74,620f300cbec1f56da4691882bc7dbe52593dc597fc62f6ae925c0f6ac72f1c6b,True,FORBIDDEN,0901433cbfe906073eae45118a1466e03afab04a766a3061a988ffe089ba4e01,9548a24a4faf5db17b5251df407b4402de033ae8648ec321c850fe6105002cf1,8128818d8ea8f5c3517d04da28955f010269df61e756429957a0a032386f6c51
23,alignment,target-a,fixture-bank-16,fixture-base-16,e23949edbfe2dbe6dc73b97687bd3eed5fbc5d7bd72ecd8b2badea6dfbfe472e,2b37638d300a790f3426572fa00b7bf61aa934746cb588d9fb5347ccf44b354c,2,1,target-a:fixture-bank-16:p0005,0.06762991845607758,-0.37735849618911743,0.372237890958786,0.5989100337028503,-1.5008659362792969,-1.3026315789473681,0.6973684210526319,1.741451841972751,False,0.26126126126126126,low,csi-pairs-v6-software-fixture,ded1ec639ff3e6fd5eba769d42db1ed36222a48af333a30a670254b30b164b74,620f300cbec1f56da4691882bc7dbe52593dc597fc62f6ae925c0f6ac72f1c6b,True,FORBIDDEN,0901433cbfe906073eae45118a1466e03afab04a766a3061a988ffe089ba4e01,9548a24a4faf5db17b5251df407b4402de033ae8648ec321c850fe6105002cf1,8128818d8ea8f5c3517d04da28955f010269df61e756429957a0a032386f6c51
23,alignment,target-a,fixture-bank-16,fixture-base-16,e23949edbfe2dbe6dc73b97687bd3eed5fbc5d7bd72ecd8b2badea6dfbfe472e,2b37638d300a790f3426572fa00b7bf61aa934746cb588d9fb5347ccf44b354c,2,1,target-a:fixture-bank-16:p0006,0.07031100243330002,-0.3853641748428345,0.37332457304000854,0.5828201770782471,-1.5251836776733398,1.6973684210526319,-0.30263157894736814,1.6291594538005807,False,0.26126126126126126,low,csi-pairs-v6-software-fixture,ded1ec639ff3e6fd5eba769d42db1ed36222a48af333a30a670254b30b164b74,620f300cbec1f56da4691882bc7dbe52593dc597fc62f6ae925c0f6ac72f1c6b,True,FORBIDDEN,0901433cbfe906073eae45118a1466e03afab04a766a3061a988ffe089ba4e01,9548a24a4faf5db17b5251df407b4402de033ae8648ec321c850fe6105002cf1,8128818d8ea8f5c3517d04da28955f010269df61e756429957a0a032386f6c51
23,alignment,target-a,fixture-bank-16,fixture-base-16,e23949edbfe2dbe6dc73b97687bd3eed5fbc5d7bd72ecd8b2badea6dfbfe472e,2b37638d300a790f3426572fa00b7bf61aa934746cb588d9fb5347ccf44b354c,2,1,target-a:fixture-bank-16:p0007,0.061913490295410156,-0.38330525159835815,0.37467387318611145,0.6004725098609924,-1.491737723350525,-0.30263157894736814,1.6973684210526319,2.1123674016544047,True,0.26126126126126126,low,csi-pairs-v6-software-fixture,ded1ec639ff3e6fd5eba769d42db1ed36222a48af333a30a670254b30b164b74,620f300cbec1f56da4691882bc7dbe52593dc597fc62f6ae925c0f6ac72f1c6b,True,FORBIDDEN,0901433cbfe906073eae45118a1466e03afab04a766a3061a988ffe089ba4e01,9548a24a4faf5db17b5251df407b4402de033ae8648ec321c850fe6105002cf1,8128818d8ea8f5c3517d04da28955f010269df61e756429957a0a032386f6c51
23,alignment,target-a,fixture-bank-14,fixture-base-14,86a59d2849e34c3a9889d58bb3b67b946ca9eb639083798f219989137e7f4536,d3ac0ba45cb8ca4a3062283c82745f423da87b60b62b7768857a4ffa9f3e71be,4,1,target-a:fixture-bank-14:p0004,0.08128413558006287,-0.37918153405189514,0.374539315700531,0.5972297191619873,-1.4975119829177856,0.6447368421052628,-1.3552631578947367,1.1270378382708592,False,0.25,low,csi-pairs-v6-software-fixture,ded1ec639ff3e6fd5eba769d42db1ed36222a48af333a30a670254b30b164b74,620f300cbec1f56da4691882bc7dbe52593dc597fc62f6ae925c0f6ac72f1c6b,True,FORBIDDEN,0901433cbfe906073eae45118a1466e03afab04a766a3061a988ffe089ba4e01,9548a24a4faf5db17b5251df407b4402de033ae8648ec321c850fe6105002cf1,8128818d8ea8f5c3517d04da28955f010269df61e756429957a0a032386f6c51
23,alignment,target-a,fixture-bank-14,fixture-base-14,86a59d2849e34c3a9889d58bb3b67b946ca9eb639083798f219989137e7f4536,d3ac0ba45cb8ca4a3062283c82745f423da87b60b62b7768857a4ffa9f3e71be,4,1,target-a:fixture-bank-14:p0005,0.08322049677371979,-0.37626558542251587,0.37372535467147827,0.599411129951477,-1.4960416555404663,-1.3552631578947367,0.6447368421052628,1.7639957998152764,False,0.25,low,csi-pairs-v6-software-fixture,ded1ec639ff3e6fd5eba769d42db1ed36222a48af333a30a670254b30b164b74,620f300cbec1f56da4691882bc7dbe52593dc597fc62f6ae925c0f6ac72f1c6b,True,FORBIDDEN,0901433cbfe906073eae45118a1466e03afab04a766a3061a988ffe089ba4e01,9548a24a4faf5db17b5251df407b4402de033ae8648ec321c850fe6105002cf1,8128818d8ea8f5c3517d04da28955f010269df61e756429957a0a032386f6c51
23,alignment,target-a,fixture-bank-14,fixture-base-14,86a59d2849e34c3a9889d58bb3b67b946ca9eb639083798f219989137e7f4536,d3ac0ba45cb8ca4a3062283c82745f423da87b60b62b7768857a4ffa9f3e71be,4,1,target-a:fixture-bank-14:p0006,0.08063271641731262,-0.382164865732193,0.37536826729774475,0.5925286412239075,-1.5032037496566772,1.6447368421052628,-0.3552631578947367,1.5643354556739546,False,0.25,low,csi-pairs-v6-software-fixture,ded1ec639ff3e6fd5eba769d42db1ed36222a48af333a30a670254b30b164b74,620f300cbec1f56da4691882bc7dbe52593dc597fc62f6ae925c0f6ac72f1c6b,True,FORBIDDEN,0901433cbfe906073eae45118a1466e03afab04a766a3061a988ffe089ba4e01,9548a24a4faf5db17b5251df407b4402de033ae8648ec321c850fe6105002cf1,8128818d8ea8f5c3517d04da28955f010269df61e756429957a0a032386f6c51
23,alignment,target-a,fixture-bank-14,fixture-base-14,86a59d2849e34c3a9889d58bb3b67b946ca9eb639083798f219989137e7f4536,d3ac0ba45cb8ca4a3062283c82745f423da87b60b62b7768857a4ffa9f3e71be,4,1,target-a:fixture-bank-14:p0007,0.0843145102262497,-0.3786318004131317,0.37390080094337463,0.5860838294029236,-1.5180572271347046,-1.3552631578947367,2.644736842105263,3.3486029640905737,True,0.25,low,csi-pairs-v6-software-fixture,ded1ec639ff3e6fd5eba769d42db1ed36222a48af333a30a670254b30b164b74,620f300cbec1f56da4691882bc7dbe52593dc597fc62f6ae925c0f6ac72f1c6b,True,FORBIDDEN,0901433cbfe906073eae45118a1466e03afab04a766a3061a988ffe089ba4e01,9548a24a4faf5db17b5251df407b4402de033ae8648ec321c850fe6105002cf1,8128818d8ea8f5c3517d04da28955f010269df61e756429957a0a032386f6c51
23,alignment,target-a,fixture-bank-16,fixture-base-16,e23949edbfe2dbe6dc73b97687bd3eed5fbc5d7bd72ecd8b2badea6dfbfe472e,2b37638d300a790f3426572fa00b7bf61aa934746cb588d9fb5347ccf44b354c,4,1,target-a:fixture-bank-16:p0004,0.08247379958629608,-0.3772161602973938,0.37432369589805603,0.5972487330436707,-1.4980559349060059,0.6973684210526319,-1.3026315789473681,1.111075646652079,False,0.26126126126126126,low,csi-pairs-v6-software-fixture,ded1ec639ff3e6fd5eba769d42db1ed36222a48af333a30a670254b30b164b74,620f300cbec1f56da4691882bc7dbe52593dc597fc62f6ae925c0f6ac72f1c6b,True,FORBIDDEN,0901433cbfe906073eae45118a1466e03afab04a766a3061a988ffe089ba4e01,9548a24a4faf5db17b5251df407b4402de033ae8648ec321c850fe6105002cf1,8128818d8ea8f5c3517d04da28955f010269df61e756429957a0a032386f6c51
23,alignment,target-a,fixture-bank-16,fixture-base-16,e23949edbfe2dbe6dc73b97687bd3eed5fbc5d7bd72ecd8b2badea6dfbfe472e,2b37638d300a790f3426572fa00b7bf61aa934746cb588d9fb5347ccf44b354c,4,1,target-a:fixture-bank-16:p0005,0.08383174240589142,-0.3769962787628174,0.37328705191612244,0.5931899547576904,-1.507648229598999,-1.3026315789473681,0.6973684210526319,1.7540068556500719,False,0.26126126126126126,low,csi-pairs-v6-software-fixture,ded1ec639ff3e6fd5eba769d42db1ed36222a48af333a30a670254b30b164b74,620f300cbec1f56da4691882bc7dbe52593dc597fc62f6ae925c0f6ac72f1c6b,True,FORBIDDEN,0901433cbfe906073eae45118a1466e03afab04a766a3061a988ffe089ba4e01,9548a24a4faf5db17b5251df407b4402de033ae8648ec321c850fe6105002cf1,8128818d8ea8f5c3517d04da28955f010269df61e756429957a0a032386f6c51
23,alignment,target-a,fixture-bank-16,fixture-base-16,e23949edbfe2dbe6dc73b97687bd3eed5fbc5d7bd72ecd8b2badea6dfbfe472e,2b37638d300a790f3426572fa00b7bf61aa934746cb588d9fb5347ccf44b354c,4,1,target-a:fixture-bank-16:p0006,0.08453123271465302,-0.3864745795726776,0.3746980130672455,0.5784059762954712,-1.5291141271591187,1.6973684210526319,-0.30263157894736814,1.6150149983327748,False,0.26126126126126126,low,csi-pairs-v6-software-fixture,ded1ec639ff3e6fd5eba769d42db1ed36222a48af333a30a670254b30b164b74,620f300cbec1f56da4691882bc7dbe52593dc597fc62f6ae925c0f6ac72f1c6b,True,FORBIDDEN,0901433cbfe906073eae45118a1466e03afab04a766a3061a988ffe089ba4e01,9548a24a4faf5db17b5251df407b4402de033ae8648ec321c850fe6105002cf1,8128818d8ea8f5c3517d04da28955f010269df61e756429957a0a032386f6c51
23,alignment,target-a,fixture-bank-16,fixture-base-16,e23949edbfe2dbe6dc73b97687bd3eed5fbc5d7bd72ecd8b2badea6dfbfe472e,2b37638d300a790f3426572fa00b7bf61aa934746cb588d9fb5347ccf44b354c,4,1,target-a:fixture-bank-16:p0007,0.07867997884750366,-0.3831378221511841,0.3758368492126465,0.594903826713562,-1.4979556798934937,-0.30263157894736814,1.6973684210526319,2.115160687068008,True,0.26126126126126126,low,csi-pairs-v6-software-fixture,ded1ec639ff3e6fd5eba769d42db1ed36222a48af333a30a670254b30b164b74,620f300cbec1f56da4691882bc7dbe52593dc597fc62f6ae925c0f6ac72f1c6b,True,FORBIDDEN,0901433cbfe906073eae45118a1466e03afab04a766a3061a988ffe089ba4e01,9548a24a4faf5db17b5251df407b4402de033ae8648ec321c850fe6105002cf1,8128818d8ea8f5c3517d04da28955f010269df61e756429957a0a032386f6c51
23,alignment,target-b,fixture-bank-15,fixture-base-15,e23949edbfe2dbe6dc73b97687bd3eed5fbc5d7bd72ecd8b2badea6dfbfe472e,234b78d61b49dc10d04ca8d24378f3b96eae7ef419b9bbe2bb61b3933c753b5d,0,0,target-b:fixture-bank-15:p0004,0.1047293022274971,-0.3677300214767456,0.3558689057826996,0.5687307715415955,-1.5975409746170044,-2.3289473684210527,-0.32894736842105265,2.433985667878315,True,0.23393574297188752,low,csi-pairs-v6-software-fixture,ded1ec639ff3e6fd5eba769d42db1ed36222a48af333a30a670254b30b164b74,620f300cbec1f56da4691882bc7dbe52593dc597fc62f6ae925c0f6ac72f1c6b,True,FORBIDDEN,0901433cbfe906073eae45118a1466e03afab04a766a3061a988ffe089ba4e01,9548a24a4faf5db17b5251df407b4402de033ae8648ec321c850fe6105002cf1,8128818d8ea8f5c3517d04da28955f010269df61e756429957a0a032386f6c51
23,alignment,target-b,fixture-bank-15,fixture-base-15,e23949edbfe2dbe6dc73b97687bd3eed5fbc5d7bd72ecd8b2badea6dfbfe472e,234b78d61b49dc10d04ca8d24378f3b96eae7ef419b9bbe2bb61b3933c753b5d,0,0,target-b:fixture-bank-15:p0005,0.10110464692115784,-0.36356791853904724,0.3570832908153534,0.576455295085907,-1.580643653869629,1.671052631578947,-2.3289473684210527,2.515442914587717,True,0.23393574297188752,low,csi-pairs-v6-software-fixture,ded1ec639ff3e6fd5eba769d42db1ed36222a48af333a30a670254b30b164b74,620f300cbec1f56da4691882bc7dbe52593dc597fc62f6ae925c0f6ac72f1c6b,True,FORBIDDEN,0901433cbfe906073eae45118a1466e03afab04a766a3061a988ffe089ba4e01,9548a24a4faf5db17b5251df407b4402de033ae8648ec321c850fe6105002cf1,8128818d8ea8f5c3517d04da28955f010269df61e756429957a0a032386f6c51
23,alignment,target-b,fixture-bank-15,fixture-base-15,e23949edbfe2dbe6dc73b97687bd3eed5fbc5d7bd72ecd8b2badea6dfbfe472e,234b78d61b49dc10d04ca8d24378f3b96eae7ef419b9bbe2bb61b3933c753b5d,0,0,target-b:fixture-bank-15:p0006,0.1175718605518341,-0.35596764087677,0.35356661677360535,0.5565158128738403,-1.62574303150177,-0.32894736842105265,1.671052631578947,2.075618126435831,True,0.23393574297188752,low,csi-pairs-v6-software-fixture,ded1ec639ff3e6fd5eba769d42db1ed36222a48af333a30a670254b30b164b74,620f300cbec1f56da4691882bc7dbe52593dc597fc62f6ae925c0f6ac72f1c6b,True,FORBIDDEN,0901433cbfe906073eae45118a1466e03afab04a766a3061a988ffe089ba4e01,9548a24a4faf5db17b5251df407b4402de033ae8648ec321c850fe6105002cf1,8128818d8ea8f5c3517d04da28955f010269df61e756429957a0a032386f6c51
23,alignment,target-b,fixture-bank-15,fixture-base-15,e23949edbfe2dbe6dc73b97687bd3eed5fbc5d7bd72ecd8b2badea6dfbfe472e,234b78d61b49dc10d04ca8d24378f3b96eae7ef419b9bbe2bb61b3933c753b5d,0,0,target-b:fixture-bank-15:p0007,0.11458630859851837,-0.3596217930316925,0.35338035225868225,0.5635511875152588,-1.6137075424194336,2.671052631578947,-0.32894736842105265,2.556650343879324,True,0.23393574297188752,low,csi-pairs-v6-software-fixture,ded1ec639ff3e6fd5eba769d42db1ed36222a48af333a30a670254b30b164b74,620f300cbec1f56da4691882bc7dbe52593dc597fc62f6ae925c0f6ac72f1c6b,True,FORBIDDEN,0901433cbfe906073eae45118a1466e03afab04a766a3061a988ffe089ba4e01,9548a24a4faf5db17b5251df407b4402de033ae8648ec321c850fe6105002cf1,8128818d8ea8f5c3517d04da28955f010269df61e756429957a0a032386f6c51
23,alignment,target-b,fixture-bank-17,fixture-base-17,86a59d2849e34c3a9889d58bb3b67b946ca9eb639083798f219989137e7f4536,b8fec4fd063826ac29c6cc8d291ad3a1a89347817c28241565eb44269fa8c24d,0,0,target-b:fixture-bank-17:p0004,0.08880064636468887,-0.36988386511802673,0.3603941798210144,0.5861943364143372,-1.5546607971191406,-2.276315789473684,-0.27631578947368407,2.3669665692300335,True,0.24519700423314877,low,csi-pairs-v6-software-fixture,ded1ec639ff3e6fd5eba769d42db1ed36222a48af333a30a670254b30b164b74,620f300cbec1f56da4691882bc7dbe52593dc597fc62f6ae925c0f6ac72f1c6b,True,FORBIDDEN,0901433cbfe906073eae45118a1466e03afab04a766a3061a988ffe089ba4e01,9548a24a4faf5db17b5251df407b4402de033ae8648ec321c850fe6105002cf1,8128818d8ea8f5c3517d04da28955f010269df61e756429957a0a032386f6c51
23,alignment,target-b,fixture-bank-17,fixture-base-17,86a59d2849e34c3a9889d58bb3b67b946ca9eb639083798f219989137e7f4536,b8fec4fd063826ac29c6cc8d291ad3a1a89347817c28241565eb44269fa8c24d,0,0,target-b:fixture-bank-17:p0005,0.11263702809810638,-0.359784334897995,0.35449808835983276,0.5625777244567871,-1.6122782230377197,1.723684210526316,-2.276315789473684,2.5037104146422124,True,0.24519700423314877,low,csi-pairs-v6-software-fixture,ded1ec639ff3e6fd5eba769d42db1ed36222a48af333a30a670254b30b164b74,620f300cbec1f56da4691882bc7dbe52593dc597fc62f6ae925c0f6ac72f1c6b,True,FORBIDDEN,0901433cbfe906073eae45118a1466e03afab04a766a3061a988ffe089ba4e01,9548a24a4faf5db17b5251df407b4402de033ae8648ec321c850fe6105002cf1,8128818d8ea8f5c3517d04da28955f010269df61e756429957a0a032386f6c51
23,alignment,target-b,fixture-bank-17,fixture-base-17,86a59d2849e34c3a9889d58bb3b67b946ca9eb639083798f219989137e7f4536,b8fec4fd063826ac29c6cc8d291ad3a1a89347817c28241565eb44269fa8c24d,0,0,target-b:fixture-bank-17:p0006,0.10078343749046326,-0.3565216064453125,0.3580007255077362,0.5751774907112122,-1.5802968740463257,1.723684210526316,-0.27631578947368407,1.6248815009705952,False,0.24519700423314877,low,csi-pairs-v6-software-fixture,ded1ec639ff3e6fd5eba769d42db1ed36222a48af333a30a670254b30b164b74,620f300cbec1f56da4691882bc7dbe52593dc597fc62f6ae925c0f6ac72f1c6b,True,FORBIDDEN,0901433cbfe906073eae45118a1466e03afab04a766a3061a988ffe089ba4e01,9548a24a4faf5db17b5251df407b4402de033ae8648ec321c850fe6105002cf1,8128818d8ea8f5c3517d04da28955f010269df61e756429957a0a032386f6c51
23,alignment,target-b,fixture-bank-17,fixture-base-17,86a59d2849e34c3a9889d58bb3b67b946ca9eb639083798f219989137e7f4536,b8fec4fd063826ac29c6cc8d291ad3a1a89347817c28241565eb44269fa8c24d,0,0,target-b:fixture-bank-17:p0007,0.09924215823411942,-0.3617069721221924,0.3579570949077606,0.579563558101654,-1.572822093963623,-1.276315789473684,2.723684210526316,3.37813534623278,True,0.24519700423314877,low,csi-pairs-v6-software-fixture,ded1ec639ff3e6fd5eba769d42db1ed36222a48af333a30a670254b30b164b74,620f300cbec1f56da4691882bc7dbe52593dc597fc62f6ae925c0f6ac72f1c6b,True,FORBIDDEN,0901433cbfe906073eae45118a1466e03afab04a766a3061a988ffe089ba4e01,9548a24a4faf5db17b5251df407b4402de033ae8648ec321c850fe6105002cf1,8128818d8ea8f5c3517d04da28955f010269df61e756429957a0a032386f6c51
23,alignment,target-b,fixture-bank-15,fixture-base-15,e23949edbfe2dbe6dc73b97687bd3eed5fbc5d7bd72ecd8b2badea6dfbfe472e,234b78d61b49dc10d04ca8d24378f3b96eae7ef419b9bbe2bb61b3933c753b5d,2,0,target-b:fixture-bank-15:p0004,0.06154172122478485,-0.37783101201057434,0.37222152948379517,0.5827444791793823,-1.5282726287841797,-2.3289473684210527,-0.32894736842105265,2.3909888536600024,True,0.23393574297188752,low,csi-pairs-v6-software-fixture,ded1ec639ff3e6fd5eba769d42db1ed36222a48af333a30a670254b30b164b74,620f300cbec1f56da4691882bc7dbe52593dc597fc62f6ae925c0f6ac72f1c6b,True,FORBIDDEN,0901433cbfe906073eae45118a1466e03afab04a766a3061a988ffe089ba4e01,9548a24a4faf5db17b5251df407b4402de033ae8648ec321c850fe6105002cf1,8128818d8ea8f5c3517d04da28955f010269df61e756429957a0a032386f6c51
23,alignment,target-b,fixture-bank-15,fixture-base-15,e23949edbfe2dbe6dc73b97687bd3eed5fbc5d7bd72ecd8b2badea6dfbfe472e,234b78d61b49dc10d04ca8d24378f3b96eae7ef419b9bbe2bb61b3933c753b5d,2,0,target-b:fixture-bank-15:p0005,0.06158070266246796,-0.3708227276802063,0.37166470289230347,0.5906896591186523,-1.5162277221679688,1.671052631578947,-2.3289473684210527,2.53468972433444,True,0.23393574297188752,low,csi-pairs-v6-software-fixture,ded1ec639ff3e6fd5eba769d42db1ed36222a48af333a30a670254b30b164b74,620f300cbec1f56da4691882bc7dbe52593dc597fc62f6ae925c0f6ac72f1c6b,True,FORBIDDEN,0901433cbfe906073eae45118a1466e03afab04a766a3061a988ffe089ba4e01,9548a24a4faf5db17b5251df407b4402de033ae8648ec321c850fe6105002cf1,8128818d8ea8f5c3517d04da28955f010269df61e756429957a0a032386f6c51
23,alignment,target-b,fixture-bank-15,fixture-base-15,e23949edbfe2dbe6dc73b97687bd3eed5fbc5d7bd72ecd8b2badea6dfbfe472e,234b78d61b49dc10d04ca8d24378f3b96eae7ef419b9bbe2bb61b3933c753b5d,2,0,target-b:fixture-bank-15:p0006,0.07490132749080658,-0.36684784293174744,0.3697361648082733,0.5692719221115112,-1.5583627223968506,-0.32894736842105265,1.671052631578947,2.077530291764869,True,0.23393574297188752,low,csi-pairs-v6-software-fixture,ded1ec639ff3e6fd5eba769d42db1ed36222a48af333a30a670254b30b164b74,620f300cbec1f56da4691882bc7dbe52593dc597fc62f6ae925c0f6ac72f1c6b,True,FORBIDDEN,0901433cbfe906073eae45118a1466e03afab04a766a3061a988ffe089ba4e01,9548a24a4faf5db17b5251df407b4402de033ae8648ec321c850fe6105002cf1,8128818d8ea8f5c3517d04da28955f010269df61e756429957a0a032386f6c51
23,alignment,target-b,fixture-bank-15,fixture-base-15,e23949edbfe2dbe6dc73b97687bd3eed5fbc5d7bd72ecd8b2badea6dfbfe472e,234b78d61b49dc10d04ca8d24378f3b96eae7ef419b9bbe2bb61b3933c753b5d,2,0,target-b:fixture-bank-15:p0007,0.06974238157272339,-0.37059104442596436,0.36980676651000977,0.5770190954208374,-1.5446546077728271,2.671052631578947,-0.32894736842105265,2.6016435598557006,True,0.23393574297188752,low,csi-pairs-v6-software-fixture,ded1ec639ff3e6fd5eba769d42db1ed36222a48af333a30a670254b30b164b74,620f300cbec1f56da4691882bc7dbe52593dc597fc62f6ae925c0f6ac72f1c6b,True,FORBIDDEN,0901433cbfe906073eae45118a1466e03afab04a766a3061a988ffe089ba4e01,9548a24a4faf5db17b5251df407b4402de033ae8648ec321c850fe6105002cf1,8128818d8ea8f5c3517d04da28955f010269df61e756429957a0a032386f6c51
23,alignment,target-b,fixture-bank-17,fixture-base-17,86a59d2849e34c3a9889d58bb3b67b946ca9eb639083798f219989137e7f4536,b8fec4fd063826ac29c6cc8d291ad3a1a89347817c28241565eb44269fa8c24d,2,0,target-b:fixture-bank-17:p0004,0.05247752368450165,-0.3748619556427002,0.3740330934524536,0.60105961561203,-1.4924721717834473,-2.276315789473684,-0.27631578947368407,2.3308774404238615,True,0.24519700423314877,low,csi-pairs-v6-software-fixture,ded1ec639ff3e6fd5eba769d42db1ed36222a48af333a30a670254b30b164b74,620f300cbec1f56da4691882bc7dbe52593dc597fc62f6ae925c0f6ac72f1c6b,True,FORBIDDEN,0901433cbfe906073eae45118a1466e03afab04a766a3061a988ffe089ba4e01,9548a24a4faf5db17b5251df407b4402de033ae8648ec321c850fe6105002cf1,8128818d8ea8f5c3517d04da28955f010269df61e756429957a0a032386f6c51
23,alignment,target-b,fixture-bank-17,fixture-base-17,86a59d2849e34c3a9889d58bb3b67b946ca9eb639083798f219989137e7f4536,b8fec4fd063826ac29c6cc8d291ad3a1a89347817c28241565eb44269fa8c24d,2,0,target-b:fixture-bank-17:p0005,0.06940066814422607,-0.3700767159461975,0.3707250952720642,0.5760186910629272,-1.5439096689224243,1.723684210526316,-2.276315789473684,2.523965420531582,True,0.24519700423314877,low,csi-pairs-v6-software-fixture,ded1ec639ff3e6fd5eba769d42db1ed36222a48af333a30a670254b30b164b74,620f300cbec1f56da4691882bc7dbe52593dc597fc62f6ae925c0f6ac72f1c6b,True,FORBIDDEN,0901433cbfe906073eae45118a1466e03afab04a766a3061a988ffe089ba4e01,9548a24a4faf5db17b5251df407b4402de033ae8648ec321c850fe6105002cf1,8128818d8ea8f5c3517d04da28955f010269df61e756429957a0a032386f6c51
23,alignment,target-b,fixture-bank-17,fixture-base-17,86a59d2849e34c3a9889d58bb3b67b946ca9eb639083798f219989137e7f4536,b8fec4fd063826ac29c6cc8d291ad3a1a89347817c28241565eb44269fa8c24d,2,0,target-b:fixture-bank-17:p0006,0.06619083881378174,-0.36159080266952515,0.3710207939147949,0.5887431502342224,-1.5212624073028564,1.723684210526316,-0.27631578947368407,1.6596855440554201,False,0.24519700423314877,low,csi-pairs-v6-software-fixture,ded1ec639ff3e6fd5eba769d42db1ed36222a48af333a30a670254b30b164b74,620f300cbec1f56da4691882bc7dbe52593dc597fc62f6ae925c0f6ac72f1c6b,True,FORBIDDEN,0901433cbfe906073eae45118a1466e03afab04a766a3061a988ffe089ba4e01,9548a24a4faf5db17b5251df407b4402de033ae8648ec321c850fe6105002cf1,8128818d8ea8f5c3517d04da28955f010269df61e756429957a0a032386f6c51
23,alignment,target-b,fixture-bank-17,fixture-base-17,86a59d2849e34c3a9889d58bb3b67b946ca9eb639083798f219989137e7f4536,b8fec4fd063826ac29c6cc8d291ad3a1a89347817c28241565eb44269fa8c24d,2,0,target-b:fixture-bank-17:p0007,0.06202349066734314,-0.3675152659416199,0.37165912985801697,0.5937319993972778,-1.5111054182052612,-1.276315789473684,2.723684210526316,3.368481294602071,True,0.24519700423314877,low,csi-pairs-v6-software-fixture,ded1ec639ff3e6fd5eba769d42db1ed36222a48af333a30a670254b30b164b74,620f300cbec1f56da4691882bc7dbe52593dc597fc62f6ae925c0f6ac72f1c6b,True,FORBIDDEN,0901433cbfe906073eae45118a1466e03afab04a766a3061a988ffe089ba4e01,9548a24a4faf5db17b5251df407b4402de033ae8648ec321c850fe6105002cf1,8128818d8ea8f5c3517d04da28955f010269df61e756429957a0a032386f6c51
23,alignment,target-b,fixture-bank-15,fixture-base-15,e23949edbfe2dbe6dc73b97687bd3eed5fbc5d7bd72ecd8b2badea6dfbfe472e,234b78d61b49dc10d04ca8d24378f3b96eae7ef419b9bbe2bb61b3933c753b5d,4,0,target-b:fixture-bank-15:p0004,0.06210687756538391,-0.3758411407470703,0.3722955882549286,0.5865117907524109,-1.5216295719146729,-2.3289473684210527,-0.32894736842105265,2.3915140461918116,True,0.23393574297188752,low,csi-pairs-v6-software-fixture,ded1ec639ff3e6fd5eba769d42db1ed36222a48af333a30a670254b30b164b74,620f300cbec1f56da4691882bc7dbe52593dc597fc62f6ae925c0f6ac72f1c6b,True,FORBIDDEN,0901433cbfe906073eae45118a1466e03afab04a766a3061a988ffe089ba4e01,9548a24a4faf5db17b5251df407b4402de033ae8648ec321c850fe6105002cf1,8128818d8ea8f5c3517d04da28955f010269df61e756429957a0a032386f6c51
23,alignment,target-b,fixture-bank-15,fixture-base-15,e23949edbfe2dbe6dc73b97687bd3eed5fbc5d7bd72ecd8b2badea6dfbfe472e,234b78d61b49dc10d04ca8d24378f3b96eae7ef419b9bbe2bb61b3933c753b5d,4,0,target-b:fixture-bank-15:p0005,0.06070272624492645,-0.37003546953201294,0.3724903166294098,0.5942750573158264,-1.5079572200775146,1.671052631578947,-2.3289473684210527,2.535855407001423,True,0.23393574297188752,low,csi-pairs-v6-software-fixture,ded1ec639ff3e6fd5eba769d42db1ed36222a48af333a30a670254b30b164b74,620f300cbec1f56da4691882bc7dbe52593dc597fc62f6ae925c0f6ac72f1c6b,True,FORBIDDEN,0901433cbfe906073eae45118a1466e03afab04a766a3061a988ffe089ba4e01,9548a24a4faf5db17b5251df407b4402de033ae8648ec321c850fe6105002cf1,8128818d8ea8f5c3517d04da28955f010269df61e756429957a0a032386f6c51
23,alignment,target-b,fixture-bank-15,fixture-base-15,e23949edbfe2dbe6dc73b97687bd3eed5fbc5d7bd72ecd8b2badea6dfbfe472e,234b78d61b49dc10d04ca8d24378f3b96eae7ef419b9bbe2bb61b3933c753b5d,4,0,target-b:fixture-bank-15:p0006,0.07376957684755325,-0.36572080850601196,0.37010812759399414,0.5722054243087769,-1.5522172451019287,-0.32894736842105265,1.671052631578947,2.076204947552624,True,0.23393574297188752,low,csi-pairs-v6-software-fixture,ded1ec639ff3e6fd5eba769d42db1ed36222a48af333a30a670254b30b164b74,620f300cbec1f56da4691882bc7dbe52593dc597fc62f6ae925c0f6ac72f1c6b,True,FORBIDDEN,0901433cbfe906073eae45118a1466e03afab04a766a3061a988ffe089ba4e01,9548a24a4faf5db17b5251df407b4402de033ae8648ec321c850fe6105002cf1,8128818d8ea8f5c3517d04da28955f010269df61e756429957a0a032386f6c51
23,alignment,target-b,fixture-bank-15,fixture-base-15,e23949edbfe2dbe6dc73b97687bd3eed5fbc5d7bd72ecd8b2badea6dfbfe472e,234b78d61b49dc10d04ca8d24378f3b96eae7ef419b9bbe2bb61b3933c753b5d,4,0,target-b:fixture-bank-15:p0007,0.06849360466003418,-0.3692648410797119,0.3703165650367737,0.5802887082099915,-1.5376265048980713,2.671052631578947,-0.32894736842105265,2.602871296702682,True,0.23393574297188752,low,csi-pairs-v6-software-fixture,ded1ec639ff3e6fd5eba769d42db1ed36222a48af333a30a670254b30b164b74,620f300cbec1f56da4691882bc7dbe52593dc597fc62f6ae925c0f6ac72f1c6b,True,FORBIDDEN,0901433cbfe906073eae45118a1466e03afab04a766a3061a988ffe089ba4e01,9548a24a4faf5db17b5251df407b4402de033ae8648ec321c850fe6105002cf1,8128818d8ea8f5c3517d04da28955f010269df61e756429957a0a032386f6c51
23,alignment,target-b,fixture-bank-17,fixture-base-17,86a59d2849e34c3a9889d58bb3b67b946ca9eb639083798f219989137e7f4536,b8fec4fd063826ac29c6cc8d291ad3a1a89347817c28241565eb44269fa8c24d,4,0,target-b:fixture-bank-17:p0004,0.05214172601699829,-0.3741433918476105,0.3748892843723297,0.6049599051475525,-1.483717679977417,-2.276315789473684,-0.27631578947368407,2.3305116694046553,True,0.24519700423314877,low,csi-pairs-v6-software-fixture,ded1ec639ff3e6fd5eba769d42db1ed36222a48af333a30a670254b30b164b74,620f300cbec1f56da4691882bc7dbe52593dc597fc62f6ae925c0f6ac72f1c6b,True,FORBIDDEN,0901433cbfe906073eae45118a1466e03afab04a766a3061a988ffe089ba4e01,9548a24a4faf5db17b5251df407b4402de033ae8648ec321c850fe6105002cf1,8128818d8ea8f5c3517d04da28955f010269df61e756429957a0a032386f6c51
23,alignment,target-b,fixture-bank-17,fixture-base-17,86a59d2849e34c3a9889d58bb3b67b946ca9eb639083798f219989137e7f4536,b8fec4fd063826ac29c6cc8d291ad3a1a89347817c28241565eb44269fa8c24d,4,0,target-b:fixture-bank-17:p0005,0.0686493068933487,-0.36874470114707947,0.3710956573486328,0.5792122483253479,-1.537381649017334,1.723684210526316,-2.276315789473684,2.525463915652515,True,0.24519700423314877,low,csi-pairs-v6-software-fixture,ded1ec639ff3e6fd5eba769d42db1ed36222a48af333a30a670254b30b164b74,620f300cbec1f56da4691882bc7dbe52593dc597fc62f6ae925c0f6ac72f1c6b,True,FORBIDDEN,0901433cbfe906073eae45118a1466e03afab04a766a3061a988ffe089ba4e01,9548a24a4faf5db17b5251df407b4402de033ae8648ec321c850fe6105002cf1,8128818d8ea8f5c3517d04da28955f010269df61e756429957a0a032386f6c51
23,alignment,target-b,fixture-bank-17,fixture-base-17,86a59d2849e34c3a9889d58bb3b67b946ca9eb639083798f219989137e7f4536,b8fec4fd063826ac29c6cc8d291ad3a1a89347817c28241565eb44269fa8c24d,4,0,target-b:fixture-bank-17:p0006,0.06459987163543701,-0.36178135871887207,0.37213754653930664,0.5918620824813843,-1.512973427772522,1.723684210526316,-0.27631578947368407,1.6612842041864446,False,0.24519700423314877,low,csi-pairs-v6-software-fixture,ded1ec639ff3e6fd5eba769d42db1ed36222a48af333a30a670254b30b164b74,620f300cbec1f56da4691882bc7dbe52593dc597fc62f6ae925c0f6ac72f1c6b,True,FORBIDDEN,0901433cbfe906073eae45118a1466e03afab04a766a3061a988ffe089ba4e01,9548a24a4faf5db17b5251df407b4402de033ae8648ec321c850fe6105002cf1,8128818d8ea8f5c3517d04da28955f010269df61e756429957a0a032386f6c51
23,alignment,target-b,fixture-bank-17,fixture-base-17,86a59d2849e34c3a9889d58bb3b67b946ca9eb639083798f219989137e7f4536,b8fec4fd063826ac29c6cc8d291ad3a1a89347817c28241565eb44269fa8c24d,4,0,target-b:fixture-bank-17:p0007,0.060787975788116455,-0.36722350120544434,0.372721791267395,0.597102701663971,-1.5025891065597534,-1.276315789473684,2.723684210526316,3.3677228154229306,True,0.24519700423314877,low,csi-pairs-v6-software-fixture,ded1ec639ff3e6fd5eba769d42db1ed36222a48af333a30a670254b30b164b74,620f300cbec1f56da4691882bc7dbe52593dc597fc62f6ae925c0f6ac72f1c6b,True,FORBIDDEN,0901433cbfe906073eae45118a1466e03afab04a766a3061a988ffe089ba4e01,9548a24a4faf5db17b5251df407b4402de033ae8648ec321c850fe6105002cf1,8128818d8ea8f5c3517d04da28955f010269df61e756429957a0a032386f6c51
23,alignment,target-b,fixture-bank-15,fixture-base-15,e23949edbfe2dbe6dc73b97687bd3eed5fbc5d7bd72ecd8b2badea6dfbfe472e,234b78d61b49dc10d04ca8d24378f3b96eae7ef419b9bbe2bb61b3933c753b5d,2,1,target-b:fixture-bank-15:p0004,0.07710837572813034,-0.37621235847473145,0.3647114932537079,0.5836920142173767,-1.5470304489135742,-2.3289473684210527,-0.32894736842105265,2.406519940336679,True,0.23393574297188752,low,csi-pairs-v6-software-fixture,ded1ec639ff3e6fd5eba769d42db1ed36222a48af333a30a670254b30b164b74,620f300cbec1f56da4691882bc7dbe52593dc597fc62f6ae925c0f6ac72f1c6b,True,FORBIDDEN,0901433cbfe906073eae45118a1466e03afab04a766a3061a988ffe089ba4e01,9548a24a4faf5db17b5251df407b4402de033ae8648ec321c850fe6105002cf1,8128818d8ea8f5c3517d04da28955f010269df61e756429957a0a032386f6c51
23,alignment,target-b,fixture-bank-15,fixture-base-15,e23949edbfe2dbe6dc73b97687bd3eed5fbc5d7bd72ecd8b2badea6dfbfe472e,234b78d61b49dc10d04ca8d24378f3b96eae7ef419b9bbe2bb61b3933c753b5d,2,1,target-b:fixture-bank-15:p0005,0.0700545459985733,-0.3741076588630676,0.3672875761985779,0.5923293232917786,-1.5253026485443115,1.671052631578947,-2.3289473684210527,2.52677524922514,True,0.23393574297188752,low,csi-pairs-v6-software-fixture,ded1ec639ff3e6fd5eba769d42db1ed36222a48af333a30a670254b30b164b74,620f300cbec1f56da4691882bc7dbe52593dc597fc62f6ae925c0f6ac72f1c6b,True,FORBIDDEN,0901433cbfe906073eae45118a1466e03afab04a766a3061a988ffe089ba4e01,9548a24a4faf5db17b5251df407b4402de033ae8648ec321c850fe6105002cf1,8128818d8ea8f5c3517d04da28955f010269df61e756429957a0a032386f6c51
23,alignment,target-b,fixture-bank-15,fixture-base-15,e23949edbfe2dbe6dc73b97687bd3eed5fbc5d7bd72ecd8b2badea6dfbfe472e,234b78d61b49dc10d04ca8d24378f3b96eae7ef419b9bbe2bb61b3933c753b5d,2,1,target-b:fixture-bank-15:p0006,0.09194336831569672,-0.36548948287963867,0.36212876439094543,0.5694369673728943,-1.5788626670837402,-0.32894736842105265,1.671052631578947,2.079579956682178,True,0.23393574297188752,low,csi-pairs-v6-software-fixture,ded1ec639ff3e6fd5eba769d42db1ed36222a48af333a30a670254b30b164b74,620f300cbec1f56da4691882bc7dbe52593dc597fc62f6ae925c0f6ac72f1c6b,True,FORBIDDEN,0901433cbfe906073eae45118a1466e03afab04a766a3061a988ffe089ba4e01,9548a24a4faf5db17b5251df407b4402de033ae8648ec321c850fe6105002cf1,8128818d8ea8f5c3517d04da28955f010269df61e756429957a0a032386f6c51
23,alignment,target-b,fixture-bank-15,fixture-base-15,e23949edbfe2dbe6dc73b97687bd3eed5fbc5d7bd72ecd8b2badea6dfbfe472e,234b78d61b49dc10d04ca8d24378f3b96eae7ef419b9bbe2bb61b3933c753b5d,2,1,target-b:fixture-bank-15:p0007,0.08631651103496552,-0.36906683444976807,0.3624860346317291,0.5774730443954468,-1.5638628005981445,2.671052631578947,-0.32894736842105265,2.5850474626975766,True,0.23393574297188752,low,csi-pairs-v6-software-fixture,ded1ec639ff3e6fd5eba769d42db1ed36222a48af333a30a670254b30b164b74,620f300cbec1f56da4691882bc7dbe52593dc597fc62f6ae925c0f6ac72f1c6b,True,FORBIDDEN,0901433cbfe906073eae45118a1466e03afab04a766a3061a988ffe089ba4e01,9548a24a4faf5db17b5251df407b4402de033ae8648ec321c850fe6105002cf1,8128818d8ea8f5c3517d04da28955f010269df61e756429957a0a032386f6c51
23,alignment,target-b,fixture-bank-17,fixture-base-17,86a59d2849e34c3a9889d58bb3b67b946ca9eb639083798f219989137e7f4536,b8fec4fd063826ac29c6cc8d291ad3a1a89347817c28241565eb44269fa8c24d,2,1,target-b:fixture-bank-17:p0004,0.0573175847530365,-0.3802761137485504,0.3709251880645752,0.6035670042037964,-1.4966530799865723,-2.276315789473684,-0.27631578947368407,2.3359478749167595,True,0.24519700423314877,low,csi-pairs-v6-software-fixture,ded1ec639ff3e6fd5eba769d42db1ed36222a48af333a30a670254b30b164b74,620f300cbec1f56da4691882bc7dbe52593dc597fc62f6ae925c0f6ac72f1c6b,True,FORBIDDEN,0901433cbfe906073eae45118a1466e03afab04a766a3061a988ffe089ba4e01,9548a24a4faf5db17b5251df407b4402de033ae8648ec321c850fe6105002cf1,8128818d8ea8f5c3517d04da28955f010269df61e756429957a0a032386f6c51
23,alignment,target-b,fixture-bank-17,fixture-base-17,86a59d2849e34c3a9889d58bb3b67b946ca9eb639083798f219989137e7f4536,b8fec4fd063826ac29c6cc8d291ad3a1a89347817c28241565eb44269fa8c24d,2,1,target-b:fixture-bank-17:p0005,0.08512605726718903,-0.3691347539424896,0.3635045289993286,0.5765937566757202,-1.5625808238983154,1.723684210526316,-2.276315789473684,2.514400987094501,True,0.24519700423314877,low,csi-pairs-v6-software-fixture,ded1ec639ff3e6fd5eba769d42db1ed36222a48af333a30a670254b30b164b74,620f300cbec1f56da4691882bc7dbe52593dc597fc62f6ae925c0f6ac72f1c6b,True,FORBIDDEN,0901433cbfe906073eae45118a1466e03afab04a766a3061a988ffe089ba4e01,9548a24a4faf5db17b5251df407b4402de033ae8648ec321c850fe6105002cf1,8128818d8ea8f5c3517d04da28955f010269df61e756429957a0a032386f6c51
23,alignment,target-b,fixture-bank-17,fixture-base-17,86a59d2849e34c3a9889d58bb3b67b946ca9eb639083798f219989137e7f4536,b8fec4fd063826ac29c6cc8d291ad3a1a89347817c28241565eb44269fa8c24d,2,1,target-b:fixture-bank-17:p0006,0.07004959881305695,-0.3685302138328552,0.36863622069358826,0.5905823111534119,-1.5245912075042725,1.723684210526316,-0.27631578947368407,1.6562037704086878,False,0.24519700423314877,low,csi-pairs-v6-software-fixture,ded1ec639ff3e6fd5eba769d42db1ed36222a48af333a30a670254b30b164b74,620f300cbec1f56da4691882bc7dbe52593dc597fc62f6ae925c0f6ac72f1c6b,True,FORBIDDEN,0901433cbfe906073eae45118a1466e03afab04a766a3061a988ffe089ba4e01,9548a24a4faf5db17b5251df407b4402de033ae8648ec321c850fe6105002cf1,8128818d8ea8f5c3517d04da28955f010269df61e756429957a0a032386f6c51
23,alignment,target-b,fixture-bank-17,fixture-base-17,86a59d2849e34c3a9889d58bb3b67b946ca9eb639083798f219989137e7f4536,b8fec4fd063826ac29c6cc8d291ad3a1a89347817c28241565eb44269fa8c24d,2,1,target-b:fixture-bank-17:p0007,0.06736926734447479,-0.37310051918029785,0.36864402890205383,0.5956776142120361,-1.515979528427124,-1.276315789473684,2.723684210526316,3.3757318012633175,True,0.24519700423314877,low,csi-pairs-v6-software-fixture,ded1ec639ff3e6fd5eba769d42db1ed36222a48af333a30a670254b30b164b74,620f300cbec1f56da4691882bc7dbe52593dc597fc62f6ae925c0f6ac72f1c6b,True,FORBIDDEN,0901433cbfe906073eae45118a1466e03afab04a766a3061a988ffe089ba4e01,9548a24a4faf5db17b5251df407b4402de033ae8648ec321c850fe6105002cf1,8128818d8ea8f5c3517d04da28955f010269df61e756429957a0a032386f6c51
23,alignment,target-b,fixture-bank-15,fixture-base-15,e23949edbfe2dbe6dc73b97687bd3eed5fbc5d7bd72ecd8b2badea6dfbfe472e,234b78d61b49dc10d04ca8d24378f3b96eae7ef419b9bbe2bb61b3933c753b5d,4,1,target-b:fixture-bank-15:p0004,0.08776283264160156,-0.35602879524230957,0.37132909893989563,0.5781617164611816,-1.5385682582855225,-2.3289473684210527,-0.32894736842105265,2.416861932258227,True,0.23393574297188752,low,csi-pairs-v6-software-fixture,ded1ec639ff3e6fd5eba769d42db1ed36222a48af333a30a670254b30b164b74,620f300cbec1f56da4691882bc7dbe52593dc597fc62f6ae925c0f6ac72f1c6b,True,FORBIDDEN,0901433cbfe906073eae45118a1466e03afab04a766a3061a988ffe089ba4e01,9548a24a4faf5db17b5251df407b4402de033ae8648ec321c850fe6105002cf1,8128818d8ea8f5c3517d04da28955f010269df61e756429957a0a032386f6c51
23,alignment,target-b,fixture-bank-15,fixture-base-15,e23949edbfe2dbe6dc73b97687bd3eed5fbc5d7bd72ecd8b2badea6dfbfe472e,234b78d61b49dc10d04ca8d24378f3b96eae7ef419b9bbe2bb61b3933c753b5d,4,1,target-b:fixture-bank-15:p0005,0.08015921711921692,-0.3532763421535492,0.3732358515262604,0.5868118405342102,-1.518595814704895,1.671052631578947,-2.3289473684210527,2.536576011122913,True,0.23393574297188752,low,csi-pairs-v6-software-fixture,ded1ec639ff3e6fd5eba769d42db1ed36222a48af333a30a670254b30b164b74,620f300cbec1f56da4691882bc7dbe52593dc597fc62f6ae925c0f6ac72f1c6b,True,FORBIDDEN,0901433cbfe906073eae45118a1466e03afab04a766a3061a988ffe089ba4e01,9548a24a4faf5db17b5251df407b4402de033ae8648ec321c850fe6105002cf1,8128818d8ea8f5c3517d04da28955f010269df61e756429957a0a032386f6c51
23,alignment,target-b,fixture-bank-15,fixture-base-15,e23949edbfe2dbe6dc73b97687bd3eed5fbc5d7bd72ecd8b2badea6dfbfe472e,234b78d61b49dc10d04ca8d24378f3b96eae7ef419b9bbe2bb61b3933c753b5d,4,1,target-b:fixture-bank-15:p0006,0.10097575932741165,-0.34525468945503235,0.36820271611213684,0.564888060092926,-1.570249319076538,-0.32894736842105265,1.671052631578947,2.0616326318304736,True,0.23393574297188752,low,csi-pairs-v6-software-fixture,ded1ec639ff3e6fd5eba769d42db1ed36222a48af333a30a670254b30b164b74,620f300cbec1f56da4691882bc7dbe52593dc597fc62f6ae925c0f6ac72f1c6b,True,FORBIDDEN,0901433cbfe906073eae45118a1466e03afab04a766a3061a988ffe089ba4e01,9548a24a4faf5db17b5251df407b4402de033ae8648ec321c850fe6105002cf1,8128818d8ea8f5c3517d04da28955f010269df61e756429957a0a032386f6c51
23,alignment,target-b,fixture-bank-15,fixture-base-15,e23949edbfe2dbe6dc73b97687bd3eed5fbc5d7bd72ecd8b2badea6dfbfe472e,234b78d61b49dc10d04ca8d24378f3b96eae7ef419b9bbe2bb61b3933c753b5d,4,1,target-b:fixture-bank-15:p0007,0.09637678414583206,-0.3484451174736023,0.36872488260269165,0.5720171332359314,-1.556290864944458,2.671052631578947,-0.32894736842105265,2.574749673574801,True,0.23393574297188752,low,csi-pairs-v6-software-fixture,ded1ec639ff3e6fd5eba769d42db1ed36222a48af333a30a670254b30b164b74,620f300cbec1f56da4691882bc7dbe52593dc597fc62f6ae925c0f6ac72f1c6b,True,FORBIDDEN,0901433cbfe906073eae45118a1466e03afab04a766a3061a988ffe089ba4e01,9548a24a4faf5db17b5251df407b4402de033ae8648ec321c850fe6105002cf1,8128818d8ea8f5c3517d04da28955f010269df61e756429957a0a032386f6c51
23,alignment,target-b,fixture-bank-17,fixture-base-17,86a59d2849e34c3a9889d58bb3b67b946ca9eb639083798f219989137e7f4536,b8fec4fd063826ac29c6cc8d291ad3a1a89347817c28241565eb44269fa8c24d,4,1,target-b:fixture-bank-17:p0004,0.06779876351356506,-0.3594493865966797,0.37677478790283203,0.5977343916893005,-1.4907164573669434,-2.276315789473684,-0.27631578947368407,2.3455882487122968,True,0.24519700423314877,low,csi-pairs-v6-software-fixture,ded1ec639ff3e6fd5eba769d42db1ed36222a48af333a30a670254b30b164b74,620f300cbec1f56da4691882bc7dbe52593dc597fc62f6ae925c0f6ac72f1c6b,True,FORBIDDEN,0901433cbfe906073eae45118a1466e03afab04a766a3061a988ffe089ba4e01,9548a24a4faf5db17b5251df407b4402de033ae8648ec321c850fe6105002cf1,8128818d8ea8f5c3517d04da28955f010269df61e756429957a0a032386f6c51
23,alignment,target-b,fixture-bank-17,fixture-base-17,86a59d2849e34c3a9889d58bb3b67b946ca9eb639083798f219989137e7f4536,b8fec4fd063826ac29c6cc8d291ad3a1a89347817c28241565eb44269fa8c24d,4,1,target-b:fixture-bank-17:p0005,0.09467475116252899,-0.34878507256507874,0.36981186270713806,0.5713818669319153,-1.5544583797454834,1.723684210526316,-2.276315789473684,2.523696987223882,True,0.24519700423314877,low,csi-pairs-v6-software-fixture,ded1ec639ff3e6fd5eba769d42db1ed36222a48af333a30a670254b30b164b74,620f300cbec1f56da4691882bc7dbe52593dc597fc62f6ae925c0f6ac72f1c6b,True,FORBIDDEN,0901433cbfe906073eae45118a1466e03afab04a766a3061a988ffe089ba4e01,9548a24a4faf5db17b5251df407b4402de033ae8648ec321c850fe6105002cf1,8128818d8ea8f5c3517d04da28955f010269df61e756429957a0a032386f6c51
23,alignment,target-b,fixture-bank-17,fixture-base-17,86a59d2849e34c3a9889d58bb3b67b946ca9eb639083798f219989137e7f4536,b8fec4fd063826ac29c6cc8d291ad3a1a89347817c28241565eb44269fa8c24d,4,1,target-b:fixture-bank-17:p0006,0.07867768406867981,-0.34771406650543213,0.3739231824874878,0.5861639976501465,-1.5178606510162354,1.723684210526316,-0.27631578947368407,1.6465552484053851,False,0.24519700423314877,low,csi-pairs-v6-software-fixture,ded1ec639ff3e6fd5eba769d42db1ed36222a48af333a30a670254b30b164b74,620f300cbec1f56da4691882bc7dbe52593dc597fc62f6ae925c0f6ac72f1c6b,True,FORBIDDEN,0901433cbfe906073eae45118a1466e03afab04a766a3061a988ffe089ba4e01,9548a24a4faf5db17b5251df407b4402de033ae8648ec321c850fe6105002cf1,8128818d8ea8f5c3517d04da28955f010269df61e756429957a0a032386f6c51
23,alignment,target-b,fixture-bank-17,fixture-base-17,86a59d2849e34c3a9889d58bb3b67b946ca9eb639083798f219989137e7f4536,b8fec4fd063826ac29c6cc8d291ad3a1a89347817c28241565eb44269fa8c24d,4,1,target-b:fixture-bank-17:p0007,0.07702305167913437,-0.3521883487701416,0.3742237687110901,0.5904434323310852,-1.5097827911376953,-1.276315789473684,2.723684210526316,3.3604342011123793,True,0.24519700423314877,low,csi-pairs-v6-software-fixture,ded1ec639ff3e6fd5eba769d42db1ed36222a48af333a30a670254b30b164b74,620f300cbec1f56da4691882bc7dbe52593dc597fc62f6ae925c0f6ac72f1c6b,True,FORBIDDEN,0901433cbfe906073eae45118a1466e03afab04a766a3061a988ffe089ba4e01,9548a24a4faf5db17b5251df407b4402de033ae8648ec321c850fe6105002cf1,8128818d8ea8f5c3517d04da28955f010269df61e756429957a0a032386f6c51
23,response,target-a,fixture-bank-14,fixture-base-14,86a59d2849e34c3a9889d58bb3b67b946ca9eb639083798f219989137e7f4536,d3ac0ba45cb8ca4a3062283c82745f423da87b60b62b7768857a4ffa9f3e71be,0,0,target-a:fixture-bank-14:p0004,0.09668441116809845,-0.3582751452922821,0.3585750162601471,0.5856594443321228,-1.5606341361999512,0.6447368421052628,-1.3552631578947367,1.1376935282971101,False,0.25,low,csi-pairs-v6-software-fixture,ded1ec639ff3e6fd5eba769d42db1ed36222a48af333a30a670254b30b164b74,620f300cbec1f56da4691882bc7dbe52593dc597fc62f6ae925c0f6ac72f1c6b,True,FORBIDDEN,0901433cbfe906073eae45118a1466e03afab04a766a3061a988ffe089ba4e01,9548a24a4faf5db17b5251df407b4402de033ae8648ec321c850fe6105002cf1,8128818d8ea8f5c3517d04da28955f010269df61e756429957a0a032386f6c51
23,response,target-a,fixture-bank-14,fixture-base-14,86a59d2849e34c3a9889d58bb3b67b946ca9eb639083798f219989137e7f4536,d3ac0ba45cb8ca4a3062283c82745f423da87b60b62b7768857a4ffa9f3e71be,0,0,target-a:fixture-bank-14:p0005,0.09715476632118225,-0.3558999001979828,0.35833898186683655,0.587975025177002,-1.5573467016220093,-1.3552631578947367,0.6447368421052628,1.7637436652277256,False,0.25,low,csi-pairs-v6-software-fixture,ded1ec639ff3e6fd5eba769d42db1ed36222a48af333a30a670254b30b164b74,620f300cbec1f56da4691882bc7dbe52593dc597fc62f6ae925c0f6ac72f1c6b,True,FORBIDDEN,0901433cbfe906073eae45118a1466e03afab04a766a3061a988ffe089ba4e01,9548a24a4faf5db17b5251df407b4402de033ae8648ec321c850fe6105002cf1,8128818d8ea8f5c3517d04da28955f010269df61e756429957a0a032386f6c51
23,response,target-a,fixture-bank-14,fixture-base-14,86a59d2849e34c3a9889d58bb3b67b946ca9eb639083798f219989137e7f4536,d3ac0ba45cb8ca4a3062283c82745f423da87b60b62b7768857a4ffa9f3e71be,0,0,target-a:fixture-bank-14:p0006,0.0992705449461937,-0.35998544096946716,0.3581285774707794,0.5805243253707886,-1.5706868171691895,1.6447368421052628,-0.3552631578947367,1.5454735117794811,False,0.25,low,csi-pairs-v6-software-fixture,ded1ec639ff3e6fd5eba769d42db1ed36222a48af333a30a670254b30b164b74,620f300cbec1f56da4691882bc7dbe52593dc597fc62f6ae925c0f6ac72f1c6b,True,FORBIDDEN,0901433cbfe906073eae45118a1466e03afab04a766a3061a988ffe089ba4e01,9548a24a4faf5db17b5251df407b4402de033ae8648ec321c850fe6105002cf1,8128818d8ea8f5c3517d04da28955f010269df61e756429957a0a032386f6c51
23,response,target-a,fixture-bank-14,fixture-base-14,86a59d2849e34c3a9889d58bb3b67b946ca9eb639083798f219989137e7f4536,d3ac0ba45cb8ca4a3062283c82745f423da87b60b62b7768857a4ffa9f3e71be,0,0,target-a:fixture-bank-14:p0007,0.10464519262313843,-0.35663947463035583,0.35662901401519775,0.574517011642456,-1.5852848291397095,-1.3552631578947367,2.644736842105263,3.337602760451473,True,0.25,low,csi-pairs-v6-software-fixture,ded1ec639ff3e6fd5eba769d42db1ed36222a48af333a30a670254b30b164b74,620f300cbec1f56da4691882bc7dbe52593dc597fc62f6ae925c0f6ac72f1c6b,True,FORBIDDEN,0901433cbfe906073eae45118a1466e03afab04a766a3061a988ffe089ba4e01,9548a24a4faf5db17b5251df407b4402de033ae8648ec321c850fe6105002cf1,8128818d8ea8f5c3517d04da28955f010269df61e756429957a0a032386f6c51
23,response,target-a,fixture-bank-16,fixture-base-16,e23949edbfe2dbe6dc73b97687bd3eed5fbc5d7bd72ecd8b2badea6dfbfe472e,2b37638d300a790f3426572fa00b7bf61aa934746cb588d9fb5347ccf44b354c,0,0,target-a:fixture-bank-16:p0004,0.09591852128505707,-0.35695451498031616,0.35902687907218933,0.5857987999916077,-1.5591368675231934,0.6973684210526319,-1.3026315789473681,1.1207350673748768,False,0.26126126126126126,low,csi-pairs-v6-software-fixture,ded1ec639ff3e6fd5eba769d42db1ed36222a48af333a30a670254b30b164b74,620f300cbec1f56da4691882bc7dbe52593dc597fc62f6ae925c0f6ac72f1c6b,True,FORBIDDEN,0901433cbfe906073eae45118a1466e03afab04a766a3061a988ffe089ba4e01,9548a24a4faf5db17b5251df407b4402de033ae8648ec321c850fe6105002cf1,8128818d8ea8f5c3517d04da28955f010269df61e756429957a0a032386f6c51
23,response,target-a,fixture-bank-16,fixture-base-16,e23949edbfe2dbe6dc73b97687bd3eed5fbc5d7bd72ecd8b2badea6dfbfe472e,2b37638d300a790f3426572fa00b7bf61aa934746cb588d9fb5347ccf44b354c,0,0,target-a:fixture-bank-16:p0005,0.10241040587425232,-0.35553619265556335,0.3566354215145111,0.5817612409591675,-1.5727365016937256,-1.3026315789473681,0.6973684210526319,1.755776496220257,False,0.26126126126126126,low,csi-pairs-v6-software-fixture,ded1ec639ff3e6fd5eba769d42db1ed36222a48af333a30a670254b30b164b74,620f300cbec1f56da4691882bc7dbe52593dc597fc62f6ae925c0f6ac72f1c6b,True,FORBIDDEN,0901433cbfe906073eae45118a1466e03afab04a766a3061a988ffe089ba4e01,9548a24a4faf5db17b5251df407b4402de033ae8648ec321c850fe6105002cf1,8128818d8ea8f5c3517d04da28955f010269df61e756429957a0a032386f6c51
23,response,target-a,fixture-bank-16,fixture-base-16,e23949edbfe2dbe6dc73b97687bd3eed5fbc5d7bd72ecd8b2badea6dfbfe472e,2b37638d300a790f3426572fa00b7bf61aa934746cb588d9fb5347ccf44b354c,0,0,target-a:fixture-bank-16:p0006,0.11126599460840225,-0.3618714213371277,0.35482314229011536,0.5657870173454285,-1.6056733131408691,1.6973684210526319,-0.30263157894736814,1.5872083247320234,False,0.26126126126126126,low,csi-pairs-v6-software-fixture,ded1ec639ff3e6fd5eba769d42db1ed36222a48af333a30a670254b30b164b74,620f300cbec1f56da4691882bc7dbe52593dc597fc62f6ae925c0f6ac72f1c6b,True,FORBIDDEN,0901433cbfe906073eae45118a1466e03afab04a766a3061a988ffe089ba4e01,9548a24a4faf5db17b5251df407b4402de033ae8648ec321c850fe6105002cf1,8128818d8ea8f5c3517d04da28955f010269df61e756429957a0a032386f6c51
23,response,target-a,fixture-bank-16,fixture-base-16,e23949edbfe2dbe6dc73b97687bd3eed5fbc5d7bd72ecd8b2badea6dfbfe472e,2b37638d300a790f3426572fa00b7bf61aa934746cb588d9fb5347ccf44b354c,0,0,target-a:fixture-bank-16:p0007,0.09638428688049316,-0.36101359128952026,0.3587791919708252,0.5829357504844666,-1.5647263526916504,-0.30263157894736814,1.6973684210526319,2.096699828281599,True,0.26126126126126126,low,csi-pairs-v6-software-fixture,ded1ec639ff3e6fd5eba769d42db1ed36222a48af333a30a670254b30b164b74,620f300cbec1f56da4691882bc7dbe52593dc597fc62f6ae925c0f6ac72f1c6b,True,FORBIDDEN,0901433cbfe906073eae45118a1466e03afab04a766a3061a988ffe089ba4e01,9548a24a4faf5db17b5251df407b4402de033ae8648ec321c850fe6105002cf1,8128818d8ea8f5c3517d04da28955f010269df61e756429957a0a032386f6c51
23,response,target-a,fixture-bank-14,fixture-base-14,86a59d2849e34c3a9889d58bb3b67b946ca9eb639083798f219989137e7f4536,d3ac0ba45cb8ca4a3062283c82745f423da87b60b62b7768857a4ffa9f3e71be,2,0,target-a:fixture-bank-14:p0004,0.060820356011390686,-0.3526041507720947,0.3764083683490753,0.6021026968955994,-1.484407901763916,0.6447368421052628,-1.3552631578947367,1.1602945950474723,False,0.25,low,csi-pairs-v6-software-fixture,ded1ec639ff3e6fd5eba769d42db1ed36222a48af333a30a670254b30b164b74,620f300cbec1f56da4691882bc7dbe52593dc597fc62f6ae925c0f6ac72f1c6b,True,FORBIDDEN,0901433cbfe906073eae45118a1466e03afab04a766a3061a988ffe089ba4e01,9548a24a4faf5db17b5251df407b4402de033ae8648ec321c850fe6105002cf1,8128818d8ea8f5c3517d04da28955f010269df61e756429957a0a032386f6c51
23,response,target-a,fixture-bank-14,fixture-base-14,86a59d2849e34c3a9889d58bb3b67b946ca9eb639083798f219989137e7f4536,d3ac0ba45cb8ca4a3062283c82745f423da87b60b62b7768857a4ffa9f3e71be,2,0,target-a:fixture-bank-14:p0005,0.061812445521354675,-0.3502616882324219,0.3758796155452728,0.6045200228691101,-1.4818068742752075,-1.3552631578947367,0.6447368421052628,1.7315095556107196,False,0.25,low,csi-pairs-v6-software-fixture,ded1ec639ff3e6fd5eba769d42db1ed36222a48af333a30a670254b30b164b74,620f300cbec1f56da4691882bc7dbe52593dc597fc62f6ae925c0f6ac72f1c6b,True,FORBIDDEN,0901433cbfe906073eae45118a1466e03afab04a766a3061a988ffe089ba4e01,9548a24a4faf5db17b5251df407b4402de033ae8648ec321c850fe6105002cf1,8128818d8ea8f5c3517d04da28955f010269df61e756429957a0a032386f6c51
23,response,target-a,fixture-bank-14,fixture-base-14,86a59d2849e34c3a9889d58bb3b67b946ca9eb639083798f219989137e7f4536,d3ac0ba45cb8ca4a3062283c82745f423da87b60b62b7768857a4ffa9f3e71be,2,0,target-a:fixture-bank-14:p0006,0.06165577471256256,-0.35399070382118225,0.37662801146507263,0.5972074270248413,-1.4919880628585815,1.6447368421052628,-0.3552631578947367,1.5830815787812644,False,0.25,low,csi-pairs-v6-software-fixture,ded1ec639ff3e6fd5eba769d42db1ed36222a48af333a30a670254b30b164b74,620f300cbec1f56da4691882bc7dbe52593dc597fc62f6ae925c0f6ac72f1c6b,True,FORBIDDEN,0901433cbfe906073eae45118a1466e03afab04a766a3061a988ffe089ba4e01,9548a24a4faf5db17b5251df407b4402de033ae8648ec321c850fe6105002cf1,8128818d8ea8f5c3517d04da28955f010269df61e756429957a0a032386f6c51
23,response,target-a,fixture-bank-14,fixture-base-14,86a59d2849e34c3a9889d58bb3b67b946ca9eb639083798f219989137e7f4536,d3ac0ba45cb8ca4a3062283c82745f423da87b60b62b7768857a4ffa9f3e71be,2,0,target-a:fixture-bank-14:p0007,0.06708618998527527,-0.35045918822288513,0.3749297261238098,0.5905988216400146,-1.5076349973678589,-1.3552631578947367,2.644736842105263,3.315761892462755,True,0.25,low,csi-pairs-v6-software-fixture,ded1ec639ff3e6fd5eba769d42db1ed36222a48af333a30a670254b30b164b74,620f300cbec1f56da4691882bc7dbe52593dc597fc62f6ae925c0f6ac72f1c6b,True,FORBIDDEN,0901433cbfe906073eae45118a1466e03afab04a766a3061a988ffe089ba4e01,9548a24a4faf5db17b5251df407b4402de033ae8648ec321c850fe6105002cf1,8128818d8ea8f5c3517d04da28955f010269df61e756429957a0a032386f6c51
23,response,target-a,fixture-bank-16,fixture-base-16,e23949edbfe2dbe6dc73b97687bd3eed5fbc5d7bd72ecd8b2badea6dfbfe472e,2b37638d300a790f3426572fa00b7bf61aa934746cb588d9fb5347ccf44b354c,2,0,target-a:fixture-bank-16:p0004,0.06199643015861511,-0.35108643770217896,0.3762679398059845,0.601822555065155,-1.4852464199066162,0.6973684210526319,-1.3026315789473681,1.144174690613262,False,0.26126126126126126,low,csi-pairs-v6-software-fixture,ded1ec639ff3e6fd5eba769d42db1ed36222a48af333a30a670254b30b164b74,620f300cbec1f56da4691882bc7dbe52593dc597fc62f6ae925c0f6ac72f1c6b,True,FORBIDDEN,0901433cbfe906073eae45118a1466e03afab04a766a3061a988ffe089ba4e01,9548a24a4faf5db17b5251df407b4402de033ae8648ec321c850fe6105002cf1,8128818d8ea8f5c3517d04da28955f010269df61e756429957a0a032386f6c51
23,response,target-a,fixture-bank-16,fixture-base-16,e23949edbfe2dbe6dc73b97687bd3eed5fbc5d7bd72ecd8b2badea6dfbfe472e,2b37638d300a790f3426572fa00b7bf61aa934746cb588d9fb5347ccf44b354c,2,0,target-a:fixture-bank-16:p0005,0.0641159862279892,-0.34996312856674194,0.3750055730342865,0.5983618497848511,-1.4943740367889404,-1.3026315789473681,0.6973684210526319,1.7218891607013753,False,0.26126126126126126,low,csi-pairs-v6-software-fixture,ded1ec639ff3e6fd5eba769d42db1ed36222a48af333a30a670254b30b164b74,620f300cbec1f56da4691882bc7dbe52593dc597fc62f6ae925c0f6ac72f1c6b,True,FORBIDDEN,0901433cbfe906073eae45118a1466e03afab04a766a3061a988ffe089ba4e01,9548a24a4faf5db17b5251df407b4402de033ae8648ec321c850fe6105002cf1,8128818d8ea8f5c3517d04da28955f010269df61e756429957a0a032386f6c51
23,response,target-a,fixture-bank-16,fixture-base-16,e23949edbfe2dbe6dc73b97687bd3eed5fbc5d7bd72ecd8b2badea6dfbfe472e,2b37638d300a790f3426572fa00b7bf61aa934746cb588d9fb5347ccf44b354c,2,0,target-a:fixture-bank-16:p0006,0.07017220556735992,-0.35515540838241577,0.37448233366012573,0.5826376080513,-1.5224004983901978,1.6973684210526319,-0.30263157894736814,1.628043696080702,False,0.26126126126126126,low,csi-pairs-v6-software-fixture,ded1ec639ff3e6fd5eba769d42db1ed36222a48af333a30a670254b30b164b74,620f300cbec1f56da4691882bc7dbe52593dc597fc62f6ae925c0f6ac72f1c6b,True,FORBIDDEN,0901433cbfe906073eae45118a1466e03afab04a766a3061a988ffe089ba4e01,9548a24a4faf5db17b5251df407b4402de033ae8648ec321c850fe6105002cf1,8128818d8ea8f5c3517d04da28955f010269df61e756429957a0a032386f6c51
23,response,target-a,fixture-bank-16,fixture-base-16,e23949edbfe2dbe6dc73b97687bd3eed5fbc5d7bd72ecd8b2badea6dfbfe472e,2b37638d300a790f3426572fa00b7bf61aa934746cb588d9fb5347ccf44b354c,2,0,target-a:fixture-bank-16:p0007,0.059050217270851135,-0.3549876809120178,0.37719595432281494,0.5998544096946716,-1.4860587120056152,-0.30263157894736814,1.6973684210526319,2.0839815956450214,True,0.26126126126126126,low,csi-pairs-v6-software-fixture,ded1ec639ff3e6fd5eba769d42db1ed36222a48af333a30a670254b30b164b74,620f300cbec1f56da4691882bc7dbe52593dc597fc62f6ae925c0f6ac72f1c6b,True,FORBIDDEN,0901433cbfe906073eae45118a1466e03afab04a766a3061a988ffe089ba4e01,9548a24a4faf5db17b5251df407b4402de033ae8648ec321c850fe6105002cf1,8128818d8ea8f5c3517d04da28955f010269df61e756429957a0a032386f6c51
23,response,target-a,fixture-bank-14,fixture-base-14,86a59d2849e34c3a9889d58bb3b67b946ca9eb639083798f219989137e7f4536,d3ac0ba45cb8ca4a3062283c82745f423da87b60b62b7768857a4ffa9f3e71be,4,0,target-a:fixture-bank-14:p0004,0.0627136081457138,-0.35259413719177246,0.3761259615421295,0.6033663749694824,-1.4830617904663086,0.6447368421052628,-1.3552631578947367,1.1593516334340386,False,0.25,low,csi-pairs-v6-software-fixture,ded1ec639ff3e6fd5eba769d42db1ed36222a48af333a30a670254b30b164b74,620f300cbec1f56da4691882bc7dbe52593dc597fc62f6ae925c0f6ac72f1c6b,True,FORBIDDEN,0901433cbfe906073eae45118a1466e03afab04a766a3061a988ffe089ba4e01,9548a24a4faf5db17b5251df407b4402de033ae8648ec321c850fe6105002cf1,8128818d8ea8f5c3517d04da28955f010269df61e756429957a0a032386f6c51
23,response,target-a,fixture-bank-14,fixture-base-14,86a59d2849e34c3a9889d58bb3b67b946ca9eb639083798f219989137e7f4536,d3ac0ba45cb8ca4a3062283c82745f423da87b60b62b7768857a4ffa9f3e71be,4,0,target-a:fixture-bank-14:p0005,0.06372009217739105,-0.3500308096408844,0.3756202757358551,0.6056917905807495,-1.480560541152954,-1.3552631578947367,0.6447368421052628,1.732938586605366,False,0.25,low,csi-pairs-v6-software-fixture,ded1ec639ff3e6fd5eba769d42db1ed36222a48af333a30a670254b30b164b74,620f300cbec1f56da4691882bc7dbe52593dc597fc62f6ae925c0f6ac72f1c6b,True,FORBIDDEN,0901433cbfe906073eae45118a1466e03afab04a766a3061a988ffe089ba4e01,9548a24a4faf5db17b5251df407b4402de033ae8648ec321c850fe6105002cf1,8128818d8ea8f5c3517d04da28955f010269df61e756429957a0a032386f6c51
23,response,target-a,fixture-bank-14,fixture-base-14,86a59d2849e34c3a9889d58bb3b67b946ca9eb639083798f219989137e7f4536,d3ac0ba45cb8ca4a3062283c82745f423da87b60b62b7768857a4ffa9f3e71be,4,0,target-a:fixture-bank-14:p0006,0.06374277174472809,-0.35437285900115967,0.3763052523136139,0.5987175107002258,-1.4903199672698975,1.6447368421052628,-0.3552631578947367,1.5809943210357498,False,0.25,low,csi-pairs-v6-software-fixture,ded1ec639ff3e6fd5eba769d42db1ed36222a48af333a30a670254b30b164b74,620f300cbec1f56da4691882bc7dbe52593dc597fc62f6ae925c0f6ac72f1c6b,True,FORBIDDEN,0901433cbfe906073eae45118a1466e03afab04a766a3061a988ffe089ba4e01,9548a24a4faf5db17b5251df407b4402de033ae8648ec321c850fe6105002cf1,8128818d8ea8f5c3517d04da28955f010269df61e756429957a0a032386f6c51
23,response,target-a,fixture-bank-14,fixture-base-14,86a59d2849e34c3a9889d58bb3b67b946ca9eb639083798f219989137e7f4536,d3ac0ba45cb8ca4a3062283c82745f423da87b60b62b7768857a4ffa9f3e71be,4,0,target-a:fixture-bank-14:p0007,0.06902822852134705,-0.3511134088039398,0.3745601773262024,0.5920814871788025,-1.5061137676239014,-1.3552631578947367,2.644736842105263,3.3171862593607524,True,0.25,low,csi-pairs-v6-software-fixture,ded1ec639ff3e6fd5eba769d42db1ed36222a48af333a30a670254b30b164b74,620f300cbec1f56da4691882bc7dbe52593dc597fc62f6ae925c0f6ac72f1c6b,True,FORBIDDEN,0901433cbfe906073eae45118a1466e03afab04a766a3061a988ffe089ba4e01,9548a24a4faf5db17b5251df407b4402de033ae8648ec321c850fe6105002cf1,8128818d8ea8f5c3517d04da28955f010269df61e756429957a0a032386f6c51
23,response,target-a,fixture-bank-16,fixture-base-16,e23949edbfe2dbe6dc73b97687bd3eed5fbc5d7bd72ecd8b2badea6dfbfe472e,2b37638d300a790f3426572fa00b7bf61aa934746cb588d9fb5347ccf44b354c,4,0,target-a:fixture-bank-16:p0004,0.0639403760433197,-0.35098785161972046,0.37603121995925903,0.6029734015464783,-1.4839653968811035,0.6973684210526319,-1.3026315789473681,1.143178407758989,False,0.26126126126126126,low,csi-pairs-v6-software-fixture,ded1ec639ff3e6fd5eba769d42db1ed36222a48af333a30a670254b30b164b74,620f300cbec1f56da4691882bc7dbe52593dc597fc62f6ae925c0f6ac72f1c6b,True,FORBIDDEN,0901433cbfe906073eae45118a1466e03afab04a766a3061a988ffe089ba4e01,9548a24a4faf5db17b5251df407b4402de033ae8648ec321c850fe6105002cf1,8128818d8ea8f5c3517d04da28955f010269df61e756429957a0a032386f6c51
23,response,target-a,fixture-bank-16,fixture-base-16,e23949edbfe2dbe6dc73b97687bd3eed5fbc5d7bd72ecd8b2badea6dfbfe472e,2b37638d300a790f3426572fa00b7bf61aa934746cb588d9fb5347ccf44b354c,4,0,target-a:fixture-bank-16:p0005,0.06589643657207489,-0.3501869738101959,0.37466153502464294,0.5997287034988403,-1.49301016330719,-1.3026315789473681,0.6973684210526319,1.723438781787099,False,0.26126126126126126,low,csi-pairs-v6-software-fixture,ded1ec639ff3e6fd5eba769d42db1ed36222a48af333a30a670254b30b164b74,620f300cbec1f56da4691882bc7dbe52593dc597fc62f6ae925c0f6ac72f1c6b,True,FORBIDDEN,0901433cbfe906073eae45118a1466e03afab04a766a3061a988ffe089ba4e01,9548a24a4faf5db17b5251df407b4402de033ae8648ec321c850fe6105002cf1,8128818d8ea8f5c3517d04da28955f010269df61e756429957a0a032386f6c51
23,response,target-a,fixture-bank-16,fixture-base-16,e23949edbfe2dbe6dc73b97687bd3eed5fbc5d7bd72ecd8b2badea6dfbfe472e,2b37638d300a790f3426572fa00b7bf61aa934746cb588d9fb5347ccf44b354c,4,0,target-a:fixture-bank-16:p0006,0.07236842811107635,-0.35663866996765137,0.37406066060066223,0.5846171379089355,-1.5201354026794434,1.6973684210526319,-0.30263157894736814,1.6258972116774568,False,0.26126126126126126,low,csi-pairs-v6-software-fixture,ded1ec639ff3e6fd5eba769d42db1ed36222a48af333a30a670254b30b164b74,620f300cbec1f56da4691882bc7dbe52593dc597fc62f6ae925c0f6ac72f1c6b,True,FORBIDDEN,0901433cbfe906073eae45118a1466e03afab04a766a3061a988ffe089ba4e01,9548a24a4faf5db17b5251df407b4402de033ae8648ec321c850fe6105002cf1,8128818d8ea8f5c3517d04da28955f010269df61e756429957a0a032386f6c51
23,response,target-a,fixture-bank-16,fixture-base-16,e23949edbfe2dbe6dc73b97687bd3eed5fbc5d7bd72ecd8b2badea6dfbfe472e,2b37638d300a790f3426572fa00b7bf61aa934746cb588d9fb5347ccf44b354c,4,0,target-a:fixture-bank-16:p0007,0.06120277941226959,-0.3551791310310364,0.3768754005432129,0.6013606786727905,-1.484400987625122,-0.30263157894736814,1.6973684210526319,2.0845447689813783,True,0.26126126126126126,low,csi-pairs-v6-software-fixture,ded1ec639ff3e6fd5eba769d42db1ed36222a48af333a30a670254b30b164b74,620f300cbec1f56da4691882bc7dbe52593dc597fc62f6ae925c0f6ac72f1c6b,True,FORBIDDEN,0901433cbfe906073eae45118a1466e03afab04a766a3061a988ffe089ba4e01,9548a24a4faf5db17b5251df407b4402de033ae8648ec321c850fe6105002cf1,8128818d8ea8f5c3517d04da28955f010269df61e756429957a0a032386f6c51
23,response,target-a,fixture-bank-14,fixture-base-14,86a59d2849e34c3a9889d58bb3b67b946ca9eb639083798f219989137e7f4536,d3ac0ba45cb8ca4a3062283c82745f423da87b60b62b7768857a4ffa9f3e71be,2,1,target-a:fixture-bank-14:p0004,0.06387712061405182,-0.38071408867836,0.37389934062957764,0.6028456687927246,-1.4898626804351807,0.6447368421052628,-1.3552631578947367,1.1345236464531505,False,0.25,low,csi-pairs-v6-software-fixture,ded1ec639ff3e6fd5eba769d42db1ed36222a48af333a30a670254b30b164b74,620f300cbec1f56da4691882bc7dbe52593dc597fc62f6ae925c0f6ac72f1c6b,True,FORBIDDEN,0901433cbfe906073eae45118a1466e03afab04a766a3061a988ffe089ba4e01,9548a24a4faf5db17b5251df407b4402de033ae8648ec321c850fe6105002cf1,8128818d8ea8f5c3517d04da28955f010269df61e756429957a0a032386f6c51
23,response,target-a,fixture-bank-14,fixture-base-14,86a59d2849e34c3a9889d58bb3b67b946ca9eb639083798f219989137e7f4536,d3ac0ba45cb8ca4a3062283c82745f423da87b60b62b7768857a4ffa9f3e71be,2,1,target-a:fixture-bank-14:p0005,0.06513135135173798,-0.3780478835105896,0.373239129781723,0.6052390933036804,-1.4876676797866821,-1.3552631578947367,0.6447368421052628,1.7503168732691312,False,0.25,low,csi-pairs-v6-software-fixture,ded1ec639ff3e6fd5eba769d42db1ed36222a48af333a30a670254b30b164b74,620f300cbec1f56da4691882bc7dbe52593dc597fc62f6ae925c0f6ac72f1c6b,True,FORBIDDEN,0901433cbfe906073eae45118a1466e03afab04a766a3061a988ffe089ba4e01,9548a24a4faf5db17b5251df407b4402de033ae8648ec321c850fe6105002cf1,8128818d8ea8f5c3517d04da28955f010269df61e756429957a0a032386f6c51
23,response,target-a,fixture-bank-14,fixture-base-14,86a59d2849e34c3a9889d58bb3b67b946ca9eb639083798f219989137e7f4536,d3ac0ba45cb8ca4a3062283c82745f423da87b60b62b7768857a4ffa9f3e71be,2,1,target-a:fixture-bank-14:p0006,0.06381304562091827,-0.3831322193145752,0.37455135583877563,0.5978191494941711,-1.4964933395385742,1.6447368421052628,-0.3552631578947367,1.581169420041665,False,0.25,low,csi-pairs-v6-software-fixture,ded1ec639ff3e6fd5eba769d42db1ed36222a48af333a30a670254b30b164b74,620f300cbec1f56da4691882bc7dbe52593dc597fc62f6ae925c0f6ac72f1c6b,True,FORBIDDEN,0901433cbfe906073eae45118a1466e03afab04a766a3061a988ffe089ba4e01,9548a24a4faf5db17b5251df407b4402de033ae8648ec321c850fe6105002cf1,8128818d8ea8f5c3517d04da28955f010269df61e756429957a0a032386f6c51
23,response,target-a,fixture-bank-14,fixture-base-14,86a59d2849e34c3a9889d58bb3b67b946ca9eb639083798f219989137e7f4536,d3ac0ba45cb8ca4a3062283c82745f423da87b60b62b7768857a4ffa9f3e71be,2,1,target-a:fixture-bank-14:p0007,0.06879396736621857,-0.3793089985847473,0.3731197714805603,0.5910279154777527,-1.5117478370666504,-1.3552631578947367,2.644736842105263,3.3425726533018016,True,0.25,low,csi-pairs-v6-software-fixture,ded1ec639ff3e6fd5eba769d42db1ed36222a48af333a30a670254b30b164b74,620f300cbec1f56da4691882bc7dbe52593dc597fc62f6ae925c0f6ac72f1c6b,True,FORBIDDEN,0901433cbfe906073eae45118a1466e03afab04a766a3061a988ffe089ba4e01,9548a24a4faf5db17b5251df407b4402de033ae8648ec321c850fe6105002cf1,8128818d8ea8f5c3517d04da28955f010269df61e756429957a0a032386f6c51
23,response,target-a,fixture-bank-16,fixture-base-16,e23949edbfe2dbe6dc73b97687bd3eed5fbc5d7bd72ecd8b2badea6dfbfe472e,2b37638d300a790f3426572fa00b7bf61aa934746cb588d9fb5347ccf44b354c,2,1,target-a:fixture-bank-16:p0004,0.06507757306098938,-0.3787001371383667,0.37375763058662415,0.6025546193122864,-1.4907246828079224,0.6973684210526319,-1.3026315789473681,1.119571804583007,False,0.26126126126126126,low,csi-pairs-v6-software-fixture,ded1ec639ff3e6fd5eba769d42db1ed36222a48af333a30a670254b30b164b74,620f300cbec1f56da4691882bc7dbe52593dc597fc62f6ae925c0f6ac72f1c6b,True,FORBIDDEN,0901433cbfe906073eae45118a1466e03afab04a766a3061a988ffe089ba4e01,9548a24a4faf5db17b5251df407b4402de033ae8648ec321c850fe6105002cf1,8128818d8ea8f5c3517d04da28955f010269df61e756429957a0a032386f6c51
23,response,target-a,fixture-bank-16,fixture-base-16,e23949edbfe2dbe6dc73b97687bd3eed5fbc5d7bd72ecd8b2badea6dfbfe472e,2b37638d300a790f3426572fa00b7bf61aa934746cb588d9fb5347ccf44b354c,2,1,target-a:fixture-bank-16:p0005,0.06695476174354553,-0.37838679552078247,0.37264829874038696,0.5989892482757568,-1.4996318817138672,-1.3026315789473681,0.6973684210526319,1.741555635227322,False,0.26126126126126126,low,csi-pairs-v6-software-fixture,ded1ec639ff3e6fd5eba769d42db1ed36222a48af333a30a670254b30b164b74,620f300cbec1f56da4691882bc7dbe52593dc597fc62f6ae925c0f6ac72f1c6b,True,FORBIDDEN,0901433cbfe906073eae45118a1466e03afab04a766a3061a988ffe089ba4e01,9548a24a4faf5db17b5251df407b4402de033ae8648ec321c850fe6105002cf1,8128818d8ea8f5c3517d04da28955f010269df61e756429957a0a032386f6c51
23,response,target-a,fixture-bank-16,fixture-base-16,e23949edbfe2dbe6dc73b97687bd3eed5fbc5d7bd72ecd8b2badea6dfbfe472e,2b37638d300a790f3426572fa00b7bf61aa934746cb588d9fb5347ccf44b354c,2,1,target-a:fixture-bank-16:p0006,0.0696844607591629,-0.3862963616847992,0.37364810705184937,0.582874059677124,-1.5242249965667725,1.6973684210526319,-0.30263157894736814,1.6298327737737797,False,0.26126126126126126,low,csi-pairs-v6-software-fixture,ded1ec639ff3e6fd5eba769d42db1ed36222a48af333a30a670254b30b164b74,620f300cbec1f56da4691882bc7dbe52593dc597fc62f6ae925c0f6ac72f1c6b,True,FORBIDDEN,0901433cbfe906073eae45118a1466e03afab04a766a3061a988ffe089ba4e01,9548a24a4faf5db17b5251df407b4402de033ae8648ec321c850fe6105002cf1,8128818d8ea8f5c3517d04da28955f010269df61e756429957a0a032386f6c51
23,response,target-a,fixture-bank-16,fixture-base-16,e23949edbfe2dbe6dc73b97687bd3eed5fbc5d7bd72ecd8b2badea6dfbfe472e,2b37638d300a790f3426572fa00b7bf61aa934746cb588d9fb5347ccf44b354c,2,1,target-a:fixture-bank-16:p0007,0.06128469109535217,-0.3842201828956604,0.37502792477607727,0.6004773378372192,-1.4907851219177246,-0.30263157894736814,1.6973684210526319,2.1131602323745367,True,0.26126126126126126,low,csi-pairs-v6-software-fixture,ded1ec639ff3e6fd5eba769d42db1ed36222a48af333a30a670254b30b164b74,620f300cbec1f56da4691882bc7dbe52593dc597fc62f6ae925c0f6ac72f1c6b,True,FORBIDDEN,0901433cbfe906073eae45118a1466e03afab04a766a3061a988ffe089ba4e01,9548a24a4faf5db17b5251df407b4402de033ae8648ec321c850fe6105002cf1,8128818d8ea8f5c3517d04da28955f010269df61e756429957a0a032386f6c51
23,response,target-a,fixture-bank-14,fixture-base-14,86a59d2849e34c3a9889d58bb3b67b946ca9eb639083798f219989137e7f4536,d3ac0ba45cb8ca4a3062283c82745f423da87b60b62b7768857a4ffa9f3e71be,4,1,target-a:fixture-bank-14:p0004,0.08102679252624512,-0.3801351487636566,0.37480974197387695,0.5981627702713013,-1.4952290058135986,0.6447368421052628,-1.3552631578947367,1.1263408250562184,False,0.25,low,csi-pairs-v6-software-fixture,ded1ec639ff3e6fd5eba769d42db1ed36222a48af333a30a670254b30b164b74,620f300cbec1f56da4691882bc7dbe52593dc597fc62f6ae925c0f6ac72f1c6b,True,FORBIDDEN,0901433cbfe906073eae45118a1466e03afab04a766a3061a988ffe089ba4e01,9548a24a4faf5db17b5251df407b4402de033ae8648ec321c850fe6105002cf1,8128818d8ea8f5c3517d04da28955f010269df61e756429957a0a032386f6c51
23,response,target-a,fixture-bank-14,fixture-base-14,86a59d2849e34c3a9889d58bb3b67b946ca9eb639083798f219989137e7f4536,d3ac0ba45cb8ca4a3062283c82745f423da87b60b62b7768857a4ffa9f3e71be,4,1,target-a:fixture-bank-14:p0005,0.08290770649909973,-0.37725138664245605,0.3740023970603943,0.6003398895263672,-1.4937524795532227,-1.3552631578947367,0.6447368421052628,1.764311586679126,False,0.25,low,csi-pairs-v6-software-fixture,ded1ec639ff3e6fd5eba769d42db1ed36222a48af333a30a670254b30b164b74,620f300cbec1f56da4691882bc7dbe52593dc597fc62f6ae925c0f6ac72f1c6b,True,FORBIDDEN,0901433cbfe906073eae45118a1466e03afab04a766a3061a988ffe089ba4e01,9548a24a4faf5db17b5251df407b4402de033ae8648ec321c850fe6105002cf1,8128818d8ea8f5c3517d04da28955f010269df61e756429957a0a032386f6c51
23,response,target-a,fixture-bank-14,fixture-base-14,86a59d2849e34c3a9889d58bb3b67b946ca9eb639083798f219989137e7f4536,d3ac0ba45cb8ca4a3062283c82745f423da87b60b62b7768857a4ffa9f3e71be,4,1,target-a:fixture-bank-14:p0006,0.08042392879724503,-0.3831128478050232,0.3756123185157776,0.5934762954711914,-1.5009558200836182,1.6447368421052628,-0.3552631578947367,1.5645607997039672,False,0.25,low,csi-pairs-v6-software-fixture,ded1ec639ff3e6fd5eba769d42db1ed36222a48af333a30a670254b30b164b74,620f300cbec1f56da4691882bc7dbe52593dc597fc62f6ae925c0f6ac72f1c6b,True,FORBIDDEN,0901433cbfe906073eae45118a1466e03afab04a766a3061a988ffe089ba4e01,9548a24a4faf5db17b5251df407b4402de033ae8648ec321c850fe6105002cf1,8128818d8ea8f5c3517d04da28955f010269df61e756429957a0a032386f6c51
23,response,target-a,fixture-bank-14,fixture-base-14,86a59d2849e34c3a9889d58bb3b67b946ca9eb639083798f219989137e7f4536,d3ac0ba45cb8ca4a3062283c82745f423da87b60b62b7768857a4ffa9f3e71be,4,1,target-a:fixture-bank-14:p0007,0.08414264023303986,-0.3795512914657593,0.37412649393081665,0.5871373414993286,-1.515657901763916,-1.3552631578947367,2.644736842105263,3.3493593068738323,True,0.25,low,csi-pairs-v6-software-fixture,ded1ec639ff3e6fd5eba769d42db1ed36222a48af333a30a670254b30b164b74,620f300cbec1f56da4691882bc7dbe52593dc597fc62f6ae925c0f6ac72f1c6b,True,FORBIDDEN,0901433cbfe906073eae45118a1466e03afab04a766a3061a988ffe089ba4e01,9548a24a4faf5db17b5251df407b4402de033ae8648ec321c850fe6105002cf1,8128818d8ea8f5c3517d04da28955f010269df61e756429957a0a032386f6c51
23,response,target-a,fixture-bank-16,fixture-base-16,e23949edbfe2dbe6dc73b97687bd3eed5fbc5d7bd72ecd8b2badea6dfbfe472e,2b37638d300a790f3426572fa00b7bf61aa934746cb588d9fb5347ccf44b354c,4,1,target-a:fixture-bank-16:p0004,0.08226007223129272,-0.3780674338340759,0.37455180287361145,0.598039448261261,-1.4961237907409668,0.6973684210526319,-1.3026315789473681,1.1104850918489573,False,0.26126126126126126,low,csi-pairs-v6-software-fixture,ded1ec639ff3e6fd5eba769d42db1ed36222a48af333a30a670254b30b164b74,620f300cbec1f56da4691882bc7dbe52593dc597fc62f6ae925c0f6ac72f1c6b,True,FORBIDDEN,0901433cbfe906073eae45118a1466e03afab04a766a3061a988ffe089ba4e01,9548a24a4faf5db17b5251df407b4402de033ae8648ec321c850fe6105002cf1,8128818d8ea8f5c3517d04da28955f010269df61e756429957a0a032386f6c51
23,response,target-a,fixture-bank-16,fixture-base-16,e23949edbfe2dbe6dc73b97687bd3eed5fbc5d7bd72ecd8b2badea6dfbfe472e,2b37638d300a790f3426572fa00b7bf61aa934746cb588d9fb5347ccf44b354c,4,1,target-a:fixture-bank-16:p0005,0.08353975415229797,-0.3780381679534912,0.37358784675598145,0.5943330526351929,-1.5049175024032593,-1.3026315789473681,0.6973684210526319,1.7544145166935579,False,0.26126126126126126,low,csi-pairs-v6-software-fixture,ded1ec639ff3e6fd5eba769d42db1ed36222a48af333a30a670254b30b164b74,620f300cbec1f56da4691882bc7dbe52593dc597fc62f6ae925c0f6ac72f1c6b,True,FORBIDDEN,0901433cbfe906073eae45118a1466e03afab04a766a3061a988ffe089ba4e01,9548a24a4faf5db17b5251df407b4402de033ae8648ec321c850fe6105002cf1,8128818d8ea8f5c3517d04da28955f010269df61e756429957a0a032386f6c51
23,response,target-a,fixture-bank-16,fixture-base-16,e23949edbfe2dbe6dc73b97687bd3eed5fbc5d7bd72ecd8b2badea6dfbfe472e,2b37638d300a790f3426572fa00b7bf61aa934746cb588d9fb5347ccf44b354c,4,1,target-a:fixture-bank-16:p0006,0.08429910987615585,-0.3874189257621765,0.37492966651916504,0.5794216394424438,-1.5267417430877686,1.6973684210526319,-0.30263157894736814,1.6152961019080203,False,0.26126126126126126,low,csi-pairs-v6-software-fixture,ded1ec639ff3e6fd5eba769d42db1ed36222a48af333a30a670254b30b164b74,620f300cbec1f56da4691882bc7dbe52593dc597fc62f6ae925c0f6ac72f1c6b,True,FORBIDDEN,0901433cbfe906073eae45118a1466e03afab04a766a3061a988ffe089ba4e01,9548a24a4faf5db17b5251df407b4402de033ae8648ec321c850fe6105002cf1,8128818d8ea8f5c3517d04da28955f010269df61e756429957a0a032386f6c51
23,response,target-a,fixture-bank-16,fixture-base-16,e23949edbfe2dbe6dc73b97687bd3eed5fbc5d7bd72ecd8b2badea6dfbfe472e,2b37638d300a790f3426572fa00b7bf61aa934746cb588d9fb5347ccf44b354c,4,1,target-a:fixture-bank-16:p0007,0.07843835651874542,-0.3840668797492981,0.3760886788368225,0.5960131287574768,-1.4954228401184082,-0.30263157894736814,1.6973684210526319,2.1160310033505105,True,0.26126126126126126,low,csi-pairs-v6-software-fixture,ded1ec639ff3e6fd5eba769d42db1ed36222a48af333a30a670254b30b164b74,620f300cbec1f56da4691882bc7dbe52593dc597fc62f6ae925c0f6ac72f1c6b,True,FORBIDDEN,0901433cbfe906073eae45118a1466e03afab04a766a3061a988ffe089ba4e01,9548a24a4faf5db17b5251df407b4402de033ae8648ec321c850fe6105002cf1,8128818d8ea8f5c3517d04da28955f010269df61e756429957a0a032386f6c51
23,response,target-b,fixture-bank-15,fixture-base-15,e23949edbfe2dbe6dc73b97687bd3eed5fbc5d7bd72ecd8b2badea6dfbfe472e,234b78d61b49dc10d04ca8d24378f3b96eae7ef419b9bbe2bb61b3933c753b5d,0,0,target-b:fixture-bank-15:p0004,0.1046445295214653,-0.36828601360321045,0.3560929596424103,0.5690979957580566,-1.5962660312652588,-2.3289473684210527,-0.32894736842105265,2.433909828801436,True,0.23393574297188752,low,csi-pairs-v6-software-fixture,ded1ec639ff3e6fd5eba769d42db1ed36222a48af333a30a670254b30b164b74,620f300cbec1f56da4691882bc7dbe52593dc597fc62f6ae925c0f6ac72f1c6b,True,FORBIDDEN,0901433cbfe906073eae45118a1466e03afab04a766a3061a988ffe089ba4e01,9548a24a4faf5db17b5251df407b4402de033ae8648ec321c850fe6105002cf1,8128818d8ea8f5c3517d04da28955f010269df61e756429957a0a032386f6c51
23,response,target-b,fixture-bank-15,fixture-base-15,e23949edbfe2dbe6dc73b97687bd3eed5fbc5d7bd72ecd8b2badea6dfbfe472e,234b78d61b49dc10d04ca8d24378f3b96eae7ef419b9bbe2bb61b3933c753b5d,0,0,target-b:fixture-bank-15:p0005,0.10102153569459915,-0.3640884757041931,0.3573397099971771,0.5767642259597778,-1.579390048980713,1.671052631578947,-2.3289473684210527,2.5150880919626513,True,0.23393574297188752,low,csi-pairs-v6-software-fixture,ded1ec639ff3e6fd5eba769d42db1ed36222a48af333a30a670254b30b164b74,620f300cbec1f56da4691882bc7dbe52593dc597fc62f6ae925c0f6ac72f1c6b,True,FORBIDDEN,0901433cbfe906073eae45118a1466e03afab04a766a3061a988ffe089ba4e01,9548a24a4faf5db17b5251df407b4402de033ae8648ec321c850fe6105002cf1,8128818d8ea8f5c3517d04da28955f010269df61e756429957a0a032386f6c51
23,response,target-b,fixture-bank-15,fixture-base-15,e23949edbfe2dbe6dc73b97687bd3eed5fbc5d7bd72ecd8b2badea6dfbfe472e,234b78d61b49dc10d04ca8d24378f3b96eae7ef419b9bbe2bb61b3933c753b5d,0,0,target-b:fixture-bank-15:p0006,0.11745993047952652,-0.35645484924316406,0.35368451476097107,0.5568758845329285,-1.624762773513794,-0.32894736842105265,1.671052631578947,2.0760698594462887,True,0.23393574297188752,low,csi-pairs-v6-software-fixture,ded1ec639ff3e6fd5eba769d42db1ed36222a48af333a30a670254b30b164b74,620f300cbec1f56da4691882bc7dbe52593dc597fc62f6ae925c0f6ac72f1c6b,True,FORBIDDEN,0901433cbfe906073eae45118a1466e03afab04a766a3061a988ffe089ba4e01,9548a24a4faf5db17b5251df407b4402de033ae8648ec321c850fe6105002cf1,8128818d8ea8f5c3517d04da28955f010269df61e756429957a0a032386f6c51
23,response,target-b,fixture-bank-15,fixture-base-15,e23949edbfe2dbe6dc73b97687bd3eed5fbc5d7bd72ecd8b2badea6dfbfe472e,234b78d61b49dc10d04ca8d24378f3b96eae7ef419b9bbe2bb61b3933c753b5d,0,0,target-b:fixture-bank-15:p0007,0.11440607905387878,-0.3601195216178894,0.35358482599258423,0.5639032125473022,-1.612504482269287,2.671052631578947,-0.32894736842105265,2.556836580165663,True,0.23393574297188752,low,csi-pairs-v6-software-fixture,ded1ec639ff3e6fd5eba769d42db1ed36222a48af333a30a670254b30b164b74,620f300cbec1f56da4691882bc7dbe52593dc597fc62f6ae925c0f6ac72f1c6b,True,FORBIDDEN,0901433cbfe906073eae45118a1466e03afab04a766a3061a988ffe089ba4e01,9548a24a4faf5db17b5251df407b4402de033ae8648ec321c850fe6105002cf1,8128818d8ea8f5c3517d04da28955f010269df61e756429957a0a032386f6c51
23,response,target-b,fixture-bank-17,fixture-base-17,86a59d2849e34c3a9889d58bb3b67b946ca9eb639083798f219989137e7f4536,b8fec4fd063826ac29c6cc8d291ad3a1a89347817c28241565eb44269fa8c24d,0,0,target-b:fixture-bank-17:p0004,0.08888135850429535,-0.3703146278858185,0.36063459515571594,0.5863498449325562,-1.5537288188934326,-2.276315789473684,-0.27631578947368407,2.3670642852330817,True,0.24519700423314877,low,csi-pairs-v6-software-fixture,ded1ec639ff3e6fd5eba769d42db1ed36222a48af333a30a670254b30b164b74,620f300cbec1f56da4691882bc7dbe52593dc597fc62f6ae925c0f6ac72f1c6b,True,FORBIDDEN,0901433cbfe906073eae45118a1466e03afab04a766a3061a988ffe089ba4e01,9548a24a4faf5db17b5251df407b4402de033ae8648ec321c850fe6105002cf1,8128818d8ea8f5c3517d04da28955f010269df61e756429957a0a032386f6c51
23,response,target-b,fixture-bank-17,fixture-base-17,86a59d2849e34c3a9889d58bb3b67b946ca9eb639083798f219989137e7f4536,b8fec4fd063826ac29c6cc8d291ad3a1a89347817c28241565eb44269fa8c24d,0,0,target-b:fixture-bank-17:p0005,0.11253330856561661,-0.360236257314682,0.35465025901794434,0.5628836154937744,-1.6113054752349854,1.723684210526316,-2.276315789473684,2.503431245799939,True,0.24519700423314877,low,csi-pairs-v6-software-fixture,ded1ec639ff3e6fd5eba769d42db1ed36222a48af333a30a670254b30b164b74,620f300cbec1f56da4691882bc7dbe52593dc597fc62f6ae925c0f6ac72f1c6b,True,FORBIDDEN,0901433cbfe906073eae45118a1466e03afab04a766a3061a988ffe089ba4e01,9548a24a4faf5db17b5251df407b4402de033ae8648ec321c850fe6105002cf1,8128818d8ea8f5c3517d04da28955f010269df61e756429957a0a032386f6c51
23,response,target-b,fixture-bank-17,fixture-base-17,86a59d2849e34c3a9889d58bb3b67b946ca9eb639083798f219989137e7f4536,b8fec4fd063826ac29c6cc8d291ad3a1a89347817c28241565eb44269fa8c24d,0,0,target-b:fixture-bank-17:p0006,0.10077811032533646,-0.35692429542541504,0.35818392038345337,0.5754230618476868,-1.579358458518982,1.723684210526316,-0.27631578947368407,1.6249067484939934,False,0.24519700423314877,low,csi-pairs-v6-software-fixture,ded1ec639ff3e6fd5eba769d42db1ed36222a48af333a30a670254b30b164b74,620f300cbec1f56da4691882bc7dbe52593dc597fc62f6ae925c0f6ac72f1c6b,True,FORBIDDEN,0901433cbfe906073eae45118a1466e03afab04a766a3061a988ffe089ba4e01,9548a24a4faf5db17b5251df407b4402de033ae8648ec321c850fe6105002cf1,8128818d8ea8f5c3517d04da28955f010269df61e756429957a0a032386f6c51
23,response,target-b,fixture-bank-17,fixture-base-17,86a59d2849e34c3a9889d58bb3b67b946ca9eb639083798f219989137e7f4536,b8fec4fd063826ac29c6cc8d291ad3a1a89347817c28241565eb44269fa8c24d,0,0,target-b:fixture-bank-17:p0007,0.09933600574731827,-0.3620861768722534,0.358155757188797,0.5796416997909546,-1.5721323490142822,-1.276315789473684,2.723684210526316,3.378519904550021,True,0.24519700423314877,low,csi-pairs-v6-software-fixture,ded1ec639ff3e6fd5eba769d42db1ed36222a48af333a30a670254b30b164b74,620f300cbec1f56da4691882bc7dbe52593dc597fc62f6ae925c0f6ac72f1c6b,True,FORBIDDEN,0901433cbfe906073eae45118a1466e03afab04a766a3061a988ffe089ba4e01,9548a24a4faf5db17b5251df407b4402de033ae8648ec321c850fe6105002cf1,8128818d8ea8f5c3517d04da28955f010269df61e756429957a0a032386f6c51
23,response,target-b,fixture-bank-15,fixture-base-15,e23949edbfe2dbe6dc73b97687bd3eed5fbc5d7bd72ecd8b2badea6dfbfe472e,234b78d61b49dc10d04ca8d24378f3b96eae7ef419b9bbe2bb61b3933c753b5d,2,0,target-b:fixture-bank-15:p0004,0.06088492274284363,-0.37883585691452026,0.3724283277988434,0.5843791961669922,-1.5249159336090088,-2.3289473684210527,-0.32894736842105265,2.3903529532631453,True,0.23393574297188752,low,csi-pairs-v6-software-fixture,ded1ec639ff3e6fd5eba769d42db1ed36222a48af333a30a670254b30b164b74,620f300cbec1f56da4691882bc7dbe52593dc597fc62f6ae925c0f6ac72f1c6b,True,FORBIDDEN,0901433cbfe906073eae45118a1466e03afab04a766a3061a988ffe089ba4e01,9548a24a4faf5db17b5251df407b4402de033ae8648ec321c850fe6105002cf1,8128818d8ea8f5c3517d04da28955f010269df61e756429957a0a032386f6c51
23,response,target-b,fixture-bank-15,fixture-base-15,e23949edbfe2dbe6dc73b97687bd3eed5fbc5d7bd72ecd8b2badea6dfbfe472e,234b78d61b49dc10d04ca8d24378f3b96eae7ef419b9bbe2bb61b3933c753b5d,2,0,target-b:fixture-bank-15:p0005,0.06090494990348816,-0.3718036115169525,0.37191927433013916,0.5922325849533081,-1.5129343271255493,1.671052631578947,-2.3289473684210527,2.5343613084944203,True,0.23393574297188752,low,csi-pairs-v6-software-fixture,ded1ec639ff3e6fd5eba769d42db1ed36222a48af333a30a670254b30b164b74,620f300cbec1f56da4691882bc7dbe52593dc597fc62f6ae925c0f6ac72f1c6b,True,FORBIDDEN,0901433cbfe906073eae45118a1466e03afab04a766a3061a988ffe089ba4e01,9548a24a4faf5db17b5251df407b4402de033ae8648ec321c850fe6105002cf1,8128818d8ea8f5c3517d04da28955f010269df61e756429957a0a032386f6c51
23,response,target-b,fixture-bank-15,fixture-base-15,e23949edbfe2dbe6dc73b97687bd3eed5fbc5d7bd72ecd8b2badea6dfbfe472e,234b78d61b49dc10d04ca8d24378f3b96eae7ef419b9bbe2bb61b3933c753b5d,2,0,target-b:fixture-bank-15:p0006,0.07446613907814026,-0.3676260709762573,0.36975008249282837,0.5706348419189453,-1.5559337139129639,-0.32894736842105265,1.671052631578947,2.0782091594170624,True,0.23393574297188752,low,csi-pairs-v6-software-fixture,ded1ec639ff3e6fd5eba769d42db1ed36222a48af333a30a670254b30b164b74,620f300cbec1f56da4691882bc7dbe52593dc597fc62f6ae925c0f6ac72f1c6b,True,FORBIDDEN,0901433cbfe906073eae45118a1466e03afab04a766a3061a988ffe089ba4e01,9548a24a4faf5db17b5251df407b4402de033ae8648ec321c850fe6105002cf1,8128818d8ea8f5c3517d04da28955f010269df61e756429957a0a032386f6c51
23,response,target-b,fixture-bank-15,fixture-base-15,e23949edbfe2dbe6dc73b97687bd3eed5fbc5d7bd72ecd8b2badea6dfbfe472e,234b78d61b49dc10d04ca8d24378f3b96eae7ef419b9bbe2bb61b3933c753b5d,2,0,target-b:fixture-bank-15:p0007,0.06907814741134644,-0.3714846968650818,0.36994627118110657,0.5786420702934265,-1.541468620300293,2.671052631578947,-0.32894736842105265,2.6023221631017184,True,0.23393574297188752,low,csi-pairs-v6-software-fixture,ded1ec639ff3e6fd5eba769d42db1ed36222a48af333a30a670254b30b164b74,620f300cbec1f56da4691882bc7dbe52593dc597fc62f6ae925c0f6ac72f1c6b,True,FORBIDDEN,0901433cbfe906073eae45118a1466e03afab04a766a3061a988ffe089ba4e01,9548a24a4faf5db17b5251df407b4402de033ae8648ec321c850fe6105002cf1,8128818d8ea8f5c3517d04da28955f010269df61e756429957a0a032386f6c51
23,response,target-b,fixture-bank-17,fixture-base-17,86a59d2849e34c3a9889d58bb3b67b946ca9eb639083798f219989137e7f4536,b8fec4fd063826ac29c6cc8d291ad3a1a89347817c28241565eb44269fa8c24d,2,0,target-b:fixture-bank-17:p0004,0.051877111196517944,-0.375790536403656,0.37432172894477844,0.6023985147476196,-1.4894757270812988,-2.276315789473684,-0.27631578947368407,2.3303170187783273,True,0.24519700423314877,low,csi-pairs-v6-software-fixture,ded1ec639ff3e6fd5eba769d42db1ed36222a48af333a30a670254b30b164b74,620f300cbec1f56da4691882bc7dbe52593dc597fc62f6ae925c0f6ac72f1c6b,True,FORBIDDEN,0901433cbfe906073eae45118a1466e03afab04a766a3061a988ffe089ba4e01,9548a24a4faf5db17b5251df407b4402de033ae8648ec321c850fe6105002cf1,8128818d8ea8f5c3517d04da28955f010269df61e756429957a0a032386f6c51
23,response,target-b,fixture-bank-17,fixture-base-17,86a59d2849e34c3a9889d58bb3b67b946ca9eb639083798f219989137e7f4536,b8fec4fd063826ac29c6cc8d291ad3a1a89347817c28241565eb44269fa8c24d,2,0,target-b:fixture-bank-17:p0005,0.06881637871265411,-0.37092074751853943,0.3708156943321228,0.5774798393249512,-1.541131854057312,1.723684210526316,-2.276315789473684,2.52371111791324,True,0.24519700423314877,low,csi-pairs-v6-software-fixture,ded1ec639ff3e6fd5eba769d42db1ed36222a48af333a30a670254b30b164b74,620f300cbec1f56da4691882bc7dbe52593dc597fc62f6ae925c0f6ac72f1c6b,True,FORBIDDEN,0901433cbfe906073eae45118a1466e03afab04a766a3061a988ffe089ba4e01,9548a24a4faf5db17b5251df407b4402de033ae8648ec321c850fe6105002cf1,8128818d8ea8f5c3517d04da28955f010269df61e756429957a0a032386f6c51
23,response,target-b,fixture-bank-17,fixture-base-17,86a59d2849e34c3a9889d58bb3b67b946ca9eb639083798f219989137e7f4536,b8fec4fd063826ac29c6cc8d291ad3a1a89347817c28241565eb44269fa8c24d,2,0,target-b:fixture-bank-17:p0006,0.06575953960418701,-0.36234524846076965,0.3711700439453125,0.589911162853241,-1.5188783407211304,1.723684210526316,-0.27631578947368407,1.6601551982467964,False,0.24519700423314877,low,csi-pairs-v6-software-fixture,ded1ec639ff3e6fd5eba769d42db1ed36222a48af333a30a670254b30b164b74,620f300cbec1f56da4691882bc7dbe52593dc597fc62f6ae925c0f6ac72f1c6b,True,FORBIDDEN,0901433cbfe906073eae45118a1466e03afab04a766a3061a988ffe089ba4e01,9548a24a4faf5db17b5251df407b4402de033ae8648ec321c850fe6105002cf1,8128818d8ea8f5c3517d04da28955f010269df61e756429957a0a032386f6c51
23,response,target-b,fixture-bank-17,fixture-base-17,86a59d2849e34c3a9889d58bb3b67b946ca9eb639083798f219989137e7f4536,b8fec4fd063826ac29c6cc8d291ad3a1a89347817c28241565eb44269fa8c24d,2,0,target-b:fixture-bank-17:p0007,0.061500757932662964,-0.3683774173259735,0.3718762993812561,0.594936192035675,-1.5084950923919678,-1.276315789473684,2.723684210526316,3.3690648888008656,True,0.24519700423314877,low,csi-pairs-v6-software-fixture,ded1ec639ff3e6fd5eba769d42db1ed36222a48af333a30a670254b30b164b74,620f300cbec1f56da4691882bc7dbe52593dc597fc62f6ae925c0f6ac72f1c6b,True,FORBIDDEN,0901433cbfe906073eae45118a1466e03afab04a766a3061a988ffe089ba4e01,9548a24a4faf5db17b5251df407b4402de033ae8648ec321c850fe6105002cf1,8128818d8ea8f5c3517d04da28955f010269df61e756429957a0a032386f6c51
23,response,target-b,fixture-bank-15,fixture-base-15,e23949edbfe2dbe6dc73b97687bd3eed5fbc5d7bd72ecd8b2badea6dfbfe472e,234b78d61b49dc10d04ca8d24378f3b96eae7ef419b9bbe2bb61b3933c753b5d,4,0,target-b:fixture-bank-15:p0004,0.061542630195617676,-0.37667959928512573,0.372612863779068,0.5871638655662537,-1.5196666717529297,-2.3289473684210527,-0.32894736842105265,2.390966499001939,True,0.23393574297188752,low,csi-pairs-v6-software-fixture,ded1ec639ff3e6fd5eba769d42db1ed36222a48af333a30a670254b30b164b74,620f300cbec1f56da4691882bc7dbe52593dc597fc62f6ae925c0f6ac72f1c6b,True,FORBIDDEN,0901433cbfe906073eae45118a1466e03afab04a766a3061a988ffe089ba4e01,9548a24a4faf5db17b5251df407b4402de033ae8648ec321c850fe6105002cf1,8128818d8ea8f5c3517d04da28955f010269df61e756429957a0a032386f6c51
23,response,target-b,fixture-bank-15,fixture-base-15,e23949edbfe2dbe6dc73b97687bd3eed5fbc5d7bd72ecd8b2badea6dfbfe472e,234b78d61b49dc10d04ca8d24378f3b96eae7ef419b9bbe2bb61b3933c753b5d,4,0,target-b:fixture-bank-15:p0005,0.06015618145465851,-0.37077826261520386,0.37280797958374023,0.5947842001914978,-1.5062484741210938,1.671052631578947,-2.3289473684210527,2.53562884112709,True,0.23393574297188752,low,csi-pairs-v6-software-fixture,ded1ec639ff3e6fd5eba769d42db1ed36222a48af333a30a670254b30b164b74,620f300cbec1f56da4691882bc7dbe52593dc597fc62f6ae925c0f6ac72f1c6b,True,FORBIDDEN,0901433cbfe906073eae45118a1466e03afab04a766a3061a988ffe089ba4e01,9548a24a4faf5db17b5251df407b4402de033ae8648ec321c850fe6105002cf1,8128818d8ea8f5c3517d04da28955f010269df61e756429957a0a032386f6c51
23,response,target-b,fixture-bank-15,fixture-base-15,e23949edbfe2dbe6dc73b97687bd3eed5fbc5d7bd72ecd8b2badea6dfbfe472e,234b78d61b49dc10d04ca8d24378f3b96eae7ef419b9bbe2bb61b3933c753b5d,4,0,target-b:fixture-bank-15:p0006,0.07340863347053528,-0.366396963596344,0.37025120854377747,0.572807788848877,-1.5507786273956299,-0.32894736842105265,1.671052631578947,2.076798306321088,True,0.23393574297188752,low,csi-pairs-v6-software-fixture,ded1ec639ff3e6fd5eba769d42db1ed36222a48af333a30a670254b30b164b74,620f300cbec1f56da4691882bc7dbe52593dc597fc62f6ae925c0f6ac72f1c6b,True,FORBIDDEN,0901433cbfe906073eae45118a1466e03afab04a766a3061a988ffe089ba4e01,9548a24a4faf5db17b5251df407b4402de033ae8648ec321c850fe6105002cf1,8128818d8ea8f5c3517d04da28955f010269df61e756429957a0a032386f6c51
23,response,target-b,fixture-bank-15,fixture-base-15,e23949edbfe2dbe6dc73b97687bd3eed5fbc5d7bd72ecd8b2badea6dfbfe472e,234b78d61b49dc10d04ca8d24378f3b96eae7ef419b9bbe2bb61b3933c753b5d,4,0,target-b:fixture-bank-15:p0007,0.06798096001148224,-0.3699812889099121,0.370557963848114,0.5809252858161926,-1.5358785390853882,2.671052631578947,-0.32894736842105265,2.6033950737350104,True,0.23393574297188752,low,csi-pairs-v6-software-fixture,ded1ec639ff3e6fd5eba769d42db1ed36222a48af333a30a670254b30b164b74,620f300cbec1f56da4691882bc7dbe52593dc597fc62f6ae925c0f6ac72f1c6b,True,FORBIDDEN,0901433cbfe906073eae45118a1466e03afab04a766a3061a988ffe089ba4e01,9548a24a4faf5db17b5251df407b4402de033ae8648ec321c850fe6105002cf1,8128818d8ea8f5c3517d04da28955f010269df61e756429957a0a032386f6c51
23,response,target-b,fixture-bank-17,fixture-base-17,86a59d2849e34c3a9889d58bb3b67b946ca9eb639083798f219989137e7f4536,b8fec4fd063826ac29c6cc8d291ad3a1a89347817c28241565eb44269fa8c24d,4,0,target-b:fixture-bank-17:p0004,0.05160176753997803,-0.3748260736465454,0.37522080540657043,0.6052805781364441,-1.4823037385940552,-2.276315789473684,-0.27631578947368407,2.3300009502874186,True,0.24519700423314877,low,csi-pairs-v6-software-fixture,ded1ec639ff3e6fd5eba769d42db1ed36222a48af333a30a670254b30b164b74,620f300cbec1f56da4691882bc7dbe52593dc597fc62f6ae925c0f6ac72f1c6b,True,FORBIDDEN,0901433cbfe906073eae45118a1466e03afab04a766a3061a988ffe089ba4e01,9548a24a4faf5db17b5251df407b4402de033ae8648ec321c850fe6105002cf1,8128818d8ea8f5c3517d04da28955f010269df61e756429957a0a032386f6c51
23,response,target-b,fixture-bank-17,fixture-base-17,86a59d2849e34c3a9889d58bb3b67b946ca9eb639083798f219989137e7f4536,b8fec4fd063826ac29c6cc8d291ad3a1a89347817c28241565eb44269fa8c24d,4,0,target-b:fixture-bank-17:p0005,0.06811907887458801,-0.3694395422935486,0.3713008463382721,0.5797961354255676,-1.5358214378356934,1.723684210526316,-2.276315789473684,2.5252867019807472,True,0.24519700423314877,low,csi-pairs-v6-software-fixture,ded1ec639ff3e6fd5eba769d42db1ed36222a48af333a30a670254b30b164b74,620f300cbec1f56da4691882bc7dbe52593dc597fc62f6ae925c0f6ac72f1c6b,True,FORBIDDEN,0901433cbfe906073eae45118a1466e03afab04a766a3061a988ffe089ba4e01,9548a24a4faf5db17b5251df407b4402de033ae8648ec321c850fe6105002cf1,8128818d8ea8f5c3517d04da28955f010269df61e756429957a0a032386f6c51
23,response,target-b,fixture-bank-17,fixture-base-17,86a59d2849e34c3a9889d58bb3b67b946ca9eb639083798f219989137e7f4536,b8fec4fd063826ac29c6cc8d291ad3a1a89347817c28241565eb44269fa8c24d,4,0,target-b:fixture-bank-17:p0006,0.06414923071861267,-0.36237436532974243,0.37236249446868896,0.592200756072998,-1.5117969512939453,1.723684210526316,-0.27631578947368407,1.6617648533061853,False,0.24519700423314877,low,csi-pairs-v6-software-fixture,ded1ec639ff3e6fd5eba769d42db1ed36222a48af333a30a670254b30b164b74,620f300cbec1f56da4691882bc7dbe52593dc597fc62f6ae925c0f6ac72f1c6b,True,FORBIDDEN,0901433cbfe906073eae45118a1466e03afab04a766a3061a988ffe089ba4e01,9548a24a4faf5db17b5251df407b4402de033ae8648ec321c850fe6105002cf1,8128818d8ea8f5c3517d04da28955f010269df61e756429957a0a032386f6c51
23,response,target-b,fixture-bank-17,fixture-base-17,86a59d2849e34c3a9889d58bb3b67b946ca9eb639083798f219989137e7f4536,b8fec4fd063826ac29c6cc8d291ad3a1a89347817c28241565eb44269fa8c24d,4,0,target-b:fixture-bank-17:p0007,0.0603528767824173,-0.3678497076034546,0.3729853630065918,0.5973296761512756,-1.501502275466919,-1.276315789473684,2.723684210526316,3.3681248626346494,True,0.24519700423314877,low,csi-pairs-v6-software-fixture,ded1ec639ff3e6fd5eba769d42db1ed36222a48af333a30a670254b30b164b74,620f300cbec1f56da4691882bc7dbe52593dc597fc62f6ae925c0f6ac72f1c6b,True,FORBIDDEN,0901433cbfe906073eae45118a1466e03afab04a766a3061a988ffe089ba4e01,9548a24a4faf5db17b5251df407b4402de033ae8648ec321c850fe6105002cf1,8128818d8ea8f5c3517d04da28955f010269df61e756429957a0a032386f6c51
23,response,target-b,fixture-bank-15,fixture-base-15,e23949edbfe2dbe6dc73b97687bd3eed5fbc5d7bd72ecd8b2badea6dfbfe472e,234b78d61b49dc10d04ca8d24378f3b96eae7ef419b9bbe2bb61b3933c753b5d,2,1,target-b:fixture-bank-15:p0004,0.07642555981874466,-0.3767251968383789,0.36499354243278503,0.5840755701065063,-1.545600414276123,-2.3289473684210527,-0.32894736842105265,2.405847386015408,True,0.23393574297188752,low,csi-pairs-v6-software-fixture,ded1ec639ff3e6fd5eba769d42db1ed36222a48af333a30a670254b30b164b74,620f300cbec1f56da4691882bc7dbe52593dc597fc62f6ae925c0f6ac72f1c6b,True,FORBIDDEN,0901433cbfe906073eae45118a1466e03afab04a766a3061a988ffe089ba4e01,9548a24a4faf5db17b5251df407b4402de033ae8648ec321c850fe6105002cf1,8128818d8ea8f5c3517d04da28955f010269df61e756429957a0a032386f6c51
23,response,target-b,fixture-bank-15,fixture-base-15,e23949edbfe2dbe6dc73b97687bd3eed5fbc5d7bd72ecd8b2badea6dfbfe472e,234b78d61b49dc10d04ca8d24378f3b96eae7ef419b9bbe2bb61b3933c753b5d,2,1,target-b:fixture-bank-15:p0005,0.06946156919002533,-0.3746064305305481,0.3675987422466278,0.5926687717437744,-1.5238828659057617,1.671052631578947,-2.3289473684210527,2.526765211221417,True,0.23393574297188752,low,csi-pairs-v6-software-fixture,ded1ec639ff3e6fd5eba769d42db1ed36222a48af333a30a670254b30b164b74,620f300cbec1f56da4691882bc7dbe52593dc597fc62f6ae925c0f6ac72f1c6b,True,FORBIDDEN,0901433cbfe906073eae45118a1466e03afab04a766a3061a988ffe089ba4e01,9548a24a4faf5db17b5251df407b4402de033ae8648ec321c850fe6105002cf1,8128818d8ea8f5c3517d04da28955f010269df61e756429957a0a032386f6c51
23,response,target-b,fixture-bank-15,fixture-base-15,e23949edbfe2dbe6dc73b97687bd3eed5fbc5d7bd72ecd8b2badea6dfbfe472e,234b78d61b49dc10d04ca8d24378f3b96eae7ef419b9bbe2bb61b3933c753b5d,2,1,target-b:fixture-bank-15:p0006,0.09110037237405777,-0.3659207224845886,0.36230790615081787,0.5698584318161011,-1.5776281356811523,-0.32894736842105265,1.671052631578947,2.0798318561152787,True,0.23393574297188752,low,csi-pairs-v6-software-fixture,ded1ec639ff3e6fd5eba769d42db1ed36222a48af333a30a670254b30b164b74,620f300cbec1f56da4691882bc7dbe52593dc597fc62f6ae925c0f6ac72f1c6b,True,FORBIDDEN,0901433cbfe906073eae45118a1466e03afab04a766a3061a988ffe089ba4e01,9548a24a4faf5db17b5251df407b4402de033ae8648ec321c850fe6105002cf1,8128818d8ea8f5c3517d04da28955f010269df61e756429957a0a032386f6c51
23,response,target-b,fixture-bank-15,fixture-base-15,e23949edbfe2dbe6dc73b97687bd3eed5fbc5d7bd72ecd8b2badea6dfbfe472e,234b78d61b49dc10d04ca8d24378f3b96eae7ef419b9bbe2bb61b3933c753b5d,2,1,target-b:fixture-bank-15:p0007,0.08541303873062134,-0.36952272057533264,0.3627583086490631,0.5779006481170654,-1.562371850013733,2.671052631578947,-0.32894736842105265,2.5859579391991856,True,0.23393574297188752,low,csi-pairs-v6-software-fixture,ded1ec639ff3e6fd5eba769d42db1ed36222a48af333a30a670254b30b164b74,620f300cbec1f56da4691882bc7dbe52593dc597fc62f6ae925c0f6ac72f1c6b,True,FORBIDDEN,0901433cbfe906073eae45118a1466e03afab04a766a3061a988ffe089ba4e01,9548a24a4faf5db17b5251df407b4402de033ae8648ec321c850fe6105002cf1,8128818d8ea8f5c3517d04da28955f010269df61e756429957a0a032386f6c51
23,response,target-b,fixture-bank-17,fixture-base-17,86a59d2849e34c3a9889d58bb3b67b946ca9eb639083798f219989137e7f4536,b8fec4fd063826ac29c6cc8d291ad3a1a89347817c28241565eb44269fa8c24d,2,1,target-b:fixture-bank-17:p0004,0.05703258514404297,-0.38067376613616943,0.37120023369789124,0.6037107706069946,-1.495673656463623,-2.276315789473684,-0.27631578947368407,2.3356808910089315,True,0.24519700423314877,low,csi-pairs-v6-software-fixture,ded1ec639ff3e6fd5eba769d42db1ed36222a48af333a30a670254b30b164b74,620f300cbec1f56da4691882bc7dbe52593dc597fc62f6ae925c0f6ac72f1c6b,True,FORBIDDEN,0901433cbfe906073eae45118a1466e03afab04a766a3061a988ffe089ba4e01,9548a24a4faf5db17b5251df407b4402de033ae8648ec321c850fe6105002cf1,8128818d8ea8f5c3517d04da28955f010269df61e756429957a0a032386f6c51
23,response,target-b,fixture-bank-17,fixture-base-17,86a59d2849e34c3a9889d58bb3b67b946ca9eb639083798f219989137e7f4536,b8fec4fd063826ac29c6cc8d291ad3a1a89347817c28241565eb44269fa8c24d,2,1,target-b:fixture-bank-17:p0005,0.08429954200983047,-0.36954283714294434,0.36372098326683044,0.5769473910331726,-1.5613725185394287,1.723684210526316,-2.276315789473684,2.514630227907672,True,0.24519700423314877,low,csi-pairs-v6-software-fixture,ded1ec639ff3e6fd5eba769d42db1ed36222a48af333a30a670254b30b164b74,620f300cbec1f56da4691882bc7dbe52593dc597fc62f6ae925c0f6ac72f1c6b,True,FORBIDDEN,0901433cbfe906073eae45118a1466e03afab04a766a3061a988ffe089ba4e01,9548a24a4faf5db17b5251df407b4402de033ae8648ec321c850fe6105002cf1,8128818d8ea8f5c3517d04da28955f010269df61e756429957a0a032386f6c51
23,response,target-b,fixture-bank-17,fixture-base-17,86a59d2849e34c3a9889d58bb3b67b946ca9eb639083798f219989137e7f4536,b8fec4fd063826ac29c6cc8d291ad3a1a89347817c28241565eb44269fa8c24d,2,1,target-b:fixture-bank-17:p0006,0.0696135014295578,-0.36892616748809814,0.3688644468784332,0.5908478498458862,-1.5235228538513184,1.723684210526316,-0.27631578947368407,1.6566612788400124,False,0.24519700423314877,low,csi-pairs-v6-software-fixture,ded1ec639ff3e6fd5eba769d42db1ed36222a48af333a30a670254b30b164b74,620f300cbec1f56da4691882bc7dbe52593dc597fc62f6ae925c0f6ac72f1c6b,True,FORBIDDEN,0901433cbfe906073eae45118a1466e03afab04a766a3061a988ffe089ba4e01,9548a24a4faf5db17b5251df407b4402de033ae8648ec321c850fe6105002cf1,8128818d8ea8f5c3517d04da28955f010269df61e756429957a0a032386f6c51
23,response,target-b,fixture-bank-17,fixture-base-17,86a59d2849e34c3a9889d58bb3b67b946ca9eb639083798f219989137e7f4536,b8fec4fd063826ac29c6cc8d291ad3a1a89347817c28241565eb44269fa8c24d,2,1,target-b:fixture-bank-17:p0007,0.06703954935073853,-0.3734607994556427,0.36887913942337036,0.5957530736923218,-1.5152151584625244,-1.276315789473684,2.723684210526316,3.3759310981126713,True,0.24519700423314877,low,csi-pairs-v6-software-fixture,ded1ec639ff3e6fd5eba769d42db1ed36222a48af333a30a670254b30b164b74,620f300cbec1f56da4691882bc7dbe52593dc597fc62f6ae925c0f6ac72f1c6b,True,FORBIDDEN,0901433cbfe906073eae45118a1466e03afab04a766a3061a988ffe089ba4e01,9548a24a4faf5db17b5251df407b4402de033ae8648ec321c850fe6105002cf1,8128818d8ea8f5c3517d04da28955f010269df61e756429957a0a032386f6c51
23,response,target-b,fixture-bank-15,fixture-base-15,e23949edbfe2dbe6dc73b97687bd3eed5fbc5d7bd72ecd8b2badea6dfbfe472e,234b78d61b49dc10d04ca8d24378f3b96eae7ef419b9bbe2bb61b3933c753b5d,4,1,target-b:fixture-bank-15:p0004,0.08718258142471313,-0.3567545413970947,0.37177911400794983,0.5787808299064636,-1.5362868309020996,-2.3289473684210527,-0.32894736842105265,2.4162899605408747,True,0.23393574297188752,low,csi-pairs-v6-software-fixture,ded1ec639ff3e6fd5eba769d42db1ed36222a48af333a30a670254b30b164b74,620f300cbec1f56da4691882bc7dbe52593dc597fc62f6ae925c0f6ac72f1c6b,True,FORBIDDEN,0901433cbfe906073eae45118a1466e03afab04a766a3061a988ffe089ba4e01,9548a24a4faf5db17b5251df407b4402de033ae8648ec321c850fe6105002cf1,8128818d8ea8f5c3517d04da28955f010269df61e756429957a0a032386f6c51
23,response,target-b,fixture-bank-15,fixture-base-15,e23949edbfe2dbe6dc73b97687bd3eed5fbc5d7bd72ecd8b2badea6dfbfe472e,234b78d61b49dc10d04ca8d24378f3b96eae7ef419b9bbe2bb61b3933c753b5d,4,1,target-b:fixture-bank-15:p0005,0.07964155077934265,-0.35395026206970215,0.3736913204193115,0.587351381778717,-1.516457200050354,1.671052631578947,-2.3289473684210527,2.536375918153295,True,0.23393574297188752,low,csi-pairs-v6-software-fixture,ded1ec639ff3e6fd5eba769d42db1ed36222a48af333a30a670254b30b164b74,620f300cbec1f56da4691882bc7dbe52593dc597fc62f6ae925c0f6ac72f1c6b,True,FORBIDDEN,0901433cbfe906073eae45118a1466e03afab04a766a3061a988ffe089ba4e01,9548a24a4faf5db17b5251df407b4402de033ae8648ec321c850fe6105002cf1,8128818d8ea8f5c3517d04da28955f010269df61e756429957a0a032386f6c51
23,response,target-b,fixture-bank-15,fixture-base-15,e23949edbfe2dbe6dc73b97687bd3eed5fbc5d7bd72ecd8b2badea6dfbfe472e,234b78d61b49dc10d04ca8d24378f3b96eae7ef419b9bbe2bb61b3933c753b5d,4,1,target-b:fixture-bank-15:p0006,0.10031396150588989,-0.3459014594554901,0.36857324838638306,0.5655115842819214,-1.5681402683258057,-0.32894736842105265,1.671052631578947,2.0621273226237027,True,0.23393574297188752,low,csi-pairs-v6-software-fixture,ded1ec639ff3e6fd5eba769d42db1ed36222a48af333a30a670254b30b164b74,620f300cbec1f56da4691882bc7dbe52593dc597fc62f6ae925c0f6ac72f1c6b,True,FORBIDDEN,0901433cbfe906073eae45118a1466e03afab04a766a3061a988ffe089ba4e01,9548a24a4faf5db17b5251df407b4402de033ae8648ec321c850fe6105002cf1,8128818d8ea8f5c3517d04da28955f010269df61e756429957a0a032386f6c51
23,response,target-b,fixture-bank-15,fixture-base-15,e23949edbfe2dbe6dc73b97687bd3eed5fbc5d7bd72ecd8b2badea6dfbfe472e,234b78d61b49dc10d04ca8d24378f3b96eae7ef419b9bbe2bb61b3933c753b5d,4,1,target-b:fixture-bank-15:p0007,0.09561000764369965,-0.34913256764411926,0.3691891133785248,0.5726511478424072,-1.553924798965454,2.671052631578947,-0.32894736842105265,2.575521724127006,True,0.23393574297188752,low,csi-pairs-v6-software-fixture,ded1ec639ff3e6fd5eba769d42db1ed36222a48af333a30a670254b30b164b74,620f300cbec1f56da4691882bc7dbe52593dc597fc62f6ae925c0f6ac72f1c6b,True,FORBIDDEN,0901433cbfe906073eae45118a1466e03afab04a766a3061a988ffe089ba4e01,9548a24a4faf5db17b5251df407b4402de033ae8648ec321c850fe6105002cf1,8128818d8ea8f5c3517d04da28955f010269df61e756429957a0a032386f6c51
23,response,target-b,fixture-bank-17,fixture-base-17,86a59d2849e34c3a9889d58bb3b67b946ca9eb639083798f219989137e7f4536,b8fec4fd063826ac29c6cc8d291ad3a1a89347817c28241565eb44269fa8c24d,4,1,target-b:fixture-bank-17:p0004,0.06754285097122192,-0.3600007891654968,0.37717199325561523,0.5980784296989441,-1.4890873432159424,-2.276315789473684,-0.27631578947368407,2.3453521069471983,True,0.24519700423314877,low,csi-pairs-v6-software-fixture,ded1ec639ff3e6fd5eba769d42db1ed36222a48af333a30a670254b30b164b74,620f300cbec1f56da4691882bc7dbe52593dc597fc62f6ae925c0f6ac72f1c6b,True,FORBIDDEN,0901433cbfe906073eae45118a1466e03afab04a766a3061a988ffe089ba4e01,9548a24a4faf5db17b5251df407b4402de033ae8648ec321c850fe6105002cf1,8128818d8ea8f5c3517d04da28955f010269df61e756429957a0a032386f6c51
23,response,target-b,fixture-bank-17,fixture-base-17,86a59d2849e34c3a9889d58bb3b67b946ca9eb639083798f219989137e7f4536,b8fec4fd063826ac29c6cc8d291ad3a1a89347817c28241565eb44269fa8c24d,4,1,target-b:fixture-bank-17:p0005,0.0940147265791893,-0.3494079113006592,0.3702145218849182,0.5719519853591919,-1.552372932434082,1.723684210526316,-2.276315789473684,2.523647478922871,True,0.24519700423314877,low,csi-pairs-v6-software-fixture,ded1ec639ff3e6fd5eba769d42db1ed36222a48af333a30a670254b30b164b74,620f300cbec1f56da4691882bc7dbe52593dc597fc62f6ae925c0f6ac72f1c6b,True,FORBIDDEN,0901433cbfe906073eae45118a1466e03afab04a766a3061a988ffe089ba4e01,9548a24a4faf5db17b5251df407b4402de033ae8648ec321c850fe6105002cf1,8128818d8ea8f5c3517d04da28955f010269df61e756429957a0a032386f6c51
23,response,target-b,fixture-bank-17,fixture-base-17,86a59d2849e34c3a9889d58bb3b67b946ca9eb639083798f219989137e7f4536,b8fec4fd063826ac29c6cc8d291ad3a1a89347817c28241565eb44269fa8c24d,4,1,target-b:fixture-bank-17:p0006,0.07832501828670502,-0.34822916984558105,0.3742673099040985,0.5866025686264038,-1.5161926746368408,1.723684210526316,-0.27631578947368407,1.6469299941903717,False,0.24519700423314877,low,csi-pairs-v6-software-fixture,ded1ec639ff3e6fd5eba769d42db1ed36222a48af333a30a670254b30b164b74,620f300cbec1f56da4691882bc7dbe52593dc597fc62f6ae925c0f6ac72f1c6b,True,FORBIDDEN,0901433cbfe906073eae45118a1466e03afab04a766a3061a988ffe089ba4e01,9548a24a4faf5db17b5251df407b4402de033ae8648ec321c850fe6105002cf1,8128818d8ea8f5c3517d04da28955f010269df61e756429957a0a032386f6c51
23,response,target-b,fixture-bank-17,fixture-base-17,86a59d2849e34c3a9889d58bb3b67b946ca9eb639083798f219989137e7f4536,b8fec4fd063826ac29c6cc8d291ad3a1a89347817c28241565eb44269fa8c24d,4,1,target-b:fixture-bank-17:p0007,0.07676275074481964,-0.35269612073898315,0.3745894432067871,0.590711772441864,-1.5083518028259277,-1.276315789473684,2.723684210526316,3.3607941737922347,True,0.24519700423314877,low,csi-pairs-v6-software-fixture,ded1ec639ff3e6fd5eba769d42db1ed36222a48af333a30a670254b30b164b74,620f300cbec1f56da4691882bc7dbe52593dc597fc62f6ae925c0f6ac72f1c6b,True,FORBIDDEN,0901433cbfe906073eae45118a1466e03afab04a766a3061a988ffe089ba4e01,9548a24a4faf5db17b5251df407b4402de033ae8648ec321c850fe6105002cf1,8128818d8ea8f5c3517d04da28955f010269df61e756429957a0a032386f6c51
23,full,target-a,fixture-bank-14,fixture-base-14,86a59d2849e34c3a9889d58bb3b67b946ca9eb639083798f219989137e7f4536,d3ac0ba45cb8ca4a3062283c82745f423da87b60b62b7768857a4ffa9f3e71be,0,0,target-a:fixture-bank-14:p0004,0.09672395139932632,-0.35822850465774536,0.35860249400138855,0.5855743885040283,-1.5607028007507324,0.6447368421052628,-1.3552631578947367,1.137715354618757,False,0.25,low,csi-pairs-v6-software-fixture,ded1ec639ff3e6fd5eba769d42db1ed36222a48af333a30a670254b30b164b74,620f300cbec1f56da4691882bc7dbe52593dc597fc62f6ae925c0f6ac72f1c6b,True,FORBIDDEN,0901433cbfe906073eae45118a1466e03afab04a766a3061a988ffe089ba4e01,9548a24a4faf5db17b5251df407b4402de033ae8648ec321c850fe6105002cf1,8128818d8ea8f5c3517d04da28955f010269df61e756429957a0a032386f6c51
23,full,target-a,fixture-bank-14,fixture-base-14,86a59d2849e34c3a9889d58bb3b67b946ca9eb639083798f219989137e7f4536,d3ac0ba45cb8ca4a3062283c82745f423da87b60b62b7768857a4ffa9f3e71be,0,0,target-a:fixture-bank-14:p0005,0.09717485308647156,-0.3558726906776428,0.3583601713180542,0.5878923535346985,-1.5574281215667725,-1.3552631578947367,0.6447368421052628,1.7637447697552708,False,0.25,low,csi-pairs-v6-software-fixture,ded1ec639ff3e6fd5eba769d42db1ed36222a48af333a30a670254b30b164b74,620f300cbec1f56da4691882bc7dbe52593dc597fc62f6ae925c0f6ac72f1c6b,True,FORBIDDEN,0901433cbfe906073eae45118a1466e03afab04a766a3061a988ffe089ba4e01,9548a24a4faf5db17b5251df407b4402de033ae8648ec321c850fe6105002cf1,8128818d8ea8f5c3517d04da28955f010269df61e756429957a0a032386f6c51
23,full,target-a,fixture-bank-14,fixture-base-14,86a59d2849e34c3a9889d58bb3b67b946ca9eb639083798f219989137e7f4536,d3ac0ba45cb8ca4a3062283c82745f423da87b60b62b7768857a4ffa9f3e71be,0,0,target-a:fixture-bank-14:p0006,0.09934180974960327,-0.35991171002388,0.35816508531570435,0.5804218053817749,-1.5707614421844482,1.6447368421052628,-0.3552631578947367,1.5454020237680703,False,0.25,low,csi-pairs-v6-software-fixture,ded1ec639ff3e6fd5eba769d42db1ed36222a48af333a30a670254b30b164b74,620f300cbec1f56da4691882bc7dbe52593dc597fc62f6ae925c0f6ac72f1c6b,True,FORBIDDEN,0901433cbfe906073eae45118a1466e03afab04a766a3061a988ffe089ba4e01,9548a24a4faf5db17b5251df407b4402de033ae8648ec321c850fe6105002cf1,8128818d8ea8f5c3517d04da28955f010269df61e756429957a0a032386f6c51
23,full,target-a,fixture-bank-14,fixture-base-14,86a59d2849e34c3a9889d58bb3b67b946ca9eb639083798f219989137e7f4536,d3ac0ba45cb8ca4a3062283c82745f423da87b60b62b7768857a4ffa9f3e71be,0,0,target-a:fixture-bank-14:p0007,0.10473476350307465,-0.356559693813324,0.35667842626571655,0.5744239091873169,-1.585308313369751,-1.3552631578947367,2.644736842105263,3.337570198063681,True,0.25,low,csi-pairs-v6-software-fixture,ded1ec639ff3e6fd5eba769d42db1ed36222a48af333a30a670254b30b164b74,620f300cbec1f56da4691882bc7dbe52593dc597fc62f6ae925c0f6ac72f1c6b,True,FORBIDDEN,0901433cbfe906073eae45118a1466e03afab04a766a3061a988ffe089ba4e01,9548a24a4faf5db17b5251df407b4402de033ae8648ec321c850fe6105002cf1,8128818d8ea8f5c3517d04da28955f010269df61e756429957a0a032386f6c51
23,full,target-a,fixture-bank-16,fixture-base-16,e23949edbfe2dbe6dc73b97687bd3eed5fbc5d7bd72ecd8b2badea6dfbfe472e,2b37638d300a790f3426572fa00b7bf61aa934746cb588d9fb5347ccf44b354c,0,0,target-a:fixture-bank-16:p0004,0.09593647718429565,-0.35693055391311646,0.3590507209300995,0.5857317447662354,-1.5591850280761719,0.6973684210526319,-1.3026315789473681,1.120745649938504,False,0.26126126126126126,low,csi-pairs-v6-software-fixture,ded1ec639ff3e6fd5eba769d42db1ed36222a48af333a30a670254b30b164b74,620f300cbec1f56da4691882bc7dbe52593dc597fc62f6ae925c0f6ac72f1c6b,True,FORBIDDEN,0901433cbfe906073eae45118a1466e03afab04a766a3061a988ffe089ba4e01,9548a24a4faf5db17b5251df407b4402de033ae8648ec321c850fe6105002cf1,8128818d8ea8f5c3517d04da28955f010269df61e756429957a0a032386f6c51
23,full,target-a,fixture-bank-16,fixture-base-16,e23949edbfe2dbe6dc73b97687bd3eed5fbc5d7bd72ecd8b2badea6dfbfe472e,2b37638d300a790f3426572fa00b7bf61aa934746cb588d9fb5347ccf44b354c,0,0,target-a:fixture-bank-16:p0005,0.10247437655925751,-0.3554835319519043,0.3566747307777405,0.5816662311553955,-1.5727894306182861,-1.3026315789473681,0.6973684210526319,1.7557961103572515,False,0.26126126126126126,low,csi-pairs-v6-software-fixture,ded1ec639ff3e6fd5eba769d42db1ed36222a48af333a30a670254b30b164b74,620f300cbec1f56da4691882bc7dbe52593dc597fc62f6ae925c0f6ac72f1c6b,True,FORBIDDEN,0901433cbfe906073eae45118a1466e03afab04a766a3061a988ffe089ba4e01,9548a24a4faf5db17b5251df407b4402de033ae8648ec321c850fe6105002cf1,8128818d8ea8f5c3517d04da28955f010269df61e756429957a0a032386f6c51
23,full,target-a,fixture-bank-16,fixture-base-16,e23949edbfe2dbe6dc73b97687bd3eed5fbc5d7bd72ecd8b2badea6dfbfe472e,2b37638d300a790f3426572fa00b7bf61aa934746cb588d9fb5347ccf44b354c,0,0,target-a:fixture-bank-16:p0006,0.11140896379947662,-0.3617382049560547,0.3548831641674042,0.5656700134277344,-1.6057109832763672,1.6973684210526319,-0.30263157894736814,1.5870604882262218,False,0.26126126126126126,low,csi-pairs-v6-software-fixture,ded1ec639ff3e6fd5eba769d42db1ed36222a48af333a30a670254b30b164b74,620f300cbec1f56da4691882bc7dbe52593dc597fc62f6ae925c0f6ac72f1c6b,True,FORBIDDEN,0901433cbfe906073eae45118a1466e03afab04a766a3061a988ffe089ba4e01,9548a24a4faf5db17b5251df407b4402de033ae8648ec321c850fe6105002cf1,8128818d8ea8f5c3517d04da28955f010269df61e756429957a0a032386f6c51
23,full,target-a,fixture-bank-16,fixture-base-16,e23949edbfe2dbe6dc73b97687bd3eed5fbc5d7bd72ecd8b2badea6dfbfe472e,2b37638d300a790f3426572fa00b7bf61aa934746cb588d9fb5347ccf44b354c,0,0,target-a:fixture-bank-16:p0007,0.0964391678571701,-0.3609621822834015,0.35881319642066956,0.5828455686569214,-1.564786434173584,-0.30263157894736814,1.6973684210526319,2.0966598039703084,True,0.26126126126126126,low,csi-pairs-v6-software-fixture,ded1ec639ff3e6fd5eba769d42db1ed36222a48af333a30a670254b30b164b74,620f300cbec1f56da4691882bc7dbe52593dc597fc62f6ae925c0f6ac72f1c6b,True,FORBIDDEN,0901433cbfe906073eae45118a1466e03afab04a766a3061a988ffe089ba4e01,9548a24a4faf5db17b5251df407b4402de033ae8648ec321c850fe6105002cf1,8128818d8ea8f5c3517d04da28955f010269df61e756429957a0a032386f6c51
23,full,target-a,fixture-bank-14,fixture-base-14,86a59d2849e34c3a9889d58bb3b67b946ca9eb639083798f219989137e7f4536,d3ac0ba45cb8ca4a3062283c82745f423da87b60b62b7768857a4ffa9f3e71be,2,0,target-a:fixture-bank-14:p0004,0.06086859107017517,-0.3525415062904358,0.376455157995224,0.6020038723945618,-1.484447717666626,0.6447368421052628,-1.3552631578947367,1.160324456849389,False,0.25,low,csi-pairs-v6-software-fixture,ded1ec639ff3e6fd5eba769d42db1ed36222a48af333a30a670254b30b164b74,620f300cbec1f56da4691882bc7dbe52593dc597fc62f6ae925c0f6ac72f1c6b,True,FORBIDDEN,0901433cbfe906073eae45118a1466e03afab04a766a3061a988ffe089ba4e01,9548a24a4faf5db17b5251df407b4402de033ae8648ec321c850fe6105002cf1,8128818d8ea8f5c3517d04da28955f010269df61e756429957a0a032386f6c51
23,full,target-a,fixture-bank-14,fixture-base-14,86a59d2849e34c3a9889d58bb3b67b946ca9eb639083798f219989137e7f4536,d3ac0ba45cb8ca4a3062283c82745f423da87b60b62b7768857a4ffa9f3e71be,2,0,target-a:fixture-bank-14:p0005,0.06184150278568268,-0.35021770000457764,0.3759192228317261,0.6044238805770874,-1.4818605184555054,-1.3552631578947367,0.6447368421052628,1.731508059521286,False,0.25,low,csi-pairs-v6-software-fixture,ded1ec639ff3e6fd5eba769d42db1ed36222a48af333a30a670254b30b164b74,620f300cbec1f56da4691882bc7dbe52593dc597fc62f6ae925c0f6ac72f1c6b,True,FORBIDDEN,0901433cbfe906073eae45118a1466e03afab04a766a3061a988ffe089ba4e01,9548a24a4faf5db17b5251df407b4402de033ae8648ec321c850fe6105002cf1,8128818d8ea8f5c3517d04da28955f010269df61e756429957a0a032386f6c51
23,full,target-a,fixture-bank-14,fixture-base-14,86a59d2849e34c3a9889d58bb3b67b946ca9eb639083798f219989137e7f4536,d3ac0ba45cb8ca4a3062283c82745f423da87b60b62b7768857a4ffa9f3e71be,2,0,target-a:fixture-bank-14:p0006,0.061734527349472046,-0.35390210151672363,0.37668612599372864,0.5970894694328308,-1.4920313358306885,1.6447368421052628,-0.3552631578947367,1.5830028998699452,False,0.25,low,csi-pairs-v6-software-fixture,ded1ec639ff3e6fd5eba769d42db1ed36222a48af333a30a670254b30b164b74,620f300cbec1f56da4691882bc7dbe52593dc597fc62f6ae925c0f6ac72f1c6b,True,FORBIDDEN,0901433cbfe906073eae45118a1466e03afab04a766a3061a988ffe089ba4e01,9548a24a4faf5db17b5251df407b4402de033ae8648ec321c850fe6105002cf1,8128818d8ea8f5c3517d04da28955f010269df61e756429957a0a032386f6c51
23,full,target-a,fixture-bank-14,fixture-base-14,86a59d2849e34c3a9889d58bb3b67b946ca9eb639083798f219989137e7f4536,d3ac0ba45cb8ca4a3062283c82745f423da87b60b62b7768857a4ffa9f3e71be,2,0,target-a:fixture-bank-14:p0007,0.06718488037586212,-0.3503667116165161,0.37500038743019104,0.5904906988143921,-1.507629632949829,-1.3552631578947367,2.644736842105263,3.315720693770316,True,0.25,low,csi-pairs-v6-software-fixture,ded1ec639ff3e6fd5eba769d42db1ed36222a48af333a30a670254b30b164b74,620f300cbec1f56da4691882bc7dbe52593dc597fc62f6ae925c0f6ac72f1c6b,True,FORBIDDEN,0901433cbfe906073eae45118a1466e03afab04a766a3061a988ffe089ba4e01,9548a24a4faf5db17b5251df407b4402de033ae8648ec321c850fe6105002cf1,8128818d8ea8f5c3517d04da28955f010269df61e756429957a0a032386f6c51
23,full,target-a,fixture-bank-16,fixture-base-16,e23949edbfe2dbe6dc73b97687bd3eed5fbc5d7bd72ecd8b2badea6dfbfe472e,2b37638d300a790f3426572fa00b7bf61aa934746cb588d9fb5347ccf44b354c,2,0,target-a:fixture-bank-16:p0004,0.06202280521392822,-0.35104799270629883,0.3763097822666168,0.6017438173294067,-1.485266089439392,0.6973684210526319,-1.3026315789473681,1.1441920176128115,False,0.26126126126126126,low,csi-pairs-v6-software-fixture,ded1ec639ff3e6fd5eba769d42db1ed36222a48af333a30a670254b30b164b74,620f300cbec1f56da4691882bc7dbe52593dc597fc62f6ae925c0f6ac72f1c6b,True,FORBIDDEN,0901433cbfe906073eae45118a1466e03afab04a766a3061a988ffe089ba4e01,9548a24a4faf5db17b5251df407b4402de033ae8648ec321c850fe6105002cf1,8128818d8ea8f5c3517d04da28955f010269df61e756429957a0a032386f6c51
23,full,target-a,fixture-bank-16,fixture-base-16,e23949edbfe2dbe6dc73b97687bd3eed5fbc5d7bd72ecd8b2badea6dfbfe472e,2b37638d300a790f3426572fa00b7bf61aa934746cb588d9fb5347ccf44b354c,2,0,target-a:fixture-bank-16:p0005,0.06419192254543304,-0.3498929738998413,0.37506595253944397,0.5982504487037659,-1.4943991899490356,-1.3026315789473681,0.6973684210526319,1.721906766811386,False,0.26126126126126126,low,csi-pairs-v6-software-fixture,ded1ec639ff3e6fd5eba769d42db1ed36222a48af333a30a670254b30b164b74,620f300cbec1f56da4691882bc7dbe52593dc597fc62f6ae925c0f6ac72f1c6b,True,FORBIDDEN,0901433cbfe906073eae45118a1466e03afab04a766a3061a988ffe089ba4e01,9548a24a4faf5db17b5251df407b4402de033ae8648ec321c850fe6105002cf1,8128818d8ea8f5c3517d04da28955f010269df61e756429957a0a032386f6c51
23,full,target-a,fixture-bank-16,fixture-base-16,e23949edbfe2dbe6dc73b97687bd3eed5fbc5d7bd72ecd8b2badea6dfbfe472e,2b37638d300a790f3426572fa00b7bf61aa934746cb588d9fb5347ccf44b354c,2,0,target-a:fixture-bank-16:p0006,0.07032375782728195,-0.3550112545490265,0.37456637620925903,0.5825027227401733,-1.5224076509475708,1.6973684210526319,-0.30263157894736814,1.6278875779814241,False,0.26126126126126126,low,csi-pairs-v6-software-fixture,ded1ec639ff3e6fd5eba769d42db1ed36222a48af333a30a670254b30b164b74,620f300cbec1f56da4691882bc7dbe52593dc597fc62f6ae925c0f6ac72f1c6b,True,FORBIDDEN,0901433cbfe906073eae45118a1466e03afab04a766a3061a988ffe089ba4e01,9548a24a4faf5db17b5251df407b4402de033ae8648ec321c850fe6105002cf1,8128818d8ea8f5c3517d04da28955f010269df61e756429957a0a032386f6c51
23,full,target-a,fixture-bank-16,fixture-base-16,e23949edbfe2dbe6dc73b97687bd3eed5fbc5d7bd72ecd8b2badea6dfbfe472e,2b37638d300a790f3426572fa00b7bf61aa934746cb588d9fb5347ccf44b354c,2,0,target-a:fixture-bank-16:p0007,0.05911305546760559,-0.35492104291915894,0.37725144624710083,0.5997501611709595,-1.4860854148864746,-0.30263157894736814,1.6973684210526319,2.0839268759862097,True,0.26126126126126126,low,csi-pairs-v6-software-fixture,ded1ec639ff3e6fd5eba769d42db1ed36222a48af333a30a670254b30b164b74,620f300cbec1f56da4691882bc7dbe52593dc597fc62f6ae925c0f6ac72f1c6b,True,FORBIDDEN,0901433cbfe906073eae45118a1466e03afab04a766a3061a988ffe089ba4e01,9548a24a4faf5db17b5251df407b4402de033ae8648ec321c850fe6105002cf1,8128818d8ea8f5c3517d04da28955f010269df61e756429957a0a032386f6c51
23,full,target-a,fixture-bank-14,fixture-base-14,86a59d2849e34c3a9889d58bb3b67b946ca9eb639083798f219989137e7f4536,d3ac0ba45cb8ca4a3062283c82745f423da87b60b62b7768857a4ffa9f3e71be,4,0,target-a:fixture-bank-14:p0004,0.06276285648345947,-0.3525318503379822,0.37616997957229614,0.6032723784446716,-1.4831006526947021,0.6447368421052628,-1.3552631578947367,1.1593807808890941,False,0.25,low,csi-pairs-v6-software-fixture,ded1ec639ff3e6fd5eba769d42db1ed36222a48af333a30a670254b30b164b74,620f300cbec1f56da4691882bc7dbe52593dc597fc62f6ae925c0f6ac72f1c6b,True,FORBIDDEN,0901433cbfe906073eae45118a1466e03afab04a766a3061a988ffe089ba4e01,9548a24a4faf5db17b5251df407b4402de033ae8648ec321c850fe6105002cf1,8128818d8ea8f5c3517d04da28955f010269df61e756429957a0a032386f6c51
23,full,target-a,fixture-bank-14,fixture-base-14,86a59d2849e34c3a9889d58bb3b67b946ca9eb639083798f219989137e7f4536,d3ac0ba45cb8ca4a3062283c82745f423da87b60b62b7768857a4ffa9f3e71be,4,0,target-a:fixture-bank-14:p0005,0.06375785171985626,-0.3499829173088074,0.3756541907787323,0.6055976748466492,-1.4806256294250488,-1.3552631578947367,0.6447368421052628,1.7329420144645362,False,0.25,low,csi-pairs-v6-software-fixture,ded1ec639ff3e6fd5eba769d42db1ed36222a48af333a30a670254b30b164b74,620f300cbec1f56da4691882bc7dbe52593dc597fc62f6ae925c0f6ac72f1c6b,True,FORBIDDEN,0901433cbfe906073eae45118a1466e03afab04a766a3061a988ffe089ba4e01,9548a24a4faf5db17b5251df407b4402de033ae8648ec321c850fe6105002cf1,8128818d8ea8f5c3517d04da28955f010269df61e756429957a0a032386f6c51
23,full,target-a,fixture-bank-14,fixture-base-14,86a59d2849e34c3a9889d58bb3b67b946ca9eb639083798f219989137e7f4536,d3ac0ba45cb8ca4a3062283c82745f423da87b60b62b7768857a4ffa9f3e71be,4,0,target-a:fixture-bank-14:p0006,0.06381048262119293,-0.3542913794517517,0.3763647675514221,0.5986080765724182,-1.4903446435928345,1.6447368421052628,-0.3552631578947367,1.5809266581549242,False,0.25,low,csi-pairs-v6-software-fixture,ded1ec639ff3e6fd5eba769d42db1ed36222a48af333a30a670254b30b164b74,620f300cbec1f56da4691882bc7dbe52593dc597fc62f6ae925c0f6ac72f1c6b,True,FORBIDDEN,0901433cbfe906073eae45118a1466e03afab04a766a3061a988ffe089ba4e01,9548a24a4faf5db17b5251df407b4402de033ae8648ec321c850fe6105002cf1,8128818d8ea8f5c3517d04da28955f010269df61e756429957a0a032386f6c51
23,full,target-a,fixture-bank-14,fixture-base-14,86a59d2849e34c3a9889d58bb3b67b946ca9eb639083798f219989137e7f4536,d3ac0ba45cb8ca4a3062283c82745f423da87b60b62b7768857a4ffa9f3e71be,4,0,target-a:fixture-bank-14:p0007,0.06911329925060272,-0.3510280251502991,0.3746330738067627,0.5919824838638306,-1.5060863494873047,-1.3552631578947367,2.644736842105263,3.317145675358959,True,0.25,low,csi-pairs-v6-software-fixture,ded1ec639ff3e6fd5eba769d42db1ed36222a48af333a30a670254b30b164b74,620f300cbec1f56da4691882bc7dbe52593dc597fc62f6ae925c0f6ac72f1c6b,True,FORBIDDEN,0901433cbfe906073eae45118a1466e03afab04a766a3061a988ffe089ba4e01,9548a24a4faf5db17b5251df407b4402de033ae8648ec321c850fe6105002cf1,8128818d8ea8f5c3517d04da28955f010269df61e756429957a0a032386f6c51
23,full,target-a,fixture-bank-16,fixture-base-16,e23949edbfe2dbe6dc73b97687bd3eed5fbc5d7bd72ecd8b2badea6dfbfe472e,2b37638d300a790f3426572fa00b7bf61aa934746cb588d9fb5347ccf44b354c,4,0,target-a:fixture-bank-16:p0004,0.06396672129631042,-0.35094887018203735,0.37607061862945557,0.6028999090194702,-1.4839824438095093,0.6973684210526319,-1.3026315789473681,1.1431962611105384,False,0.26126126126126126,low,csi-pairs-v6-software-fixture,ded1ec639ff3e6fd5eba769d42db1ed36222a48af333a30a670254b30b164b74,620f300cbec1f56da4691882bc7dbe52593dc597fc62f6ae925c0f6ac72f1c6b,True,FORBIDDEN,0901433cbfe906073eae45118a1466e03afab04a766a3061a988ffe089ba4e01,9548a24a4faf5db17b5251df407b4402de033ae8648ec321c850fe6105002cf1,8128818d8ea8f5c3517d04da28955f010269df61e756429957a0a032386f6c51
23,full,target-a,fixture-bank-16,fixture-base-16,e23949edbfe2dbe6dc73b97687bd3eed5fbc5d7bd72ecd8b2badea6dfbfe472e,2b37638d300a790f3426572fa00b7bf61aa934746cb588d9fb5347ccf44b354c,4,0,target-a:fixture-bank-16:p0005,0.06597211956977844,-0.35011938214302063,0.3747197687625885,0.5996226072311401,-1.493031620979309,-1.3026315789473681,0.6973684210526319,1.7234577979859171,False,0.26126126126126126,low,csi-pairs-v6-software-fixture,ded1ec639ff3e6fd5eba769d42db1ed36222a48af333a30a670254b30b164b74,620f300cbec1f56da4691882bc7dbe52593dc597fc62f6ae925c0f6ac72f1c6b,True,FORBIDDEN,0901433cbfe906073eae45118a1466e03afab04a766a3061a988ffe089ba4e01,9548a24a4faf5db17b5251df407b4402de033ae8648ec321c850fe6105002cf1,8128818d8ea8f5c3517d04da28955f010269df61e756429957a0a032386f6c51
23,full,target-a,fixture-bank-16,fixture-base-16,e23949edbfe2dbe6dc73b97687bd3eed5fbc5d7bd72ecd8b2badea6dfbfe472e,2b37638d300a790f3426572fa00b7bf61aa934746cb588d9fb5347ccf44b354c,4,0,target-a:fixture-bank-16:p0006,0.07251228392124176,-0.3565000295639038,0.37414494156837463,0.584489107131958,-1.5201292037963867,1.6973684210526319,-0.30263157894736814,1.625748835566358,False,0.26126126126126126,low,csi-pairs-v6-software-fixture,ded1ec639ff3e6fd5eba769d42db1ed36222a48af333a30a670254b30b164b74,620f300cbec1f56da4691882bc7dbe52593dc597fc62f6ae925c0f6ac72f1c6b,True,FORBIDDEN,0901433cbfe906073eae45118a1466e03afab04a766a3061a988ffe089ba4e01,9548a24a4faf5db17b5251df407b4402de033ae8648ec321c850fe6105002cf1,8128818d8ea8f5c3517d04da28955f010269df61e756429957a0a032386f6c51
23,full,target-a,fixture-bank-16,fixture-base-16,e23949edbfe2dbe6dc73b97687bd3eed5fbc5d7bd72ecd8b2badea6dfbfe472e,2b37638d300a790f3426572fa00b7bf61aa934746cb588d9fb5347ccf44b354c,4,0,target-a:fixture-bank-16:p0007,0.061258465051651,-0.3551175892353058,0.37693125009536743,0.6012640595436096,-1.484413504600525,-0.30263157894736814,1.6973684210526319,2.084493892183257,True,0.26126126126126126,low,csi-pairs-v6-software-fixture,ded1ec639ff3e6fd5eba769d42db1ed36222a48af333a30a670254b30b164b74,620f300cbec1f56da4691882bc7dbe52593dc597fc62f6ae925c0f6ac72f1c6b,True,FORBIDDEN,0901433cbfe906073eae45118a1466e03afab04a766a3061a988ffe089ba4e01,9548a24a4faf5db17b5251df407b4402de033ae8648ec321c850fe6105002cf1,8128818d8ea8f5c3517d04da28955f010269df61e756429957a0a032386f6c51
23,full,target-a,fixture-bank-14,fixture-base-14,86a59d2849e34c3a9889d58bb3b67b946ca9eb639083798f219989137e7f4536,d3ac0ba45cb8ca4a3062283c82745f423da87b60b62b7768857a4ffa9f3e71be,2,1,target-a:fixture-bank-14:p0004,0.06403155624866486,-0.38082581758499146,0.37395524978637695,0.6027508974075317,-1.4898704290390015,0.6447368421052628,-1.3552631578947367,1.1343486056815706,False,0.25,low,csi-pairs-v6-software-fixture,ded1ec639ff3e6fd5eba769d42db1ed36222a48af333a30a670254b30b164b74,620f300cbec1f56da4691882bc7dbe52593dc597fc62f6ae925c0f6ac72f1c6b,True,FORBIDDEN,0901433cbfe906073eae45118a1466e03afab04a766a3061a988ffe089ba4e01,9548a24a4faf5db17b5251df407b4402de033ae8648ec321c850fe6105002cf1,8128818d8ea8f5c3517d04da28955f010269df61e756429957a0a032386f6c51
23,full,target-a,fixture-bank-14,fixture-base-14,86a59d2849e34c3a9889d58bb3b67b946ca9eb639083798f219989137e7f4536,d3ac0ba45cb8ca4a3062283c82745f423da87b60b62b7768857a4ffa9f3e71be,2,1,target-a:fixture-bank-14:p0005,0.06526827812194824,-0.37818074226379395,0.37328821420669556,0.6051444411277771,-1.4876925945281982,-1.3552631578947367,0.6447368421052628,1.7505056255616693,False,0.25,low,csi-pairs-v6-software-fixture,ded1ec639ff3e6fd5eba769d42db1ed36222a48af333a30a670254b30b164b74,620f300cbec1f56da4691882bc7dbe52593dc597fc62f6ae925c0f6ac72f1c6b,True,FORBIDDEN,0901433cbfe906073eae45118a1466e03afab04a766a3061a988ffe089ba4e01,9548a24a4faf5db17b5251df407b4402de033ae8648ec321c850fe6105002cf1,8128818d8ea8f5c3517d04da28955f010269df61e756429957a0a032386f6c51
23,full,target-a,fixture-bank-14,fixture-base-14,86a59d2849e34c3a9889d58bb3b67b946ca9eb639083798f219989137e7f4536,d3ac0ba45cb8ca4a3062283c82745f423da87b60b62b7768857a4ffa9f3e71be,2,1,target-a:fixture-bank-14:p0006,0.06400668621063232,-0.3832217752933502,0.37461936473846436,0.5977084040641785,-1.4964970350265503,1.6447368421052628,-0.3552631578947367,1.5809773907433038,False,0.25,low,csi-pairs-v6-software-fixture,ded1ec639ff3e6fd5eba769d42db1ed36222a48af333a30a670254b30b164b74,620f300cbec1f56da4691882bc7dbe52593dc597fc62f6ae925c0f6ac72f1c6b,True,FORBIDDEN,0901433cbfe906073eae45118a1466e03afab04a766a3061a988ffe089ba4e01,9548a24a4faf5db17b5251df407b4402de033ae8648ec321c850fe6105002cf1,8128818d8ea8f5c3517d04da28955f010269df61e756429957a0a032386f6c51
23,full,target-a,fixture-bank-14,fixture-base-14,86a59d2849e34c3a9889d58bb3b67b946ca9eb639083798f219989137e7f4536,d3ac0ba45cb8ca4a3062283c82745f423da87b60b62b7768857a4ffa9f3e71be,2,1,target-a:fixture-bank-14:p0007,0.06901402771472931,-0.3793857991695404,0.37319573760032654,0.5909261107444763,-1.5117164850234985,-1.3552631578947367,2.644736842105263,3.3427358930849613,True,0.25,low,csi-pairs-v6-software-fixture,ded1ec639ff3e6fd5eba769d42db1ed36222a48af333a30a670254b30b164b74,620f300cbec1f56da4691882bc7dbe52593dc597fc62f6ae925c0f6ac72f1c6b,True,FORBIDDEN,0901433cbfe906073eae45118a1466e03afab04a766a3061a988ffe089ba4e01,9548a24a4faf5db17b5251df407b4402de033ae8648ec321c850fe6105002cf1,8128818d8ea8f5c3517d04da28955f010269df61e756429957a0a032386f6c51
23,full,target-a,fixture-bank-16,fixture-base-16,e23949edbfe2dbe6dc73b97687bd3eed5fbc5d7bd72ecd8b2badea6dfbfe472e,2b37638d300a790f3426572fa00b7bf61aa934746cb588d9fb5347ccf44b354c,2,1,target-a:fixture-bank-16:p0004,0.06520406901836395,-0.37882447242736816,0.3738064765930176,0.6024785041809082,-1.4907203912734985,0.6973684210526319,-1.3026315789473681,1.1193977568495304,False,0.26126126126126126,low,csi-pairs-v6-software-fixture,ded1ec639ff3e6fd5eba769d42db1ed36222a48af333a30a670254b30b164b74,620f300cbec1f56da4691882bc7dbe52593dc597fc62f6ae925c0f6ac72f1c6b,True,FORBIDDEN,0901433cbfe906073eae45118a1466e03afab04a766a3061a988ffe089ba4e01,9548a24a4faf5db17b5251df407b4402de033ae8648ec321c850fe6105002cf1,8128818d8ea8f5c3517d04da28955f010269df61e756429957a0a032386f6c51
23,full,target-a,fixture-bank-16,fixture-base-16,e23949edbfe2dbe6dc73b97687bd3eed5fbc5d7bd72ecd8b2badea6dfbfe472e,2b37638d300a790f3426572fa00b7bf61aa934746cb588d9fb5347ccf44b354c,2,1,target-a:fixture-bank-16:p0005,0.06714670360088348,-0.37849751114845276,0.3727169930934906,0.5988824963569641,-1.4996256828308105,-1.3026315789473681,0.6973684210526319,1.7417749703712437,False,0.26126126126126126,low,csi-pairs-v6-software-fixture,ded1ec639ff3e6fd5eba769d42db1ed36222a48af333a30a670254b30b164b74,620f300cbec1f56da4691882bc7dbe52593dc597fc62f6ae925c0f6ac72f1c6b,True,FORBIDDEN,0901433cbfe906073eae45118a1466e03afab04a766a3061a988ffe089ba4e01,9548a24a4faf5db17b5251df407b4402de033ae8648ec321c850fe6105002cf1,8128818d8ea8f5c3517d04da28955f010269df61e756429957a0a032386f6c51
23,full,target-a,fixture-bank-16,fixture-base-16,e23949edbfe2dbe6dc73b97687bd3eed5fbc5d7bd72ecd8b2badea6dfbfe472e,2b37638d300a790f3426572fa00b7bf61aa934746cb588d9fb5347ccf44b354c,2,1,target-a:fixture-bank-16:p0006,0.06996075809001923,-0.3863205015659332,0.3737422525882721,0.582755446434021,-1.5241765975952148,1.6973684210526319,-0.30263157894736814,1.6295580803513843,False,0.26126126126126126,low,csi-pairs-v6-software-fixture,ded1ec639ff3e6fd5eba769d42db1ed36222a48af333a30a670254b30b164b74,620f300cbec1f56da4691882bc7dbe52593dc597fc62f6ae925c0f6ac72f1c6b,True,FORBIDDEN,0901433cbfe906073eae45118a1466e03afab04a766a3061a988ffe089ba4e01,9548a24a4faf5db17b5251df407b4402de033ae8648ec321c850fe6105002cf1,8128818d8ea8f5c3517d04da28955f010269df61e756429957a0a032386f6c51
23,full,target-a,fixture-bank-16,fixture-base-16,e23949edbfe2dbe6dc73b97687bd3eed5fbc5d7bd72ecd8b2badea6dfbfe472e,2b37638d300a790f3426572fa00b7bf61aa934746cb588d9fb5347ccf44b354c,2,1,target-a:fixture-bank-16:p0007,0.06146654486656189,-0.3843444585800171,0.37509530782699585,0.6003803610801697,-1.490767002105713,-0.30263157894736814,1.6973684210526319,2.1133139750149006,True,0.26126126126126126,low,csi-pairs-v6-software-fixture,ded1ec639ff3e6fd5eba769d42db1ed36222a48af333a30a670254b30b164b74,620f300cbec1f56da4691882bc7dbe52593dc597fc62f6ae925c0f6ac72f1c6b,True,FORBIDDEN,0901433cbfe906073eae45118a1466e03afab04a766a3061a988ffe089ba4e01,9548a24a4faf5db17b5251df407b4402de033ae8648ec321c850fe6105002cf1,8128818d8ea8f5c3517d04da28955f010269df61e756429957a0a032386f6c51
23,full,target-a,fixture-bank-14,fixture-base-14,86a59d2849e34c3a9889d58bb3b67b946ca9eb639083798f219989137e7f4536,d3ac0ba45cb8ca4a3062283c82745f423da87b60b62b7768857a4ffa9f3e71be,4,1,target-a:fixture-bank-14:p0004,0.0810777097940445,-0.38007181882858276,0.3748457133769989,0.5980566740036011,-1.4953105449676514,0.6447368421052628,-1.3552631578947367,1.1263701723800545,False,0.25,low,csi-pairs-v6-software-fixture,ded1ec639ff3e6fd5eba769d42db1ed36222a48af333a30a670254b30b164b74,620f300cbec1f56da4691882bc7dbe52593dc597fc62f6ae925c0f6ac72f1c6b,True,FORBIDDEN,0901433cbfe906073eae45118a1466e03afab04a766a3061a988ffe089ba4e01,9548a24a4faf5db17b5251df407b4402de033ae8648ec321c850fe6105002cf1,8128818d8ea8f5c3517d04da28955f010269df61e756429957a0a032386f6c51
23,full,target-a,fixture-bank-14,fixture-base-14,86a59d2849e34c3a9889d58bb3b67b946ca9eb639083798f219989137e7f4536,d3ac0ba45cb8ca4a3062283c82745f423da87b60b62b7768857a4ffa9f3e71be,4,1,target-a:fixture-bank-14:p0005,0.08293890953063965,-0.3772096037864685,0.37403127551078796,0.6002368927001953,-1.4938466548919678,-1.3552631578947367,0.6447368421052628,1.7643128194901745,False,0.25,low,csi-pairs-v6-software-fixture,ded1ec639ff3e6fd5eba769d42db1ed36222a48af333a30a670254b30b164b74,620f300cbec1f56da4691882bc7dbe52593dc597fc62f6ae925c0f6ac72f1c6b,True,FORBIDDEN,0901433cbfe906073eae45118a1466e03afab04a766a3061a988ffe089ba4e01,9548a24a4faf5db17b5251df407b4402de033ae8648ec321c850fe6105002cf1,8128818d8ea8f5c3517d04da28955f010269df61e756429957a0a032386f6c51
23,full,target-a,fixture-bank-14,fixture-base-14,86a59d2849e34c3a9889d58bb3b67b946ca9eb639083798f219989137e7f4536,d3ac0ba45cb8ca4a3062283c82745f423da87b60b62b7768857a4ffa9f3e71be,4,1,target-a:fixture-bank-14:p0006,0.08050587773323059,-0.38301873207092285,0.37565988302230835,0.5933513641357422,-1.501039743423462,1.6447368421052628,-0.3552631578947367,1.564477191204176,False,0.25,low,csi-pairs-v6-software-fixture,ded1ec639ff3e6fd5eba769d42db1ed36222a48af333a30a670254b30b164b74,620f300cbec1f56da4691882bc7dbe52593dc597fc62f6ae925c0f6ac72f1c6b,True,FORBIDDEN,0901433cbfe906073eae45118a1466e03afab04a766a3061a988ffe089ba4e01,9548a24a4faf5db17b5251df407b4402de033ae8648ec321c850fe6105002cf1,8128818d8ea8f5c3517d04da28955f010269df61e756429957a0a032386f6c51
23,full,target-a,fixture-bank-14,fixture-base-14,86a59d2849e34c3a9889d58bb3b67b946ca9eb639083798f219989137e7f4536,d3ac0ba45cb8ca4a3062283c82745f423da87b60b62b7768857a4ffa9f3e71be,4,1,target-a:fixture-bank-14:p0007,0.08424773067235947,-0.3794488310813904,0.3741868734359741,0.5870229005813599,-1.5156912803649902,-1.3552631578947367,2.644736842105263,3.3493119568369027,True,0.25,low,csi-pairs-v6-software-fixture,ded1ec639ff3e6fd5eba769d42db1ed36222a48af333a30a670254b30b164b74,620f300cbec1f56da4691882bc7dbe52593dc597fc62f6ae925c0f6ac72f1c6b,True,FORBIDDEN,0901433cbfe906073eae45118a1466e03afab04a766a3061a988ffe089ba4e01,9548a24a4faf5db17b5251df407b4402de033ae8648ec321c850fe6105002cf1,8128818d8ea8f5c3517d04da28955f010269df61e756429957a0a032386f6c51
23,full,target-a,fixture-bank-16,fixture-base-16,e23949edbfe2dbe6dc73b97687bd3eed5fbc5d7bd72ecd8b2badea6dfbfe472e,2b37638d300a790f3426572fa00b7bf61aa934746cb588d9fb5347ccf44b354c,4,1,target-a:fixture-bank-16:p0004,0.08228977024555206,-0.3780304789543152,0.37458279728889465,0.597954273223877,-1.4961833953857422,0.6973684210526319,-1.3026315789473681,1.1104994105297945,False,0.26126126126126126,low,csi-pairs-v6-software-fixture,ded1ec639ff3e6fd5eba769d42db1ed36222a48af333a30a670254b30b164b74,620f300cbec1f56da4691882bc7dbe52593dc597fc62f6ae925c0f6ac72f1c6b,True,FORBIDDEN,0901433cbfe906073eae45118a1466e03afab04a766a3061a988ffe089ba4e01,9548a24a4faf5db17b5251df407b4402de033ae8648ec321c850fe6105002cf1,8128818d8ea8f5c3517d04da28955f010269df61e756429957a0a032386f6c51
23,full,target-a,fixture-bank-16,fixture-base-16,e23949edbfe2dbe6dc73b97687bd3eed5fbc5d7bd72ecd8b2badea6dfbfe472e,2b37638d300a790f3426572fa00b7bf61aa934746cb588d9fb5347ccf44b354c,4,1,target-a:fixture-bank-16:p0005,0.08361555635929108,-0.37796568870544434,0.37363892793655396,0.5942146182060242,-1.5049800872802734,-1.3026315789473681,0.6973684210526319,1.754429983714116,False,0.26126126126126126,low,csi-pairs-v6-software-fixture,ded1ec639ff3e6fd5eba769d42db1ed36222a48af333a30a670254b30b164b74,620f300cbec1f56da4691882bc7dbe52593dc597fc62f6ae925c0f6ac72f1c6b,True,FORBIDDEN,0901433cbfe906073eae45118a1466e03afab04a766a3061a988ffe089ba4e01,9548a24a4faf5db17b5251df407b4402de033ae8648ec321c850fe6105002cf1,8128818d8ea8f5c3517d04da28955f010269df61e756429957a0a032386f6c51
23,full,target-a,fixture-bank-16,fixture-base-16,e23949edbfe2dbe6dc73b97687bd3eed5fbc5d7bd72ecd8b2badea6dfbfe472e,2b37638d300a790f3426572fa00b7bf61aa934746cb588d9fb5347ccf44b354c,4,1,target-a:fixture-bank-16:p0006,0.08445712924003601,-0.3872557282447815,0.3750055730342865,0.5792809128761292,-1.5267821550369263,1.6973684210526319,-0.30263157894736814,1.6151297415071297,False,0.26126126126126126,low,csi-pairs-v6-software-fixture,ded1ec639ff3e6fd5eba769d42db1ed36222a48af333a30a670254b30b164b74,620f300cbec1f56da4691882bc7dbe52593dc597fc62f6ae925c0f6ac72f1c6b,True,FORBIDDEN,0901433cbfe906073eae45118a1466e03afab04a766a3061a988ffe089ba4e01,9548a24a4faf5db17b5251df407b4402de033ae8648ec321c850fe6105002cf1,8128818d8ea8f5c3517d04da28955f010269df61e756429957a0a032386f6c51
23,full,target-a,fixture-bank-16,fixture-base-16,e23949edbfe2dbe6dc73b97687bd3eed5fbc5d7bd72ecd8b2badea6dfbfe472e,2b37638d300a790f3426572fa00b7bf61aa934746cb588d9fb5347ccf44b354c,4,1,target-a:fixture-bank-16:p0007,0.07850505411624908,-0.38399815559387207,0.37613391876220703,0.5959018468856812,-1.4954893589019775,-0.30263157894736814,1.6973684210526319,2.115975415604883,True,0.26126126126126126,low,csi-pairs-v6-software-fixture,ded1ec639ff3e6fd5eba769d42db1ed36222a48af333a30a670254b30b164b74,620f300cbec1f56da4691882bc7dbe52593dc597fc62f6ae925c0f6ac72f1c6b,True,FORBIDDEN,0901433cbfe906073eae45118a1466e03afab04a766a3061a988ffe089ba4e01,9548a24a4faf5db17b5251df407b4402de033ae8648ec321c850fe6105002cf1,8128818d8ea8f5c3517d04da28955f010269df61e756429957a0a032386f6c51
23,full,target-b,fixture-bank-15,fixture-base-15,e23949edbfe2dbe6dc73b97687bd3eed5fbc5d7bd72ecd8b2badea6dfbfe472e,234b78d61b49dc10d04ca8d24378f3b96eae7ef419b9bbe2bb61b3933c753b5d,0,0,target-b:fixture-bank-15:p0004,0.10478442162275314,-0.36813288927078247,0.35614994168281555,0.5689635276794434,-1.5963424444198608,-2.3289473684210527,-0.32894736842105265,2.4340472326793687,True,0.23393574297188752,low,csi-pairs-v6-software-fixture,ded1ec639ff3e6fd5eba769d42db1ed36222a48af333a30a670254b30b164b74,620f300cbec1f56da4691882bc7dbe52593dc597fc62f6ae925c0f6ac72f1c6b,True,FORBIDDEN,0901433cbfe906073eae45118a1466e03afab04a766a3061a988ffe089ba4e01,9548a24a4faf5db17b5251df407b4402de033ae8648ec321c850fe6105002cf1,8128818d8ea8f5c3517d04da28955f010269df61e756429957a0a032386f6c51
23,full,target-b,fixture-bank-15,fixture-base-15,e23949edbfe2dbe6dc73b97687bd3eed5fbc5d7bd72ecd8b2badea6dfbfe472e,234b78d61b49dc10d04ca8d24378f3b96eae7ef419b9bbe2bb61b3933c753b5d,0,0,target-b:fixture-bank-15:p0005,0.1011061817407608,-0.3639903962612152,0.3573880195617676,0.5766427516937256,-1.5794655084609985,1.671052631578947,-2.3289473684210527,2.5151118777897494,True,0.23393574297188752,low,csi-pairs-v6-software-fixture,ded1ec639ff3e6fd5eba769d42db1ed36222a48af333a30a670254b30b164b74,620f300cbec1f56da4691882bc7dbe52593dc597fc62f6ae925c0f6ac72f1c6b,True,FORBIDDEN,0901433cbfe906073eae45118a1466e03afab04a766a3061a988ffe089ba4e01,9548a24a4faf5db17b5251df407b4402de033ae8648ec321c850fe6105002cf1,8128818d8ea8f5c3517d04da28955f010269df61e756429957a0a032386f6c51
23,full,target-b,fixture-bank-15,fixture-base-15,e23949edbfe2dbe6dc73b97687bd3eed5fbc5d7bd72ecd8b2badea6dfbfe472e,234b78d61b49dc10d04ca8d24378f3b96eae7ef419b9bbe2bb61b3933c753b5d,0,0,target-b:fixture-bank-15:p0006,0.11763512343168259,-0.3562828302383423,0.35377511382102966,0.5567472577095032,-1.6247377395629883,-0.32894736842105265,1.671052631578947,2.0759395455483087,True,0.23393574297188752,low,csi-pairs-v6-software-fixture,ded1ec639ff3e6fd5eba769d42db1ed36222a48af333a30a670254b30b164b74,620f300cbec1f56da4691882bc7dbe52593dc597fc62f6ae925c0f6ac72f1c6b,True,FORBIDDEN,0901433cbfe906073eae45118a1466e03afab04a766a3061a988ffe089ba4e01,9548a24a4faf5db17b5251df407b4402de033ae8648ec321c850fe6105002cf1,8128818d8ea8f5c3517d04da28955f010269df61e756429957a0a032386f6c51
23,full,target-b,fixture-bank-15,fixture-base-15,e23949edbfe2dbe6dc73b97687bd3eed5fbc5d7bd72ecd8b2badea6dfbfe472e,234b78d61b49dc10d04ca8d24378f3b96eae7ef419b9bbe2bb61b3933c753b5d,0,0,target-b:fixture-bank-15:p0007,0.11457223445177078,-0.35996246337890625,0.35366401076316833,0.5637510418891907,-1.6125504970550537,2.671052631578947,-0.32894736842105265,2.556668527011425,True,0.23393574297188752,low,csi-pairs-v6-software-fixture,ded1ec639ff3e6fd5eba769d42db1ed36222a48af333a30a670254b30b164b74,620f300cbec1f56da4691882bc7dbe52593dc597fc62f6ae925c0f6ac72f1c6b,True,FORBIDDEN,0901433cbfe906073eae45118a1466e03afab04a766a3061a988ffe089ba4e01,9548a24a4faf5db17b5251df407b4402de033ae8648ec321c850fe6105002cf1,8128818d8ea8f5c3517d04da28955f010269df61e756429957a0a032386f6c51
23,full,target-b,fixture-bank-17,fixture-base-17,86a59d2849e34c3a9889d58bb3b67b946ca9eb639083798f219989137e7f4536,b8fec4fd063826ac29c6cc8d291ad3a1a89347817c28241565eb44269fa8c24d,0,0,target-b:fixture-bank-17:p0004,0.08892840147018433,-0.37024134397506714,0.3606517016887665,0.5862524509429932,-1.5538474321365356,-2.276315789473684,-0.27631578947368407,2.367108382094514,True,0.24519700423314877,low,csi-pairs-v6-software-fixture,ded1ec639ff3e6fd5eba769d42db1ed36222a48af333a30a670254b30b164b74,620f300cbec1f56da4691882bc7dbe52593dc597fc62f6ae925c0f6ac72f1c6b,True,FORBIDDEN,0901433cbfe906073eae45118a1466e03afab04a766a3061a988ffe089ba4e01,9548a24a4faf5db17b5251df407b4402de033ae8648ec321c850fe6105002cf1,8128818d8ea8f5c3517d04da28955f010269df61e756429957a0a032386f6c51
23,full,target-b,fixture-bank-17,fixture-base-17,86a59d2849e34c3a9889d58bb3b67b946ca9eb639083798f219989137e7f4536,b8fec4fd063826ac29c6cc8d291ad3a1a89347817c28241565eb44269fa8c24d,0,0,target-b:fixture-bank-17:p0005,0.11269502341747284,-0.3600795865058899,0.354717493057251,0.5627583265304565,-1.6113386154174805,1.723684210526316,-2.276315789473684,2.503447092819427,True,0.24519700423314877,low,csi-pairs-v6-software-fixture,ded1ec639ff3e6fd5eba769d42db1ed36222a48af333a30a670254b30b164b74,620f300cbec1f56da4691882bc7dbe52593dc597fc62f6ae925c0f6ac72f1c6b,True,FORBIDDEN,0901433cbfe906073eae45118a1466e03afab04a766a3061a988ffe089ba4e01,9548a24a4faf5db17b5251df407b4402de033ae8648ec321c850fe6105002cf1,8128818d8ea8f5c3517d04da28955f010269df61e756429957a0a032386f6c51
23,full,target-b,fixture-bank-17,fixture-base-17,86a59d2849e34c3a9889d58bb3b67b946ca9eb639083798f219989137e7f4536,b8fec4fd063826ac29c6cc8d291ad3a1a89347817c28241565eb44269fa8c24d,0,0,target-b:fixture-bank-17:p0006,0.10084785521030426,-0.3568495810031891,0.3582266569137573,0.5753431916236877,-1.5793778896331787,1.723684210526316,-0.27631578947368407,1.6248333846008565,False,0.24519700423314877,low,csi-pairs-v6-software-fixture,ded1ec639ff3e6fd5eba769d42db1ed36222a48af333a30a670254b30b164b74,620f300cbec1f56da4691882bc7dbe52593dc597fc62f6ae925c0f6ac72f1c6b,True,FORBIDDEN,0901433cbfe906073eae45118a1466e03afab04a766a3061a988ffe089ba4e01,9548a24a4faf5db17b5251df407b4402de033ae8648ec321c850fe6105002cf1,8128818d8ea8f5c3517d04da28955f010269df61e756429957a0a032386f6c51
23,full,target-b,fixture-bank-17,fixture-base-17,86a59d2849e34c3a9889d58bb3b67b946ca9eb639083798f219989137e7f4536,b8fec4fd063826ac29c6cc8d291ad3a1a89347817c28241565eb44269fa8c24d,0,0,target-b:fixture-bank-17:p0007,0.09940841048955917,-0.3620073199272156,0.3581920564174652,0.5795449018478394,-1.5721981525421143,-1.276315789473684,2.723684210526316,3.378477363469698,True,0.24519700423314877,low,csi-pairs-v6-software-fixture,ded1ec639ff3e6fd5eba769d42db1ed36222a48af333a30a670254b30b164b74,620f300cbec1f56da4691882bc7dbe52593dc597fc62f6ae925c0f6ac72f1c6b,True,FORBIDDEN,0901433cbfe906073eae45118a1466e03afab04a766a3061a988ffe089ba4e01,9548a24a4faf5db17b5251df407b4402de033ae8648ec321c850fe6105002cf1,8128818d8ea8f5c3517d04da28955f010269df61e756429957a0a032386f6c51
23,full,target-b,fixture-bank-15,fixture-base-15,e23949edbfe2dbe6dc73b97687bd3eed5fbc5d7bd72ecd8b2badea6dfbfe472e,234b78d61b49dc10d04ca8d24378f3b96eae7ef419b9bbe2bb61b3933c753b5d,2,0,target-b:fixture-bank-15:p0004,0.06105095148086548,-0.3786497712135315,0.37251368165016174,0.5842015743255615,-1.5249907970428467,-2.3289473684210527,-0.32894736842105265,2.390515069598462,True,0.23393574297188752,low,csi-pairs-v6-software-fixture,ded1ec639ff3e6fd5eba769d42db1ed36222a48af333a30a670254b30b164b74,620f300cbec1f56da4691882bc7dbe52593dc597fc62f6ae925c0f6ac72f1c6b,True,FORBIDDEN,0901433cbfe906073eae45118a1466e03afab04a766a3061a988ffe089ba4e01,9548a24a4faf5db17b5251df407b4402de033ae8648ec321c850fe6105002cf1,8128818d8ea8f5c3517d04da28955f010269df61e756429957a0a032386f6c51
23,full,target-b,fixture-bank-15,fixture-base-15,e23949edbfe2dbe6dc73b97687bd3eed5fbc5d7bd72ecd8b2badea6dfbfe472e,234b78d61b49dc10d04ca8d24378f3b96eae7ef419b9bbe2bb61b3933c753b5d,2,0,target-b:fixture-bank-15:p0005,0.061012595891952515,-0.3716800808906555,0.3719913959503174,0.5920728445053101,-1.5130101442337036,1.671052631578947,-2.3289473684210527,2.5343883189739445,True,0.23393574297188752,low,csi-pairs-v6-software-fixture,ded1ec639ff3e6fd5eba769d42db1ed36222a48af333a30a670254b30b164b74,620f300cbec1f56da4691882bc7dbe52593dc597fc62f6ae925c0f6ac72f1c6b,True,FORBIDDEN,0901433cbfe906073eae45118a1466e03afab04a766a3061a988ffe089ba4e01,9548a24a4faf5db17b5251df407b4402de033ae8648ec321c850fe6105002cf1,8128818d8ea8f5c3517d04da28955f010269df61e756429957a0a032386f6c51
23,full,target-b,fixture-bank-15,fixture-base-15,e23949edbfe2dbe6dc73b97687bd3eed5fbc5d7bd72ecd8b2badea6dfbfe472e,234b78d61b49dc10d04ca8d24378f3b96eae7ef419b9bbe2bb61b3933c753b5d,2,0,target-b:fixture-bank-15:p0006,0.0746748223900795,-0.3674188554286957,0.3698693513870239,0.5704714059829712,-1.5558977127075195,-0.32894736842105265,1.671052631578947,2.07804640859109,True,0.23393574297188752,low,csi-pairs-v6-software-fixture,ded1ec639ff3e6fd5eba769d42db1ed36222a48af333a30a670254b30b164b74,620f300cbec1f56da4691882bc7dbe52593dc597fc62f6ae925c0f6ac72f1c6b,True,FORBIDDEN,0901433cbfe906073eae45118a1466e03afab04a766a3061a988ffe089ba4e01,9548a24a4faf5db17b5251df407b4402de033ae8648ec321c850fe6105002cf1,8128818d8ea8f5c3517d04da28955f010269df61e756429957a0a032386f6c51
23,full,target-b,fixture-bank-15,fixture-base-15,e23949edbfe2dbe6dc73b97687bd3eed5fbc5d7bd72ecd8b2badea6dfbfe472e,234b78d61b49dc10d04ca8d24378f3b96eae7ef419b9bbe2bb61b3933c753b5d,2,0,target-b:fixture-bank-15:p0007,0.06927680969238281,-0.3712938129901886,0.3700565695762634,0.5784463286399841,-1.5415089130401611,2.671052631578947,-0.32894736842105265,2.602120413954964,True,0.23393574297188752,low,csi-pairs-v6-software-fixture,ded1ec639ff3e6fd5eba769d42db1ed36222a48af333a30a670254b30b164b74,620f300cbec1f56da4691882bc7dbe52593dc597fc62f6ae925c0f6ac72f1c6b,True,FORBIDDEN,0901433cbfe906073eae45118a1466e03afab04a766a3061a988ffe089ba4e01,9548a24a4faf5db17b5251df407b4402de033ae8648ec321c850fe6105002cf1,8128818d8ea8f5c3517d04da28955f010269df61e756429957a0a032386f6c51
23,full,target-b,fixture-bank-17,fixture-base-17,86a59d2849e34c3a9889d58bb3b67b946ca9eb639083798f219989137e7f4536,b8fec4fd063826ac29c6cc8d291ad3a1a89347817c28241565eb44269fa8c24d,2,0,target-b:fixture-bank-17:p0004,0.05193978548049927,-0.3756958246231079,0.3743574023246765,0.6022642254829407,-1.4896032810211182,-2.276315789473684,-0.27631578947368407,2.3303755949828204,True,0.24519700423314877,low,csi-pairs-v6-software-fixture,ded1ec639ff3e6fd5eba769d42db1ed36222a48af333a30a670254b30b164b74,620f300cbec1f56da4691882bc7dbe52593dc597fc62f6ae925c0f6ac72f1c6b,True,FORBIDDEN,0901433cbfe906073eae45118a1466e03afab04a766a3061a988ffe089ba4e01,9548a24a4faf5db17b5251df407b4402de033ae8648ec321c850fe6105002cf1,8128818d8ea8f5c3517d04da28955f010269df61e756429957a0a032386f6c51
23,full,target-b,fixture-bank-17,fixture-base-17,86a59d2849e34c3a9889d58bb3b67b946ca9eb639083798f219989137e7f4536,b8fec4fd063826ac29c6cc8d291ad3a1a89347817c28241565eb44269fa8c24d,2,0,target-b:fixture-bank-17:p0005,0.06900869309902191,-0.3707289397716522,0.37091007828712463,0.5773157477378845,-1.5411615371704102,1.723684210526316,-2.276315789473684,2.5237298408765145,True,0.24519700423314877,low,csi-pairs-v6-software-fixture,ded1ec639ff3e6fd5eba769d42db1ed36222a48af333a30a670254b30b164b74,620f300cbec1f56da4691882bc7dbe52593dc597fc62f6ae925c0f6ac72f1c6b,True,FORBIDDEN,0901433cbfe906073eae45118a1466e03afab04a766a3061a988ffe089ba4e01,9548a24a4faf5db17b5251df407b4402de033ae8648ec321c850fe6105002cf1,8128818d8ea8f5c3517d04da28955f010269df61e756429957a0a032386f6c51
23,full,target-b,fixture-bank-17,fixture-base-17,86a59d2849e34c3a9889d58bb3b67b946ca9eb639083798f219989137e7f4536,b8fec4fd063826ac29c6cc8d291ad3a1a89347817c28241565eb44269fa8c24d,2,0,target-b:fixture-bank-17:p0006,0.06584757566452026,-0.36224931478500366,0.3712310492992401,0.5898043513298035,-1.5188950300216675,1.723684210526316,-0.27631578947368407,1.6600623116805928,False,0.24519700423314877,low,csi-pairs-v6-software-fixture,ded1ec639ff3e6fd5eba769d42db1ed36222a48af333a30a670254b30b164b74,620f300cbec1f56da4691882bc7dbe52593dc597fc62f6ae925c0f6ac72f1c6b,True,FORBIDDEN,0901433cbfe906073eae45118a1466e03afab04a766a3061a988ffe089ba4e01,9548a24a4faf5db17b5251df407b4402de033ae8648ec321c850fe6105002cf1,8128818d8ea8f5c3517d04da28955f010269df61e756429957a0a032386f6c51
23,full,target-b,fixture-bank-17,fixture-base-17,86a59d2849e34c3a9889d58bb3b67b946ca9eb639083798f219989137e7f4536,b8fec4fd063826ac29c6cc8d291ad3a1a89347817c28241565eb44269fa8c24d,2,0,target-b:fixture-bank-17:p0007,0.06159214675426483,-0.36827552318573,0.3719330132007599,0.5948048830032349,-1.5085632801055908,-1.276315789473684,2.723684210526316,3.369007664093152,True,0.24519700423314877,low,csi-pairs-v6-software-fixture,ded1ec639ff3e6fd5eba769d42db1ed36222a48af333a30a670254b30b164b74,620f300cbec1f56da4691882bc7dbe52593dc597fc62f6ae925c0f6ac72f1c6b,True,FORBIDDEN,0901433cbfe906073eae45118a1466e03afab04a766a3061a988ffe089ba4e01,9548a24a4faf5db17b5251df407b4402de033ae8648ec321c850fe6105002cf1,8128818d8ea8f5c3517d04da28955f010269df61e756429957a0a032386f6c51
23,full,target-b,fixture-bank-15,fixture-base-15,e23949edbfe2dbe6dc73b97687bd3eed5fbc5d7bd72ecd8b2badea6dfbfe472e,234b78d61b49dc10d04ca8d24378f3b96eae7ef419b9bbe2bb61b3933c753b5d,4,0,target-b:fixture-bank-15:p0004,0.06171104311943054,-0.3764975368976593,0.3726922571659088,0.5870112180709839,-1.5197136402130127,-2.3289473684210527,-0.32894736842105265,2.3911312509336287,True,0.23393574297188752,low,csi-pairs-v6-software-fixture,ded1ec639ff3e6fd5eba769d42db1ed36222a48af333a30a670254b30b164b74,620f300cbec1f56da4691882bc7dbe52593dc597fc62f6ae925c0f6ac72f1c6b,True,FORBIDDEN,0901433cbfe906073eae45118a1466e03afab04a766a3061a988ffe089ba4e01,9548a24a4faf5db17b5251df407b4402de033ae8648ec321c850fe6105002cf1,8128818d8ea8f5c3517d04da28955f010269df61e756429957a0a032386f6c51
23,full,target-b,fixture-bank-15,fixture-base-15,e23949edbfe2dbe6dc73b97687bd3eed5fbc5d7bd72ecd8b2badea6dfbfe472e,234b78d61b49dc10d04ca8d24378f3b96eae7ef419b9bbe2bb61b3933c753b5d,4,0,target-b:fixture-bank-15:p0005,0.06026372313499451,-0.37065476179122925,0.37287747859954834,0.5946479439735413,-1.506291151046753,1.671052631578947,-2.3289473684210527,2.5356558995153677,True,0.23393574297188752,low,csi-pairs-v6-software-fixture,ded1ec639ff3e6fd5eba769d42db1ed36222a48af333a30a670254b30b164b74,620f300cbec1f56da4691882bc7dbe52593dc597fc62f6ae925c0f6ac72f1c6b,True,FORBIDDEN,0901433cbfe906073eae45118a1466e03afab04a766a3061a988ffe089ba4e01,9548a24a4faf5db17b5251df407b4402de033ae8648ec321c850fe6105002cf1,8128818d8ea8f5c3517d04da28955f010269df61e756429957a0a032386f6c51
23,full,target-b,fixture-bank-15,fixture-base-15,e23949edbfe2dbe6dc73b97687bd3eed5fbc5d7bd72ecd8b2badea6dfbfe472e,234b78d61b49dc10d04ca8d24378f3b96eae7ef419b9bbe2bb61b3933c753b5d,4,0,target-b:fixture-bank-15:p0006,0.07362698763608932,-0.36618900299072266,0.37036606669425964,0.5726563930511475,-1.5507328510284424,-0.32894736842105265,1.671052631578947,2.076636605133147,True,0.23393574297188752,low,csi-pairs-v6-software-fixture,ded1ec639ff3e6fd5eba769d42db1ed36222a48af333a30a670254b30b164b74,620f300cbec1f56da4691882bc7dbe52593dc597fc62f6ae925c0f6ac72f1c6b,True,FORBIDDEN,0901433cbfe906073eae45118a1466e03afab04a766a3061a988ffe089ba4e01,9548a24a4faf5db17b5251df407b4402de033ae8648ec321c850fe6105002cf1,8128818d8ea8f5c3517d04da28955f010269df61e756429957a0a032386f6c51
23,full,target-b,fixture-bank-15,fixture-base-15,e23949edbfe2dbe6dc73b97687bd3eed5fbc5d7bd72ecd8b2badea6dfbfe472e,234b78d61b49dc10d04ca8d24378f3b96eae7ef419b9bbe2bb61b3933c753b5d,4,0,target-b:fixture-bank-15:p0007,0.06818582117557526,-0.3697897791862488,0.37066420912742615,0.5807478427886963,-1.5358972549438477,2.671052631578947,-0.32894736842105265,2.6031872263086524,True,0.23393574297188752,low,csi-pairs-v6-software-fixture,ded1ec639ff3e6fd5eba769d42db1ed36222a48af333a30a670254b30b164b74,620f300cbec1f56da4691882bc7dbe52593dc597fc62f6ae925c0f6ac72f1c6b,True,FORBIDDEN,0901433cbfe906073eae45118a1466e03afab04a766a3061a988ffe089ba4e01,9548a24a4faf5db17b5251df407b4402de033ae8648ec321c850fe6105002cf1,8128818d8ea8f5c3517d04da28955f010269df61e756429957a0a032386f6c51
23,full,target-b,fixture-bank-17,fixture-base-17,86a59d2849e34c3a9889d58bb3b67b946ca9eb639083798f219989137e7f4536,b8fec4fd063826ac29c6cc8d291ad3a1a89347817c28241565eb44269fa8c24d,4,0,target-b:fixture-bank-17:p0004,0.05165882408618927,-0.3747333288192749,0.3752543330192566,0.6051758527755737,-1.4823874235153198,-2.276315789473684,-0.27631578947368407,2.3300540365901563,True,0.24519700423314877,low,csi-pairs-v6-software-fixture,ded1ec639ff3e6fd5eba769d42db1ed36222a48af333a30a670254b30b164b74,620f300cbec1f56da4691882bc7dbe52593dc597fc62f6ae925c0f6ac72f1c6b,True,FORBIDDEN,0901433cbfe906073eae45118a1466e03afab04a766a3061a988ffe089ba4e01,9548a24a4faf5db17b5251df407b4402de033ae8648ec321c850fe6105002cf1,8128818d8ea8f5c3517d04da28955f010269df61e756429957a0a032386f6c51
23,full,target-b,fixture-bank-17,fixture-base-17,86a59d2849e34c3a9889d58bb3b67b946ca9eb639083798f219989137e7f4536,b8fec4fd063826ac29c6cc8d291ad3a1a89347817c28241565eb44269fa8c24d,4,0,target-b:fixture-bank-17:p0005,0.06831863522529602,-0.36924710869789124,0.3713911473751068,0.5796494483947754,-1.5358312129974365,1.723684210526316,-2.276315789473684,2.5253011980925364,True,0.24519700423314877,low,csi-pairs-v6-software-fixture,ded1ec639ff3e6fd5eba769d42db1ed36222a48af333a30a670254b30b164b74,620f300cbec1f56da4691882bc7dbe52593dc597fc62f6ae925c0f6ac72f1c6b,True,FORBIDDEN,0901433cbfe906073eae45118a1466e03afab04a766a3061a988ffe089ba4e01,9548a24a4faf5db17b5251df407b4402de033ae8648ec321c850fe6105002cf1,8128818d8ea8f5c3517d04da28955f010269df61e756429957a0a032386f6c51
23,full,target-b,fixture-bank-17,fixture-base-17,86a59d2849e34c3a9889d58bb3b67b946ca9eb639083798f219989137e7f4536,b8fec4fd063826ac29c6cc8d291ad3a1a89347817c28241565eb44269fa8c24d,4,0,target-b:fixture-bank-17:p0006,0.06424011290073395,-0.36227524280548096,0.37242236733436584,0.5921107530593872,-1.511788249015808,1.723684210526316,-0.27631578947368407,1.6616689624475398,False,0.24519700423314877,low,csi-pairs-v6-software-fixture,ded1ec639ff3e6fd5eba769d42db1ed36222a48af333a30a670254b30b164b74,620f300cbec1f56da4691882bc7dbe52593dc597fc62f6ae925c0f6ac72f1c6b,True,FORBIDDEN,0901433cbfe906073eae45118a1466e03afab04a766a3061a988ffe089ba4e01,9548a24a4faf5db17b5251df407b4402de033ae8648ec321c850fe6105002cf1,8128818d8ea8f5c3517d04da28955f010269df61e756429957a0a032386f6c51
23,full,target-b,fixture-bank-17,fixture-base-17,86a59d2849e34c3a9889d58bb3b67b946ca9eb639083798f219989137e7f4536,b8fec4fd063826ac29c6cc8d291ad3a1a89347817c28241565eb44269fa8c24d,4,0,target-b:fixture-bank-17:p0007,0.060444384813308716,-0.3677460849285126,0.37304064631462097,0.5972205996513367,-1.5015366077423096,-1.276315789473684,2.723684210526316,3.3680660675253566,True,0.24519700423314877,low,csi-pairs-v6-software-fixture,ded1ec639ff3e6fd5eba769d42db1ed36222a48af333a30a670254b30b164b74,620f300cbec1f56da4691882bc7dbe52593dc597fc62f6ae925c0f6ac72f1c6b,True,FORBIDDEN,0901433cbfe906073eae45118a1466e03afab04a766a3061a988ffe089ba4e01,9548a24a4faf5db17b5251df407b4402de033ae8648ec321c850fe6105002cf1,8128818d8ea8f5c3517d04da28955f010269df61e756429957a0a032386f6c51
23,full,target-b,fixture-bank-15,fixture-base-15,e23949edbfe2dbe6dc73b97687bd3eed5fbc5d7bd72ecd8b2badea6dfbfe472e,234b78d61b49dc10d04ca8d24378f3b96eae7ef419b9bbe2bb61b3933c753b5d,2,1,target-b:fixture-bank-15:p0004,0.076606884598732,-0.3765369653701782,0.36504894495010376,0.5839219093322754,-1.5457117557525635,-2.3289473684210527,-0.32894736842105265,2.4060249445837742,True,0.23393574297188752,low,csi-pairs-v6-software-fixture,ded1ec639ff3e6fd5eba769d42db1ed36222a48af333a30a670254b30b164b74,620f300cbec1f56da4691882bc7dbe52593dc597fc62f6ae925c0f6ac72f1c6b,True,FORBIDDEN,0901433cbfe906073eae45118a1466e03afab04a766a3061a988ffe089ba4e01,9548a24a4faf5db17b5251df407b4402de033ae8648ec321c850fe6105002cf1,8128818d8ea8f5c3517d04da28955f010269df61e756429957a0a032386f6c51
23,full,target-b,fixture-bank-15,fixture-base-15,e23949edbfe2dbe6dc73b97687bd3eed5fbc5d7bd72ecd8b2badea6dfbfe472e,234b78d61b49dc10d04ca8d24378f3b96eae7ef419b9bbe2bb61b3933c753b5d,2,1,target-b:fixture-bank-15:p0005,0.06958675384521484,-0.37447503209114075,0.36764848232269287,0.5925288200378418,-1.5239837169647217,1.671052631578947,-2.3289473684210527,2.5267875001717846,True,0.23393574297188752,low,csi-pairs-v6-software-fixture,ded1ec639ff3e6fd5eba769d42db1ed36222a48af333a30a670254b30b164b74,620f300cbec1f56da4691882bc7dbe52593dc597fc62f6ae925c0f6ac72f1c6b,True,FORBIDDEN,0901433cbfe906073eae45118a1466e03afab04a766a3061a988ffe089ba4e01,9548a24a4faf5db17b5251df407b4402de033ae8648ec321c850fe6105002cf1,8128818d8ea8f5c3517d04da28955f010269df61e756429957a0a032386f6c51
23,full,target-b,fixture-bank-15,fixture-base-15,e23949edbfe2dbe6dc73b97687bd3eed5fbc5d7bd72ecd8b2badea6dfbfe472e,234b78d61b49dc10d04ca8d24378f3b96eae7ef419b9bbe2bb61b3933c753b5d,2,1,target-b:fixture-bank-15:p0006,0.09132790565490723,-0.36571234464645386,0.36239561438560486,0.5697071552276611,-1.5776516199111938,-0.32894736842105265,1.671052631578947,2.079673742291824,True,0.23393574297188752,low,csi-pairs-v6-software-fixture,ded1ec639ff3e6fd5eba769d42db1ed36222a48af333a30a670254b30b164b74,620f300cbec1f56da4691882bc7dbe52593dc597fc62f6ae925c0f6ac72f1c6b,True,FORBIDDEN,0901433cbfe906073eae45118a1466e03afab04a766a3061a988ffe089ba4e01,9548a24a4faf5db17b5251df407b4402de033ae8648ec321c850fe6105002cf1,8128818d8ea8f5c3517d04da28955f010269df61e756429957a0a032386f6c51
23,full,target-b,fixture-bank-15,fixture-base-15,e23949edbfe2dbe6dc73b97687bd3eed5fbc5d7bd72ecd8b2badea6dfbfe472e,234b78d61b49dc10d04ca8d24378f3b96eae7ef419b9bbe2bb61b3933c753b5d,2,1,target-b:fixture-bank-15:p0007,0.08563670516014099,-0.36932528018951416,0.3628356456756592,0.577723503112793,-1.5624651908874512,2.671052631578947,-0.32894736842105265,2.5857312096076024,True,0.23393574297188752,low,csi-pairs-v6-software-fixture,ded1ec639ff3e6fd5eba769d42db1ed36222a48af333a30a670254b30b164b74,620f300cbec1f56da4691882bc7dbe52593dc597fc62f6ae925c0f6ac72f1c6b,True,FORBIDDEN,0901433cbfe906073eae45118a1466e03afab04a766a3061a988ffe089ba4e01,9548a24a4faf5db17b5251df407b4402de033ae8648ec321c850fe6105002cf1,8128818d8ea8f5c3517d04da28955f010269df61e756429957a0a032386f6c51
23,full,target-b,fixture-bank-17,fixture-base-17,86a59d2849e34c3a9889d58bb3b67b946ca9eb639083798f219989137e7f4536,b8fec4fd063826ac29c6cc8d291ad3a1a89347817c28241565eb44269fa8c24d,2,1,target-b:fixture-bank-17:p0004,0.05710630118846893,-0.38057324290275574,0.3712194859981537,0.6036006212234497,-1.4958043098449707,-2.276315789473684,-0.27631578947368407,2.3357500443723955,True,0.24519700423314877,low,csi-pairs-v6-software-fixture,ded1ec639ff3e6fd5eba769d42db1ed36222a48af333a30a670254b30b164b74,620f300cbec1f56da4691882bc7dbe52593dc597fc62f6ae925c0f6ac72f1c6b,True,FORBIDDEN,0901433cbfe906073eae45118a1466e03afab04a766a3061a988ffe089ba4e01,9548a24a4faf5db17b5251df407b4402de033ae8648ec321c850fe6105002cf1,8128818d8ea8f5c3517d04da28955f010269df61e756429957a0a032386f6c51
23,full,target-b,fixture-bank-17,fixture-base-17,86a59d2849e34c3a9889d58bb3b67b946ca9eb639083798f219989137e7f4536,b8fec4fd063826ac29c6cc8d291ad3a1a89347817c28241565eb44269fa8c24d,2,1,target-b:fixture-bank-17:p0005,0.08450865745544434,-0.3693501353263855,0.36378684639930725,0.5768008232116699,-1.5614454746246338,1.723684210526316,-2.276315789473684,2.514640033858252,True,0.24519700423314877,low,csi-pairs-v6-software-fixture,ded1ec639ff3e6fd5eba769d42db1ed36222a48af333a30a670254b30b164b74,620f300cbec1f56da4691882bc7dbe52593dc597fc62f6ae925c0f6ac72f1c6b,True,FORBIDDEN,0901433cbfe906073eae45118a1466e03afab04a766a3061a988ffe089ba4e01,9548a24a4faf5db17b5251df407b4402de033ae8648ec321c850fe6105002cf1,8128818d8ea8f5c3517d04da28955f010269df61e756429957a0a032386f6c51
23,full,target-b,fixture-bank-17,fixture-base-17,86a59d2849e34c3a9889d58bb3b67b946ca9eb639083798f219989137e7f4536,b8fec4fd063826ac29c6cc8d291ad3a1a89347817c28241565eb44269fa8c24d,2,1,target-b:fixture-bank-17:p0006,0.06971733272075653,-0.3688228726387024,0.36890971660614014,0.5907537341117859,-1.523559331893921,1.723684210526316,-0.27631578947368407,1.6565518384021582,False,0.24519700423314877,low,csi-pairs-v6-software-fixture,ded1ec639ff3e6fd5eba769d42db1ed36222a48af333a30a670254b30b164b74,620f300cbec1f56da4691882bc7dbe52593dc597fc62f6ae925c0f6ac72f1c6b,True,FORBIDDEN,0901433cbfe906073eae45118a1466e03afab04a766a3061a988ffe089ba4e01,9548a24a4faf5db17b5251df407b4402de033ae8648ec321c850fe6105002cf1,8128818d8ea8f5c3517d04da28955f010269df61e756429957a0a032386f6c51
23,full,target-b,fixture-bank-17,fixture-base-17,86a59d2849e34c3a9889d58bb3b67b946ca9eb639083798f219989137e7f4536,b8fec4fd063826ac29c6cc8d291ad3a1a89347817c28241565eb44269fa8c24d,2,1,target-b:fixture-bank-17:p0007,0.0671466588973999,-0.37335115671157837,0.36891812086105347,0.5956407785415649,-1.5152981281280518,-1.276315789473684,2.723684210526316,3.3758731338878225,True,0.24519700423314877,low,csi-pairs-v6-software-fixture,ded1ec639ff3e6fd5eba769d42db1ed36222a48af333a30a670254b30b164b74,620f300cbec1f56da4691882bc7dbe52593dc597fc62f6ae925c0f6ac72f1c6b,True,FORBIDDEN,0901433cbfe906073eae45118a1466e03afab04a766a3061a988ffe089ba4e01,9548a24a4faf5db17b5251df407b4402de033ae8648ec321c850fe6105002cf1,8128818d8ea8f5c3517d04da28955f010269df61e756429957a0a032386f6c51
23,full,target-b,fixture-bank-15,fixture-base-15,e23949edbfe2dbe6dc73b97687bd3eed5fbc5d7bd72ecd8b2badea6dfbfe472e,234b78d61b49dc10d04ca8d24378f3b96eae7ef419b9bbe2bb61b3933c753b5d,4,1,target-b:fixture-bank-15:p0004,0.0873340368270874,-0.3566027879714966,0.3718547224998474,0.5786409974098206,-1.5363249778747559,-2.3289473684210527,-0.32894736842105265,2.4164396643778296,True,0.23393574297188752,low,csi-pairs-v6-software-fixture,ded1ec639ff3e6fd5eba769d42db1ed36222a48af333a30a670254b30b164b74,620f300cbec1f56da4691882bc7dbe52593dc597fc62f6ae925c0f6ac72f1c6b,True,FORBIDDEN,0901433cbfe906073eae45118a1466e03afab04a766a3061a988ffe089ba4e01,9548a24a4faf5db17b5251df407b4402de033ae8648ec321c850fe6105002cf1,8128818d8ea8f5c3517d04da28955f010269df61e756429957a0a032386f6c51
23,full,target-b,fixture-bank-15,fixture-base-15,e23949edbfe2dbe6dc73b97687bd3eed5fbc5d7bd72ecd8b2badea6dfbfe472e,234b78d61b49dc10d04ca8d24378f3b96eae7ef419b9bbe2bb61b3933c753b5d,4,1,target-b:fixture-bank-15:p0005,0.07973837852478027,-0.3538486957550049,0.3737603425979614,0.5872222185134888,-1.5164923667907715,1.671052631578947,-2.3289473684210527,2.5363942553831262,True,0.23393574297188752,low,csi-pairs-v6-software-fixture,ded1ec639ff3e6fd5eba769d42db1ed36222a48af333a30a670254b30b164b74,620f300cbec1f56da4691882bc7dbe52593dc597fc62f6ae925c0f6ac72f1c6b,True,FORBIDDEN,0901433cbfe906073eae45118a1466e03afab04a766a3061a988ffe089ba4e01,9548a24a4faf5db17b5251df407b4402de033ae8648ec321c850fe6105002cf1,8128818d8ea8f5c3517d04da28955f010269df61e756429957a0a032386f6c51
23,full,target-b,fixture-bank-15,fixture-base-15,e23949edbfe2dbe6dc73b97687bd3eed5fbc5d7bd72ecd8b2badea6dfbfe472e,234b78d61b49dc10d04ca8d24378f3b96eae7ef419b9bbe2bb61b3933c753b5d,4,1,target-b:fixture-bank-15:p0006,0.10050903260707855,-0.34573492407798767,0.36867979168891907,0.5653762221336365,-1.5680906772613525,-0.32894736842105265,1.671052631578947,2.0620050545613866,True,0.23393574297188752,low,csi-pairs-v6-software-fixture,ded1ec639ff3e6fd5eba769d42db1ed36222a48af333a30a670254b30b164b74,620f300cbec1f56da4691882bc7dbe52593dc597fc62f6ae925c0f6ac72f1c6b,True,FORBIDDEN,0901433cbfe906073eae45118a1466e03afab04a766a3061a988ffe089ba4e01,9548a24a4faf5db17b5251df407b4402de033ae8648ec321c850fe6105002cf1,8128818d8ea8f5c3517d04da28955f010269df61e756429957a0a032386f6c51
23,full,target-b,fixture-bank-15,fixture-base-15,e23949edbfe2dbe6dc73b97687bd3eed5fbc5d7bd72ecd8b2badea6dfbfe472e,234b78d61b49dc10d04ca8d24378f3b96eae7ef419b9bbe2bb61b3933c753b5d,4,1,target-b:fixture-bank-15:p0007,0.09579770267009735,-0.3489769697189331,0.3692876100540161,0.5724895000457764,-1.5539404153823853,2.671052631578947,-0.32894736842105265,2.575332820005499,True,0.23393574297188752,low,csi-pairs-v6-software-fixture,ded1ec639ff3e6fd5eba769d42db1ed36222a48af333a30a670254b30b164b74,620f300cbec1f56da4691882bc7dbe52593dc597fc62f6ae925c0f6ac72f1c6b,True,FORBIDDEN,0901433cbfe906073eae45118a1466e03afab04a766a3061a988ffe089ba4e01,9548a24a4faf5db17b5251df407b4402de033ae8648ec321c850fe6105002cf1,8128818d8ea8f5c3517d04da28955f010269df61e756429957a0a032386f6c51
23,full,target-b,fixture-bank-17,fixture-base-17,86a59d2849e34c3a9889d58bb3b67b946ca9eb639083798f219989137e7f4536,b8fec4fd063826ac29c6cc8d291ad3a1a89347817c28241565eb44269fa8c24d,4,1,target-b:fixture-bank-17:p0004,0.06759542226791382,-0.35992002487182617,0.37720802426338196,0.5979770421981812,-1.4891613721847534,-2.276315789473684,-0.27631578947368407,2.3454017644541145,True,0.24519700423314877,low,csi-pairs-v6-software-fixture,ded1ec639ff3e6fd5eba769d42db1ed36222a48af333a30a670254b30b164b74,620f300cbec1f56da4691882bc7dbe52593dc597fc62f6ae925c0f6ac72f1c6b,True,FORBIDDEN,0901433cbfe906073eae45118a1466e03afab04a766a3061a988ffe089ba4e01,9548a24a4faf5db17b5251df407b4402de033ae8648ec321c850fe6105002cf1,8128818d8ea8f5c3517d04da28955f010269df61e756429957a0a032386f6c51
23,full,target-b,fixture-bank-17,fixture-base-17,86a59d2849e34c3a9889d58bb3b67b946ca9eb639083798f219989137e7f4536,b8fec4fd063826ac29c6cc8d291ad3a1a89347817c28241565eb44269fa8c24d,4,1,target-b:fixture-bank-17:p0005,0.09419114887714386,-0.34925395250320435,0.3703000247478485,0.5718202590942383,-1.5523722171783447,1.723684210526316,-2.276315789473684,2.5236511172249685,True,0.24519700423314877,low,csi-pairs-v6-software-fixture,ded1ec639ff3e6fd5eba769d42db1ed36222a48af333a30a670254b30b164b74,620f300cbec1f56da4691882bc7dbe52593dc597fc62f6ae925c0f6ac72f1c6b,True,FORBIDDEN,0901433cbfe906073eae45118a1466e03afab04a766a3061a988ffe089ba4e01,9548a24a4faf5db17b5251df407b4402de033ae8648ec321c850fe6105002cf1,8128818d8ea8f5c3517d04da28955f010269df61e756429957a0a032386f6c51
23,full,target-b,fixture-bank-17,fixture-base-17,86a59d2849e34c3a9889d58bb3b67b946ca9eb639083798f219989137e7f4536,b8fec4fd063826ac29c6cc8d291ad3a1a89347817c28241565eb44269fa8c24d,4,1,target-b:fixture-bank-17:p0006,0.07840583473443985,-0.34814974665641785,0.3743278384208679,0.5865172147750854,-1.516176462173462,1.723684210526316,-0.27631578947368407,1.6468457885463608,False,0.24519700423314877,low,csi-pairs-v6-software-fixture,ded1ec639ff3e6fd5eba769d42db1ed36222a48af333a30a670254b30b164b74,620f300cbec1f56da4691882bc7dbe52593dc597fc62f6ae925c0f6ac72f1c6b,True,FORBIDDEN,0901433cbfe906073eae45118a1466e03afab04a766a3061a988ffe089ba4e01,9548a24a4faf5db17b5251df407b4402de033ae8648ec321c850fe6105002cf1,8128818d8ea8f5c3517d04da28955f010269df61e756429957a0a032386f6c51
23,full,target-b,fixture-bank-17,fixture-base-17,86a59d2849e34c3a9889d58bb3b67b946ca9eb639083798f219989137e7f4536,b8fec4fd063826ac29c6cc8d291ad3a1a89347817c28241565eb44269fa8c24d,4,1,target-b:fixture-bank-17:p0007,0.07684563100337982,-0.3526110053062439,0.3746456205844879,0.5906084179878235,-1.5083767175674438,-1.276315789473684,2.723684210526316,3.3607496313801484,True,0.24519700423314877,low,csi-pairs-v6-software-fixture,ded1ec639ff3e6fd5eba769d42db1ed36222a48af333a30a670254b30b164b74,620f300cbec1f56da4691882bc7dbe52593dc597fc62f6ae925c0f6ac72f1c6b,True,FORBIDDEN,0901433cbfe906073eae45118a1466e03afab04a766a3061a988ffe089ba4e01,9548a24a4faf5db17b5251df407b4402de033ae8648ec321c850fe6105002cf1,8128818d8ea8f5c3517d04da28955f010269df61e756429957a0a032386f6c51
31,endpoint,target-a,fixture-bank-14,fixture-base-14,86a59d2849e34c3a9889d58bb3b67b946ca9eb639083798f219989137e7f4536,d3ac0ba45cb8ca4a3062283c82745f423da87b60b62b7768857a4ffa9f3e71be,0,0,target-a:fixture-bank-14:p0004,-0.08960403501987457,-0.17486682534217834,0.34321343898773193,0.509199857711792,-1.7443174123764038,0.6447368421052628,-1.3552631578947367,1.3901769764028054,False,0.25,low,csi-pairs-v6-software-fixture,ded1ec639ff3e6fd5eba769d42db1ed36222a48af333a30a670254b30b164b74,620f300cbec1f56da4691882bc7dbe52593dc597fc62f6ae925c0f6ac72f1c6b,True,FORBIDDEN,0901433cbfe906073eae45118a1466e03afab04a766a3061a988ffe089ba4e01,9548a24a4faf5db17b5251df407b4402de033ae8648ec321c850fe6105002cf1,8128818d8ea8f5c3517d04da28955f010269df61e756429957a0a032386f6c51
31,endpoint,target-a,fixture-bank-14,fixture-base-14,86a59d2849e34c3a9889d58bb3b67b946ca9eb639083798f219989137e7f4536,d3ac0ba45cb8ca4a3062283c82745f423da87b60b62b7768857a4ffa9f3e71be,0,0,target-a:fixture-bank-14:p0005,-0.09075628221035004,-0.17304891347885132,0.3428340554237366,0.5066213607788086,-1.7505000829696655,-1.3552631578947367,0.6447368421052628,1.5059054355069474,False,0.25,low,csi-pairs-v6-software-fixture,ded1ec639ff3e6fd5eba769d42db1ed36222a48af333a30a670254b30b164b74,620f300cbec1f56da4691882bc7dbe52593dc597fc62f6ae925c0f6ac72f1c6b,True,FORBIDDEN,0901433cbfe906073eae45118a1466e03afab04a766a3061a988ffe089ba4e01,9548a24a4faf5db17b5251df407b4402de033ae8648ec321c850fe6105002cf1,8128818d8ea8f5c3517d04da28955f010269df61e756429957a0a032386f6c51
31,endpoint,target-a,fixture-bank-14,fixture-base-14,86a59d2849e34c3a9889d58bb3b67b946ca9eb639083798f219989137e7f4536,d3ac0ba45cb8ca4a3062283c82745f423da87b60b62b7768857a4ffa9f3e71be,0,0,target-a:fixture-bank-14:p0006,-0.08813999593257904,-0.17659279704093933,0.3443346917629242,0.5119122862815857,-1.7357430458068848,1.6447368421052628,-0.3552631578947367,1.7420634987438475,False,0.25,low,csi-pairs-v6-software-fixture,ded1ec639ff3e6fd5eba769d42db1ed36222a48af333a30a670254b30b164b74,620f300cbec1f56da4691882bc7dbe52593dc597fc62f6ae925c0f6ac72f1c6b,True,FORBIDDEN,0901433cbfe906073eae45118a1466e03afab04a766a3061a988ffe089ba4e01,9548a24a4faf5db17b5251df407b4402de033ae8648ec321c850fe6105002cf1,8128818d8ea8f5c3517d04da28955f010269df61e756429957a0a032386f6c51
31,endpoint,target-a,fixture-bank-14,fixture-base-14,86a59d2849e34c3a9889d58bb3b67b946ca9eb639083798f219989137e7f4536,d3ac0ba45cb8ca4a3062283c82745f423da87b60b62b7768857a4ffa9f3e71be,0,0,target-a:fixture-bank-14:p0007,-0.0886223316192627,-0.1751718372106552,0.34520378708839417,0.5131481289863586,-1.7308111190795898,-1.3552631578947367,2.644736842105263,3.091320744029817,True,0.25,low,csi-pairs-v6-software-fixture,ded1ec639ff3e6fd5eba769d42db1ed36222a48af333a30a670254b30b164b74,620f300cbec1f56da4691882bc7dbe52593dc597fc62f6ae925c0f6ac72f1c6b,True,FORBIDDEN,0901433cbfe906073eae45118a1466e03afab04a766a3061a988ffe089ba4e01,9548a24a4faf5db17b5251df407b4402de033ae8648ec321c850fe6105002cf1,8128818d8ea8f5c3517d04da28955f010269df61e756429957a0a032386f6c51
31,endpoint,target-a,fixture-bank-16,fixture-base-16,e23949edbfe2dbe6dc73b97687bd3eed5fbc5d7bd72ecd8b2badea6dfbfe472e,2b37638d300a790f3426572fa00b7bf61aa934746cb588d9fb5347ccf44b354c,0,0,target-a:fixture-bank-16:p0004,-0.09058545529842377,-0.17407995462417603,0.3421115279197693,0.5086681246757507,-1.7485779523849487,0.6973684210526319,-1.3026315789473681,1.3764083987026416,False,0.26126126126126126,low,csi-pairs-v6-software-fixture,ded1ec639ff3e6fd5eba769d42db1ed36222a48af333a30a670254b30b164b74,620f300cbec1f56da4691882bc7dbe52593dc597fc62f6ae925c0f6ac72f1c6b,True,FORBIDDEN,0901433cbfe906073eae45118a1466e03afab04a766a3061a988ffe089ba4e01,9548a24a4faf5db17b5251df407b4402de033ae8648ec321c850fe6105002cf1,8128818d8ea8f5c3517d04da28955f010269df61e756429957a0a032386f6c51
31,endpoint,target-a,fixture-bank-16,fixture-base-16,e23949edbfe2dbe6dc73b97687bd3eed5fbc5d7bd72ecd8b2badea6dfbfe472e,2b37638d300a790f3426572fa00b7bf61aa934746cb588d9fb5347ccf44b354c,0,0,target-a:fixture-bank-16:p0005,-0.08845516294240952,-0.17260843515396118,0.34530001878738403,0.5096449851989746,-1.7373825311660767,-1.3026315789473681,0.6973684210526319,1.493681391568414,False,0.26126126126126126,low,csi-pairs-v6-software-fixture,ded1ec639ff3e6fd5eba769d42db1ed36222a48af333a30a670254b30b164b74,620f300cbec1f56da4691882bc7dbe52593dc597fc62f6ae925c0f6ac72f1c6b,True,FORBIDDEN,0901433cbfe906073eae45118a1466e03afab04a766a3061a988ffe089ba4e01,9548a24a4faf5db17b5251df407b4402de033ae8648ec321c850fe6105002cf1,8128818d8ea8f5c3517d04da28955f010269df61e756429957a0a032386f6c51
31,endpoint,target-a,fixture-bank-16,fixture-base-16,e23949edbfe2dbe6dc73b97687bd3eed5fbc5d7bd72ecd8b2badea6dfbfe472e,2b37638d300a790f3426572fa00b7bf61aa934746cb588d9fb5347ccf44b354c,0,0,target-a:fixture-bank-16:p0006,-0.08733311295509338,-0.18040260672569275,0.34754616022109985,0.5164493322372437,-1.7176358699798584,1.6973684210526319,-0.30263157894736814,1.7888821892846647,False,0.26126126126126126,low,csi-pairs-v6-software-fixture,ded1ec639ff3e6fd5eba769d42db1ed36222a48af333a30a670254b30b164b74,620f300cbec1f56da4691882bc7dbe52593dc597fc62f6ae925c0f6ac72f1c6b,True,FORBIDDEN,0901433cbfe906073eae45118a1466e03afab04a766a3061a988ffe089ba4e01,9548a24a4faf5db17b5251df407b4402de033ae8648ec321c850fe6105002cf1,8128818d8ea8f5c3517d04da28955f010269df61e756429957a0a032386f6c51
31,endpoint,target-a,fixture-bank-16,fixture-base-16,e23949edbfe2dbe6dc73b97687bd3eed5fbc5d7bd72ecd8b2badea6dfbfe472e,2b37638d300a790f3426572fa00b7bf61aa934746cb588d9fb5347ccf44b354c,0,0,target-a:fixture-bank-16:p0007,-0.08899220079183578,-0.17939600348472595,0.34419041872024536,0.5099208354949951,-1.7400600910186768,-0.30263157894736814,1.6973684210526319,1.8888849856748087,False,0.26126126126126126,low,csi-pairs-v6-software-fixture,ded1ec639ff3e6fd5eba769d42db1ed36222a48af333a30a670254b30b164b74,620f300cbec1f56da4691882bc7dbe52593dc597fc62f6ae925c0f6ac72f1c6b,True,FORBIDDEN,0901433cbfe906073eae45118a1466e03afab04a766a3061a988ffe089ba4e01,9548a24a4faf5db17b5251df407b4402de033ae8648ec321c850fe6105002cf1,8128818d8ea8f5c3517d04da28955f010269df61e756429957a0a032386f6c51
31,endpoint,target-a,fixture-bank-14,fixture-base-14,86a59d2849e34c3a9889d58bb3b67b946ca9eb639083798f219989137e7f4536,d3ac0ba45cb8ca4a3062283c82745f423da87b60b62b7768857a4ffa9f3e71be,2,0,target-a:fixture-bank-14:p0004,-0.10365946590900421,-0.19291464984416962,0.3557088375091553,0.5206790566444397,-1.6862642765045166,0.6447368421052628,-1.3552631578947367,1.3824438824114218,False,0.25,low,csi-pairs-v6-software-fixture,ded1ec639ff3e6fd5eba769d42db1ed36222a48af333a30a670254b30b164b74,620f300cbec1f56da4691882bc7dbe52593dc597fc62f6ae925c0f6ac72f1c6b,True,FORBIDDEN,0901433cbfe906073eae45118a1466e03afab04a766a3061a988ffe089ba4e01,9548a24a4faf5db17b5251df407b4402de033ae8648ec321c850fe6105002cf1,8128818d8ea8f5c3517d04da28955f010269df61e756429957a0a032386f6c51
31,endpoint,target-a,fixture-bank-14,fixture-base-14,86a59d2849e34c3a9889d58bb3b67b946ca9eb639083798f219989137e7f4536,d3ac0ba45cb8ca4a3062283c82745f423da87b60b62b7768857a4ffa9f3e71be,2,0,target-a:fixture-bank-14:p0005,-0.1045580804347992,-0.19089576601982117,0.3550397753715515,0.518349289894104,-1.692631483078003,-1.3552631578947367,0.6447368421052628,1.5041758695531577,False,0.25,low,csi-pairs-v6-software-fixture,ded1ec639ff3e6fd5eba769d42db1ed36222a48af333a30a670254b30b164b74,620f300cbec1f56da4691882bc7dbe52593dc597fc62f6ae925c0f6ac72f1c6b,True,FORBIDDEN,0901433cbfe906073eae45118a1466e03afab04a766a3061a988ffe089ba4e01,9548a24a4faf5db17b5251df407b4402de033ae8648ec321c850fe6105002cf1,8128818d8ea8f5c3517d04da28955f010269df61e756429957a0a032386f6c51
31,endpoint,target-a,fixture-bank-14,fixture-base-14,86a59d2849e34c3a9889d58bb3b67b946ca9eb639083798f219989137e7f4536,d3ac0ba45cb8ca4a3062283c82745f423da87b60b62b7768857a4ffa9f3e71be,2,0,target-a:fixture-bank-14:p0006,-0.102834552526474,-0.19495487213134766,0.3574589192867279,0.5232833027839661,-1.6763670444488525,1.6447368421052628,-0.3552631578947367,1.7549086944395456,False,0.25,low,csi-pairs-v6-software-fixture,ded1ec639ff3e6fd5eba769d42db1ed36222a48af333a30a670254b30b164b74,620f300cbec1f56da4691882bc7dbe52593dc597fc62f6ae925c0f6ac72f1c6b,True,FORBIDDEN,0901433cbfe906073eae45118a1466e03afab04a766a3061a988ffe089ba4e01,9548a24a4faf5db17b5251df407b4402de033ae8648ec321c850fe6105002cf1,8128818d8ea8f5c3517d04da28955f010269df61e756429957a0a032386f6c51
31,endpoint,target-a,fixture-bank-14,fixture-base-14,86a59d2849e34c3a9889d58bb3b67b946ca9eb639083798f219989137e7f4536,d3ac0ba45cb8ca4a3062283c82745f423da87b60b62b7768857a4ffa9f3e71be,2,0,target-a:fixture-bank-14:p0007,-0.10405980050563812,-0.19337758421897888,0.35852038860321045,0.5240610241889954,-1.6719168424606323,-1.3552631578947367,2.644736842105263,3.101677503940655,True,0.25,low,csi-pairs-v6-software-fixture,ded1ec639ff3e6fd5eba769d42db1ed36222a48af333a30a670254b30b164b74,620f300cbec1f56da4691882bc7dbe52593dc597fc62f6ae925c0f6ac72f1c6b,True,FORBIDDEN,0901433cbfe906073eae45118a1466e03afab04a766a3061a988ffe089ba4e01,9548a24a4faf5db17b5251df407b4402de033ae8648ec321c850fe6105002cf1,8128818d8ea8f5c3517d04da28955f010269df61e756429957a0a032386f6c51
31,endpoint,target-a,fixture-bank-16,fixture-base-16,e23949edbfe2dbe6dc73b97687bd3eed5fbc5d7bd72ecd8b2badea6dfbfe472e,2b37638d300a790f3426572fa00b7bf61aa934746cb588d9fb5347ccf44b354c,2,0,target-a:fixture-bank-16:p0004,-0.10434268414974213,-0.19209924340248108,0.35412880778312683,0.5201367139816284,-1.691758155822754,0.6973684210526319,-1.3026315789473681,1.3696798036386437,False,0.26126126126126126,low,csi-pairs-v6-software-fixture,ded1ec639ff3e6fd5eba769d42db1ed36222a48af333a30a670254b30b164b74,620f300cbec1f56da4691882bc7dbe52593dc597fc62f6ae925c0f6ac72f1c6b,True,FORBIDDEN,0901433cbfe906073eae45118a1466e03afab04a766a3061a988ffe089ba4e01,9548a24a4faf5db17b5251df407b4402de033ae8648ec321c850fe6105002cf1,8128818d8ea8f5c3517d04da28955f010269df61e756429957a0a032386f6c51
31,endpoint,target-a,fixture-bank-16,fixture-base-16,e23949edbfe2dbe6dc73b97687bd3eed5fbc5d7bd72ecd8b2badea6dfbfe472e,2b37638d300a790f3426572fa00b7bf61aa934746cb588d9fb5347ccf44b354c,2,0,target-a:fixture-bank-16:p0005,-0.1034666895866394,-0.19047173857688904,0.3584781587123871,0.520965576171875,-1.6779587268829346,-1.3026315789473681,0.6973684210526319,1.49206453644824,False,0.26126126126126126,low,csi-pairs-v6-software-fixture,ded1ec639ff3e6fd5eba769d42db1ed36222a48af333a30a670254b30b164b74,620f300cbec1f56da4691882bc7dbe52593dc597fc62f6ae925c0f6ac72f1c6b,True,FORBIDDEN,0901433cbfe906073eae45118a1466e03afab04a766a3061a988ffe089ba4e01,9548a24a4faf5db17b5251df407b4402de033ae8648ec321c850fe6105002cf1,8128818d8ea8f5c3517d04da28955f010269df61e756429957a0a032386f6c51
31,endpoint,target-a,fixture-bank-16,fixture-base-16,e23949edbfe2dbe6dc73b97687bd3eed5fbc5d7bd72ecd8b2badea6dfbfe472e,2b37638d300a790f3426572fa00b7bf61aa934746cb588d9fb5347ccf44b354c,2,0,target-a:fixture-bank-16:p0006,-0.10376196354627609,-0.19944851100444794,0.36197707056999207,0.5270251035690308,-1.6566815376281738,1.6973684210526319,-0.30263157894736814,1.8040835368229275,False,0.26126126126126126,low,csi-pairs-v6-software-fixture,ded1ec639ff3e6fd5eba769d42db1ed36222a48af333a30a670254b30b164b74,620f300cbec1f56da4691882bc7dbe52593dc597fc62f6ae925c0f6ac72f1c6b,True,FORBIDDEN,0901433cbfe906073eae45118a1466e03afab04a766a3061a988ffe089ba4e01,9548a24a4faf5db17b5251df407b4402de033ae8648ec321c850fe6105002cf1,8128818d8ea8f5c3517d04da28955f010269df61e756429957a0a032386f6c51
31,endpoint,target-a,fixture-bank-16,fixture-base-16,e23949edbfe2dbe6dc73b97687bd3eed5fbc5d7bd72ecd8b2badea6dfbfe472e,2b37638d300a790f3426572fa00b7bf61aa934746cb588d9fb5347ccf44b354c,2,0,target-a:fixture-bank-16:p0007,-0.10345779359340668,-0.19801394641399384,0.35727372765541077,0.5215666890144348,-1.6801711320877075,-0.30263157894736814,1.6973684210526319,1.9058185946400084,False,0.26126126126126126,low,csi-pairs-v6-software-fixture,ded1ec639ff3e6fd5eba769d42db1ed36222a48af333a30a670254b30b164b74,620f300cbec1f56da4691882bc7dbe52593dc597fc62f6ae925c0f6ac72f1c6b,True,FORBIDDEN,0901433cbfe906073eae45118a1466e03afab04a766a3061a988ffe089ba4e01,9548a24a4faf5db17b5251df407b4402de033ae8648ec321c850fe6105002cf1,8128818d8ea8f5c3517d04da28955f010269df61e756429957a0a032386f6c51
31,endpoint,target-a,fixture-bank-14,fixture-base-14,86a59d2849e34c3a9889d58bb3b67b946ca9eb639083798f219989137e7f4536,d3ac0ba45cb8ca4a3062283c82745f423da87b60b62b7768857a4ffa9f3e71be,4,0,target-a:fixture-bank-14:p0004,-0.11123049259185791,-0.1678660809993744,0.35684797167778015,0.5147277116775513,-1.6945626735687256,0.6447368421052628,-1.3552631578947367,1.4076215504704095,False,0.25,low,csi-pairs-v6-software-fixture,ded1ec639ff3e6fd5eba769d42db1ed36222a48af333a30a670254b30b164b74,620f300cbec1f56da4691882bc7dbe52593dc597fc62f6ae925c0f6ac72f1c6b,True,FORBIDDEN,0901433cbfe906073eae45118a1466e03afab04a766a3061a988ffe089ba4e01,9548a24a4faf5db17b5251df407b4402de033ae8648ec321c850fe6105002cf1,8128818d8ea8f5c3517d04da28955f010269df61e756429957a0a032386f6c51
31,endpoint,target-a,fixture-bank-14,fixture-base-14,86a59d2849e34c3a9889d58bb3b67b946ca9eb639083798f219989137e7f4536,d3ac0ba45cb8ca4a3062283c82745f423da87b60b62b7768857a4ffa9f3e71be,4,0,target-a:fixture-bank-14:p0005,-0.11250777542591095,-0.1654149293899536,0.3564002513885498,0.5122460126876831,-1.7006511688232422,-1.3552631578947367,0.6447368421052628,1.4835049152301703,False,0.25,low,csi-pairs-v6-software-fixture,ded1ec639ff3e6fd5eba769d42db1ed36222a48af333a30a670254b30b164b74,620f300cbec1f56da4691882bc7dbe52593dc597fc62f6ae925c0f6ac72f1c6b,True,FORBIDDEN,0901433cbfe906073eae45118a1466e03afab04a766a3061a988ffe089ba4e01,9548a24a4faf5db17b5251df407b4402de033ae8648ec321c850fe6105002cf1,8128818d8ea8f5c3517d04da28955f010269df61e756429957a0a032386f6c51
31,endpoint,target-a,fixture-bank-14,fixture-base-14,86a59d2849e34c3a9889d58bb3b67b946ca9eb639083798f219989137e7f4536,d3ac0ba45cb8ca4a3062283c82745f423da87b60b62b7768857a4ffa9f3e71be,4,0,target-a:fixture-bank-14:p0006,-0.11000685393810272,-0.17057141661643982,0.35829880833625793,0.5173048377037048,-1.6855108737945557,1.6447368421052628,-0.3552631578947367,1.7644365894246075,False,0.25,low,csi-pairs-v6-software-fixture,ded1ec639ff3e6fd5eba769d42db1ed36222a48af333a30a670254b30b164b74,620f300cbec1f56da4691882bc7dbe52593dc597fc62f6ae925c0f6ac72f1c6b,True,FORBIDDEN,0901433cbfe906073eae45118a1466e03afab04a766a3061a988ffe089ba4e01,9548a24a4faf5db17b5251df407b4402de033ae8648ec321c850fe6105002cf1,8128818d8ea8f5c3517d04da28955f010269df61e756429957a0a032386f6c51
31,endpoint,target-a,fixture-bank-14,fixture-base-14,86a59d2849e34c3a9889d58bb3b67b946ca9eb639083798f219989137e7f4536,d3ac0ba45cb8ca4a3062283c82745f423da87b60b62b7768857a4ffa9f3e71be,4,0,target-a:fixture-bank-14:p0007,-0.11075252294540405,-0.1695401519536972,0.3592914938926697,0.5182454586029053,-1.6809275150299072,-1.3552631578947367,2.644736842105263,3.0771678081949845,True,0.25,low,csi-pairs-v6-software-fixture,ded1ec639ff3e6fd5eba769d42db1ed36222a48af333a30a670254b30b164b74,620f300cbec1f56da4691882bc7dbe52593dc597fc62f6ae925c0f6ac72f1c6b,True,FORBIDDEN,0901433cbfe906073eae45118a1466e03afab04a766a3061a988ffe089ba4e01,9548a24a4faf5db17b5251df407b4402de033ae8648ec321c850fe6105002cf1,8128818d8ea8f5c3517d04da28955f010269df61e756429957a0a032386f6c51
31,endpoint,target-a,fixture-bank-16,fixture-base-16,e23949edbfe2dbe6dc73b97687bd3eed5fbc5d7bd72ecd8b2badea6dfbfe472e,2b37638d300a790f3426572fa00b7bf61aa934746cb588d9fb5347ccf44b354c,4,0,target-a:fixture-bank-16:p0004,-0.11146819591522217,-0.1670781373977661,0.3553720712661743,0.5145784020423889,-1.6989973783493042,0.6973684210526319,-1.3026315789473681,1.3941658049038315,False,0.26126126126126126,low,csi-pairs-v6-software-fixture,ded1ec639ff3e6fd5eba769d42db1ed36222a48af333a30a670254b30b164b74,620f300cbec1f56da4691882bc7dbe52593dc597fc62f6ae925c0f6ac72f1c6b,True,FORBIDDEN,0901433cbfe906073eae45118a1466e03afab04a766a3061a988ffe089ba4e01,9548a24a4faf5db17b5251df407b4402de033ae8648ec321c850fe6105002cf1,8128818d8ea8f5c3517d04da28955f010269df61e756429957a0a032386f6c51
31,endpoint,target-a,fixture-bank-16,fixture-base-16,e23949edbfe2dbe6dc73b97687bd3eed5fbc5d7bd72ecd8b2badea6dfbfe472e,2b37638d300a790f3426572fa00b7bf61aa934746cb588d9fb5347ccf44b354c,4,0,target-a:fixture-bank-16:p0005,-0.11151856184005737,-0.16559144854545593,0.3595028221607208,0.5144731998443604,-1.6876450777053833,-1.3026315789473681,0.6973684210526319,1.470867076271418,False,0.26126126126126126,low,csi-pairs-v6-software-fixture,ded1ec639ff3e6fd5eba769d42db1ed36222a48af333a30a670254b30b164b74,620f300cbec1f56da4691882bc7dbe52593dc597fc62f6ae925c0f6ac72f1c6b,True,FORBIDDEN,0901433cbfe906073eae45118a1466e03afab04a766a3061a988ffe089ba4e01,9548a24a4faf5db17b5251df407b4402de033ae8648ec321c850fe6105002cf1,8128818d8ea8f5c3517d04da28955f010269df61e756429957a0a032386f6c51
31,endpoint,target-a,fixture-bank-16,fixture-base-16,e23949edbfe2dbe6dc73b97687bd3eed5fbc5d7bd72ecd8b2badea6dfbfe472e,2b37638d300a790f3426572fa00b7bf61aa934746cb588d9fb5347ccf44b354c,4,0,target-a:fixture-bank-16:p0006,-0.10987518727779388,-0.1767382025718689,0.3623482286930084,0.5211231708526611,-1.6669185161590576,1.6973684210526319,-0.30263157894736814,1.811623195387606,False,0.26126126126126126,low,csi-pairs-v6-software-fixture,ded1ec639ff3e6fd5eba769d42db1ed36222a48af333a30a670254b30b164b74,620f300cbec1f56da4691882bc7dbe52593dc597fc62f6ae925c0f6ac72f1c6b,True,FORBIDDEN,0901433cbfe906073eae45118a1466e03afab04a766a3061a988ffe089ba4e01,9548a24a4faf5db17b5251df407b4402de033ae8648ec321c850fe6105002cf1,8128818d8ea8f5c3517d04da28955f010269df61e756429957a0a032386f6c51
31,endpoint,target-a,fixture-bank-16,fixture-base-16,e23949edbfe2dbe6dc73b97687bd3eed5fbc5d7bd72ecd8b2badea6dfbfe472e,2b37638d300a790f3426572fa00b7bf61aa934746cb588d9fb5347ccf44b354c,4,0,target-a:fixture-bank-16:p0007,-0.1106659471988678,-0.17358429729938507,0.3581949770450592,0.5154895186424255,-1.6893161535263062,-0.30263157894736814,1.6973684210526319,1.8807750737611881,False,0.26126126126126126,low,csi-pairs-v6-software-fixture,ded1ec639ff3e6fd5eba769d42db1ed36222a48af333a30a670254b30b164b74,620f300cbec1f56da4691882bc7dbe52593dc597fc62f6ae925c0f6ac72f1c6b,True,FORBIDDEN,0901433cbfe906073eae45118a1466e03afab04a766a3061a988ffe089ba4e01,9548a24a4faf5db17b5251df407b4402de033ae8648ec321c850fe6105002cf1,8128818d8ea8f5c3517d04da28955f010269df61e756429957a0a032386f6c51
31,endpoint,target-a,fixture-bank-14,fixture-base-14,86a59d2849e34c3a9889d58bb3b67b946ca9eb639083798f219989137e7f4536,d3ac0ba45cb8ca4a3062283c82745f423da87b60b62b7768857a4ffa9f3e71be,2,1,target-a:fixture-bank-14:p0004,-0.10427269339561462,-0.14447692036628723,0.3519270718097687,0.5216777324676514,-1.6950366497039795,0.6447368421052628,-1.3552631578947367,1.4237340331886217,False,0.25,low,csi-pairs-v6-software-fixture,ded1ec639ff3e6fd5eba769d42db1ed36222a48af333a30a670254b30b164b74,620f300cbec1f56da4691882bc7dbe52593dc597fc62f6ae925c0f6ac72f1c6b,True,FORBIDDEN,0901433cbfe906073eae45118a1466e03afab04a766a3061a988ffe089ba4e01,9548a24a4faf5db17b5251df407b4402de033ae8648ec321c850fe6105002cf1,8128818d8ea8f5c3517d04da28955f010269df61e756429957a0a032386f6c51
31,endpoint,target-a,fixture-bank-14,fixture-base-14,86a59d2849e34c3a9889d58bb3b67b946ca9eb639083798f219989137e7f4536,d3ac0ba45cb8ca4a3062283c82745f423da87b60b62b7768857a4ffa9f3e71be,2,1,target-a:fixture-bank-14:p0005,-0.10539836436510086,-0.14236068725585938,0.3515925109386444,0.5194258093833923,-1.7003135681152344,-1.3552631578947367,0.6447368421052628,1.4770526472781063,False,0.25,low,csi-pairs-v6-software-fixture,ded1ec639ff3e6fd5eba769d42db1ed36222a48af333a30a670254b30b164b74,620f300cbec1f56da4691882bc7dbe52593dc597fc62f6ae925c0f6ac72f1c6b,True,FORBIDDEN,0901433cbfe906073eae45118a1466e03afab04a766a3061a988ffe089ba4e01,9548a24a4faf5db17b5251df407b4402de033ae8648ec321c850fe6105002cf1,8128818d8ea8f5c3517d04da28955f010269df61e756429957a0a032386f6c51
31,endpoint,target-a,fixture-bank-14,fixture-base-14,86a59d2849e34c3a9889d58bb3b67b946ca9eb639083798f219989137e7f4536,d3ac0ba45cb8ca4a3062283c82745f423da87b60b62b7768857a4ffa9f3e71be,2,1,target-a:fixture-bank-14:p0006,-0.10291212797164917,-0.14602379500865936,0.3530119061470032,0.5242322683334351,-1.6870739459991455,1.6447368421052628,-0.3552631578947367,1.760130118369623,False,0.25,low,csi-pairs-v6-software-fixture,ded1ec639ff3e6fd5eba769d42db1ed36222a48af333a30a670254b30b164b74,620f300cbec1f56da4691882bc7dbe52593dc597fc62f6ae925c0f6ac72f1c6b,True,FORBIDDEN,0901433cbfe906073eae45118a1466e03afab04a766a3061a988ffe089ba4e01,9548a24a4faf5db17b5251df407b4402de033ae8648ec321c850fe6105002cf1,8128818d8ea8f5c3517d04da28955f010269df61e756429957a0a032386f6c51
31,endpoint,target-a,fixture-bank-14,fixture-base-14,86a59d2849e34c3a9889d58bb3b67b946ca9eb639083798f219989137e7f4536,d3ac0ba45cb8ca4a3062283c82745f423da87b60b62b7768857a4ffa9f3e71be,2,1,target-a:fixture-bank-14:p0007,-0.10375295579433441,-0.14534075558185577,0.3538007140159607,0.5250150561332703,-1.683349847793579,-1.3552631578947367,2.644736842105263,3.0579095452738483,True,0.25,low,csi-pairs-v6-software-fixture,ded1ec639ff3e6fd5eba769d42db1ed36222a48af333a30a670254b30b164b74,620f300cbec1f56da4691882bc7dbe52593dc597fc62f6ae925c0f6ac72f1c6b,True,FORBIDDEN,0901433cbfe906073eae45118a1466e03afab04a766a3061a988ffe089ba4e01,9548a24a4faf5db17b5251df407b4402de033ae8648ec321c850fe6105002cf1,8128818d8ea8f5c3517d04da28955f010269df61e756429957a0a032386f6c51
31,endpoint,target-a,fixture-bank-16,fixture-base-16,e23949edbfe2dbe6dc73b97687bd3eed5fbc5d7bd72ecd8b2badea6dfbfe472e,2b37638d300a790f3426572fa00b7bf61aa934746cb588d9fb5347ccf44b354c,2,1,target-a:fixture-bank-16:p0004,-0.10463552922010422,-0.14419707655906677,0.35073909163475037,0.5210223197937012,-1.6996750831604004,0.6973684210526319,-1.3026315789473681,1.4089644539791288,False,0.26126126126126126,low,csi-pairs-v6-software-fixture,ded1ec639ff3e6fd5eba769d42db1ed36222a48af333a30a670254b30b164b74,620f300cbec1f56da4691882bc7dbe52593dc597fc62f6ae925c0f6ac72f1c6b,True,FORBIDDEN,0901433cbfe906073eae45118a1466e03afab04a766a3061a988ffe089ba4e01,9548a24a4faf5db17b5251df407b4402de033ae8648ec321c850fe6105002cf1,8128818d8ea8f5c3517d04da28955f010269df61e756429957a0a032386f6c51
31,endpoint,target-a,fixture-bank-16,fixture-base-16,e23949edbfe2dbe6dc73b97687bd3eed5fbc5d7bd72ecd8b2badea6dfbfe472e,2b37638d300a790f3426572fa00b7bf61aa934746cb588d9fb5347ccf44b354c,2,1,target-a:fixture-bank-16:p0005,-0.10436864197254181,-0.14183811843395233,0.3541191518306732,0.5221691727638245,-1.6878855228424072,-1.3026315789473681,0.6973684210526319,1.4629086376273073,False,0.26126126126126126,low,csi-pairs-v6-software-fixture,ded1ec639ff3e6fd5eba769d42db1ed36222a48af333a30a670254b30b164b74,620f300cbec1f56da4691882bc7dbe52593dc597fc62f6ae925c0f6ac72f1c6b,True,FORBIDDEN,0901433cbfe906073eae45118a1466e03afab04a766a3061a988ffe089ba4e01,9548a24a4faf5db17b5251df407b4402de033ae8648ec321c850fe6105002cf1,8128818d8ea8f5c3517d04da28955f010269df61e756429957a0a032386f6c51
31,endpoint,target-a,fixture-bank-16,fixture-base-16,e23949edbfe2dbe6dc73b97687bd3eed5fbc5d7bd72ecd8b2badea6dfbfe472e,2b37638d300a790f3426572fa00b7bf61aa934746cb588d9fb5347ccf44b354c,2,1,target-a:fixture-bank-16:p0006,-0.10241483151912689,-0.15022706985473633,0.3560410141944885,0.5281722545623779,-1.6710422039031982,1.6973684210526319,-0.30263157894736814,1.8062244851151656,False,0.26126126126126126,low,csi-pairs-v6-software-fixture,ded1ec639ff3e6fd5eba769d42db1ed36222a48af333a30a670254b30b164b74,620f300cbec1f56da4691882bc7dbe52593dc597fc62f6ae925c0f6ac72f1c6b,True,FORBIDDEN,0901433cbfe906073eae45118a1466e03afab04a766a3061a988ffe089ba4e01,9548a24a4faf5db17b5251df407b4402de033ae8648ec321c850fe6105002cf1,8128818d8ea8f5c3517d04da28955f010269df61e756429957a0a032386f6c51
31,endpoint,target-a,fixture-bank-16,fixture-base-16,e23949edbfe2dbe6dc73b97687bd3eed5fbc5d7bd72ecd8b2badea6dfbfe472e,2b37638d300a790f3426572fa00b7bf61aa934746cb588d9fb5347ccf44b354c,2,1,target-a:fixture-bank-16:p0007,-0.10329610109329224,-0.1482793092727661,0.352829247713089,0.5225266218185425,-1.6908503770828247,-0.30263157894736814,1.6973684210526319,1.8563809353649927,False,0.26126126126126126,low,csi-pairs-v6-software-fixture,ded1ec639ff3e6fd5eba769d42db1ed36222a48af333a30a670254b30b164b74,620f300cbec1f56da4691882bc7dbe52593dc597fc62f6ae925c0f6ac72f1c6b,True,FORBIDDEN,0901433cbfe906073eae45118a1466e03afab04a766a3061a988ffe089ba4e01,9548a24a4faf5db17b5251df407b4402de033ae8648ec321c850fe6105002cf1,8128818d8ea8f5c3517d04da28955f010269df61e756429957a0a032386f6c51
31,endpoint,target-a,fixture-bank-14,fixture-base-14,86a59d2849e34c3a9889d58bb3b67b946ca9eb639083798f219989137e7f4536,d3ac0ba45cb8ca4a3062283c82745f423da87b60b62b7768857a4ffa9f3e71be,4,1,target-a:fixture-bank-14:p0004,-0.11075189709663391,-0.1601020097732544,0.3567754626274109,0.5131983160972595,-1.6977416276931763,0.6447368421052628,-1.3552631578947367,1.4139212867199968,False,0.25,low,csi-pairs-v6-software-fixture,ded1ec639ff3e6fd5eba769d42db1ed36222a48af333a30a670254b30b164b74,620f300cbec1f56da4691882bc7dbe52593dc597fc62f6ae925c0f6ac72f1c6b,True,FORBIDDEN,0901433cbfe906073eae45118a1466e03afab04a766a3061a988ffe089ba4e01,9548a24a4faf5db17b5251df407b4402de033ae8648ec321c850fe6105002cf1,8128818d8ea8f5c3517d04da28955f010269df61e756429957a0a032386f6c51
31,endpoint,target-a,fixture-bank-14,fixture-base-14,86a59d2849e34c3a9889d58bb3b67b946ca9eb639083798f219989137e7f4536,d3ac0ba45cb8ca4a3062283c82745f423da87b60b62b7768857a4ffa9f3e71be,4,1,target-a:fixture-bank-14:p0005,-0.1119050681591034,-0.15812642872333527,0.35660240054130554,0.5107518434524536,-1.703005313873291,-1.3552631578947367,0.6447368421052628,1.4800435030622032,False,0.25,low,csi-pairs-v6-software-fixture,ded1ec639ff3e6fd5eba769d42db1ed36222a48af333a30a670254b30b164b74,620f300cbec1f56da4691882bc7dbe52593dc597fc62f6ae925c0f6ac72f1c6b,True,FORBIDDEN,0901433cbfe906073eae45118a1466e03afab04a766a3061a988ffe089ba4e01,9548a24a4faf5db17b5251df407b4402de033ae8648ec321c850fe6105002cf1,8128818d8ea8f5c3517d04da28955f010269df61e756429957a0a032386f6c51
31,endpoint,target-a,fixture-bank-14,fixture-base-14,86a59d2849e34c3a9889d58bb3b67b946ca9eb639083798f219989137e7f4536,d3ac0ba45cb8ca4a3062283c82745f423da87b60b62b7768857a4ffa9f3e71be,4,1,target-a:fixture-bank-14:p0006,-0.10932037234306335,-0.16177040338516235,0.3577460050582886,0.5158544182777405,-1.6898627281188965,1.6447368421052628,-0.3552631578947367,1.764697185810054,False,0.25,low,csi-pairs-v6-software-fixture,ded1ec639ff3e6fd5eba769d42db1ed36222a48af333a30a670254b30b164b74,620f300cbec1f56da4691882bc7dbe52593dc597fc62f6ae925c0f6ac72f1c6b,True,FORBIDDEN,0901433cbfe906073eae45118a1466e03afab04a766a3061a988ffe089ba4e01,9548a24a4faf5db17b5251df407b4402de033ae8648ec321c850fe6105002cf1,8128818d8ea8f5c3517d04da28955f010269df61e756429957a0a032386f6c51
31,endpoint,target-a,fixture-bank-14,fixture-base-14,86a59d2849e34c3a9889d58bb3b67b946ca9eb639083798f219989137e7f4536,d3ac0ba45cb8ca4a3062283c82745f423da87b60b62b7768857a4ffa9f3e71be,4,1,target-a:fixture-bank-14:p0007,-0.10996854305267334,-0.16084492206573486,0.3584465980529785,0.5169930458068848,-1.6857013702392578,-1.3552631578947367,2.644736842105263,3.069535423024711,True,0.25,low,csi-pairs-v6-software-fixture,ded1ec639ff3e6fd5eba769d42db1ed36222a48af333a30a670254b30b164b74,620f300cbec1f56da4691882bc7dbe52593dc597fc62f6ae925c0f6ac72f1c6b,True,FORBIDDEN,0901433cbfe906073eae45118a1466e03afab04a766a3061a988ffe089ba4e01,9548a24a4faf5db17b5251df407b4402de033ae8648ec321c850fe6105002cf1,8128818d8ea8f5c3517d04da28955f010269df61e756429957a0a032386f6c51
31,endpoint,target-a,fixture-bank-16,fixture-base-16,e23949edbfe2dbe6dc73b97687bd3eed5fbc5d7bd72ecd8b2badea6dfbfe472e,2b37638d300a790f3426572fa00b7bf61aa934746cb588d9fb5347ccf44b354c,4,1,target-a:fixture-bank-16:p0004,-0.11055827140808105,-0.15955957770347595,0.35547879338264465,0.5129408836364746,-1.701884388923645,0.6973684210526319,-1.3026315789473681,1.3997711028658306,False,0.26126126126126126,low,csi-pairs-v6-software-fixture,ded1ec639ff3e6fd5eba769d42db1ed36222a48af333a30a670254b30b164b74,620f300cbec1f56da4691882bc7dbe52593dc597fc62f6ae925c0f6ac72f1c6b,True,FORBIDDEN,0901433cbfe906073eae45118a1466e03afab04a766a3061a988ffe089ba4e01,9548a24a4faf5db17b5251df407b4402de033ae8648ec321c850fe6105002cf1,8128818d8ea8f5c3517d04da28955f010269df61e756429957a0a032386f6c51
31,endpoint,target-a,fixture-bank-16,fixture-base-16,e23949edbfe2dbe6dc73b97687bd3eed5fbc5d7bd72ecd8b2badea6dfbfe472e,2b37638d300a790f3426572fa00b7bf61aa934746cb588d9fb5347ccf44b354c,4,1,target-a:fixture-bank-16:p0005,-0.11151081323623657,-0.1577828824520111,0.3591243624687195,0.5132771730422974,-1.6910258531570435,-1.3026315789473681,0.6973684210526319,1.4663057083684705,False,0.26126126126126126,low,csi-pairs-v6-software-fixture,ded1ec639ff3e6fd5eba769d42db1ed36222a48af333a30a670254b30b164b74,620f300cbec1f56da4691882bc7dbe52593dc597fc62f6ae925c0f6ac72f1c6b,True,FORBIDDEN,0901433cbfe906073eae45118a1466e03afab04a766a3061a988ffe089ba4e01,9548a24a4faf5db17b5251df407b4402de033ae8648ec321c850fe6105002cf1,8128818d8ea8f5c3517d04da28955f010269df61e756429957a0a032386f6c51
31,endpoint,target-a,fixture-bank-16,fixture-base-16,e23949edbfe2dbe6dc73b97687bd3eed5fbc5d7bd72ecd8b2badea6dfbfe472e,2b37638d300a790f3426572fa00b7bf61aa934746cb588d9fb5347ccf44b354c,4,1,target-a:fixture-bank-16:p0006,-0.10871106386184692,-0.16608181595802307,0.3605666756629944,0.5200140476226807,-1.6739778518676758,1.6973684210526319,-0.30263157894736814,1.8112340940920353,False,0.26126126126126126,low,csi-pairs-v6-software-fixture,ded1ec639ff3e6fd5eba769d42db1ed36222a48af333a30a670254b30b164b74,620f300cbec1f56da4691882bc7dbe52593dc597fc62f6ae925c0f6ac72f1c6b,True,FORBIDDEN,0901433cbfe906073eae45118a1466e03afab04a766a3061a988ffe089ba4e01,9548a24a4faf5db17b5251df407b4402de033ae8648ec321c850fe6105002cf1,8128818d8ea8f5c3517d04da28955f010269df61e756429957a0a032386f6c51
31,endpoint,target-a,fixture-bank-16,fixture-base-16,e23949edbfe2dbe6dc73b97687bd3eed5fbc5d7bd72ecd8b2badea6dfbfe472e,2b37638d300a790f3426572fa00b7bf61aa934746cb588d9fb5347ccf44b354c,4,1,target-a:fixture-bank-16:p0007,-0.10961839556694031,-0.16440482437610626,0.3576706349849701,0.5139313340187073,-1.6938083171844482,-0.30263157894736814,1.6973684210526319,1.8717515076400775,False,0.26126126126126126,low,csi-pairs-v6-software-fixture,ded1ec639ff3e6fd5eba769d42db1ed36222a48af333a30a670254b30b164b74,620f300cbec1f56da4691882bc7dbe52593dc597fc62f6ae925c0f6ac72f1c6b,True,FORBIDDEN,0901433cbfe906073eae45118a1466e03afab04a766a3061a988ffe089ba4e01,9548a24a4faf5db17b5251df407b4402de033ae8648ec321c850fe6105002cf1,8128818d8ea8f5c3517d04da28955f010269df61e756429957a0a032386f6c51
31,endpoint,target-b,fixture-bank-15,fixture-base-15,e23949edbfe2dbe6dc73b97687bd3eed5fbc5d7bd72ecd8b2badea6dfbfe472e,234b78d61b49dc10d04ca8d24378f3b96eae7ef419b9bbe2bb61b3933c753b5d,0,0,target-b:fixture-bank-15:p0004,-0.08385998010635376,-0.1954180896282196,0.34325745701789856,0.5185450911521912,-1.726002812385559,-2.3289473684210527,-0.32894736842105265,2.24905479023181,True,0.23393574297188752,low,csi-pairs-v6-software-fixture,ded1ec639ff3e6fd5eba769d42db1ed36222a48af333a30a670254b30b164b74,620f300cbec1f56da4691882bc7dbe52593dc597fc62f6ae925c0f6ac72f1c6b,True,FORBIDDEN,0901433cbfe906073eae45118a1466e03afab04a766a3061a988ffe089ba4e01,9548a24a4faf5db17b5251df407b4402de033ae8648ec321c850fe6105002cf1,8128818d8ea8f5c3517d04da28955f010269df61e756429957a0a032386f6c51
31,endpoint,target-b,fixture-bank-15,fixture-base-15,e23949edbfe2dbe6dc73b97687bd3eed5fbc5d7bd72ecd8b2badea6dfbfe472e,234b78d61b49dc10d04ca8d24378f3b96eae7ef419b9bbe2bb61b3933c753b5d,0,0,target-b:fixture-bank-15:p0005,-0.08526977151632309,-0.18413935601711273,0.3439004421234131,0.5145503282546997,-1.7318649291992188,1.671052631578947,-2.3289473684210527,2.772159770591602,True,0.23393574297188752,low,csi-pairs-v6-software-fixture,ded1ec639ff3e6fd5eba769d42db1ed36222a48af333a30a670254b30b164b74,620f300cbec1f56da4691882bc7dbe52593dc597fc62f6ae925c0f6ac72f1c6b,True,FORBIDDEN,0901433cbfe906073eae45118a1466e03afab04a766a3061a988ffe089ba4e01,9548a24a4faf5db17b5251df407b4402de033ae8648ec321c850fe6105002cf1,8128818d8ea8f5c3517d04da28955f010269df61e756429957a0a032386f6c51
31,endpoint,target-b,fixture-bank-15,fixture-base-15,e23949edbfe2dbe6dc73b97687bd3eed5fbc5d7bd72ecd8b2badea6dfbfe472e,234b78d61b49dc10d04ca8d24378f3b96eae7ef419b9bbe2bb61b3933c753b5d,0,0,target-b:fixture-bank-15:p0006,-0.08716718852519989,-0.1754978448152542,0.34720394015312195,0.5185778141021729,-1.7145081758499146,-0.32894736842105265,1.671052631578947,1.8623120891145293,False,0.23393574297188752,low,csi-pairs-v6-software-fixture,ded1ec639ff3e6fd5eba769d42db1ed36222a48af333a30a670254b30b164b74,620f300cbec1f56da4691882bc7dbe52593dc597fc62f6ae925c0f6ac72f1c6b,True,FORBIDDEN,0901433cbfe906073eae45118a1466e03afab04a766a3061a988ffe089ba4e01,9548a24a4faf5db17b5251df407b4402de033ae8648ec321c850fe6105002cf1,8128818d8ea8f5c3517d04da28955f010269df61e756429957a0a032386f6c51
31,endpoint,target-b,fixture-bank-15,fixture-base-15,e23949edbfe2dbe6dc73b97687bd3eed5fbc5d7bd72ecd8b2badea6dfbfe472e,234b78d61b49dc10d04ca8d24378f3b96eae7ef419b9bbe2bb61b3933c753b5d,0,0,target-b:fixture-bank-15:p0007,-0.084482342004776,-0.17804598808288574,0.34820646047592163,0.5173097252845764,-1.7140731811523438,2.671052631578947,-0.32894736842105265,2.759663786991273,True,0.23393574297188752,low,csi-pairs-v6-software-fixture,ded1ec639ff3e6fd5eba769d42db1ed36222a48af333a30a670254b30b164b74,620f300cbec1f56da4691882bc7dbe52593dc597fc62f6ae925c0f6ac72f1c6b,True,FORBIDDEN,0901433cbfe906073eae45118a1466e03afab04a766a3061a988ffe089ba4e01,9548a24a4faf5db17b5251df407b4402de033ae8648ec321c850fe6105002cf1,8128818d8ea8f5c3517d04da28955f010269df61e756429957a0a032386f6c51
31,endpoint,target-b,fixture-bank-17,fixture-base-17,86a59d2849e34c3a9889d58bb3b67b946ca9eb639083798f219989137e7f4536,b8fec4fd063826ac29c6cc8d291ad3a1a89347817c28241565eb44269fa8c24d,0,0,target-b:fixture-bank-17:p0004,-0.08380754292011261,-0.1937088817358017,0.33855754137039185,0.5119037628173828,-1.7526798248291016,-2.276315789473684,-0.27631578947368407,2.1940638806587724,True,0.24519700423314877,low,csi-pairs-v6-software-fixture,ded1ec639ff3e6fd5eba769d42db1ed36222a48af333a30a670254b30b164b74,620f300cbec1f56da4691882bc7dbe52593dc597fc62f6ae925c0f6ac72f1c6b,True,FORBIDDEN,0901433cbfe906073eae45118a1466e03afab04a766a3061a988ffe089ba4e01,9548a24a4faf5db17b5251df407b4402de033ae8648ec321c850fe6105002cf1,8128818d8ea8f5c3517d04da28955f010269df61e756429957a0a032386f6c51
31,endpoint,target-b,fixture-bank-17,fixture-base-17,86a59d2849e34c3a9889d58bb3b67b946ca9eb639083798f219989137e7f4536,b8fec4fd063826ac29c6cc8d291ad3a1a89347817c28241565eb44269fa8c24d,0,0,target-b:fixture-bank-17:p0005,-0.0861530601978302,-0.17852811515331268,0.3468968868255615,0.5175000429153442,-1.7174733877182007,1.723684210526316,-2.276315789473684,2.7705999482120656,True,0.24519700423314877,low,csi-pairs-v6-software-fixture,ded1ec639ff3e6fd5eba769d42db1ed36222a48af333a30a670254b30b164b74,620f300cbec1f56da4691882bc7dbe52593dc597fc62f6ae925c0f6ac72f1c6b,True,FORBIDDEN,0901433cbfe906073eae45118a1466e03afab04a766a3061a988ffe089ba4e01,9548a24a4faf5db17b5251df407b4402de033ae8648ec321c850fe6105002cf1,8128818d8ea8f5c3517d04da28955f010269df61e756429957a0a032386f6c51
31,endpoint,target-b,fixture-bank-17,fixture-base-17,86a59d2849e34c3a9889d58bb3b67b946ca9eb639083798f219989137e7f4536,b8fec4fd063826ac29c6cc8d291ad3a1a89347817c28241565eb44269fa8c24d,0,0,target-b:fixture-bank-17:p0006,-0.0897030383348465,-0.17639204859733582,0.3435375690460205,0.512013852596283,-1.7378623485565186,1.723684210526316,-0.27631578947368407,1.816138229409584,False,0.24519700423314877,low,csi-pairs-v6-software-fixture,ded1ec639ff3e6fd5eba769d42db1ed36222a48af333a30a670254b30b164b74,620f300cbec1f56da4691882bc7dbe52593dc597fc62f6ae925c0f6ac72f1c6b,True,FORBIDDEN,0901433cbfe906073eae45118a1466e03afab04a766a3061a988ffe089ba4e01,9548a24a4faf5db17b5251df407b4402de033ae8648ec321c850fe6105002cf1,8128818d8ea8f5c3517d04da28955f010269df61e756429957a0a032386f6c51
31,endpoint,target-b,fixture-bank-17,fixture-base-17,86a59d2849e34c3a9889d58bb3b67b946ca9eb639083798f219989137e7f4536,b8fec4fd063826ac29c6cc8d291ad3a1a89347817c28241565eb44269fa8c24d,0,0,target-b:fixture-bank-17:p0007,-0.08808964490890503,-0.17953749001026154,0.34400469064712524,0.5129324197769165,-1.7347111701965332,-1.276315789473684,2.723684210526316,3.13696949508499,True,0.24519700423314877,low,csi-pairs-v6-software-fixture,ded1ec639ff3e6fd5eba769d42db1ed36222a48af333a30a670254b30b164b74,620f300cbec1f56da4691882bc7dbe52593dc597fc62f6ae925c0f6ac72f1c6b,True,FORBIDDEN,0901433cbfe906073eae45118a1466e03afab04a766a3061a988ffe089ba4e01,9548a24a4faf5db17b5251df407b4402de033ae8648ec321c850fe6105002cf1,8128818d8ea8f5c3517d04da28955f010269df61e756429957a0a032386f6c51
31,endpoint,target-b,fixture-bank-15,fixture-base-15,e23949edbfe2dbe6dc73b97687bd3eed5fbc5d7bd72ecd8b2badea6dfbfe472e,234b78d61b49dc10d04ca8d24378f3b96eae7ef419b9bbe2bb61b3933c753b5d,2,0,target-b:fixture-bank-15:p0004,-0.10842792689800262,-0.20546522736549377,0.3570256531238556,0.5237160325050354,-1.676753282546997,-2.3289473684210527,-0.32894736842105265,2.223950185894797,True,0.23393574297188752,low,csi-pairs-v6-software-fixture,ded1ec639ff3e6fd5eba769d42db1ed36222a48af333a30a670254b30b164b74,620f300cbec1f56da4691882bc7dbe52593dc597fc62f6ae925c0f6ac72f1c6b,True,FORBIDDEN,0901433cbfe906073eae45118a1466e03afab04a766a3061a988ffe089ba4e01,9548a24a4faf5db17b5251df407b4402de033ae8648ec321c850fe6105002cf1,8128818d8ea8f5c3517d04da28955f010269df61e756429957a0a032386f6c51
31,endpoint,target-b,fixture-bank-15,fixture-base-15,e23949edbfe2dbe6dc73b97687bd3eed5fbc5d7bd72ecd8b2badea6dfbfe472e,234b78d61b49dc10d04ca8d24378f3b96eae7ef419b9bbe2bb61b3933c753b5d,2,0,target-b:fixture-bank-15:p0005,-0.10878048837184906,-0.19302581250667572,0.3568795919418335,0.5198447108268738,-1.684581995010376,1.671052631578947,-2.3289473684210527,2.7802817892964513,True,0.23393574297188752,low,csi-pairs-v6-software-fixture,ded1ec639ff3e6fd5eba769d42db1ed36222a48af333a30a670254b30b164b74,620f300cbec1f56da4691882bc7dbe52593dc597fc62f6ae925c0f6ac72f1c6b,True,FORBIDDEN,0901433cbfe906073eae45118a1466e03afab04a766a3061a988ffe089ba4e01,9548a24a4faf5db17b5251df407b4402de033ae8648ec321c850fe6105002cf1,8128818d8ea8f5c3517d04da28955f010269df61e756429957a0a032386f6c51
31,endpoint,target-b,fixture-bank-15,fixture-base-15,e23949edbfe2dbe6dc73b97687bd3eed5fbc5d7bd72ecd8b2badea6dfbfe472e,234b78d61b49dc10d04ca8d24378f3b96eae7ef419b9bbe2bb61b3933c753b5d,2,0,target-b:fixture-bank-15:p0006,-0.11031566560268402,-0.18772907555103302,0.36102521419525146,0.5228835344314575,-1.6672041416168213,-0.32894736842105265,1.671052631578947,1.871595377275308,False,0.23393574297188752,low,csi-pairs-v6-software-fixture,ded1ec639ff3e6fd5eba769d42db1ed36222a48af333a30a670254b30b164b74,620f300cbec1f56da4691882bc7dbe52593dc597fc62f6ae925c0f6ac72f1c6b,True,FORBIDDEN,0901433cbfe906073eae45118a1466e03afab04a766a3061a988ffe089ba4e01,9548a24a4faf5db17b5251df407b4402de033ae8648ec321c850fe6105002cf1,8128818d8ea8f5c3517d04da28955f010269df61e756429957a0a032386f6c51
31,endpoint,target-b,fixture-bank-15,fixture-base-15,e23949edbfe2dbe6dc73b97687bd3eed5fbc5d7bd72ecd8b2badea6dfbfe472e,234b78d61b49dc10d04ca8d24378f3b96eae7ef419b9bbe2bb61b3933c753b5d,2,0,target-b:fixture-bank-15:p0007,-0.1086370125412941,-0.1906094253063202,0.3621824383735657,0.5213959813117981,-1.6668527126312256,2.671052631578947,-0.32894736842105265,2.7831298755420177,True,0.23393574297188752,low,csi-pairs-v6-software-fixture,ded1ec639ff3e6fd5eba769d42db1ed36222a48af333a30a670254b30b164b74,620f300cbec1f56da4691882bc7dbe52593dc597fc62f6ae925c0f6ac72f1c6b,True,FORBIDDEN,0901433cbfe906073eae45118a1466e03afab04a766a3061a988ffe089ba4e01,9548a24a4faf5db17b5251df407b4402de033ae8648ec321c850fe6105002cf1,8128818d8ea8f5c3517d04da28955f010269df61e756429957a0a032386f6c51
31,endpoint,target-b,fixture-bank-17,fixture-base-17,86a59d2849e34c3a9889d58bb3b67b946ca9eb639083798f219989137e7f4536,b8fec4fd063826ac29c6cc8d291ad3a1a89347817c28241565eb44269fa8c24d,2,0,target-b:fixture-bank-17:p0004,-0.10723131150007248,-0.1993125081062317,0.35080981254577637,0.5183296799659729,-1.7046549320220947,-2.276315789473684,-0.27631578947368407,2.170450869733616,True,0.24519700423314877,low,csi-pairs-v6-software-fixture,ded1ec639ff3e6fd5eba769d42db1ed36222a48af333a30a670254b30b164b74,620f300cbec1f56da4691882bc7dbe52593dc597fc62f6ae925c0f6ac72f1c6b,True,FORBIDDEN,0901433cbfe906073eae45118a1466e03afab04a766a3061a988ffe089ba4e01,9548a24a4faf5db17b5251df407b4402de033ae8648ec321c850fe6105002cf1,8128818d8ea8f5c3517d04da28955f010269df61e756429957a0a032386f6c51
31,endpoint,target-b,fixture-bank-17,fixture-base-17,86a59d2849e34c3a9889d58bb3b67b946ca9eb639083798f219989137e7f4536,b8fec4fd063826ac29c6cc8d291ad3a1a89347817c28241565eb44269fa8c24d,2,0,target-b:fixture-bank-17:p0005,-0.10985837876796722,-0.18990102410316467,0.36060237884521484,0.5220087766647339,-1.6700502634048462,1.723684210526316,-2.276315789473684,2.777589782511468,True,0.24519700423314877,low,csi-pairs-v6-software-fixture,ded1ec639ff3e6fd5eba769d42db1ed36222a48af333a30a670254b30b164b74,620f300cbec1f56da4691882bc7dbe52593dc597fc62f6ae925c0f6ac72f1c6b,True,FORBIDDEN,0901433cbfe906073eae45118a1466e03afab04a766a3061a988ffe089ba4e01,9548a24a4faf5db17b5251df407b4402de033ae8648ec321c850fe6105002cf1,8128818d8ea8f5c3517d04da28955f010269df61e756429957a0a032386f6c51
31,endpoint,target-b,fixture-bank-17,fixture-base-17,86a59d2849e34c3a9889d58bb3b67b946ca9eb639083798f219989137e7f4536,b8fec4fd063826ac29c6cc8d291ad3a1a89347817c28241565eb44269fa8c24d,2,0,target-b:fixture-bank-17:p0006,-0.11149713397026062,-0.18393808603286743,0.35578036308288574,0.5177083015441895,-1.6917849779129028,1.723684210526316,-0.27631578947368407,1.8375048863285401,False,0.24519700423314877,low,csi-pairs-v6-software-fixture,ded1ec639ff3e6fd5eba769d42db1ed36222a48af333a30a670254b30b164b74,620f300cbec1f56da4691882bc7dbe52593dc597fc62f6ae925c0f6ac72f1c6b,True,FORBIDDEN,0901433cbfe906073eae45118a1466e03afab04a766a3061a988ffe089ba4e01,9548a24a4faf5db17b5251df407b4402de033ae8648ec321c850fe6105002cf1,8128818d8ea8f5c3517d04da28955f010269df61e756429957a0a032386f6c51
31,endpoint,target-b,fixture-bank-17,fixture-base-17,86a59d2849e34c3a9889d58bb3b67b946ca9eb639083798f219989137e7f4536,b8fec4fd063826ac29c6cc8d291ad3a1a89347817c28241565eb44269fa8c24d,2,0,target-b:fixture-bank-17:p0007,-0.1106756180524826,-0.18766377866268158,0.3564695715904236,0.5184222459793091,-1.6884715557098389,-1.276315789473684,2.723684210526316,3.1360268052721847,True,0.24519700423314877,low,csi-pairs-v6-software-fixture,ded1ec639ff3e6fd5eba769d42db1ed36222a48af333a30a670254b30b164b74,620f300cbec1f56da4691882bc7dbe52593dc597fc62f6ae925c0f6ac72f1c6b,True,FORBIDDEN,0901433cbfe906073eae45118a1466e03afab04a766a3061a988ffe089ba4e01,9548a24a4faf5db17b5251df407b4402de033ae8648ec321c850fe6105002cf1,8128818d8ea8f5c3517d04da28955f010269df61e756429957a0a032386f6c51
31,endpoint,target-b,fixture-bank-15,fixture-base-15,e23949edbfe2dbe6dc73b97687bd3eed5fbc5d7bd72ecd8b2badea6dfbfe472e,234b78d61b49dc10d04ca8d24378f3b96eae7ef419b9bbe2bb61b3933c753b5d,4,0,target-b:fixture-bank-15:p0004,-0.10454753786325455,-0.21172000467777252,0.3543911874294281,0.5226388573646545,-1.686218500137329,-2.3289473684210527,-0.32894736842105265,2.22748666909496,True,0.23393574297188752,low,csi-pairs-v6-software-fixture,ded1ec639ff3e6fd5eba769d42db1ed36222a48af333a30a670254b30b164b74,620f300cbec1f56da4691882bc7dbe52593dc597fc62f6ae925c0f6ac72f1c6b,True,FORBIDDEN,0901433cbfe906073eae45118a1466e03afab04a766a3061a988ffe089ba4e01,9548a24a4faf5db17b5251df407b4402de033ae8648ec321c850fe6105002cf1,8128818d8ea8f5c3517d04da28955f010269df61e756429957a0a032386f6c51
31,endpoint,target-b,fixture-bank-15,fixture-base-15,e23949edbfe2dbe6dc73b97687bd3eed5fbc5d7bd72ecd8b2badea6dfbfe472e,234b78d61b49dc10d04ca8d24378f3b96eae7ef419b9bbe2bb61b3933c753b5d,4,0,target-b:fixture-bank-15:p0005,-0.10625125467777252,-0.20070895552635193,0.35564494132995605,0.5191884636878967,-1.6893107891082764,1.671052631578947,-2.3289473684210527,2.7727617723532965,True,0.23393574297188752,low,csi-pairs-v6-software-fixture,ded1ec639ff3e6fd5eba769d42db1ed36222a48af333a30a670254b30b164b74,620f300cbec1f56da4691882bc7dbe52593dc597fc62f6ae925c0f6ac72f1c6b,True,FORBIDDEN,0901433cbfe906073eae45118a1466e03afab04a766a3061a988ffe089ba4e01,9548a24a4faf5db17b5251df407b4402de033ae8648ec321c850fe6105002cf1,8128818d8ea8f5c3517d04da28955f010269df61e756429957a0a032386f6c51
31,endpoint,target-b,fixture-bank-15,fixture-base-15,e23949edbfe2dbe6dc73b97687bd3eed5fbc5d7bd72ecd8b2badea6dfbfe472e,234b78d61b49dc10d04ca8d24378f3b96eae7ef419b9bbe2bb61b3933c753b5d,4,0,target-b:fixture-bank-15:p0006,-0.1085803434252739,-0.194673091173172,0.36016061902046204,0.5229821801185608,-1.6694130897521973,-0.32894736842105265,1.671052631578947,1.878694785813919,False,0.23393574297188752,low,csi-pairs-v6-software-fixture,ded1ec639ff3e6fd5eba769d42db1ed36222a48af333a30a670254b30b164b74,620f300cbec1f56da4691882bc7dbe52593dc597fc62f6ae925c0f6ac72f1c6b,True,FORBIDDEN,0901433cbfe906073eae45118a1466e03afab04a766a3061a988ffe089ba4e01,9548a24a4faf5db17b5251df407b4402de033ae8648ec321c850fe6105002cf1,8128818d8ea8f5c3517d04da28955f010269df61e756429957a0a032386f6c51
31,endpoint,target-b,fixture-bank-15,fixture-base-15,e23949edbfe2dbe6dc73b97687bd3eed5fbc5d7bd72ecd8b2badea6dfbfe472e,234b78d61b49dc10d04ca8d24378f3b96eae7ef419b9bbe2bb61b3933c753b5d,4,0,target-b:fixture-bank-15:p0007,-0.10668250918388367,-0.19728387892246246,0.36127495765686035,0.5212757587432861,-1.6695921421051025,2.671052631578947,-0.32894736842105265,2.78085378736381,True,0.23393574297188752,low,csi-pairs-v6-software-fixture,ded1ec639ff3e6fd5eba769d42db1ed36222a48af333a30a670254b30b164b74,620f300cbec1f56da4691882bc7dbe52593dc597fc62f6ae925c0f6ac72f1c6b,True,FORBIDDEN,0901433cbfe906073eae45118a1466e03afab04a766a3061a988ffe089ba4e01,9548a24a4faf5db17b5251df407b4402de033ae8648ec321c850fe6105002cf1,8128818d8ea8f5c3517d04da28955f010269df61e756429957a0a032386f6c51
31,endpoint,target-b,fixture-bank-17,fixture-base-17,86a59d2849e34c3a9889d58bb3b67b946ca9eb639083798f219989137e7f4536,b8fec4fd063826ac29c6cc8d291ad3a1a89347817c28241565eb44269fa8c24d,4,0,target-b:fixture-bank-17:p0004,-0.10375301539897919,-0.20773404836654663,0.3487062156200409,0.5169578194618225,-1.7133194208145142,-2.276315789473684,-0.27631578947368407,2.1736449715876933,True,0.24519700423314877,low,csi-pairs-v6-software-fixture,ded1ec639ff3e6fd5eba769d42db1ed36222a48af333a30a670254b30b164b74,620f300cbec1f56da4691882bc7dbe52593dc597fc62f6ae925c0f6ac72f1c6b,True,FORBIDDEN,0901433cbfe906073eae45118a1466e03afab04a766a3061a988ffe089ba4e01,9548a24a4faf5db17b5251df407b4402de033ae8648ec321c850fe6105002cf1,8128818d8ea8f5c3517d04da28955f010269df61e756429957a0a032386f6c51
31,endpoint,target-b,fixture-bank-17,fixture-base-17,86a59d2849e34c3a9889d58bb3b67b946ca9eb639083798f219989137e7f4536,b8fec4fd063826ac29c6cc8d291ad3a1a89347817c28241565eb44269fa8c24d,4,0,target-b:fixture-bank-17:p0005,-0.10767684131860733,-0.19706636667251587,0.3595261871814728,0.5217836499214172,-1.6734704971313477,1.723684210526316,-2.276315789473684,2.7707691106321968,True,0.24519700423314877,low,csi-pairs-v6-software-fixture,ded1ec639ff3e6fd5eba769d42db1ed36222a48af333a30a670254b30b164b74,620f300cbec1f56da4691882bc7dbe52593dc597fc62f6ae925c0f6ac72f1c6b,True,FORBIDDEN,0901433cbfe906073eae45118a1466e03afab04a766a3061a988ffe089ba4e01,9548a24a4faf5db17b5251df407b4402de033ae8648ec321c850fe6105002cf1,8128818d8ea8f5c3517d04da28955f010269df61e756429957a0a032386f6c51
31,endpoint,target-b,fixture-bank-17,fixture-base-17,86a59d2849e34c3a9889d58bb3b67b946ca9eb639083798f219989137e7f4536,b8fec4fd063826ac29c6cc8d291ad3a1a89347817c28241565eb44269fa8c24d,4,0,target-b:fixture-bank-17:p0006,-0.11007517576217651,-0.19315703213214874,0.35552260279655457,0.517490804195404,-1.692929983139038,1.723684210526316,-0.27631578947368407,1.8356439920975245,False,0.24519700423314877,low,csi-pairs-v6-software-fixture,ded1ec639ff3e6fd5eba769d42db1ed36222a48af333a30a670254b30b164b74,620f300cbec1f56da4691882bc7dbe52593dc597fc62f6ae925c0f6ac72f1c6b,True,FORBIDDEN,0901433cbfe906073eae45118a1466e03afab04a766a3061a988ffe089ba4e01,9548a24a4faf5db17b5251df407b4402de033ae8648ec321c850fe6105002cf1,8128818d8ea8f5c3517d04da28955f010269df61e756429957a0a032386f6c51
31,endpoint,target-b,fixture-bank-17,fixture-base-17,86a59d2849e34c3a9889d58bb3b67b946ca9eb639083798f219989137e7f4536,b8fec4fd063826ac29c6cc8d291ad3a1a89347817c28241565eb44269fa8c24d,4,0,target-b:fixture-bank-17:p0007,-0.10884267091751099,-0.19629153609275818,0.35594314336776733,0.5179959535598755,-1.6907720565795898,-1.276315789473684,2.723684210526316,3.1447180864737136,True,0.24519700423314877,low,csi-pairs-v6-software-fixture,ded1ec639ff3e6fd5eba769d42db1ed36222a48af333a30a670254b30b164b74,620f300cbec1f56da4691882bc7dbe52593dc597fc62f6ae925c0f6ac72f1c6b,True,FORBIDDEN,0901433cbfe906073eae45118a1466e03afab04a766a3061a988ffe089ba4e01,9548a24a4faf5db17b5251df407b4402de033ae8648ec321c850fe6105002cf1,8128818d8ea8f5c3517d04da28955f010269df61e756429957a0a032386f6c51
31,endpoint,target-b,fixture-bank-15,fixture-base-15,e23949edbfe2dbe6dc73b97687bd3eed5fbc5d7bd72ecd8b2badea6dfbfe472e,234b78d61b49dc10d04ca8d24378f3b96eae7ef419b9bbe2bb61b3933c753b5d,2,1,target-b:fixture-bank-15:p0004,-0.10043464601039886,-0.21114800870418549,0.35339027643203735,0.5245052576065063,-1.6854820251464844,-2.3289473684210527,-0.32894736842105265,2.2316239923194607,True,0.23393574297188752,low,csi-pairs-v6-software-fixture,ded1ec639ff3e6fd5eba769d42db1ed36222a48af333a30a670254b30b164b74,620f300cbec1f56da4691882bc7dbe52593dc597fc62f6ae925c0f6ac72f1c6b,True,FORBIDDEN,0901433cbfe906073eae45118a1466e03afab04a766a3061a988ffe089ba4e01,9548a24a4faf5db17b5251df407b4402de033ae8648ec321c850fe6105002cf1,8128818d8ea8f5c3517d04da28955f010269df61e756429957a0a032386f6c51
31,endpoint,target-b,fixture-bank-15,fixture-base-15,e23949edbfe2dbe6dc73b97687bd3eed5fbc5d7bd72ecd8b2badea6dfbfe472e,234b78d61b49dc10d04ca8d24378f3b96eae7ef419b9bbe2bb61b3933c753b5d,2,1,target-b:fixture-bank-15:p0005,-0.10380424559116364,-0.20106250047683716,0.3553447127342224,0.5203223824501038,-1.6879736185073853,1.671052631578947,-2.3289473684210527,2.7709223997910892,True,0.23393574297188752,low,csi-pairs-v6-software-fixture,ded1ec639ff3e6fd5eba769d42db1ed36222a48af333a30a670254b30b164b74,620f300cbec1f56da4691882bc7dbe52593dc597fc62f6ae925c0f6ac72f1c6b,True,FORBIDDEN,0901433cbfe906073eae45118a1466e03afab04a766a3061a988ffe089ba4e01,9548a24a4faf5db17b5251df407b4402de033ae8648ec321c850fe6105002cf1,8128818d8ea8f5c3517d04da28955f010269df61e756429957a0a032386f6c51
31,endpoint,target-b,fixture-bank-15,fixture-base-15,e23949edbfe2dbe6dc73b97687bd3eed5fbc5d7bd72ecd8b2badea6dfbfe472e,234b78d61b49dc10d04ca8d24378f3b96eae7ef419b9bbe2bb61b3933c753b5d,2,1,target-b:fixture-bank-15:p0006,-0.1057959645986557,-0.19270741939544678,0.3589525818824768,0.5244356989860535,-1.6699974536895752,-0.32894736842105265,1.671052631578947,1.877071675945269,False,0.23393574297188752,low,csi-pairs-v6-software-fixture,ded1ec639ff3e6fd5eba769d42db1ed36222a48af333a30a670254b30b164b74,620f300cbec1f56da4691882bc7dbe52593dc597fc62f6ae925c0f6ac72f1c6b,True,FORBIDDEN,0901433cbfe906073eae45118a1466e03afab04a766a3061a988ffe089ba4e01,9548a24a4faf5db17b5251df407b4402de033ae8648ec321c850fe6105002cf1,8128818d8ea8f5c3517d04da28955f010269df61e756429957a0a032386f6c51
31,endpoint,target-b,fixture-bank-15,fixture-base-15,e23949edbfe2dbe6dc73b97687bd3eed5fbc5d7bd72ecd8b2badea6dfbfe472e,234b78d61b49dc10d04ca8d24378f3b96eae7ef419b9bbe2bb61b3933c753b5d,2,1,target-b:fixture-bank-15:p0007,-0.10386119037866592,-0.19564154744148254,0.3602570593357086,0.5227003693580627,-1.6696844100952148,2.671052631578947,-0.32894736842105265,2.778113957561576,True,0.23393574297188752,low,csi-pairs-v6-software-fixture,ded1ec639ff3e6fd5eba769d42db1ed36222a48af333a30a670254b30b164b74,620f300cbec1f56da4691882bc7dbe52593dc597fc62f6ae925c0f6ac72f1c6b,True,FORBIDDEN,0901433cbfe906073eae45118a1466e03afab04a766a3061a988ffe089ba4e01,9548a24a4faf5db17b5251df407b4402de033ae8648ec321c850fe6105002cf1,8128818d8ea8f5c3517d04da28955f010269df61e756429957a0a032386f6c51
31,endpoint,target-b,fixture-bank-17,fixture-base-17,86a59d2849e34c3a9889d58bb3b67b946ca9eb639083798f219989137e7f4536,b8fec4fd063826ac29c6cc8d291ad3a1a89347817c28241565eb44269fa8c24d,2,1,target-b:fixture-bank-17:p0004,-0.10105906426906586,-0.20980775356292725,0.3489592671394348,0.5180791616439819,-1.7104272842407227,-2.276315789473684,-0.27631578947368407,2.176273222596057,True,0.24519700423314877,low,csi-pairs-v6-software-fixture,ded1ec639ff3e6fd5eba769d42db1ed36222a48af333a30a670254b30b164b74,620f300cbec1f56da4691882bc7dbe52593dc597fc62f6ae925c0f6ac72f1c6b,True,FORBIDDEN,0901433cbfe906073eae45118a1466e03afab04a766a3061a988ffe089ba4e01,9548a24a4faf5db17b5251df407b4402de033ae8648ec321c850fe6105002cf1,8128818d8ea8f5c3517d04da28955f010269df61e756429957a0a032386f6c51
31,endpoint,target-b,fixture-bank-17,fixture-base-17,86a59d2849e34c3a9889d58bb3b67b946ca9eb639083798f219989137e7f4536,b8fec4fd063826ac29c6cc8d291ad3a1a89347817c28241565eb44269fa8c24d,2,1,target-b:fixture-bank-17:p0005,-0.10475490987300873,-0.19563940167427063,0.3585444688796997,0.5232471823692322,-1.6734039783477783,1.723684210526316,-2.276315789473684,2.769910440384792,True,0.24519700423314877,low,csi-pairs-v6-software-fixture,ded1ec639ff3e6fd5eba769d42db1ed36222a48af333a30a670254b30b164b74,620f300cbec1f56da4691882bc7dbe52593dc597fc62f6ae925c0f6ac72f1c6b,True,FORBIDDEN,0901433cbfe906073eae45118a1466e03afab04a766a3061a988ffe089ba4e01,9548a24a4faf5db17b5251df407b4402de033ae8648ec321c850fe6105002cf1,8128818d8ea8f5c3517d04da28955f010269df61e756429957a0a032386f6c51
31,endpoint,target-b,fixture-bank-17,fixture-base-17,86a59d2849e34c3a9889d58bb3b67b946ca9eb639083798f219989137e7f4536,b8fec4fd063826ac29c6cc8d291ad3a1a89347817c28241565eb44269fa8c24d,2,1,target-b:fixture-bank-17:p0006,-0.10879021883010864,-0.19391459226608276,0.3556104600429535,0.518139660358429,-1.691429853439331,1.723684210526316,-0.27631578947368407,1.8343261682553624,False,0.24519700423314877,low,csi-pairs-v6-software-fixture,ded1ec639ff3e6fd5eba769d42db1ed36222a48af333a30a670254b30b164b74,620f300cbec1f56da4691882bc7dbe52593dc597fc62f6ae925c0f6ac72f1c6b,True,FORBIDDEN,0901433cbfe906073eae45118a1466e03afab04a766a3061a988ffe089ba4e01,9548a24a4faf5db17b5251df407b4402de033ae8648ec321c850fe6105002cf1,8128818d8ea8f5c3517d04da28955f010269df61e756429957a0a032386f6c51
31,endpoint,target-b,fixture-bank-17,fixture-base-17,86a59d2849e34c3a9889d58bb3b67b946ca9eb639083798f219989137e7f4536,b8fec4fd063826ac29c6cc8d291ad3a1a89347817c28241565eb44269fa8c24d,2,1,target-b:fixture-bank-17:p0007,-0.1072143018245697,-0.19693852961063385,0.35594791173934937,0.5187762379646301,-1.689253568649292,-1.276315789473684,2.723684210526316,3.145923628861393,True,0.24519700423314877,low,csi-pairs-v6-software-fixture,ded1ec639ff3e6fd5eba769d42db1ed36222a48af333a30a670254b30b164b74,620f300cbec1f56da4691882bc7dbe52593dc597fc62f6ae925c0f6ac72f1c6b,True,FORBIDDEN,0901433cbfe906073eae45118a1466e03afab04a766a3061a988ffe089ba4e01,9548a24a4faf5db17b5251df407b4402de033ae8648ec321c850fe6105002cf1,8128818d8ea8f5c3517d04da28955f010269df61e756429957a0a032386f6c51
31,endpoint,target-b,fixture-bank-15,fixture-base-15,e23949edbfe2dbe6dc73b97687bd3eed5fbc5d7bd72ecd8b2badea6dfbfe472e,234b78d61b49dc10d04ca8d24378f3b96eae7ef419b9bbe2bb61b3933c753b5d,4,1,target-b:fixture-bank-15:p0004,-0.1044175922870636,-0.2157019078731537,0.35789382457733154,0.5210471749305725,-1.6794335842132568,-2.3289473684210527,-0.32894736842105265,2.227410437984307,True,0.23393574297188752,low,csi-pairs-v6-software-fixture,ded1ec639ff3e6fd5eba769d42db1ed36222a48af333a30a670254b30b164b74,620f300cbec1f56da4691882bc7dbe52593dc597fc62f6ae925c0f6ac72f1c6b,True,FORBIDDEN,0901433cbfe906073eae45118a1466e03afab04a766a3061a988ffe089ba4e01,9548a24a4faf5db17b5251df407b4402de033ae8648ec321c850fe6105002cf1,8128818d8ea8f5c3517d04da28955f010269df61e756429957a0a032386f6c51
31,endpoint,target-b,fixture-bank-15,fixture-base-15,e23949edbfe2dbe6dc73b97687bd3eed5fbc5d7bd72ecd8b2badea6dfbfe472e,234b78d61b49dc10d04ca8d24378f3b96eae7ef419b9bbe2bb61b3933c753b5d,4,1,target-b:fixture-bank-15:p0005,-0.10583941638469696,-0.2040325105190277,0.35821154713630676,0.5175735354423523,-1.6852352619171143,1.671052631578947,-2.3289473684210527,2.7699473827943404,True,0.23393574297188752,low,csi-pairs-v6-software-fixture,ded1ec639ff3e6fd5eba769d42db1ed36222a48af333a30a670254b30b164b74,620f300cbec1f56da4691882bc7dbe52593dc597fc62f6ae925c0f6ac72f1c6b,True,FORBIDDEN,0901433cbfe906073eae45118a1466e03afab04a766a3061a988ffe089ba4e01,9548a24a4faf5db17b5251df407b4402de033ae8648ec321c850fe6105002cf1,8128818d8ea8f5c3517d04da28955f010269df61e756429957a0a032386f6c51
31,endpoint,target-b,fixture-bank-15,fixture-base-15,e23949edbfe2dbe6dc73b97687bd3eed5fbc5d7bd72ecd8b2badea6dfbfe472e,234b78d61b49dc10d04ca8d24378f3b96eae7ef419b9bbe2bb61b3933c753b5d,4,1,target-b:fixture-bank-15:p0006,-0.10757642984390259,-0.1957000344991684,0.3610725700855255,0.5220350623130798,-1.6686968803405762,-0.32894736842105265,1.671052631578947,1.879832601259027,False,0.23393574297188752,low,csi-pairs-v6-software-fixture,ded1ec639ff3e6fd5eba769d42db1ed36222a48af333a30a670254b30b164b74,620f300cbec1f56da4691882bc7dbe52593dc597fc62f6ae925c0f6ac72f1c6b,True,FORBIDDEN,0901433cbfe906073eae45118a1466e03afab04a766a3061a988ffe089ba4e01,9548a24a4faf5db17b5251df407b4402de033ae8648ec321c850fe6105002cf1,8128818d8ea8f5c3517d04da28955f010269df61e756429957a0a032386f6c51
31,endpoint,target-b,fixture-bank-15,fixture-base-15,e23949edbfe2dbe6dc73b97687bd3eed5fbc5d7bd72ecd8b2badea6dfbfe472e,234b78d61b49dc10d04ca8d24378f3b96eae7ef419b9bbe2bb61b3933c753b5d,4,1,target-b:fixture-bank-15:p0007,-0.10557813942432404,-0.19870878756046295,0.3624582588672638,0.5200696587562561,-1.6686384677886963,2.671052631578947,-0.32894736842105265,2.7796835299053018,True,0.23393574297188752,low,csi-pairs-v6-software-fixture,ded1ec639ff3e6fd5eba769d42db1ed36222a48af333a30a670254b30b164b74,620f300cbec1f56da4691882bc7dbe52593dc597fc62f6ae925c0f6ac72f1c6b,True,FORBIDDEN,0901433cbfe906073eae45118a1466e03afab04a766a3061a988ffe089ba4e01,9548a24a4faf5db17b5251df407b4402de033ae8648ec321c850fe6105002cf1,8128818d8ea8f5c3517d04da28955f010269df61e756429957a0a032386f6c51
31,endpoint,target-b,fixture-bank-17,fixture-base-17,86a59d2849e34c3a9889d58bb3b67b946ca9eb639083798f219989137e7f4536,b8fec4fd063826ac29c6cc8d291ad3a1a89347817c28241565eb44269fa8c24d,4,1,target-b:fixture-bank-17:p0004,-0.10430511832237244,-0.21343696117401123,0.3530672788619995,0.5148892402648926,-1.7049001455307007,-2.276315789473684,-0.27631578947368407,2.1729206388277302,True,0.24519700423314877,low,csi-pairs-v6-software-fixture,ded1ec639ff3e6fd5eba769d42db1ed36222a48af333a30a670254b30b164b74,620f300cbec1f56da4691882bc7dbe52593dc597fc62f6ae925c0f6ac72f1c6b,True,FORBIDDEN,0901433cbfe906073eae45118a1466e03afab04a766a3061a988ffe089ba4e01,9548a24a4faf5db17b5251df407b4402de033ae8648ec321c850fe6105002cf1,8128818d8ea8f5c3517d04da28955f010269df61e756429957a0a032386f6c51
31,endpoint,target-b,fixture-bank-17,fixture-base-17,86a59d2849e34c3a9889d58bb3b67b946ca9eb639083798f219989137e7f4536,b8fec4fd063826ac29c6cc8d291ad3a1a89347817c28241565eb44269fa8c24d,4,1,target-b:fixture-bank-17:p0005,-0.10681717097759247,-0.1988236904144287,0.3610226511955261,0.5205950140953064,-1.6715974807739258,1.723684210526316,-2.276315789473684,2.7688822165887355,True,0.24519700423314877,low,csi-pairs-v6-software-fixture,ded1ec639ff3e6fd5eba769d42db1ed36222a48af333a30a670254b30b164b74,620f300cbec1f56da4691882bc7dbe52593dc597fc62f6ae925c0f6ac72f1c6b,True,FORBIDDEN,0901433cbfe906073eae45118a1466e03afab04a766a3061a988ffe089ba4e01,9548a24a4faf5db17b5251df407b4402de033ae8648ec321c850fe6105002cf1,8128818d8ea8f5c3517d04da28955f010269df61e756429957a0a032386f6c51
31,endpoint,target-b,fixture-bank-17,fixture-base-17,86a59d2849e34c3a9889d58bb3b67b946ca9eb639083798f219989137e7f4536,b8fec4fd063826ac29c6cc8d291ad3a1a89347817c28241565eb44269fa8c24d,4,1,target-b:fixture-bank-17:p0006,-0.10962861031293869,-0.19593843817710876,0.3574291467666626,0.5160486102104187,-1.6903724670410156,1.723684210526316,-0.27631578947368407,1.8350739542740608,False,0.24519700423314877,low,csi-pairs-v6-software-fixture,ded1ec639ff3e6fd5eba769d42db1ed36222a48af333a30a670254b30b164b74,620f300cbec1f56da4691882bc7dbe52593dc597fc62f6ae925c0f6ac72f1c6b,True,FORBIDDEN,0901433cbfe906073eae45118a1466e03afab04a766a3061a988ffe089ba4e01,9548a24a4faf5db17b5251df407b4402de033ae8648ec321c850fe6105002cf1,8128818d8ea8f5c3517d04da28955f010269df61e756429957a0a032386f6c51
31,endpoint,target-b,fixture-bank-17,fixture-base-17,86a59d2849e34c3a9889d58bb3b67b946ca9eb639083798f219989137e7f4536,b8fec4fd063826ac29c6cc8d291ad3a1a89347817c28241565eb44269fa8c24d,4,1,target-b:fixture-bank-17:p0007,-0.10838283598423004,-0.1992487758398056,0.3580629527568817,0.5163888931274414,-1.687941551208496,-1.276315789473684,2.723684210526316,3.147634767032823,True,0.24519700423314877,low,csi-pairs-v6-software-fixture,ded1ec639ff3e6fd5eba769d42db1ed36222a48af333a30a670254b30b164b74,620f300cbec1f56da4691882bc7dbe52593dc597fc62f6ae925c0f6ac72f1c6b,True,FORBIDDEN,0901433cbfe906073eae45118a1466e03afab04a766a3061a988ffe089ba4e01,9548a24a4faf5db17b5251df407b4402de033ae8648ec321c850fe6105002cf1,8128818d8ea8f5c3517d04da28955f010269df61e756429957a0a032386f6c51
31,alignment,target-a,fixture-bank-14,fixture-base-14,86a59d2849e34c3a9889d58bb3b67b946ca9eb639083798f219989137e7f4536,d3ac0ba45cb8ca4a3062283c82745f423da87b60b62b7768857a4ffa9f3e71be,0,0,target-a:fixture-bank-14:p0004,-0.08955320715904236,-0.17471426725387573,0.3431750535964966,0.509304404258728,-1.7442240715026855,0.6447368421052628,-1.3552631578947367,1.390279669578011,False,0.25,low,csi-pairs-v6-software-fixture,ded1ec639ff3e6fd5eba769d42db1ed36222a48af333a30a670254b30b164b74,620f300cbec1f56da4691882bc7dbe52593dc597fc62f6ae925c0f6ac72f1c6b,True,FORBIDDEN,0901433cbfe906073eae45118a1466e03afab04a766a3061a988ffe089ba4e01,9548a24a4faf5db17b5251df407b4402de033ae8648ec321c850fe6105002cf1,8128818d8ea8f5c3517d04da28955f010269df61e756429957a0a032386f6c51
31,alignment,target-a,fixture-bank-14,fixture-base-14,86a59d2849e34c3a9889d58bb3b67b946ca9eb639083798f219989137e7f4536,d3ac0ba45cb8ca4a3062283c82745f423da87b60b62b7768857a4ffa9f3e71be,0,0,target-a:fixture-bank-14:p0005,-0.09070776402950287,-0.17289088666439056,0.34279000759124756,0.5067330598831177,-1.7504081726074219,-1.3552631578947367,0.6447368421052628,1.5058603676990368,False,0.25,low,csi-pairs-v6-software-fixture,ded1ec639ff3e6fd5eba769d42db1ed36222a48af333a30a670254b30b164b74,620f300cbec1f56da4691882bc7dbe52593dc597fc62f6ae925c0f6ac72f1c6b,True,FORBIDDEN,0901433cbfe906073eae45118a1466e03afab04a766a3061a988ffe089ba4e01,9548a24a4faf5db17b5251df407b4402de033ae8648ec321c850fe6105002cf1,8128818d8ea8f5c3517d04da28955f010269df61e756429957a0a032386f6c51
31,alignment,target-a,fixture-bank-14,fixture-base-14,86a59d2849e34c3a9889d58bb3b67b946ca9eb639083798f219989137e7f4536,d3ac0ba45cb8ca4a3062283c82745f423da87b60b62b7768857a4ffa9f3e71be,0,0,target-a:fixture-bank-14:p0006,-0.08809064328670502,-0.17644545435905457,0.3442997336387634,0.5120197534561157,-1.7356348037719727,1.6447368421052628,-0.3552631578947367,1.7420295247864273,False,0.25,low,csi-pairs-v6-software-fixture,ded1ec639ff3e6fd5eba769d42db1ed36222a48af333a30a670254b30b164b74,620f300cbec1f56da4691882bc7dbe52593dc597fc62f6ae925c0f6ac72f1c6b,True,FORBIDDEN,0901433cbfe906073eae45118a1466e03afab04a766a3061a988ffe089ba4e01,9548a24a4faf5db17b5251df407b4402de033ae8648ec321c850fe6105002cf1,8128818d8ea8f5c3517d04da28955f010269df61e756429957a0a032386f6c51
31,alignment,target-a,fixture-bank-14,fixture-base-14,86a59d2849e34c3a9889d58bb3b67b946ca9eb639083798f219989137e7f4536,d3ac0ba45cb8ca4a3062283c82745f423da87b60b62b7768857a4ffa9f3e71be,0,0,target-a:fixture-bank-14:p0007,-0.08858524262905121,-0.17501480877399445,0.3451748490333557,0.5132444500923157,-1.7307071685791016,-1.3552631578947367,2.644736842105263,3.0911927008289406,True,0.25,low,csi-pairs-v6-software-fixture,ded1ec639ff3e6fd5eba769d42db1ed36222a48af333a30a670254b30b164b74,620f300cbec1f56da4691882bc7dbe52593dc597fc62f6ae925c0f6ac72f1c6b,True,FORBIDDEN,0901433cbfe906073eae45118a1466e03afab04a766a3061a988ffe089ba4e01,9548a24a4faf5db17b5251df407b4402de033ae8648ec321c850fe6105002cf1,8128818d8ea8f5c3517d04da28955f010269df61e756429957a0a032386f6c51
31,alignment,target-a,fixture-bank-16,fixture-base-16,e23949edbfe2dbe6dc73b97687bd3eed5fbc5d7bd72ecd8b2badea6dfbfe472e,2b37638d300a790f3426572fa00b7bf61aa934746cb588d9fb5347ccf44b354c,0,0,target-a:fixture-bank-16:p0004,-0.09058277308940887,-0.1740429401397705,0.3421119451522827,0.5087384581565857,-1.7484385967254639,0.6973684210526319,-1.3026315789473681,1.3764372125147786,False,0.26126126126126126,low,csi-pairs-v6-software-fixture,ded1ec639ff3e6fd5eba769d42db1ed36222a48af333a30a670254b30b164b74,620f300cbec1f56da4691882bc7dbe52593dc597fc62f6ae925c0f6ac72f1c6b,True,FORBIDDEN,0901433cbfe906073eae45118a1466e03afab04a766a3061a988ffe089ba4e01,9548a24a4faf5db17b5251df407b4402de033ae8648ec321c850fe6105002cf1,8128818d8ea8f5c3517d04da28955f010269df61e756429957a0a032386f6c51
31,alignment,target-a,fixture-bank-16,fixture-base-16,e23949edbfe2dbe6dc73b97687bd3eed5fbc5d7bd72ecd8b2badea6dfbfe472e,2b37638d300a790f3426572fa00b7bf61aa934746cb588d9fb5347ccf44b354c,0,0,target-a:fixture-bank-16:p0005,-0.088468536734581,-0.17258331179618835,0.34530141949653625,0.5097072124481201,-1.7372562885284424,-1.3026315789473681,0.6973684210526319,1.493655887599977,False,0.26126126126126126,low,csi-pairs-v6-software-fixture,ded1ec639ff3e6fd5eba769d42db1ed36222a48af333a30a670254b30b164b74,620f300cbec1f56da4691882bc7dbe52593dc597fc62f6ae925c0f6ac72f1c6b,True,FORBIDDEN,0901433cbfe906073eae45118a1466e03afab04a766a3061a988ffe089ba4e01,9548a24a4faf5db17b5251df407b4402de033ae8648ec321c850fe6105002cf1,8128818d8ea8f5c3517d04da28955f010269df61e756429957a0a032386f6c51
31,alignment,target-a,fixture-bank-16,fixture-base-16,e23949edbfe2dbe6dc73b97687bd3eed5fbc5d7bd72ecd8b2badea6dfbfe472e,2b37638d300a790f3426572fa00b7bf61aa934746cb588d9fb5347ccf44b354c,0,0,target-a:fixture-bank-16:p0006,-0.08736184984445572,-0.18043112754821777,0.3475498855113983,0.5165050029754639,-1.717517375946045,1.6973684210526319,-0.30263157894736814,1.788908910531374,False,0.26126126126126126,low,csi-pairs-v6-software-fixture,ded1ec639ff3e6fd5eba769d42db1ed36222a48af333a30a670254b30b164b74,620f300cbec1f56da4691882bc7dbe52593dc597fc62f6ae925c0f6ac72f1c6b,True,FORBIDDEN,0901433cbfe906073eae45118a1466e03afab04a766a3061a988ffe089ba4e01,9548a24a4faf5db17b5251df407b4402de033ae8648ec321c850fe6105002cf1,8128818d8ea8f5c3517d04da28955f010269df61e756429957a0a032386f6c51
31,alignment,target-a,fixture-bank-16,fixture-base-16,e23949edbfe2dbe6dc73b97687bd3eed5fbc5d7bd72ecd8b2badea6dfbfe472e,2b37638d300a790f3426572fa00b7bf61aa934746cb588d9fb5347ccf44b354c,0,0,target-a:fixture-bank-16:p0007,-0.08899534493684769,-0.17937742173671722,0.3441888093948364,0.5099864602088928,-1.7399359941482544,-0.30263157894736814,1.6973684210526319,1.8888661675484852,False,0.26126126126126126,low,csi-pairs-v6-software-fixture,ded1ec639ff3e6fd5eba769d42db1ed36222a48af333a30a670254b30b164b74,620f300cbec1f56da4691882bc7dbe52593dc597fc62f6ae925c0f6ac72f1c6b,True,FORBIDDEN,0901433cbfe906073eae45118a1466e03afab04a766a3061a988ffe089ba4e01,9548a24a4faf5db17b5251df407b4402de033ae8648ec321c850fe6105002cf1,8128818d8ea8f5c3517d04da28955f010269df61e756429957a0a032386f6c51
31,alignment,target-a,fixture-bank-14,fixture-base-14,86a59d2849e34c3a9889d58bb3b67b946ca9eb639083798f219989137e7f4536,d3ac0ba45cb8ca4a3062283c82745f423da87b60b62b7768857a4ffa9f3e71be,2,0,target-a:fixture-bank-14:p0004,-0.10373012721538544,-0.19283540546894073,0.3556942045688629,0.5205919742584229,-1.6864726543426514,0.6447368421052628,-1.3552631578947367,1.3825487636151297,False,0.25,low,csi-pairs-v6-software-fixture,ded1ec639ff3e6fd5eba769d42db1ed36222a48af333a30a670254b30b164b74,620f300cbec1f56da4691882bc7dbe52593dc597fc62f6ae925c0f6ac72f1c6b,True,FORBIDDEN,0901433cbfe906073eae45118a1466e03afab04a766a3061a988ffe089ba4e01,9548a24a4faf5db17b5251df407b4402de033ae8648ec321c850fe6105002cf1,8128818d8ea8f5c3517d04da28955f010269df61e756429957a0a032386f6c51
31,alignment,target-a,fixture-bank-14,fixture-base-14,86a59d2849e34c3a9889d58bb3b67b946ca9eb639083798f219989137e7f4536,d3ac0ba45cb8ca4a3062283c82745f423da87b60b62b7768857a4ffa9f3e71be,2,0,target-a:fixture-bank-14:p0005,-0.10464487969875336,-0.190822571516037,0.35502421855926514,0.5182480216026306,-1.6928706169128418,-1.3552631578947367,0.6447368421052628,1.504063034400173,False,0.25,low,csi-pairs-v6-software-fixture,ded1ec639ff3e6fd5eba769d42db1ed36222a48af333a30a670254b30b164b74,620f300cbec1f56da4691882bc7dbe52593dc597fc62f6ae925c0f6ac72f1c6b,True,FORBIDDEN,0901433cbfe906073eae45118a1466e03afab04a766a3061a988ffe089ba4e01,9548a24a4faf5db17b5251df407b4402de033ae8648ec321c850fe6105002cf1,8128818d8ea8f5c3517d04da28955f010269df61e756429957a0a032386f6c51
31,alignment,target-a,fixture-bank-14,fixture-base-14,86a59d2849e34c3a9889d58bb3b67b946ca9eb639083798f219989137e7f4536,d3ac0ba45cb8ca4a3062283c82745f423da87b60b62b7768857a4ffa9f3e71be,2,0,target-a:fixture-bank-14:p0006,-0.10288666188716888,-0.19486463069915771,0.35744184255599976,0.5232261419296265,-1.6765241622924805,1.6447368421052628,-0.3552631578947367,1.7549688314136225,False,0.25,low,csi-pairs-v6-software-fixture,ded1ec639ff3e6fd5eba769d42db1ed36222a48af333a30a670254b30b164b74,620f300cbec1f56da4691882bc7dbe52593dc597fc62f6ae925c0f6ac72f1c6b,True,FORBIDDEN,0901433cbfe906073eae45118a1466e03afab04a766a3061a988ffe089ba4e01,9548a24a4faf5db17b5251df407b4402de033ae8648ec321c850fe6105002cf1,8128818d8ea8f5c3517d04da28955f010269df61e756429957a0a032386f6c51
31,alignment,target-a,fixture-bank-14,fixture-base-14,86a59d2849e34c3a9889d58bb3b67b946ca9eb639083798f219989137e7f4536,d3ac0ba45cb8ca4a3062283c82745f423da87b60b62b7768857a4ffa9f3e71be,2,0,target-a:fixture-bank-14:p0007,-0.10413019359111786,-0.1932825893163681,0.3585096299648285,0.5239824652671814,-1.6720967292785645,-1.3552631578947367,2.644736842105263,3.101562185011598,True,0.25,low,csi-pairs-v6-software-fixture,ded1ec639ff3e6fd5eba769d42db1ed36222a48af333a30a670254b30b164b74,620f300cbec1f56da4691882bc7dbe52593dc597fc62f6ae925c0f6ac72f1c6b,True,FORBIDDEN,0901433cbfe906073eae45118a1466e03afab04a766a3061a988ffe089ba4e01,9548a24a4faf5db17b5251df407b4402de033ae8648ec321c850fe6105002cf1,8128818d8ea8f5c3517d04da28955f010269df61e756429957a0a032386f6c51
31,alignment,target-a,fixture-bank-16,fixture-base-16,e23949edbfe2dbe6dc73b97687bd3eed5fbc5d7bd72ecd8b2badea6dfbfe472e,2b37638d300a790f3426572fa00b7bf61aa934746cb588d9fb5347ccf44b354c,2,0,target-a:fixture-bank-16:p0004,-0.10443581640720367,-0.19212698936462402,0.3541537821292877,0.5200672745704651,-1.6918210983276367,0.6973684210526319,-1.3026315789473681,1.3697118232288452,False,0.26126126126126126,low,csi-pairs-v6-software-fixture,ded1ec639ff3e6fd5eba769d42db1ed36222a48af333a30a670254b30b164b74,620f300cbec1f56da4691882bc7dbe52593dc597fc62f6ae925c0f6ac72f1c6b,True,FORBIDDEN,0901433cbfe906073eae45118a1466e03afab04a766a3061a988ffe089ba4e01,9548a24a4faf5db17b5251df407b4402de033ae8648ec321c850fe6105002cf1,8128818d8ea8f5c3517d04da28955f010269df61e756429957a0a032386f6c51
31,alignment,target-a,fixture-bank-16,fixture-base-16,e23949edbfe2dbe6dc73b97687bd3eed5fbc5d7bd72ecd8b2badea6dfbfe472e,2b37638d300a790f3426572fa00b7bf61aa934746cb588d9fb5347ccf44b354c,2,0,target-a:fixture-bank-16:p0005,-0.10367383062839508,-0.19057509303092957,0.35852354764938354,0.5207416415214539,-1.6782621145248413,-1.3026315789473681,0.6973684210526319,1.491959572661795,False,0.26126126126126126,low,csi-pairs-v6-software-fixture,ded1ec639ff3e6fd5eba769d42db1ed36222a48af333a30a670254b30b164b74,620f300cbec1f56da4691882bc7dbe52593dc597fc62f6ae925c0f6ac72f1c6b,True,FORBIDDEN,0901433cbfe906073eae45118a1466e03afab04a766a3061a988ffe089ba4e01,9548a24a4faf5db17b5251df407b4402de033ae8648ec321c850fe6105002cf1,8128818d8ea8f5c3517d04da28955f010269df61e756429957a0a032386f6c51
31,alignment,target-a,fixture-bank-16,fixture-base-16,e23949edbfe2dbe6dc73b97687bd3eed5fbc5d7bd72ecd8b2badea6dfbfe472e,2b37638d300a790f3426572fa00b7bf61aa934746cb588d9fb5347ccf44b354c,2,0,target-a:fixture-bank-16:p0006,-0.1038694977760315,-0.19953155517578125,0.3619970679283142,0.5269549489021301,-1.656759262084961,1.6973684210526319,-0.30263157894736814,1.8041861475823153,False,0.26126126126126126,low,csi-pairs-v6-software-fixture,ded1ec639ff3e6fd5eba769d42db1ed36222a48af333a30a670254b30b164b74,620f300cbec1f56da4691882bc7dbe52593dc597fc62f6ae925c0f6ac72f1c6b,True,FORBIDDEN,0901433cbfe906073eae45118a1466e03afab04a766a3061a988ffe089ba4e01,9548a24a4faf5db17b5251df407b4402de033ae8648ec321c850fe6105002cf1,8128818d8ea8f5c3517d04da28955f010269df61e756429957a0a032386f6c51
31,alignment,target-a,fixture-bank-16,fixture-base-16,e23949edbfe2dbe6dc73b97687bd3eed5fbc5d7bd72ecd8b2badea6dfbfe472e,2b37638d300a790f3426572fa00b7bf61aa934746cb588d9fb5347ccf44b354c,2,0,target-a:fixture-bank-16:p0007,-0.10355795919895172,-0.1980600357055664,0.357295960187912,0.5214862823486328,-1.6802630424499512,-0.30263157894736814,1.6973684210526319,1.9058539662756173,False,0.26126126126126126,low,csi-pairs-v6-software-fixture,ded1ec639ff3e6fd5eba769d42db1ed36222a48af333a30a670254b30b164b74,620f300cbec1f56da4691882bc7dbe52593dc597fc62f6ae925c0f6ac72f1c6b,True,FORBIDDEN,0901433cbfe906073eae45118a1466e03afab04a766a3061a988ffe089ba4e01,9548a24a4faf5db17b5251df407b4402de033ae8648ec321c850fe6105002cf1,8128818d8ea8f5c3517d04da28955f010269df61e756429957a0a032386f6c51
31,alignment,target-a,fixture-bank-14,fixture-base-14,86a59d2849e34c3a9889d58bb3b67b946ca9eb639083798f219989137e7f4536,d3ac0ba45cb8ca4a3062283c82745f423da87b60b62b7768857a4ffa9f3e71be,4,0,target-a:fixture-bank-14:p0004,-0.1111517995595932,-0.16769713163375854,0.3567962050437927,0.5148391127586365,-1.6944913864135742,0.6447368421052628,-1.3552631578947367,1.40772181389905,False,0.25,low,csi-pairs-v6-software-fixture,ded1ec639ff3e6fd5eba769d42db1ed36222a48af333a30a670254b30b164b74,620f300cbec1f56da4691882bc7dbe52593dc597fc62f6ae925c0f6ac72f1c6b,True,FORBIDDEN,0901433cbfe906073eae45118a1466e03afab04a766a3061a988ffe089ba4e01,9548a24a4faf5db17b5251df407b4402de033ae8648ec321c850fe6105002cf1,8128818d8ea8f5c3517d04da28955f010269df61e756429957a0a032386f6c51
31,alignment,target-a,fixture-bank-14,fixture-base-14,86a59d2849e34c3a9889d58bb3b67b946ca9eb639083798f219989137e7f4536,d3ac0ba45cb8ca4a3062283c82745f423da87b60b62b7768857a4ffa9f3e71be,4,0,target-a:fixture-bank-14:p0005,-0.11242713034152985,-0.16524241864681244,0.35634133219718933,0.512365460395813,-1.7005833387374878,-1.3552631578947367,0.6447368421052628,1.4834782756187277,False,0.25,low,csi-pairs-v6-software-fixture,ded1ec639ff3e6fd5eba769d42db1ed36222a48af333a30a670254b30b164b74,620f300cbec1f56da4691882bc7dbe52593dc597fc62f6ae925c0f6ac72f1c6b,True,FORBIDDEN,0901433cbfe906073eae45118a1466e03afab04a766a3061a988ffe089ba4e01,9548a24a4faf5db17b5251df407b4402de033ae8648ec321c850fe6105002cf1,8128818d8ea8f5c3517d04da28955f010269df61e756429957a0a032386f6c51
31,alignment,target-a,fixture-bank-14,fixture-base-14,86a59d2849e34c3a9889d58bb3b67b946ca9eb639083798f219989137e7f4536,d3ac0ba45cb8ca4a3062283c82745f423da87b60b62b7768857a4ffa9f3e71be,4,0,target-a:fixture-bank-14:p0006,-0.10993100702762604,-0.17040808498859406,0.3582514226436615,0.5174183249473572,-1.6854238510131836,1.6447368421052628,-0.3552631578947367,1.7643782640805157,False,0.25,low,csi-pairs-v6-software-fixture,ded1ec639ff3e6fd5eba769d42db1ed36222a48af333a30a670254b30b164b74,620f300cbec1f56da4691882bc7dbe52593dc597fc62f6ae925c0f6ac72f1c6b,True,FORBIDDEN,0901433cbfe906073eae45118a1466e03afab04a766a3061a988ffe089ba4e01,9548a24a4faf5db17b5251df407b4402de033ae8648ec321c850fe6105002cf1,8128818d8ea8f5c3517d04da28955f010269df61e756429957a0a032386f6c51
31,alignment,target-a,fixture-bank-14,fixture-base-14,86a59d2849e34c3a9889d58bb3b67b946ca9eb639083798f219989137e7f4536,d3ac0ba45cb8ca4a3062283c82745f423da87b60b62b7768857a4ffa9f3e71be,4,0,target-a:fixture-bank-14:p0007,-0.11069107055664062,-0.16936498880386353,0.35925039649009705,0.5183465480804443,-1.680846929550171,-1.3552631578947367,2.644736842105263,3.0770324657544976,True,0.25,low,csi-pairs-v6-software-fixture,ded1ec639ff3e6fd5eba769d42db1ed36222a48af333a30a670254b30b164b74,620f300cbec1f56da4691882bc7dbe52593dc597fc62f6ae925c0f6ac72f1c6b,True,FORBIDDEN,0901433cbfe906073eae45118a1466e03afab04a766a3061a988ffe089ba4e01,9548a24a4faf5db17b5251df407b4402de033ae8648ec321c850fe6105002cf1,8128818d8ea8f5c3517d04da28955f010269df61e756429957a0a032386f6c51
31,alignment,target-a,fixture-bank-16,fixture-base-16,e23949edbfe2dbe6dc73b97687bd3eed5fbc5d7bd72ecd8b2badea6dfbfe472e,2b37638d300a790f3426572fa00b7bf61aa934746cb588d9fb5347ccf44b354c,4,0,target-a:fixture-bank-16:p0004,-0.11145053803920746,-0.1670462191104889,0.3553694188594818,0.5146493315696716,-1.698866844177246,0.6973684210526319,-1.3026315789473681,1.3941815585002768,False,0.26126126126126126,low,csi-pairs-v6-software-fixture,ded1ec639ff3e6fd5eba769d42db1ed36222a48af333a30a670254b30b164b74,620f300cbec1f56da4691882bc7dbe52593dc597fc62f6ae925c0f6ac72f1c6b,True,FORBIDDEN,0901433cbfe906073eae45118a1466e03afab04a766a3061a988ffe089ba4e01,9548a24a4faf5db17b5251df407b4402de033ae8648ec321c850fe6105002cf1,8128818d8ea8f5c3517d04da28955f010269df61e756429957a0a032386f6c51
31,alignment,target-a,fixture-bank-16,fixture-base-16,e23949edbfe2dbe6dc73b97687bd3eed5fbc5d7bd72ecd8b2badea6dfbfe472e,2b37638d300a790f3426572fa00b7bf61aa934746cb588d9fb5347ccf44b354c,4,0,target-a:fixture-bank-16:p0005,-0.11151207983493805,-0.16556578874588013,0.35949915647506714,0.5145375728607178,-1.6875300407409668,-1.3026315789473681,0.6973684210526319,1.4708572709839758,False,0.26126126126126126,low,csi-pairs-v6-software-fixture,ded1ec639ff3e6fd5eba769d42db1ed36222a48af333a30a670254b30b164b74,620f300cbec1f56da4691882bc7dbe52593dc597fc62f6ae925c0f6ac72f1c6b,True,FORBIDDEN,0901433cbfe906073eae45118a1466e03afab04a766a3061a988ffe089ba4e01,9548a24a4faf5db17b5251df407b4402de033ae8648ec321c850fe6105002cf1,8128818d8ea8f5c3517d04da28955f010269df61e756429957a0a032386f6c51
31,alignment,target-a,fixture-bank-16,fixture-base-16,e23949edbfe2dbe6dc73b97687bd3eed5fbc5d7bd72ecd8b2badea6dfbfe472e,2b37638d300a790f3426572fa00b7bf61aa934746cb588d9fb5347ccf44b354c,4,0,target-a:fixture-bank-16:p0006,-0.10988693684339523,-0.17678029835224152,0.36235103011131287,0.5211788415908813,-1.6668038368225098,1.6973684210526319,-0.30263157894736814,1.8116319917332355,False,0.26126126126126126,low,csi-pairs-v6-software-fixture,ded1ec639ff3e6fd5eba769d42db1ed36222a48af333a30a670254b30b164b74,620f300cbec1f56da4691882bc7dbe52593dc597fc62f6ae925c0f6ac72f1c6b,True,FORBIDDEN,0901433cbfe906073eae45118a1466e03afab04a766a3061a988ffe089ba4e01,9548a24a4faf5db17b5251df407b4402de033ae8648ec321c850fe6105002cf1,8128818d8ea8f5c3517d04da28955f010269df61e756429957a0a032386f6c51
31,alignment,target-a,fixture-bank-16,fixture-base-16,e23949edbfe2dbe6dc73b97687bd3eed5fbc5d7bd72ecd8b2badea6dfbfe472e,2b37638d300a790f3426572fa00b7bf61aa934746cb588d9fb5347ccf44b354c,4,0,target-a:fixture-bank-16:p0007,-0.11065340787172318,-0.1735726296901703,0.35819098353385925,0.5155555605888367,-1.6891992092132568,-0.30263157894736814,1.6973684210526319,1.8807647469910025,False,0.26126126126126126,low,csi-pairs-v6-software-fixture,ded1ec639ff3e6fd5eba769d42db1ed36222a48af333a30a670254b30b164b74,620f300cbec1f56da4691882bc7dbe52593dc597fc62f6ae925c0f6ac72f1c6b,True,FORBIDDEN,0901433cbfe906073eae45118a1466e03afab04a766a3061a988ffe089ba4e01,9548a24a4faf5db17b5251df407b4402de033ae8648ec321c850fe6105002cf1,8128818d8ea8f5c3517d04da28955f010269df61e756429957a0a032386f6c51
31,alignment,target-a,fixture-bank-14,fixture-base-14,86a59d2849e34c3a9889d58bb3b67b946ca9eb639083798f219989137e7f4536,d3ac0ba45cb8ca4a3062283c82745f423da87b60b62b7768857a4ffa9f3e71be,2,1,target-a:fixture-bank-14:p0004,-0.10423456877470016,-0.14435724914073944,0.3518895208835602,0.5217742919921875,-1.694958209991455,0.6447368421052628,-1.3552631578947367,1.4238157514829177,False,0.25,low,csi-pairs-v6-software-fixture,ded1ec639ff3e6fd5eba769d42db1ed36222a48af333a30a670254b30b164b74,620f300cbec1f56da4691882bc7dbe52593dc597fc62f6ae925c0f6ac72f1c6b,True,FORBIDDEN,0901433cbfe906073eae45118a1466e03afab04a766a3061a988ffe089ba4e01,9548a24a4faf5db17b5251df407b4402de033ae8648ec321c850fe6105002cf1,8128818d8ea8f5c3517d04da28955f010269df61e756429957a0a032386f6c51
31,alignment,target-a,fixture-bank-14,fixture-base-14,86a59d2849e34c3a9889d58bb3b67b946ca9eb639083798f219989137e7f4536,d3ac0ba45cb8ca4a3062283c82745f423da87b60b62b7768857a4ffa9f3e71be,2,1,target-a:fixture-bank-14:p0005,-0.10535913705825806,-0.14224055409431458,0.35154974460601807,0.519527018070221,-1.7002406120300293,-1.3552631578947367,0.6447368421052628,1.4770218290303847,False,0.25,low,csi-pairs-v6-software-fixture,ded1ec639ff3e6fd5eba769d42db1ed36222a48af333a30a670254b30b164b74,620f300cbec1f56da4691882bc7dbe52593dc597fc62f6ae925c0f6ac72f1c6b,True,FORBIDDEN,0901433cbfe906073eae45118a1466e03afab04a766a3061a988ffe089ba4e01,9548a24a4faf5db17b5251df407b4402de033ae8648ec321c850fe6105002cf1,8128818d8ea8f5c3517d04da28955f010269df61e756429957a0a032386f6c51
31,alignment,target-a,fixture-bank-14,fixture-base-14,86a59d2849e34c3a9889d58bb3b67b946ca9eb639083798f219989137e7f4536,d3ac0ba45cb8ca4a3062283c82745f423da87b60b62b7768857a4ffa9f3e71be,2,1,target-a:fixture-bank-14:p0006,-0.10287617146968842,-0.14590653777122498,0.35297542810440063,0.5243353843688965,-1.6869804859161377,1.6447368421052628,-0.3552631578947367,1.760108360188674,False,0.25,low,csi-pairs-v6-software-fixture,ded1ec639ff3e6fd5eba769d42db1ed36222a48af333a30a670254b30b164b74,620f300cbec1f56da4691882bc7dbe52593dc597fc62f6ae925c0f6ac72f1c6b,True,FORBIDDEN,0901433cbfe906073eae45118a1466e03afab04a766a3061a988ffe089ba4e01,9548a24a4faf5db17b5251df407b4402de033ae8648ec321c850fe6105002cf1,8128818d8ea8f5c3517d04da28955f010269df61e756429957a0a032386f6c51
31,alignment,target-a,fixture-bank-14,fixture-base-14,86a59d2849e34c3a9889d58bb3b67b946ca9eb639083798f219989137e7f4536,d3ac0ba45cb8ca4a3062283c82745f423da87b60b62b7768857a4ffa9f3e71be,2,1,target-a:fixture-bank-14:p0007,-0.10372762382030487,-0.14521142840385437,0.3537693917751312,0.5251098275184631,-1.683257818222046,-1.3552631578947367,2.644736842105263,3.0578019139845845,True,0.25,low,csi-pairs-v6-software-fixture,ded1ec639ff3e6fd5eba769d42db1ed36222a48af333a30a670254b30b164b74,620f300cbec1f56da4691882bc7dbe52593dc597fc62f6ae925c0f6ac72f1c6b,True,FORBIDDEN,0901433cbfe906073eae45118a1466e03afab04a766a3061a988ffe089ba4e01,9548a24a4faf5db17b5251df407b4402de033ae8648ec321c850fe6105002cf1,8128818d8ea8f5c3517d04da28955f010269df61e756429957a0a032386f6c51
31,alignment,target-a,fixture-bank-16,fixture-base-16,e23949edbfe2dbe6dc73b97687bd3eed5fbc5d7bd72ecd8b2badea6dfbfe472e,2b37638d300a790f3426572fa00b7bf61aa934746cb588d9fb5347ccf44b354c,2,1,target-a:fixture-bank-16:p0004,-0.10464949905872345,-0.14417947828769684,0.35074034333229065,0.5210834741592407,-1.699554204940796,0.6973684210526319,-1.3026315789473681,1.4089868749220305,False,0.26126126126126126,low,csi-pairs-v6-software-fixture,ded1ec639ff3e6fd5eba769d42db1ed36222a48af333a30a670254b30b164b74,620f300cbec1f56da4691882bc7dbe52593dc597fc62f6ae925c0f6ac72f1c6b,True,FORBIDDEN,0901433cbfe906073eae45118a1466e03afab04a766a3061a988ffe089ba4e01,9548a24a4faf5db17b5251df407b4402de033ae8648ec321c850fe6105002cf1,8128818d8ea8f5c3517d04da28955f010269df61e756429957a0a032386f6c51
31,alignment,target-a,fixture-bank-16,fixture-base-16,e23949edbfe2dbe6dc73b97687bd3eed5fbc5d7bd72ecd8b2badea6dfbfe472e,2b37638d300a790f3426572fa00b7bf61aa934746cb588d9fb5347ccf44b354c,2,1,target-a:fixture-bank-16:p0005,-0.10440169274806976,-0.14184030890464783,0.35412243008613586,0.5222220420837402,-1.687774896621704,-1.3026315789473681,0.6973684210526319,1.462882822586175,False,0.26126126126126126,low,csi-pairs-v6-software-fixture,ded1ec639ff3e6fd5eba769d42db1ed36222a48af333a30a670254b30b164b74,620f300cbec1f56da4691882bc7dbe52593dc597fc62f6ae925c0f6ac72f1c6b,True,FORBIDDEN,0901433cbfe906073eae45118a1466e03afab04a766a3061a988ffe089ba4e01,9548a24a4faf5db17b5251df407b4402de033ae8648ec321c850fe6105002cf1,8128818d8ea8f5c3517d04da28955f010269df61e756429957a0a032386f6c51
31,alignment,target-a,fixture-bank-16,fixture-base-16,e23949edbfe2dbe6dc73b97687bd3eed5fbc5d7bd72ecd8b2badea6dfbfe472e,2b37638d300a790f3426572fa00b7bf61aa934746cb588d9fb5347ccf44b354c,2,1,target-a:fixture-bank-16:p0006,-0.10245180130004883,-0.15027570724487305,0.3560357689857483,0.5282314419746399,-1.6709446907043457,1.6973684210526319,-0.30263157894736814,1.8062572198975095,False,0.26126126126126126,low,csi-pairs-v6-software-fixture,ded1ec639ff3e6fd5eba769d42db1ed36222a48af333a30a670254b30b164b74,620f300cbec1f56da4691882bc7dbe52593dc597fc62f6ae925c0f6ac72f1c6b,True,FORBIDDEN,0901433cbfe906073eae45118a1466e03afab04a766a3061a988ffe089ba4e01,9548a24a4faf5db17b5251df407b4402de033ae8648ec321c850fe6105002cf1,8128818d8ea8f5c3517d04da28955f010269df61e756429957a0a032386f6c51
31,alignment,target-a,fixture-bank-16,fixture-base-16,e23949edbfe2dbe6dc73b97687bd3eed5fbc5d7bd72ecd8b2badea6dfbfe472e,2b37638d300a790f3426572fa00b7bf61aa934746cb588d9fb5347ccf44b354c,2,1,target-a:fixture-bank-16:p0007,-0.1033172458410263,-0.14827969670295715,0.3528249263763428,0.5225882530212402,-1.6907447576522827,-0.30263157894736814,1.6973684210526319,1.8563790501824713,False,0.26126126126126126,low,csi-pairs-v6-software-fixture,ded1ec639ff3e6fd5eba769d42db1ed36222a48af333a30a670254b30b164b74,620f300cbec1f56da4691882bc7dbe52593dc597fc62f6ae925c0f6ac72f1c6b,True,FORBIDDEN,0901433cbfe906073eae45118a1466e03afab04a766a3061a988ffe089ba4e01,9548a24a4faf5db17b5251df407b4402de033ae8648ec321c850fe6105002cf1,8128818d8ea8f5c3517d04da28955f010269df61e756429957a0a032386f6c51
31,alignment,target-a,fixture-bank-14,fixture-base-14,86a59d2849e34c3a9889d58bb3b67b946ca9eb639083798f219989137e7f4536,d3ac0ba45cb8ca4a3062283c82745f423da87b60b62b7768857a4ffa9f3e71be,4,1,target-a:fixture-bank-14:p0004,-0.11065041273832321,-0.15994808077812195,0.35672250390052795,0.5131072402000427,-1.698067545890808,0.6447368421052628,-1.3552631578947367,1.4139971847080983,False,0.25,low,csi-pairs-v6-software-fixture,ded1ec639ff3e6fd5eba769d42db1ed36222a48af333a30a670254b30b164b74,620f300cbec1f56da4691882bc7dbe52593dc597fc62f6ae925c0f6ac72f1c6b,True,FORBIDDEN,0901433cbfe906073eae45118a1466e03afab04a766a3061a988ffe089ba4e01,9548a24a4faf5db17b5251df407b4402de033ae8648ec321c850fe6105002cf1,8128818d8ea8f5c3517d04da28955f010269df61e756429957a0a032386f6c51
31,alignment,target-a,fixture-bank-14,fixture-base-14,86a59d2849e34c3a9889d58bb3b67b946ca9eb639083798f219989137e7f4536,d3ac0ba45cb8ca4a3062283c82745f423da87b60b62b7768857a4ffa9f3e71be,4,1,target-a:fixture-bank-14:p0005,-0.11179938912391663,-0.15797092020511627,0.35654217004776,0.5106480121612549,-1.7033774852752686,-1.3552631578947367,0.6447368421052628,1.4800479370341584,False,0.25,low,csi-pairs-v6-software-fixture,ded1ec639ff3e6fd5eba769d42db1ed36222a48af333a30a670254b30b164b74,620f300cbec1f56da4691882bc7dbe52593dc597fc62f6ae925c0f6ac72f1c6b,True,FORBIDDEN,0901433cbfe906073eae45118a1466e03afab04a766a3061a988ffe089ba4e01,9548a24a4faf5db17b5251df407b4402de033ae8648ec321c850fe6105002cf1,8128818d8ea8f5c3517d04da28955f010269df61e756429957a0a032386f6c51
31,alignment,target-a,fixture-bank-14,fixture-base-14,86a59d2849e34c3a9889d58bb3b67b946ca9eb639083798f219989137e7f4536,d3ac0ba45cb8ca4a3062283c82745f423da87b60b62b7768857a4ffa9f3e71be,4,1,target-a:fixture-bank-14:p0006,-0.10922186076641083,-0.16162008047103882,0.3576963245868683,0.5157792568206787,-1.6901473999023438,1.6447368421052628,-0.3552631578947367,1.764615757838914,False,0.25,low,csi-pairs-v6-software-fixture,ded1ec639ff3e6fd5eba769d42db1ed36222a48af333a30a670254b30b164b74,620f300cbec1f56da4691882bc7dbe52593dc597fc62f6ae925c0f6ac72f1c6b,True,FORBIDDEN,0901433cbfe906073eae45118a1466e03afab04a766a3061a988ffe089ba4e01,9548a24a4faf5db17b5251df407b4402de033ae8648ec321c850fe6105002cf1,8128818d8ea8f5c3517d04da28955f010269df61e756429957a0a032386f6c51
31,alignment,target-a,fixture-bank-14,fixture-base-14,86a59d2849e34c3a9889d58bb3b67b946ca9eb639083798f219989137e7f4536,d3ac0ba45cb8ca4a3062283c82745f423da87b60b62b7768857a4ffa9f3e71be,4,1,target-a:fixture-bank-14:p0007,-0.10988783836364746,-0.16068443655967712,0.3584040701389313,0.5168939232826233,-1.686011791229248,-1.3552631578947367,2.644736842105263,3.0694214825082575,True,0.25,low,csi-pairs-v6-software-fixture,ded1ec639ff3e6fd5eba769d42db1ed36222a48af333a30a670254b30b164b74,620f300cbec1f56da4691882bc7dbe52593dc597fc62f6ae925c0f6ac72f1c6b,True,FORBIDDEN,0901433cbfe906073eae45118a1466e03afab04a766a3061a988ffe089ba4e01,9548a24a4faf5db17b5251df407b4402de033ae8648ec321c850fe6105002cf1,8128818d8ea8f5c3517d04da28955f010269df61e756429957a0a032386f6c51
31,alignment,target-a,fixture-bank-16,fixture-base-16,e23949edbfe2dbe6dc73b97687bd3eed5fbc5d7bd72ecd8b2badea6dfbfe472e,2b37638d300a790f3426572fa00b7bf61aa934746cb588d9fb5347ccf44b354c,4,1,target-a:fixture-bank-16:p0004,-0.11052386462688446,-0.1595211923122406,0.3554697036743164,0.5127559900283813,-1.7022705078125,0.6973684210526319,-1.3026315789473681,1.3997825907238537,False,0.26126126126126126,low,csi-pairs-v6-software-fixture,ded1ec639ff3e6fd5eba769d42db1ed36222a48af333a30a670254b30b164b74,620f300cbec1f56da4691882bc7dbe52593dc597fc62f6ae925c0f6ac72f1c6b,True,FORBIDDEN,0901433cbfe906073eae45118a1466e03afab04a766a3061a988ffe089ba4e01,9548a24a4faf5db17b5251df407b4402de033ae8648ec321c850fe6105002cf1,8128818d8ea8f5c3517d04da28955f010269df61e756429957a0a032386f6c51
31,alignment,target-a,fixture-bank-16,fixture-base-16,e23949edbfe2dbe6dc73b97687bd3eed5fbc5d7bd72ecd8b2badea6dfbfe472e,2b37638d300a790f3426572fa00b7bf61aa934746cb588d9fb5347ccf44b354c,4,1,target-a:fixture-bank-16:p0005,-0.11148738861083984,-0.15774931013584137,0.35911688208580017,0.5131850242614746,-1.6912262439727783,-1.3026315789473681,0.6973684210526319,1.4663051579959014,False,0.26126126126126126,low,csi-pairs-v6-software-fixture,ded1ec639ff3e6fd5eba769d42db1ed36222a48af333a30a670254b30b164b74,620f300cbec1f56da4691882bc7dbe52593dc597fc62f6ae925c0f6ac72f1c6b,True,FORBIDDEN,0901433cbfe906073eae45118a1466e03afab04a766a3061a988ffe089ba4e01,9548a24a4faf5db17b5251df407b4402de033ae8648ec321c850fe6105002cf1,8128818d8ea8f5c3517d04da28955f010269df61e756429957a0a032386f6c51
31,alignment,target-a,fixture-bank-16,fixture-base-16,e23949edbfe2dbe6dc73b97687bd3eed5fbc5d7bd72ecd8b2badea6dfbfe472e,2b37638d300a790f3426572fa00b7bf61aa934746cb588d9fb5347ccf44b354c,4,1,target-a:fixture-bank-16:p0006,-0.10870327055454254,-0.16610439121723175,0.36055877804756165,0.519869327545166,-1.6742780208587646,1.6973684210526319,-0.30263157894736814,1.811224621137395,False,0.26126126126126126,low,csi-pairs-v6-software-fixture,ded1ec639ff3e6fd5eba769d42db1ed36222a48af333a30a670254b30b164b74,620f300cbec1f56da4691882bc7dbe52593dc597fc62f6ae925c0f6ac72f1c6b,True,FORBIDDEN,0901433cbfe906073eae45118a1466e03afab04a766a3061a988ffe089ba4e01,9548a24a4faf5db17b5251df407b4402de033ae8648ec321c850fe6105002cf1,8128818d8ea8f5c3517d04da28955f010269df61e756429957a0a032386f6c51
31,alignment,target-a,fixture-bank-16,fixture-base-16,e23949edbfe2dbe6dc73b97687bd3eed5fbc5d7bd72ecd8b2badea6dfbfe472e,2b37638d300a790f3426572fa00b7bf61aa934746cb588d9fb5347ccf44b354c,4,1,target-a:fixture-bank-16:p0007,-0.10958588123321533,-0.16438105702400208,0.3576589524745941,0.5137699246406555,-1.6941550970077515,-0.30263157894736814,1.6973684210526319,1.87173122016078,False,0.26126126126126126,low,csi-pairs-v6-software-fixture,ded1ec639ff3e6fd5eba769d42db1ed36222a48af333a30a670254b30b164b74,620f300cbec1f56da4691882bc7dbe52593dc597fc62f6ae925c0f6ac72f1c6b,True,FORBIDDEN,0901433cbfe906073eae45118a1466e03afab04a766a3061a988ffe089ba4e01,9548a24a4faf5db17b5251df407b4402de033ae8648ec321c850fe6105002cf1,8128818d8ea8f5c3517d04da28955f010269df61e756429957a0a032386f6c51
31,alignment,target-b,fixture-bank-15,fixture-base-15,e23949edbfe2dbe6dc73b97687bd3eed5fbc5d7bd72ecd8b2badea6dfbfe472e,234b78d61b49dc10d04ca8d24378f3b96eae7ef419b9bbe2bb61b3933c753b5d,0,0,target-b:fixture-bank-15:p0004,-0.08383879065513611,-0.19530077278614044,0.3432214856147766,0.518623411655426,-1.725956678390503,-2.3289473684210527,-0.32894736842105265,2.24908291053996,True,0.23393574297188752,low,csi-pairs-v6-software-fixture,ded1ec639ff3e6fd5eba769d42db1ed36222a48af333a30a670254b30b164b74,620f300cbec1f56da4691882bc7dbe52593dc597fc62f6ae925c0f6ac72f1c6b,True,FORBIDDEN,0901433cbfe906073eae45118a1466e03afab04a766a3061a988ffe089ba4e01,9548a24a4faf5db17b5251df407b4402de033ae8648ec321c850fe6105002cf1,8128818d8ea8f5c3517d04da28955f010269df61e756429957a0a032386f6c51
31,alignment,target-b,fixture-bank-15,fixture-base-15,e23949edbfe2dbe6dc73b97687bd3eed5fbc5d7bd72ecd8b2badea6dfbfe472e,234b78d61b49dc10d04ca8d24378f3b96eae7ef419b9bbe2bb61b3933c753b5d,0,0,target-b:fixture-bank-15:p0005,-0.08523858338594437,-0.18401235342025757,0.3438570201396942,0.5146459937095642,-1.7318053245544434,1.671052631578947,-2.3289473684210527,2.772238274452489,True,0.23393574297188752,low,csi-pairs-v6-software-fixture,ded1ec639ff3e6fd5eba769d42db1ed36222a48af333a30a670254b30b164b74,620f300cbec1f56da4691882bc7dbe52593dc597fc62f6ae925c0f6ac72f1c6b,True,FORBIDDEN,0901433cbfe906073eae45118a1466e03afab04a766a3061a988ffe089ba4e01,9548a24a4faf5db17b5251df407b4402de033ae8648ec321c850fe6105002cf1,8128818d8ea8f5c3517d04da28955f010269df61e756429957a0a032386f6c51
31,alignment,target-b,fixture-bank-15,fixture-base-15,e23949edbfe2dbe6dc73b97687bd3eed5fbc5d7bd72ecd8b2badea6dfbfe472e,234b78d61b49dc10d04ca8d24378f3b96eae7ef419b9bbe2bb61b3933c753b5d,0,0,target-b:fixture-bank-15:p0006,-0.08717846125364304,-0.17541363835334778,0.34719663858413696,0.5186414122581482,-1.7144064903259277,-0.32894736842105265,1.671052631578947,1.8622271318157206,False,0.23393574297188752,low,csi-pairs-v6-software-fixture,ded1ec639ff3e6fd5eba769d42db1ed36222a48af333a30a670254b30b164b74,620f300cbec1f56da4691882bc7dbe52593dc597fc62f6ae925c0f6ac72f1c6b,True,FORBIDDEN,0901433cbfe906073eae45118a1466e03afab04a766a3061a988ffe089ba4e01,9548a24a4faf5db17b5251df407b4402de033ae8648ec321c850fe6105002cf1,8128818d8ea8f5c3517d04da28955f010269df61e756429957a0a032386f6c51
31,alignment,target-b,fixture-bank-15,fixture-base-15,e23949edbfe2dbe6dc73b97687bd3eed5fbc5d7bd72ecd8b2badea6dfbfe472e,234b78d61b49dc10d04ca8d24378f3b96eae7ef419b9bbe2bb61b3933c753b5d,0,0,target-b:fixture-bank-15:p0007,-0.08448521792888641,-0.17796534299850464,0.34818583726882935,0.5173879265785217,-1.7139812707901,2.671052631578947,-0.32894736842105265,2.7596710695427,True,0.23393574297188752,low,csi-pairs-v6-software-fixture,ded1ec639ff3e6fd5eba769d42db1ed36222a48af333a30a670254b30b164b74,620f300cbec1f56da4691882bc7dbe52593dc597fc62f6ae925c0f6ac72f1c6b,True,FORBIDDEN,0901433cbfe906073eae45118a1466e03afab04a766a3061a988ffe089ba4e01,9548a24a4faf5db17b5251df407b4402de033ae8648ec321c850fe6105002cf1,8128818d8ea8f5c3517d04da28955f010269df61e756429957a0a032386f6c51
31,alignment,target-b,fixture-bank-17,fixture-base-17,86a59d2849e34c3a9889d58bb3b67b946ca9eb639083798f219989137e7f4536,b8fec4fd063826ac29c6cc8d291ad3a1a89347817c28241565eb44269fa8c24d,0,0,target-b:fixture-bank-17:p0004,-0.08373650908470154,-0.19354921579360962,0.33850571513175964,0.5120137929916382,-1.7526180744171143,-2.276315789473684,-0.27631578947368407,2.1941408811901315,True,0.24519700423314877,low,csi-pairs-v6-software-fixture,ded1ec639ff3e6fd5eba769d42db1ed36222a48af333a30a670254b30b164b74,620f300cbec1f56da4691882bc7dbe52593dc597fc62f6ae925c0f6ac72f1c6b,True,FORBIDDEN,0901433cbfe906073eae45118a1466e03afab04a766a3061a988ffe089ba4e01,9548a24a4faf5db17b5251df407b4402de033ae8648ec321c850fe6105002cf1,8128818d8ea8f5c3517d04da28955f010269df61e756429957a0a032386f6c51
31,alignment,target-b,fixture-bank-17,fixture-base-17,86a59d2849e34c3a9889d58bb3b67b946ca9eb639083798f219989137e7f4536,b8fec4fd063826ac29c6cc8d291ad3a1a89347817c28241565eb44269fa8c24d,0,0,target-b:fixture-bank-17:p0005,-0.0861285924911499,-0.17842251062393188,0.3468753397464752,0.5175939798355103,-1.7173540592193604,1.723684210526316,-2.276315789473684,2.770663926103074,True,0.24519700423314877,low,csi-pairs-v6-software-fixture,ded1ec639ff3e6fd5eba769d42db1ed36222a48af333a30a670254b30b164b74,620f300cbec1f56da4691882bc7dbe52593dc597fc62f6ae925c0f6ac72f1c6b,True,FORBIDDEN,0901433cbfe906073eae45118a1466e03afab04a766a3061a988ffe089ba4e01,9548a24a4faf5db17b5251df407b4402de033ae8648ec321c850fe6105002cf1,8128818d8ea8f5c3517d04da28955f010269df61e756429957a0a032386f6c51
31,alignment,target-b,fixture-bank-17,fixture-base-17,86a59d2849e34c3a9889d58bb3b67b946ca9eb639083798f219989137e7f4536,b8fec4fd063826ac29c6cc8d291ad3a1a89347817c28241565eb44269fa8c24d,0,0,target-b:fixture-bank-17:p0006,-0.0896630734205246,-0.1762487143278122,0.3435075283050537,0.512104868888855,-1.7377722263336182,1.723684210526316,-0.27631578947368407,1.816106217082479,False,0.24519700423314877,low,csi-pairs-v6-software-fixture,ded1ec639ff3e6fd5eba769d42db1ed36222a48af333a30a670254b30b164b74,620f300cbec1f56da4691882bc7dbe52593dc597fc62f6ae925c0f6ac72f1c6b,True,FORBIDDEN,0901433cbfe906073eae45118a1466e03afab04a766a3061a988ffe089ba4e01,9548a24a4faf5db17b5251df407b4402de033ae8648ec321c850fe6105002cf1,8128818d8ea8f5c3517d04da28955f010269df61e756429957a0a032386f6c51
31,alignment,target-b,fixture-bank-17,fixture-base-17,86a59d2849e34c3a9889d58bb3b67b946ca9eb639083798f219989137e7f4536,b8fec4fd063826ac29c6cc8d291ad3a1a89347817c28241565eb44269fa8c24d,0,0,target-b:fixture-bank-17:p0007,-0.08804327994585037,-0.17939776182174683,0.3439639210700989,0.513034999370575,-1.73462975025177,-1.276315789473684,2.723684210526316,3.1368577422433255,True,0.24519700423314877,low,csi-pairs-v6-software-fixture,ded1ec639ff3e6fd5eba769d42db1ed36222a48af333a30a670254b30b164b74,620f300cbec1f56da4691882bc7dbe52593dc597fc62f6ae925c0f6ac72f1c6b,True,FORBIDDEN,0901433cbfe906073eae45118a1466e03afab04a766a3061a988ffe089ba4e01,9548a24a4faf5db17b5251df407b4402de033ae8648ec321c850fe6105002cf1,8128818d8ea8f5c3517d04da28955f010269df61e756429957a0a032386f6c51
31,alignment,target-b,fixture-bank-15,fixture-base-15,e23949edbfe2dbe6dc73b97687bd3eed5fbc5d7bd72ecd8b2badea6dfbfe472e,234b78d61b49dc10d04ca8d24378f3b96eae7ef419b9bbe2bb61b3933c753b5d,2,0,target-b:fixture-bank-15:p0004,-0.10842271149158478,-0.2052978277206421,0.35697877407073975,0.5237983465194702,-1.676727533340454,-2.3289473684210527,-0.32894736842105265,2.223964694177305,True,0.23393574297188752,low,csi-pairs-v6-software-fixture,ded1ec639ff3e6fd5eba769d42db1ed36222a48af333a30a670254b30b164b74,620f300cbec1f56da4691882bc7dbe52593dc597fc62f6ae925c0f6ac72f1c6b,True,FORBIDDEN,0901433cbfe906073eae45118a1466e03afab04a766a3061a988ffe089ba4e01,9548a24a4faf5db17b5251df407b4402de033ae8648ec321c850fe6105002cf1,8128818d8ea8f5c3517d04da28955f010269df61e756429957a0a032386f6c51
31,alignment,target-b,fixture-bank-15,fixture-base-15,e23949edbfe2dbe6dc73b97687bd3eed5fbc5d7bd72ecd8b2badea6dfbfe472e,234b78d61b49dc10d04ca8d24378f3b96eae7ef419b9bbe2bb61b3933c753b5d,2,0,target-b:fixture-bank-15:p0005,-0.10868104547262192,-0.19290697574615479,0.3568403422832489,0.5199387669563293,-1.6845109462738037,1.671052631578947,-2.3289473684210527,2.780309428889207,True,0.23393574297188752,low,csi-pairs-v6-software-fixture,ded1ec639ff3e6fd5eba769d42db1ed36222a48af333a30a670254b30b164b74,620f300cbec1f56da4691882bc7dbe52593dc597fc62f6ae925c0f6ac72f1c6b,True,FORBIDDEN,0901433cbfe906073eae45118a1466e03afab04a766a3061a988ffe089ba4e01,9548a24a4faf5db17b5251df407b4402de033ae8648ec321c850fe6105002cf1,8128818d8ea8f5c3517d04da28955f010269df61e756429957a0a032386f6c51
31,alignment,target-b,fixture-bank-15,fixture-base-15,e23949edbfe2dbe6dc73b97687bd3eed5fbc5d7bd72ecd8b2badea6dfbfe472e,234b78d61b49dc10d04ca8d24378f3b96eae7ef419b9bbe2bb61b3933c753b5d,2,0,target-b:fixture-bank-15:p0006,-0.11022499203681946,-0.18767009675502777,0.3610270023345947,0.5229426026344299,-1.667086124420166,-0.32894736842105265,1.671052631578947,1.871547396876836,False,0.23393574297188752,low,csi-pairs-v6-software-fixture,ded1ec639ff3e6fd5eba769d42db1ed36222a48af333a30a670254b30b164b74,620f300cbec1f56da4691882bc7dbe52593dc597fc62f6ae925c0f6ac72f1c6b,True,FORBIDDEN,0901433cbfe906073eae45118a1466e03afab04a766a3061a988ffe089ba4e01,9548a24a4faf5db17b5251df407b4402de033ae8648ec321c850fe6105002cf1,8128818d8ea8f5c3517d04da28955f010269df61e756429957a0a032386f6c51
31,alignment,target-b,fixture-bank-15,fixture-base-15,e23949edbfe2dbe6dc73b97687bd3eed5fbc5d7bd72ecd8b2badea6dfbfe472e,234b78d61b49dc10d04ca8d24378f3b96eae7ef419b9bbe2bb61b3933c753b5d,2,0,target-b:fixture-bank-15:p0007,-0.1084911897778511,-0.19056656956672668,0.36218178272247314,0.5214666724205017,-1.6667189598083496,2.671052631578947,-0.32894736842105265,2.782986363663019,True,0.23393574297188752,low,csi-pairs-v6-software-fixture,ded1ec639ff3e6fd5eba769d42db1ed36222a48af333a30a670254b30b164b74,620f300cbec1f56da4691882bc7dbe52593dc597fc62f6ae925c0f6ac72f1c6b,True,FORBIDDEN,0901433cbfe906073eae45118a1466e03afab04a766a3061a988ffe089ba4e01,9548a24a4faf5db17b5251df407b4402de033ae8648ec321c850fe6105002cf1,8128818d8ea8f5c3517d04da28955f010269df61e756429957a0a032386f6c51
31,alignment,target-b,fixture-bank-17,fixture-base-17,86a59d2849e34c3a9889d58bb3b67b946ca9eb639083798f219989137e7f4536,b8fec4fd063826ac29c6cc8d291ad3a1a89347817c28241565eb44269fa8c24d,2,0,target-b:fixture-bank-17:p0004,-0.10718679428100586,-0.1990952491760254,0.3507486879825592,0.5184436440467834,-1.7046091556549072,-2.276315789473684,-0.27631578947368407,2.170503077544342,True,0.24519700423314877,low,csi-pairs-v6-software-fixture,ded1ec639ff3e6fd5eba769d42db1ed36222a48af333a30a670254b30b164b74,620f300cbec1f56da4691882bc7dbe52593dc597fc62f6ae925c0f6ac72f1c6b,True,FORBIDDEN,0901433cbfe906073eae45118a1466e03afab04a766a3061a988ffe089ba4e01,9548a24a4faf5db17b5251df407b4402de033ae8648ec321c850fe6105002cf1,8128818d8ea8f5c3517d04da28955f010269df61e756429957a0a032386f6c51
31,alignment,target-b,fixture-bank-17,fixture-base-17,86a59d2849e34c3a9889d58bb3b67b946ca9eb639083798f219989137e7f4536,b8fec4fd063826ac29c6cc8d291ad3a1a89347817c28241565eb44269fa8c24d,2,0,target-b:fixture-bank-17:p0005,-0.10974419116973877,-0.18981410562992096,0.36058899760246277,0.5220991969108582,-1.6699141263961792,1.723684210526316,-2.276315789473684,2.7775796983756575,True,0.24519700423314877,low,csi-pairs-v6-software-fixture,ded1ec639ff3e6fd5eba769d42db1ed36222a48af333a30a670254b30b164b74,620f300cbec1f56da4691882bc7dbe52593dc597fc62f6ae925c0f6ac72f1c6b,True,FORBIDDEN,0901433cbfe906073eae45118a1466e03afab04a766a3061a988ffe089ba4e01,9548a24a4faf5db17b5251df407b4402de033ae8648ec321c850fe6105002cf1,8128818d8ea8f5c3517d04da28955f010269df61e756429957a0a032386f6c51
31,alignment,target-b,fixture-bank-17,fixture-base-17,86a59d2849e34c3a9889d58bb3b67b946ca9eb639083798f219989137e7f4536,b8fec4fd063826ac29c6cc8d291ad3a1a89347817c28241565eb44269fa8c24d,2,0,target-b:fixture-bank-17:p0006,-0.11138583719730377,-0.1838124692440033,0.3557537794113159,0.5177961587905884,-1.6916899681091309,1.723684210526316,-0.27631578947368407,1.8374000501539893,False,0.24519700423314877,low,csi-pairs-v6-software-fixture,ded1ec639ff3e6fd5eba769d42db1ed36222a48af333a30a670254b30b164b74,620f300cbec1f56da4691882bc7dbe52593dc597fc62f6ae925c0f6ac72f1c6b,True,FORBIDDEN,0901433cbfe906073eae45118a1466e03afab04a766a3061a988ffe089ba4e01,9548a24a4faf5db17b5251df407b4402de033ae8648ec321c850fe6105002cf1,8128818d8ea8f5c3517d04da28955f010269df61e756429957a0a032386f6c51
31,alignment,target-b,fixture-bank-17,fixture-base-17,86a59d2849e34c3a9889d58bb3b67b946ca9eb639083798f219989137e7f4536,b8fec4fd063826ac29c6cc8d291ad3a1a89347817c28241565eb44269fa8c24d,2,0,target-b:fixture-bank-17:p0007,-0.11053977906703949,-0.18754763901233673,0.35643598437309265,0.5185214281082153,-1.6883745193481445,-1.276315789473684,2.723684210526316,3.135969481389747,True,0.24519700423314877,low,csi-pairs-v6-software-fixture,ded1ec639ff3e6fd5eba769d42db1ed36222a48af333a30a670254b30b164b74,620f300cbec1f56da4691882bc7dbe52593dc597fc62f6ae925c0f6ac72f1c6b,True,FORBIDDEN,0901433cbfe906073eae45118a1466e03afab04a766a3061a988ffe089ba4e01,9548a24a4faf5db17b5251df407b4402de033ae8648ec321c850fe6105002cf1,8128818d8ea8f5c3517d04da28955f010269df61e756429957a0a032386f6c51
31,alignment,target-b,fixture-bank-15,fixture-base-15,e23949edbfe2dbe6dc73b97687bd3eed5fbc5d7bd72ecd8b2badea6dfbfe472e,234b78d61b49dc10d04ca8d24378f3b96eae7ef419b9bbe2bb61b3933c753b5d,4,0,target-b:fixture-bank-15:p0004,-0.104509636759758,-0.21157927811145782,0.3543376922607422,0.5227177739143372,-1.686218500137329,-2.3289473684210527,-0.32894736842105265,2.2275319280902277,True,0.23393574297188752,low,csi-pairs-v6-software-fixture,ded1ec639ff3e6fd5eba769d42db1ed36222a48af333a30a670254b30b164b74,620f300cbec1f56da4691882bc7dbe52593dc597fc62f6ae925c0f6ac72f1c6b,True,FORBIDDEN,0901433cbfe906073eae45118a1466e03afab04a766a3061a988ffe089ba4e01,9548a24a4faf5db17b5251df407b4402de033ae8648ec321c850fe6105002cf1,8128818d8ea8f5c3517d04da28955f010269df61e756429957a0a032386f6c51
31,alignment,target-b,fixture-bank-15,fixture-base-15,e23949edbfe2dbe6dc73b97687bd3eed5fbc5d7bd72ecd8b2badea6dfbfe472e,234b78d61b49dc10d04ca8d24378f3b96eae7ef419b9bbe2bb61b3933c753b5d,4,0,target-b:fixture-bank-15:p0005,-0.1061994880437851,-0.2005538046360016,0.35558152198791504,0.5192865133285522,-1.689300298690796,1.671052631578947,-2.3289473684210527,2.7728476804659006,True,0.23393574297188752,low,csi-pairs-v6-software-fixture,ded1ec639ff3e6fd5eba769d42db1ed36222a48af333a30a670254b30b164b74,620f300cbec1f56da4691882bc7dbe52593dc597fc62f6ae925c0f6ac72f1c6b,True,FORBIDDEN,0901433cbfe906073eae45118a1466e03afab04a766a3061a988ffe089ba4e01,9548a24a4faf5db17b5251df407b4402de033ae8648ec321c850fe6105002cf1,8128818d8ea8f5c3517d04da28955f010269df61e756429957a0a032386f6c51
31,alignment,target-b,fixture-bank-15,fixture-base-15,e23949edbfe2dbe6dc73b97687bd3eed5fbc5d7bd72ecd8b2badea6dfbfe472e,234b78d61b49dc10d04ca8d24378f3b96eae7ef419b9bbe2bb61b3933c753b5d,4,0,target-b:fixture-bank-15:p0006,-0.10857757180929184,-0.19456873834133148,0.36013901233673096,0.5230469703674316,-1.669349193572998,-0.32894736842105265,1.671052631578947,1.878591478518394,False,0.23393574297188752,low,csi-pairs-v6-software-fixture,ded1ec639ff3e6fd5eba769d42db1ed36222a48af333a30a670254b30b164b74,620f300cbec1f56da4691882bc7dbe52593dc597fc62f6ae925c0f6ac72f1c6b,True,FORBIDDEN,0901433cbfe906073eae45118a1466e03afab04a766a3061a988ffe089ba4e01,9548a24a4faf5db17b5251df407b4402de033ae8648ec321c850fe6105002cf1,8128818d8ea8f5c3517d04da28955f010269df61e756429957a0a032386f6c51
31,alignment,target-b,fixture-bank-15,fixture-base-15,e23949edbfe2dbe6dc73b97687bd3eed5fbc5d7bd72ecd8b2badea6dfbfe472e,234b78d61b49dc10d04ca8d24378f3b96eae7ef419b9bbe2bb61b3933c753b5d,4,0,target-b:fixture-bank-15:p0007,-0.10666735470294952,-0.1971743106842041,0.36123496294021606,0.521356463432312,-1.6695479154586792,2.671052631578947,-0.32894736842105265,2.780843839724773,True,0.23393574297188752,low,csi-pairs-v6-software-fixture,ded1ec639ff3e6fd5eba769d42db1ed36222a48af333a30a670254b30b164b74,620f300cbec1f56da4691882bc7dbe52593dc597fc62f6ae925c0f6ac72f1c6b,True,FORBIDDEN,0901433cbfe906073eae45118a1466e03afab04a766a3061a988ffe089ba4e01,9548a24a4faf5db17b5251df407b4402de033ae8648ec321c850fe6105002cf1,8128818d8ea8f5c3517d04da28955f010269df61e756429957a0a032386f6c51
31,alignment,target-b,fixture-bank-17,fixture-base-17,86a59d2849e34c3a9889d58bb3b67b946ca9eb639083798f219989137e7f4536,b8fec4fd063826ac29c6cc8d291ad3a1a89347817c28241565eb44269fa8c24d,4,0,target-b:fixture-bank-17:p0004,-0.10366153717041016,-0.20754855871200562,0.3486357033252716,0.5170682072639465,-1.7133082151412964,-2.276315789473684,-0.27631578947368407,2.173742264409037,True,0.24519700423314877,low,csi-pairs-v6-software-fixture,ded1ec639ff3e6fd5eba769d42db1ed36222a48af333a30a670254b30b164b74,620f300cbec1f56da4691882bc7dbe52593dc597fc62f6ae925c0f6ac72f1c6b,True,FORBIDDEN,0901433cbfe906073eae45118a1466e03afab04a766a3061a988ffe089ba4e01,9548a24a4faf5db17b5251df407b4402de033ae8648ec321c850fe6105002cf1,8128818d8ea8f5c3517d04da28955f010269df61e756429957a0a032386f6c51
31,alignment,target-b,fixture-bank-17,fixture-base-17,86a59d2849e34c3a9889d58bb3b67b946ca9eb639083798f219989137e7f4536,b8fec4fd063826ac29c6cc8d291ad3a1a89347817c28241565eb44269fa8c24d,4,0,target-b:fixture-bank-17:p0005,-0.10763572156429291,-0.1969333291053772,0.3594857156276703,0.521878719329834,-1.67340087890625,1.723684210526316,-2.276315789473684,2.770841769239035,True,0.24519700423314877,low,csi-pairs-v6-software-fixture,ded1ec639ff3e6fd5eba769d42db1ed36222a48af333a30a670254b30b164b74,620f300cbec1f56da4691882bc7dbe52593dc597fc62f6ae925c0f6ac72f1c6b,True,FORBIDDEN,0901433cbfe906073eae45118a1466e03afab04a766a3061a988ffe089ba4e01,9548a24a4faf5db17b5251df407b4402de033ae8648ec321c850fe6105002cf1,8128818d8ea8f5c3517d04da28955f010269df61e756429957a0a032386f6c51
31,alignment,target-b,fixture-bank-17,fixture-base-17,86a59d2849e34c3a9889d58bb3b67b946ca9eb639083798f219989137e7f4536,b8fec4fd063826ac29c6cc8d291ad3a1a89347817c28241565eb44269fa8c24d,4,0,target-b:fixture-bank-17:p0006,-0.11001721769571304,-0.19298873841762543,0.3554753363132477,0.5175842046737671,-1.6928824186325073,1.723684210526316,-0.27631578947368407,1.8355937255561776,False,0.24519700423314877,low,csi-pairs-v6-software-fixture,ded1ec639ff3e6fd5eba769d42db1ed36222a48af333a30a670254b30b164b74,620f300cbec1f56da4691882bc7dbe52593dc597fc62f6ae925c0f6ac72f1c6b,True,FORBIDDEN,0901433cbfe906073eae45118a1466e03afab04a766a3061a988ffe089ba4e01,9548a24a4faf5db17b5251df407b4402de033ae8648ec321c850fe6105002cf1,8128818d8ea8f5c3517d04da28955f010269df61e756429957a0a032386f6c51
31,alignment,target-b,fixture-bank-17,fixture-base-17,86a59d2849e34c3a9889d58bb3b67b946ca9eb639083798f219989137e7f4536,b8fec4fd063826ac29c6cc8d291ad3a1a89347817c28241565eb44269fa8c24d,4,0,target-b:fixture-bank-17:p0007,-0.1087753176689148,-0.19612126052379608,0.35588183999061584,0.5181019902229309,-1.690739631652832,-1.276315789473684,2.723684210526316,3.144584987256072,True,0.24519700423314877,low,csi-pairs-v6-software-fixture,ded1ec639ff3e6fd5eba769d42db1ed36222a48af333a30a670254b30b164b74,620f300cbec1f56da4691882bc7dbe52593dc597fc62f6ae925c0f6ac72f1c6b,True,FORBIDDEN,0901433cbfe906073eae45118a1466e03afab04a766a3061a988ffe089ba4e01,9548a24a4faf5db17b5251df407b4402de033ae8648ec321c850fe6105002cf1,8128818d8ea8f5c3517d04da28955f010269df61e756429957a0a032386f6c51
31,alignment,target-b,fixture-bank-15,fixture-base-15,e23949edbfe2dbe6dc73b97687bd3eed5fbc5d7bd72ecd8b2badea6dfbfe472e,234b78d61b49dc10d04ca8d24378f3b96eae7ef419b9bbe2bb61b3933c753b5d,2,1,target-b:fixture-bank-15:p0004,-0.10037623345851898,-0.2110069990158081,0.35333308577537537,0.5245949625968933,-1.6854729652404785,-2.3289473684210527,-0.32894736842105265,2.2316897710756396,True,0.23393574297188752,low,csi-pairs-v6-software-fixture,ded1ec639ff3e6fd5eba769d42db1ed36222a48af333a30a670254b30b164b74,620f300cbec1f56da4691882bc7dbe52593dc597fc62f6ae925c0f6ac72f1c6b,True,FORBIDDEN,0901433cbfe906073eae45118a1466e03afab04a766a3061a988ffe089ba4e01,9548a24a4faf5db17b5251df407b4402de033ae8648ec321c850fe6105002cf1,8128818d8ea8f5c3517d04da28955f010269df61e756429957a0a032386f6c51
31,alignment,target-b,fixture-bank-15,fixture-base-15,e23949edbfe2dbe6dc73b97687bd3eed5fbc5d7bd72ecd8b2badea6dfbfe472e,234b78d61b49dc10d04ca8d24378f3b96eae7ef419b9bbe2bb61b3933c753b5d,2,1,target-b:fixture-bank-15:p0005,-0.10373275727033615,-0.2009078562259674,0.355277419090271,0.5204307436943054,-1.6879547834396362,1.671052631578947,-2.3289473684210527,2.7709953702480985,True,0.23393574297188752,low,csi-pairs-v6-software-fixture,ded1ec639ff3e6fd5eba769d42db1ed36222a48af333a30a670254b30b164b74,620f300cbec1f56da4691882bc7dbe52593dc597fc62f6ae925c0f6ac72f1c6b,True,FORBIDDEN,0901433cbfe906073eae45118a1466e03afab04a766a3061a988ffe089ba4e01,9548a24a4faf5db17b5251df407b4402de033ae8648ec321c850fe6105002cf1,8128818d8ea8f5c3517d04da28955f010269df61e756429957a0a032386f6c51
31,alignment,target-b,fixture-bank-15,fixture-base-15,e23949edbfe2dbe6dc73b97687bd3eed5fbc5d7bd72ecd8b2badea6dfbfe472e,234b78d61b49dc10d04ca8d24378f3b96eae7ef419b9bbe2bb61b3933c753b5d,2,1,target-b:fixture-bank-15:p0006,-0.10578176379203796,-0.19260232150554657,0.358931303024292,0.5245072841644287,-1.6699202060699463,-0.32894736842105265,1.671052631578947,1.8769690117968914,False,0.23393574297188752,low,csi-pairs-v6-software-fixture,ded1ec639ff3e6fd5eba769d42db1ed36222a48af333a30a670254b30b164b74,620f300cbec1f56da4691882bc7dbe52593dc597fc62f6ae925c0f6ac72f1c6b,True,FORBIDDEN,0901433cbfe906073eae45118a1466e03afab04a766a3061a988ffe089ba4e01,9548a24a4faf5db17b5251df407b4402de033ae8648ec321c850fe6105002cf1,8128818d8ea8f5c3517d04da28955f010269df61e756429957a0a032386f6c51
31,alignment,target-b,fixture-bank-15,fixture-base-15,e23949edbfe2dbe6dc73b97687bd3eed5fbc5d7bd72ecd8b2badea6dfbfe472e,234b78d61b49dc10d04ca8d24378f3b96eae7ef419b9bbe2bb61b3933c753b5d,2,1,target-b:fixture-bank-15:p0007,-0.10383142530918121,-0.1955333799123764,0.3602176308631897,0.5227888822555542,-1.6696244478225708,2.671052631578947,-0.32894736842105265,2.7780894192775203,True,0.23393574297188752,low,csi-pairs-v6-software-fixture,ded1ec639ff3e6fd5eba769d42db1ed36222a48af333a30a670254b30b164b74,620f300cbec1f56da4691882bc7dbe52593dc597fc62f6ae925c0f6ac72f1c6b,True,FORBIDDEN,0901433cbfe906073eae45118a1466e03afab04a766a3061a988ffe089ba4e01,9548a24a4faf5db17b5251df407b4402de033ae8648ec321c850fe6105002cf1,8128818d8ea8f5c3517d04da28955f010269df61e756429957a0a032386f6c51
31,alignment,target-b,fixture-bank-17,fixture-base-17,86a59d2849e34c3a9889d58bb3b67b946ca9eb639083798f219989137e7f4536,b8fec4fd063826ac29c6cc8d291ad3a1a89347817c28241565eb44269fa8c24d,2,1,target-b:fixture-bank-17:p0004,-0.10094411671161652,-0.20962192118167877,0.3488815426826477,0.5182021260261536,-1.7104127407073975,-2.276315789473684,-0.27631578947368407,2.176393803226656,True,0.24519700423314877,low,csi-pairs-v6-software-fixture,ded1ec639ff3e6fd5eba769d42db1ed36222a48af333a30a670254b30b164b74,620f300cbec1f56da4691882bc7dbe52593dc597fc62f6ae925c0f6ac72f1c6b,True,FORBIDDEN,0901433cbfe906073eae45118a1466e03afab04a766a3061a988ffe089ba4e01,9548a24a4faf5db17b5251df407b4402de033ae8648ec321c850fe6105002cf1,8128818d8ea8f5c3517d04da28955f010269df61e756429957a0a032386f6c51
31,alignment,target-b,fixture-bank-17,fixture-base-17,86a59d2849e34c3a9889d58bb3b67b946ca9eb639083798f219989137e7f4536,b8fec4fd063826ac29c6cc8d291ad3a1a89347817c28241565eb44269fa8c24d,2,1,target-b:fixture-bank-17:p0005,-0.10469604283571243,-0.19550631940364838,0.35850226879119873,0.5233513712882996,-1.6733224391937256,1.723684210526316,-2.276315789473684,2.7699715524924327,True,0.24519700423314877,low,csi-pairs-v6-software-fixture,ded1ec639ff3e6fd5eba769d42db1ed36222a48af333a30a670254b30b164b74,620f300cbec1f56da4691882bc7dbe52593dc597fc62f6ae925c0f6ac72f1c6b,True,FORBIDDEN,0901433cbfe906073eae45118a1466e03afab04a766a3061a988ffe089ba4e01,9548a24a4faf5db17b5251df407b4402de033ae8648ec321c850fe6105002cf1,8128818d8ea8f5c3517d04da28955f010269df61e756429957a0a032386f6c51
31,alignment,target-b,fixture-bank-17,fixture-base-17,86a59d2849e34c3a9889d58bb3b67b946ca9eb639083798f219989137e7f4536,b8fec4fd063826ac29c6cc8d291ad3a1a89347817c28241565eb44269fa8c24d,2,1,target-b:fixture-bank-17:p0006,-0.10871781408786774,-0.19374626874923706,0.3555601239204407,0.5182409882545471,-1.6913758516311646,1.723684210526316,-0.27631578947368407,1.8342614060059228,False,0.24519700423314877,low,csi-pairs-v6-software-fixture,ded1ec639ff3e6fd5eba769d42db1ed36222a48af333a30a670254b30b164b74,620f300cbec1f56da4691882bc7dbe52593dc597fc62f6ae925c0f6ac72f1c6b,True,FORBIDDEN,0901433cbfe906073eae45118a1466e03afab04a766a3061a988ffe089ba4e01,9548a24a4faf5db17b5251df407b4402de033ae8648ec321c850fe6105002cf1,8128818d8ea8f5c3517d04da28955f010269df61e756429957a0a032386f6c51
31,alignment,target-b,fixture-bank-17,fixture-base-17,86a59d2849e34c3a9889d58bb3b67b946ca9eb639083798f219989137e7f4536,b8fec4fd063826ac29c6cc8d291ad3a1a89347817c28241565eb44269fa8c24d,2,1,target-b:fixture-bank-17:p0007,-0.10712958872318268,-0.19677001237869263,0.35588333010673523,0.5188912153244019,-1.6892132759094238,-1.276315789473684,2.723684210526316,3.145798664903571,True,0.24519700423314877,low,csi-pairs-v6-software-fixture,ded1ec639ff3e6fd5eba769d42db1ed36222a48af333a30a670254b30b164b74,620f300cbec1f56da4691882bc7dbe52593dc597fc62f6ae925c0f6ac72f1c6b,True,FORBIDDEN,0901433cbfe906073eae45118a1466e03afab04a766a3061a988ffe089ba4e01,9548a24a4faf5db17b5251df407b4402de033ae8648ec321c850fe6105002cf1,8128818d8ea8f5c3517d04da28955f010269df61e756429957a0a032386f6c51
31,alignment,target-b,fixture-bank-15,fixture-base-15,e23949edbfe2dbe6dc73b97687bd3eed5fbc5d7bd72ecd8b2badea6dfbfe472e,234b78d61b49dc10d04ca8d24378f3b96eae7ef419b9bbe2bb61b3933c753b5d,4,1,target-b:fixture-bank-15:p0004,-0.10438314080238342,-0.21555516123771667,0.3578428328037262,0.5211389660835266,-1.6793999671936035,-2.3289473684210527,-0.32894736842105265,2.227452310477276,True,0.23393574297188752,low,csi-pairs-v6-software-fixture,ded1ec639ff3e6fd5eba769d42db1ed36222a48af333a30a670254b30b164b74,620f300cbec1f56da4691882bc7dbe52593dc597fc62f6ae925c0f6ac72f1c6b,True,FORBIDDEN,0901433cbfe906073eae45118a1466e03afab04a766a3061a988ffe089ba4e01,9548a24a4faf5db17b5251df407b4402de033ae8648ec321c850fe6105002cf1,8128818d8ea8f5c3517d04da28955f010269df61e756429957a0a032386f6c51
31,alignment,target-b,fixture-bank-15,fixture-base-15,e23949edbfe2dbe6dc73b97687bd3eed5fbc5d7bd72ecd8b2badea6dfbfe472e,234b78d61b49dc10d04ca8d24378f3b96eae7ef419b9bbe2bb61b3933c753b5d,4,1,target-b:fixture-bank-15:p0005,-0.10579434037208557,-0.2038731426000595,0.3581516742706299,0.5176833271980286,-1.685190200805664,1.671052631578947,-2.3289473684210527,2.770040726592345,True,0.23393574297188752,low,csi-pairs-v6-software-fixture,ded1ec639ff3e6fd5eba769d42db1ed36222a48af333a30a670254b30b164b74,620f300cbec1f56da4691882bc7dbe52593dc597fc62f6ae925c0f6ac72f1c6b,True,FORBIDDEN,0901433cbfe906073eae45118a1466e03afab04a766a3061a988ffe089ba4e01,9548a24a4faf5db17b5251df407b4402de033ae8648ec321c850fe6105002cf1,8128818d8ea8f5c3517d04da28955f010269df61e756429957a0a032386f6c51
31,alignment,target-b,fixture-bank-15,fixture-base-15,e23949edbfe2dbe6dc73b97687bd3eed5fbc5d7bd72ecd8b2badea6dfbfe472e,234b78d61b49dc10d04ca8d24378f3b96eae7ef419b9bbe2bb61b3933c753b5d,4,1,target-b:fixture-bank-15:p0006,-0.10757377743721008,-0.19559016823768616,0.36105242371559143,0.52210932970047,-1.6686103343963623,-0.32894736842105265,1.671052631578947,1.8797238118650197,False,0.23393574297188752,low,csi-pairs-v6-software-fixture,ded1ec639ff3e6fd5eba769d42db1ed36222a48af333a30a670254b30b164b74,620f300cbec1f56da4691882bc7dbe52593dc597fc62f6ae925c0f6ac72f1c6b,True,FORBIDDEN,0901433cbfe906073eae45118a1466e03afab04a766a3061a988ffe089ba4e01,9548a24a4faf5db17b5251df407b4402de033ae8648ec321c850fe6105002cf1,8128818d8ea8f5c3517d04da28955f010269df61e756429957a0a032386f6c51
31,alignment,target-b,fixture-bank-15,fixture-base-15,e23949edbfe2dbe6dc73b97687bd3eed5fbc5d7bd72ecd8b2badea6dfbfe472e,234b78d61b49dc10d04ca8d24378f3b96eae7ef419b9bbe2bb61b3933c753b5d,4,1,target-b:fixture-bank-15:p0007,-0.1055651605129242,-0.1985958367586136,0.3624224364757538,0.5201601982116699,-1.6685632467269897,2.671052631578947,-0.32894736842105265,2.7796758597303897,True,0.23393574297188752,low,csi-pairs-v6-software-fixture,ded1ec639ff3e6fd5eba769d42db1ed36222a48af333a30a670254b30b164b74,620f300cbec1f56da4691882bc7dbe52593dc597fc62f6ae925c0f6ac72f1c6b,True,FORBIDDEN,0901433cbfe906073eae45118a1466e03afab04a766a3061a988ffe089ba4e01,9548a24a4faf5db17b5251df407b4402de033ae8648ec321c850fe6105002cf1,8128818d8ea8f5c3517d04da28955f010269df61e756429957a0a032386f6c51
31,alignment,target-b,fixture-bank-17,fixture-base-17,86a59d2849e34c3a9889d58bb3b67b946ca9eb639083798f219989137e7f4536,b8fec4fd063826ac29c6cc8d291ad3a1a89347817c28241565eb44269fa8c24d,4,1,target-b:fixture-bank-17:p0004,-0.10422307997941971,-0.21324709057807922,0.35299962759017944,0.5150131583213806,-1.7048511505126953,-2.276315789473684,-0.27631578947368407,2.1730081452720142,True,0.24519700423314877,low,csi-pairs-v6-software-fixture,ded1ec639ff3e6fd5eba769d42db1ed36222a48af333a30a670254b30b164b74,620f300cbec1f56da4691882bc7dbe52593dc597fc62f6ae925c0f6ac72f1c6b,True,FORBIDDEN,0901433cbfe906073eae45118a1466e03afab04a766a3061a988ffe089ba4e01,9548a24a4faf5db17b5251df407b4402de033ae8648ec321c850fe6105002cf1,8128818d8ea8f5c3517d04da28955f010269df61e756429957a0a032386f6c51
31,alignment,target-b,fixture-bank-17,fixture-base-17,86a59d2849e34c3a9889d58bb3b67b946ca9eb639083798f219989137e7f4536,b8fec4fd063826ac29c6cc8d291ad3a1a89347817c28241565eb44269fa8c24d,4,1,target-b:fixture-bank-17:p0005,-0.1067785993218422,-0.19868679344654083,0.36098554730415344,0.520700991153717,-1.6714966297149658,1.723684210526316,-2.276315789473684,2.7689594333196665,True,0.24519700423314877,low,csi-pairs-v6-software-fixture,ded1ec639ff3e6fd5eba769d42db1ed36222a48af333a30a670254b30b164b74,620f300cbec1f56da4691882bc7dbe52593dc597fc62f6ae925c0f6ac72f1c6b,True,FORBIDDEN,0901433cbfe906073eae45118a1466e03afab04a766a3061a988ffe089ba4e01,9548a24a4faf5db17b5251df407b4402de033ae8648ec321c850fe6105002cf1,8128818d8ea8f5c3517d04da28955f010269df61e756429957a0a032386f6c51
31,alignment,target-b,fixture-bank-17,fixture-base-17,86a59d2849e34c3a9889d58bb3b67b946ca9eb639083798f219989137e7f4536,b8fec4fd063826ac29c6cc8d291ad3a1a89347817c28241565eb44269fa8c24d,4,1,target-b:fixture-bank-17:p0006,-0.1095767617225647,-0.1957663893699646,0.35738396644592285,0.5161522626876831,-1.6902979612350464,1.723684210526316,-0.27631578947368407,1.835029699549296,False,0.24519700423314877,low,csi-pairs-v6-software-fixture,ded1ec639ff3e6fd5eba769d42db1ed36222a48af333a30a670254b30b164b74,620f300cbec1f56da4691882bc7dbe52593dc597fc62f6ae925c0f6ac72f1c6b,True,FORBIDDEN,0901433cbfe906073eae45118a1466e03afab04a766a3061a988ffe089ba4e01,9548a24a4faf5db17b5251df407b4402de033ae8648ec321c850fe6105002cf1,8128818d8ea8f5c3517d04da28955f010269df61e756429957a0a032386f6c51
31,alignment,target-b,fixture-bank-17,fixture-base-17,86a59d2849e34c3a9889d58bb3b67b946ca9eb639083798f219989137e7f4536,b8fec4fd063826ac29c6cc8d291ad3a1a89347817c28241565eb44269fa8c24d,4,1,target-b:fixture-bank-17:p0007,-0.10832273960113525,-0.1990756392478943,0.3580053150653839,0.5165059566497803,-1.6878759860992432,-1.276315789473684,2.723684210526316,3.1474962913405857,True,0.24519700423314877,low,csi-pairs-v6-software-fixture,ded1ec639ff3e6fd5eba769d42db1ed36222a48af333a30a670254b30b164b74,620f300cbec1f56da4691882bc7dbe52593dc597fc62f6ae925c0f6ac72f1c6b,True,FORBIDDEN,0901433cbfe906073eae45118a1466e03afab04a766a3061a988ffe089ba4e01,9548a24a4faf5db17b5251df407b4402de033ae8648ec321c850fe6105002cf1,8128818d8ea8f5c3517d04da28955f010269df61e756429957a0a032386f6c51
31,response,target-a,fixture-bank-14,fixture-base-14,86a59d2849e34c3a9889d58bb3b67b946ca9eb639083798f219989137e7f4536,d3ac0ba45cb8ca4a3062283c82745f423da87b60b62b7768857a4ffa9f3e71be,0,0,target-a:fixture-bank-14:p0004,-0.08774961531162262,-0.17347970604896545,0.3428422808647156,0.5094799995422363,-1.744849443435669,0.6447368421052628,-1.3552631578947367,1.3903771205524222,False,0.25,low,csi-pairs-v6-software-fixture,ded1ec639ff3e6fd5eba769d42db1ed36222a48af333a30a670254b30b164b74,620f300cbec1f56da4691882bc7dbe52593dc597fc62f6ae925c0f6ac72f1c6b,True,FORBIDDEN,0901433cbfe906073eae45118a1466e03afab04a766a3061a988ffe089ba4e01,9548a24a4faf5db17b5251df407b4402de033ae8648ec321c850fe6105002cf1,8128818d8ea8f5c3517d04da28955f010269df61e756429957a0a032386f6c51
31,response,target-a,fixture-bank-14,fixture-base-14,86a59d2849e34c3a9889d58bb3b67b946ca9eb639083798f219989137e7f4536,d3ac0ba45cb8ca4a3062283c82745f423da87b60b62b7768857a4ffa9f3e71be,0,0,target-a:fixture-bank-14:p0005,-0.08889885246753693,-0.17177584767341614,0.34247133135795593,0.506912350654602,-1.7509844303131104,-1.3552631578947367,0.6447368421052628,1.506775207729981,False,0.25,low,csi-pairs-v6-software-fixture,ded1ec639ff3e6fd5eba769d42db1ed36222a48af333a30a670254b30b164b74,620f300cbec1f56da4691882bc7dbe52593dc597fc62f6ae925c0f6ac72f1c6b,True,FORBIDDEN,0901433cbfe906073eae45118a1466e03afab04a766a3061a988ffe089ba4e01,9548a24a4faf5db17b5251df407b4402de033ae8648ec321c850fe6105002cf1,8128818d8ea8f5c3517d04da28955f010269df61e756429957a0a032386f6c51
31,response,target-a,fixture-bank-14,fixture-base-14,86a59d2849e34c3a9889d58bb3b67b946ca9eb639083798f219989137e7f4536,d3ac0ba45cb8ca4a3062283c82745f423da87b60b62b7768857a4ffa9f3e71be,0,0,target-a:fixture-bank-14:p0006,-0.08604824542999268,-0.17493721842765808,0.34390002489089966,0.5121763944625854,-1.7364904880523682,1.6447368421052628,-0.3552631578947367,1.7401535747396282,False,0.25,low,csi-pairs-v6-software-fixture,ded1ec639ff3e6fd5eba769d42db1ed36222a48af333a30a670254b30b164b74,620f300cbec1f56da4691882bc7dbe52593dc597fc62f6ae925c0f6ac72f1c6b,True,FORBIDDEN,0901433cbfe906073eae45118a1466e03afab04a766a3061a988ffe089ba4e01,9548a24a4faf5db17b5251df407b4402de033ae8648ec321c850fe6105002cf1,8128818d8ea8f5c3517d04da28955f010269df61e756429957a0a032386f6c51
31,response,target-a,fixture-bank-14,fixture-base-14,86a59d2849e34c3a9889d58bb3b67b946ca9eb639083798f219989137e7f4536,d3ac0ba45cb8ca4a3062283c82745f423da87b60b62b7768857a4ffa9f3e71be,0,0,target-a:fixture-bank-14:p0007,-0.0865233764052391,-0.17359435558319092,0.34478533267974854,0.5134344100952148,-1.731466293334961,-1.3552631578947367,2.644736842105263,3.090742851322001,True,0.25,low,csi-pairs-v6-software-fixture,ded1ec639ff3e6fd5eba769d42db1ed36222a48af333a30a670254b30b164b74,620f300cbec1f56da4691882bc7dbe52593dc597fc62f6ae925c0f6ac72f1c6b,True,FORBIDDEN,0901433cbfe906073eae45118a1466e03afab04a766a3061a988ffe089ba4e01,9548a24a4faf5db17b5251df407b4402de033ae8648ec321c850fe6105002cf1,8128818d8ea8f5c3517d04da28955f010269df61e756429957a0a032386f6c51
31,response,target-a,fixture-bank-16,fixture-base-16,e23949edbfe2dbe6dc73b97687bd3eed5fbc5d7bd72ecd8b2badea6dfbfe472e,2b37638d300a790f3426572fa00b7bf61aa934746cb588d9fb5347ccf44b354c,0,0,target-a:fixture-bank-16:p0004,-0.08895576000213623,-0.1728510558605194,0.34173280000686646,0.5088425278663635,-1.749342918395996,0.6973684210526319,-1.3026315789473681,1.3764845615036316,False,0.26126126126126126,low,csi-pairs-v6-software-fixture,ded1ec639ff3e6fd5eba769d42db1ed36222a48af333a30a670254b30b164b74,620f300cbec1f56da4691882bc7dbe52593dc597fc62f6ae925c0f6ac72f1c6b,True,FORBIDDEN,0901433cbfe906073eae45118a1466e03afab04a766a3061a988ffe089ba4e01,9548a24a4faf5db17b5251df407b4402de033ae8648ec321c850fe6105002cf1,8128818d8ea8f5c3517d04da28955f010269df61e756429957a0a032386f6c51
31,response,target-a,fixture-bank-16,fixture-base-16,e23949edbfe2dbe6dc73b97687bd3eed5fbc5d7bd72ecd8b2badea6dfbfe472e,2b37638d300a790f3426572fa00b7bf61aa934746cb588d9fb5347ccf44b354c,0,0,target-a:fixture-bank-16:p0005,-0.08624107390642166,-0.17110823094844818,0.3449541926383972,0.5100764036178589,-1.737538456916809,-1.3026315789473681,0.6973684210526319,1.494609499442839,False,0.26126126126126126,low,csi-pairs-v6-software-fixture,ded1ec639ff3e6fd5eba769d42db1ed36222a48af333a30a670254b30b164b74,620f300cbec1f56da4691882bc7dbe52593dc597fc62f6ae925c0f6ac72f1c6b,True,FORBIDDEN,0901433cbfe906073eae45118a1466e03afab04a766a3061a988ffe089ba4e01,9548a24a4faf5db17b5251df407b4402de033ae8648ec321c850fe6105002cf1,8128818d8ea8f5c3517d04da28955f010269df61e756429957a0a032386f6c51
31,response,target-a,fixture-bank-16,fixture-base-16,e23949edbfe2dbe6dc73b97687bd3eed5fbc5d7bd72ecd8b2badea6dfbfe472e,2b37638d300a790f3426572fa00b7bf61aa934746cb588d9fb5347ccf44b354c,0,0,target-a:fixture-bank-16:p0006,-0.08469366282224655,-0.17815619707107544,0.34702885150909424,0.516870379447937,-1.7183104753494263,1.6973684210526319,-0.30263157894736814,1.786404039258119,False,0.26126126126126126,low,csi-pairs-v6-software-fixture,ded1ec639ff3e6fd5eba769d42db1ed36222a48af333a30a670254b30b164b74,620f300cbec1f56da4691882bc7dbe52593dc597fc62f6ae925c0f6ac72f1c6b,True,FORBIDDEN,0901433cbfe906073eae45118a1466e03afab04a766a3061a988ffe089ba4e01,9548a24a4faf5db17b5251df407b4402de033ae8648ec321c850fe6105002cf1,8128818d8ea8f5c3517d04da28955f010269df61e756429957a0a032386f6c51
31,response,target-a,fixture-bank-16,fixture-base-16,e23949edbfe2dbe6dc73b97687bd3eed5fbc5d7bd72ecd8b2badea6dfbfe472e,2b37638d300a790f3426572fa00b7bf61aa934746cb588d9fb5347ccf44b354c,0,0,target-a:fixture-bank-16:p0007,-0.08681982755661011,-0.17764273285865784,0.34368160367012024,0.5101807117462158,-1.741029977798462,-0.30263157894736814,1.6973684210526319,1.8873901396717352,False,0.26126126126126126,low,csi-pairs-v6-software-fixture,ded1ec639ff3e6fd5eba769d42db1ed36222a48af333a30a670254b30b164b74,620f300cbec1f56da4691882bc7dbe52593dc597fc62f6ae925c0f6ac72f1c6b,True,FORBIDDEN,0901433cbfe906073eae45118a1466e03afab04a766a3061a988ffe089ba4e01,9548a24a4faf5db17b5251df407b4402de033ae8648ec321c850fe6105002cf1,8128818d8ea8f5c3517d04da28955f010269df61e756429957a0a032386f6c51
31,response,target-a,fixture-bank-14,fixture-base-14,86a59d2849e34c3a9889d58bb3b67b946ca9eb639083798f219989137e7f4536,d3ac0ba45cb8ca4a3062283c82745f423da87b60b62b7768857a4ffa9f3e71be,2,0,target-a:fixture-bank-14:p0004,-0.10162030160427094,-0.19141706824302673,0.35528892278671265,0.5211545825004578,-1.6865324974060059,0.6447368421052628,-1.3552631578947367,1.3826014271523916,False,0.25,low,csi-pairs-v6-software-fixture,ded1ec639ff3e6fd5eba769d42db1ed36222a48af333a30a670254b30b164b74,620f300cbec1f56da4691882bc7dbe52593dc597fc62f6ae925c0f6ac72f1c6b,True,FORBIDDEN,0901433cbfe906073eae45118a1466e03afab04a766a3061a988ffe089ba4e01,9548a24a4faf5db17b5251df407b4402de033ae8648ec321c850fe6105002cf1,8128818d8ea8f5c3517d04da28955f010269df61e756429957a0a032386f6c51
31,response,target-a,fixture-bank-14,fixture-base-14,86a59d2849e34c3a9889d58bb3b67b946ca9eb639083798f219989137e7f4536,d3ac0ba45cb8ca4a3062283c82745f423da87b60b62b7768857a4ffa9f3e71be,2,0,target-a:fixture-bank-14:p0005,-0.1025310754776001,-0.18952032923698425,0.3546528220176697,0.5188491940498352,-1.6927579641342163,-1.3552631578947367,0.6447368421052628,1.5050988998245738,False,0.25,low,csi-pairs-v6-software-fixture,ded1ec639ff3e6fd5eba769d42db1ed36222a48af333a30a670254b30b164b74,620f300cbec1f56da4691882bc7dbe52593dc597fc62f6ae925c0f6ac72f1c6b,True,FORBIDDEN,0901433cbfe906073eae45118a1466e03afab04a766a3061a988ffe089ba4e01,9548a24a4faf5db17b5251df407b4402de033ae8648ec321c850fe6105002cf1,8128818d8ea8f5c3517d04da28955f010269df61e756429957a0a032386f6c51
31,response,target-a,fixture-bank-14,fixture-base-14,86a59d2849e34c3a9889d58bb3b67b946ca9eb639083798f219989137e7f4536,d3ac0ba45cb8ca4a3062283c82745f423da87b60b62b7768857a4ffa9f3e71be,2,0,target-a:fixture-bank-14:p0006,-0.10053078830242157,-0.19313904643058777,0.3569432497024536,0.5237293243408203,-1.6769587993621826,1.6447368421052628,-0.3552631578947367,1.7527815977088799,False,0.25,low,csi-pairs-v6-software-fixture,ded1ec639ff3e6fd5eba769d42db1ed36222a48af333a30a670254b30b164b74,620f300cbec1f56da4691882bc7dbe52593dc597fc62f6ae925c0f6ac72f1c6b,True,FORBIDDEN,0901433cbfe906073eae45118a1466e03afab04a766a3061a988ffe089ba4e01,9548a24a4faf5db17b5251df407b4402de033ae8648ec321c850fe6105002cf1,8128818d8ea8f5c3517d04da28955f010269df61e756429957a0a032386f6c51
31,response,target-a,fixture-bank-14,fixture-base-14,86a59d2849e34c3a9889d58bb3b67b946ca9eb639083798f219989137e7f4536,d3ac0ba45cb8ca4a3062283c82745f423da87b60b62b7768857a4ffa9f3e71be,2,0,target-a:fixture-bank-14:p0007,-0.10176465660333633,-0.19163590669631958,0.3580324947834015,0.5244676470756531,-1.672503113746643,-1.3552631578947367,2.644736842105263,3.101010942077443,True,0.25,low,csi-pairs-v6-software-fixture,ded1ec639ff3e6fd5eba769d42db1ed36222a48af333a30a670254b30b164b74,620f300cbec1f56da4691882bc7dbe52593dc597fc62f6ae925c0f6ac72f1c6b,True,FORBIDDEN,0901433cbfe906073eae45118a1466e03afab04a766a3061a988ffe089ba4e01,9548a24a4faf5db17b5251df407b4402de033ae8648ec321c850fe6105002cf1,8128818d8ea8f5c3517d04da28955f010269df61e756429957a0a032386f6c51
31,response,target-a,fixture-bank-16,fixture-base-16,e23949edbfe2dbe6dc73b97687bd3eed5fbc5d7bd72ecd8b2badea6dfbfe472e,2b37638d300a790f3426572fa00b7bf61aa934746cb588d9fb5347ccf44b354c,2,0,target-a:fixture-bank-16:p0004,-0.10254181921482086,-0.19080568850040436,0.35370713472366333,0.5204811096191406,-1.6922876834869385,0.6973684210526319,-1.3026315789473681,1.3696763132773078,False,0.26126126126126126,low,csi-pairs-v6-software-fixture,ded1ec639ff3e6fd5eba769d42db1ed36222a48af333a30a670254b30b164b74,620f300cbec1f56da4691882bc7dbe52593dc597fc62f6ae925c0f6ac72f1c6b,True,FORBIDDEN,0901433cbfe906073eae45118a1466e03afab04a766a3061a988ffe089ba4e01,9548a24a4faf5db17b5251df407b4402de033ae8648ec321c850fe6105002cf1,8128818d8ea8f5c3517d04da28955f010269df61e756429957a0a032386f6c51
31,response,target-a,fixture-bank-16,fixture-base-16,e23949edbfe2dbe6dc73b97687bd3eed5fbc5d7bd72ecd8b2badea6dfbfe472e,2b37638d300a790f3426572fa00b7bf61aa934746cb588d9fb5347ccf44b354c,2,0,target-a:fixture-bank-16:p0005,-0.10105440020561218,-0.18878190219402313,0.3580968976020813,0.5216013193130493,-1.67780339717865,-1.3026315789473681,0.6973684210526319,1.4930003723586773,False,0.26126126126126126,low,csi-pairs-v6-software-fixture,ded1ec639ff3e6fd5eba769d42db1ed36222a48af333a30a670254b30b164b74,620f300cbec1f56da4691882bc7dbe52593dc597fc62f6ae925c0f6ac72f1c6b,True,FORBIDDEN,0901433cbfe906073eae45118a1466e03afab04a766a3061a988ffe089ba4e01,9548a24a4faf5db17b5251df407b4402de033ae8648ec321c850fe6105002cf1,8128818d8ea8f5c3517d04da28955f010269df61e756429957a0a032386f6c51
31,response,target-a,fixture-bank-16,fixture-base-16,e23949edbfe2dbe6dc73b97687bd3eed5fbc5d7bd72ecd8b2badea6dfbfe472e,2b37638d300a790f3426572fa00b7bf61aa934746cb588d9fb5347ccf44b354c,2,0,target-a:fixture-bank-16:p0006,-0.10088042914867401,-0.19693884253501892,0.361324667930603,0.5275687575340271,-1.6574543714523315,1.6973684210526319,-0.30263157894736814,1.8013522370099218,False,0.26126126126126126,low,csi-pairs-v6-software-fixture,ded1ec639ff3e6fd5eba769d42db1ed36222a48af333a30a670254b30b164b74,620f300cbec1f56da4691882bc7dbe52593dc597fc62f6ae925c0f6ac72f1c6b,True,FORBIDDEN,0901433cbfe906073eae45118a1466e03afab04a766a3061a988ffe089ba4e01,9548a24a4faf5db17b5251df407b4402de033ae8648ec321c850fe6105002cf1,8128818d8ea8f5c3517d04da28955f010269df61e756429957a0a032386f6c51
31,response,target-a,fixture-bank-16,fixture-base-16,e23949edbfe2dbe6dc73b97687bd3eed5fbc5d7bd72ecd8b2badea6dfbfe472e,2b37638d300a790f3426572fa00b7bf61aa934746cb588d9fb5347ccf44b354c,2,0,target-a:fixture-bank-16:p0007,-0.10106304287910461,-0.19611047208309174,0.3566686809062958,0.5220300555229187,-1.6809781789779663,-0.30263157894736814,1.6973684210526319,1.9041775635384395,False,0.26126126126126126,low,csi-pairs-v6-software-fixture,ded1ec639ff3e6fd5eba769d42db1ed36222a48af333a30a670254b30b164b74,620f300cbec1f56da4691882bc7dbe52593dc597fc62f6ae925c0f6ac72f1c6b,True,FORBIDDEN,0901433cbfe906073eae45118a1466e03afab04a766a3061a988ffe089ba4e01,9548a24a4faf5db17b5251df407b4402de033ae8648ec321c850fe6105002cf1,8128818d8ea8f5c3517d04da28955f010269df61e756429957a0a032386f6c51
31,response,target-a,fixture-bank-14,fixture-base-14,86a59d2849e34c3a9889d58bb3b67b946ca9eb639083798f219989137e7f4536,d3ac0ba45cb8ca4a3062283c82745f423da87b60b62b7768857a4ffa9f3e71be,4,0,target-a:fixture-bank-14:p0004,-0.10978905856609344,-0.16609612107276917,0.35645413398742676,0.5150692462921143,-1.695003628730774,0.6447368421052628,-1.3552631578947367,1.4083421374963756,False,0.25,low,csi-pairs-v6-software-fixture,ded1ec639ff3e6fd5eba769d42db1ed36222a48af333a30a670254b30b164b74,620f300cbec1f56da4691882bc7dbe52593dc597fc62f6ae925c0f6ac72f1c6b,True,FORBIDDEN,0901433cbfe906073eae45118a1466e03afab04a766a3061a988ffe089ba4e01,9548a24a4faf5db17b5251df407b4402de033ae8648ec321c850fe6105002cf1,8128818d8ea8f5c3517d04da28955f010269df61e756429957a0a032386f6c51
31,response,target-a,fixture-bank-14,fixture-base-14,86a59d2849e34c3a9889d58bb3b67b946ca9eb639083798f219989137e7f4536,d3ac0ba45cb8ca4a3062283c82745f423da87b60b62b7768857a4ffa9f3e71be,4,0,target-a:fixture-bank-14:p0005,-0.11107704043388367,-0.16371561586856842,0.35604479908943176,0.5126526355743408,-1.7008554935455322,-1.3552631578947367,0.6447368421052628,1.4837770963612564,False,0.25,low,csi-pairs-v6-software-fixture,ded1ec639ff3e6fd5eba769d42db1ed36222a48af333a30a670254b30b164b74,620f300cbec1f56da4691882bc7dbe52593dc597fc62f6ae925c0f6ac72f1c6b,True,FORBIDDEN,0901433cbfe906073eae45118a1466e03afab04a766a3061a988ffe089ba4e01,9548a24a4faf5db17b5251df407b4402de033ae8648ec321c850fe6105002cf1,8128818d8ea8f5c3517d04da28955f010269df61e756429957a0a032386f6c51
31,response,target-a,fixture-bank-14,fixture-base-14,86a59d2849e34c3a9889d58bb3b67b946ca9eb639083798f219989137e7f4536,d3ac0ba45cb8ca4a3062283c82745f423da87b60b62b7768857a4ffa9f3e71be,4,0,target-a:fixture-bank-14:p0006,-0.10826888680458069,-0.16848470270633698,0.3577860891819,0.5176151394844055,-1.6863431930541992,1.6447368421052628,-0.3552631578947367,1.762928040764369,False,0.25,low,csi-pairs-v6-software-fixture,ded1ec639ff3e6fd5eba769d42db1ed36222a48af333a30a670254b30b164b74,620f300cbec1f56da4691882bc7dbe52593dc597fc62f6ae925c0f6ac72f1c6b,True,FORBIDDEN,0901433cbfe906073eae45118a1466e03afab04a766a3061a988ffe089ba4e01,9548a24a4faf5db17b5251df407b4402de033ae8648ec321c850fe6105002cf1,8128818d8ea8f5c3517d04da28955f010269df61e756429957a0a032386f6c51
31,response,target-a,fixture-bank-14,fixture-base-14,86a59d2849e34c3a9889d58bb3b67b946ca9eb639083798f219989137e7f4536,d3ac0ba45cb8ca4a3062283c82745f423da87b60b62b7768857a4ffa9f3e71be,4,0,target-a:fixture-bank-14:p0007,-0.10887598991394043,-0.1675747036933899,0.3587726950645447,0.5185665488243103,-1.681753158569336,-1.3552631578947367,2.644736842105263,3.0761302318236785,True,0.25,low,csi-pairs-v6-software-fixture,ded1ec639ff3e6fd5eba769d42db1ed36222a48af333a30a670254b30b164b74,620f300cbec1f56da4691882bc7dbe52593dc597fc62f6ae925c0f6ac72f1c6b,True,FORBIDDEN,0901433cbfe906073eae45118a1466e03afab04a766a3061a988ffe089ba4e01,9548a24a4faf5db17b5251df407b4402de033ae8648ec321c850fe6105002cf1,8128818d8ea8f5c3517d04da28955f010269df61e756429957a0a032386f6c51
31,response,target-a,fixture-bank-16,fixture-base-16,e23949edbfe2dbe6dc73b97687bd3eed5fbc5d7bd72ecd8b2badea6dfbfe472e,2b37638d300a790f3426572fa00b7bf61aa934746cb588d9fb5347ccf44b354c,4,0,target-a:fixture-bank-16:p0004,-0.11024169623851776,-0.16548940539360046,0.3549671173095703,0.51478511095047,-1.6997358798980713,0.6973684210526319,-1.3026315789473681,1.3947495920148576,False,0.26126126126126126,low,csi-pairs-v6-software-fixture,ded1ec639ff3e6fd5eba769d42db1ed36222a48af333a30a670254b30b164b74,620f300cbec1f56da4691882bc7dbe52593dc597fc62f6ae925c0f6ac72f1c6b,True,FORBIDDEN,0901433cbfe906073eae45118a1466e03afab04a766a3061a988ffe089ba4e01,9548a24a4faf5db17b5251df407b4402de033ae8648ec321c850fe6105002cf1,8128818d8ea8f5c3517d04da28955f010269df61e756429957a0a032386f6c51
31,response,target-a,fixture-bank-16,fixture-base-16,e23949edbfe2dbe6dc73b97687bd3eed5fbc5d7bd72ecd8b2badea6dfbfe472e,2b37638d300a790f3426572fa00b7bf61aa934746cb588d9fb5347ccf44b354c,4,0,target-a:fixture-bank-16:p0005,-0.10964533686637878,-0.163644477725029,0.3591453731060028,0.51505446434021,-1.6875107288360596,-1.3026315789473681,0.6973684210526319,1.4712441624883448,False,0.26126126126126126,low,csi-pairs-v6-software-fixture,ded1ec639ff3e6fd5eba769d42db1ed36222a48af333a30a670254b30b164b74,620f300cbec1f56da4691882bc7dbe52593dc597fc62f6ae925c0f6ac72f1c6b,True,FORBIDDEN,0901433cbfe906073eae45118a1466e03afab04a766a3061a988ffe089ba4e01,9548a24a4faf5db17b5251df407b4402de033ae8648ec321c850fe6105002cf1,8128818d8ea8f5c3517d04da28955f010269df61e756429957a0a032386f6c51
31,response,target-a,fixture-bank-16,fixture-base-16,e23949edbfe2dbe6dc73b97687bd3eed5fbc5d7bd72ecd8b2badea6dfbfe472e,2b37638d300a790f3426572fa00b7bf61aa934746cb588d9fb5347ccf44b354c,4,0,target-a:fixture-bank-16:p0006,-0.1073903888463974,-0.17402729392051697,0.3616102933883667,0.5215165019035339,-1.6682026386260986,1.6973684210526319,-0.30263157894736814,1.809335077876795,False,0.26126126126126126,low,csi-pairs-v6-software-fixture,ded1ec639ff3e6fd5eba769d42db1ed36222a48af333a30a670254b30b164b74,620f300cbec1f56da4691882bc7dbe52593dc597fc62f6ae925c0f6ac72f1c6b,True,FORBIDDEN,0901433cbfe906073eae45118a1466e03afab04a766a3061a988ffe089ba4e01,9548a24a4faf5db17b5251df407b4402de033ae8648ec321c850fe6105002cf1,8128818d8ea8f5c3517d04da28955f010269df61e756429957a0a032386f6c51
31,response,target-a,fixture-bank-16,fixture-base-16,e23949edbfe2dbe6dc73b97687bd3eed5fbc5d7bd72ecd8b2badea6dfbfe472e,2b37638d300a790f3426572fa00b7bf61aa934746cb588d9fb5347ccf44b354c,4,0,target-a:fixture-bank-16:p0007,-0.10887248814105988,-0.17138466238975525,0.3575976490974426,0.5157945156097412,-1.6903935670852661,-0.30263157894736814,1.6973684210526319,1.8787710536799094,False,0.26126126126126126,low,csi-pairs-v6-software-fixture,ded1ec639ff3e6fd5eba769d42db1ed36222a48af333a30a670254b30b164b74,620f300cbec1f56da4691882bc7dbe52593dc597fc62f6ae925c0f6ac72f1c6b,True,FORBIDDEN,0901433cbfe906073eae45118a1466e03afab04a766a3061a988ffe089ba4e01,9548a24a4faf5db17b5251df407b4402de033ae8648ec321c850fe6105002cf1,8128818d8ea8f5c3517d04da28955f010269df61e756429957a0a032386f6c51
31,response,target-a,fixture-bank-14,fixture-base-14,86a59d2849e34c3a9889d58bb3b67b946ca9eb639083798f219989137e7f4536,d3ac0ba45cb8ca4a3062283c82745f423da87b60b62b7768857a4ffa9f3e71be,2,1,target-a:fixture-bank-14:p0004,-0.10272879153490067,-0.14277029037475586,0.3516877293586731,0.5220010280609131,-1.6950974464416504,0.6447368421052628,-1.3552631578947367,1.4243748899990891,False,0.25,low,csi-pairs-v6-software-fixture,ded1ec639ff3e6fd5eba769d42db1ed36222a48af333a30a670254b30b164b74,620f300cbec1f56da4691882bc7dbe52593dc597fc62f6ae925c0f6ac72f1c6b,True,FORBIDDEN,0901433cbfe906073eae45118a1466e03afab04a766a3061a988ffe089ba4e01,9548a24a4faf5db17b5251df407b4402de033ae8648ec321c850fe6105002cf1,8128818d8ea8f5c3517d04da28955f010269df61e756429957a0a032386f6c51
31,response,target-a,fixture-bank-14,fixture-base-14,86a59d2849e34c3a9889d58bb3b67b946ca9eb639083798f219989137e7f4536,d3ac0ba45cb8ca4a3062283c82745f423da87b60b62b7768857a4ffa9f3e71be,2,1,target-a:fixture-bank-14:p0005,-0.10385417193174362,-0.1407780945301056,0.35137251019477844,0.5197553634643555,-1.7003053426742554,-1.3552631578947367,0.6447368421052628,1.4775175687030573,False,0.25,low,csi-pairs-v6-software-fixture,ded1ec639ff3e6fd5eba769d42db1ed36222a48af333a30a670254b30b164b74,620f300cbec1f56da4691882bc7dbe52593dc597fc62f6ae925c0f6ac72f1c6b,True,FORBIDDEN,0901433cbfe906073eae45118a1466e03afab04a766a3061a988ffe089ba4e01,9548a24a4faf5db17b5251df407b4402de033ae8648ec321c850fe6105002cf1,8128818d8ea8f5c3517d04da28955f010269df61e756429957a0a032386f6c51
31,response,target-a,fixture-bank-14,fixture-base-14,86a59d2849e34c3a9889d58bb3b67b946ca9eb639083798f219989137e7f4536,d3ac0ba45cb8ca4a3062283c82745f423da87b60b62b7768857a4ffa9f3e71be,2,1,target-a:fixture-bank-14:p0006,-0.10116289556026459,-0.1440148651599884,0.3527088761329651,0.5245606303215027,-1.6873064041137695,1.6447368421052628,-0.3552631578947367,1.7586334851707741,False,0.25,low,csi-pairs-v6-software-fixture,ded1ec639ff3e6fd5eba769d42db1ed36222a48af333a30a670254b30b164b74,620f300cbec1f56da4691882bc7dbe52593dc597fc62f6ae925c0f6ac72f1c6b,True,FORBIDDEN,0901433cbfe906073eae45118a1466e03afab04a766a3061a988ffe089ba4e01,9548a24a4faf5db17b5251df407b4402de033ae8648ec321c850fe6105002cf1,8128818d8ea8f5c3517d04da28955f010269df61e756429957a0a032386f6c51
31,response,target-a,fixture-bank-14,fixture-base-14,86a59d2849e34c3a9889d58bb3b67b946ca9eb639083798f219989137e7f4536,d3ac0ba45cb8ca4a3062283c82745f423da87b60b62b7768857a4ffa9f3e71be,2,1,target-a:fixture-bank-14:p0007,-0.10195567458868027,-0.1433994621038437,0.3535090684890747,0.5253856778144836,-1.6834688186645508,-1.3552631578947367,2.644736842105263,3.0568748254646896,True,0.25,low,csi-pairs-v6-software-fixture,ded1ec639ff3e6fd5eba769d42db1ed36222a48af333a30a670254b30b164b74,620f300cbec1f56da4691882bc7dbe52593dc597fc62f6ae925c0f6ac72f1c6b,True,FORBIDDEN,0901433cbfe906073eae45118a1466e03afab04a766a3061a988ffe089ba4e01,9548a24a4faf5db17b5251df407b4402de033ae8648ec321c850fe6105002cf1,8128818d8ea8f5c3517d04da28955f010269df61e756429957a0a032386f6c51
31,response,target-a,fixture-bank-16,fixture-base-16,e23949edbfe2dbe6dc73b97687bd3eed5fbc5d7bd72ecd8b2badea6dfbfe472e,2b37638d300a790f3426572fa00b7bf61aa934746cb588d9fb5347ccf44b354c,2,1,target-a:fixture-bank-16:p0004,-0.10332383960485458,-0.14264461398124695,0.3504922389984131,0.5212183594703674,-1.700002908706665,0.6973684210526319,-1.3026315789473681,1.4094956031035037,False,0.26126126126126126,low,csi-pairs-v6-software-fixture,ded1ec639ff3e6fd5eba769d42db1ed36222a48af333a30a670254b30b164b74,620f300cbec1f56da4691882bc7dbe52593dc597fc62f6ae925c0f6ac72f1c6b,True,FORBIDDEN,0901433cbfe906073eae45118a1466e03afab04a766a3061a988ffe089ba4e01,9548a24a4faf5db17b5251df407b4402de033ae8648ec321c850fe6105002cf1,8128818d8ea8f5c3517d04da28955f010269df61e756429957a0a032386f6c51
31,response,target-a,fixture-bank-16,fixture-base-16,e23949edbfe2dbe6dc73b97687bd3eed5fbc5d7bd72ecd8b2badea6dfbfe472e,2b37638d300a790f3426572fa00b7bf61aa934746cb588d9fb5347ccf44b354c,2,1,target-a:fixture-bank-16:p0005,-0.10243155807256699,-0.14001590013504028,0.3539169430732727,0.5226910710334778,-1.687457799911499,-1.3026315789473681,0.6973684210526319,1.4634522853440803,False,0.26126126126126126,low,csi-pairs-v6-software-fixture,ded1ec639ff3e6fd5eba769d42db1ed36222a48af333a30a670254b30b164b74,620f300cbec1f56da4691882bc7dbe52593dc597fc62f6ae925c0f6ac72f1c6b,True,FORBIDDEN,0901433cbfe906073eae45118a1466e03afab04a766a3061a988ffe089ba4e01,9548a24a4faf5db17b5251df407b4402de033ae8648ec321c850fe6105002cf1,8128818d8ea8f5c3517d04da28955f010269df61e756429957a0a032386f6c51
31,response,target-a,fixture-bank-16,fixture-base-16,e23949edbfe2dbe6dc73b97687bd3eed5fbc5d7bd72ecd8b2badea6dfbfe472e,2b37638d300a790f3426572fa00b7bf61aa934746cb588d9fb5347ccf44b354c,2,1,target-a:fixture-bank-16:p0006,-0.1001615971326828,-0.14755374193191528,0.3556370437145233,0.5287117958068848,-1.671156406402588,1.6973684210526319,-0.30263157894736814,1.804207111672795,False,0.26126126126126126,low,csi-pairs-v6-software-fixture,ded1ec639ff3e6fd5eba769d42db1ed36222a48af333a30a670254b30b164b74,620f300cbec1f56da4691882bc7dbe52593dc597fc62f6ae925c0f6ac72f1c6b,True,FORBIDDEN,0901433cbfe906073eae45118a1466e03afab04a766a3061a988ffe089ba4e01,9548a24a4faf5db17b5251df407b4402de033ae8648ec321c850fe6105002cf1,8128818d8ea8f5c3517d04da28955f010269df61e756429957a0a032386f6c51
31,response,target-a,fixture-bank-16,fixture-base-16,e23949edbfe2dbe6dc73b97687bd3eed5fbc5d7bd72ecd8b2badea6dfbfe472e,2b37638d300a790f3426572fa00b7bf61aa934746cb588d9fb5347ccf44b354c,2,1,target-a:fixture-bank-16:p0007,-0.10149812698364258,-0.14616109430789948,0.3524508774280548,0.5228354930877686,-1.691332459449768,-0.30263157894736814,1.6973684210526319,1.8544691260585278,False,0.26126126126126126,low,csi-pairs-v6-software-fixture,ded1ec639ff3e6fd5eba769d42db1ed36222a48af333a30a670254b30b164b74,620f300cbec1f56da4691882bc7dbe52593dc597fc62f6ae925c0f6ac72f1c6b,True,FORBIDDEN,0901433cbfe906073eae45118a1466e03afab04a766a3061a988ffe089ba4e01,9548a24a4faf5db17b5251df407b4402de033ae8648ec321c850fe6105002cf1,8128818d8ea8f5c3517d04da28955f010269df61e756429957a0a032386f6c51
31,response,target-a,fixture-bank-14,fixture-base-14,86a59d2849e34c3a9889d58bb3b67b946ca9eb639083798f219989137e7f4536,d3ac0ba45cb8ca4a3062283c82745f423da87b60b62b7768857a4ffa9f3e71be,4,1,target-a:fixture-bank-14:p0004,-0.10906119644641876,-0.15870919823646545,0.35623687505722046,0.5133360028266907,-1.698984146118164,0.6447368421052628,-1.3552631578947367,1.4141968962270601,False,0.25,low,csi-pairs-v6-software-fixture,ded1ec639ff3e6fd5eba769d42db1ed36222a48af333a30a670254b30b164b74,620f300cbec1f56da4691882bc7dbe52593dc597fc62f6ae925c0f6ac72f1c6b,True,FORBIDDEN,0901433cbfe906073eae45118a1466e03afab04a766a3061a988ffe089ba4e01,9548a24a4faf5db17b5251df407b4402de033ae8648ec321c850fe6105002cf1,8128818d8ea8f5c3517d04da28955f010269df61e756429957a0a032386f6c51
31,response,target-a,fixture-bank-14,fixture-base-14,86a59d2849e34c3a9889d58bb3b67b946ca9eb639083798f219989137e7f4536,d3ac0ba45cb8ca4a3062283c82745f423da87b60b62b7768857a4ffa9f3e71be,4,1,target-a:fixture-bank-14:p0005,-0.11022908985614777,-0.1569231003522873,0.3560540974140167,0.5108680725097656,-1.7043166160583496,-1.3552631578947367,0.6447368421052628,1.4807999506745537,False,0.25,low,csi-pairs-v6-software-fixture,ded1ec639ff3e6fd5eba769d42db1ed36222a48af333a30a670254b30b164b74,620f300cbec1f56da4691882bc7dbe52593dc597fc62f6ae925c0f6ac72f1c6b,True,FORBIDDEN,0901433cbfe906073eae45118a1466e03afab04a766a3061a988ffe089ba4e01,9548a24a4faf5db17b5251df407b4402de033ae8648ec321c850fe6105002cf1,8128818d8ea8f5c3517d04da28955f010269df61e756429957a0a032386f6c51
31,response,target-a,fixture-bank-14,fixture-base-14,86a59d2849e34c3a9889d58bb3b67b946ca9eb639083798f219989137e7f4536,d3ac0ba45cb8ca4a3062283c82745f423da87b60b62b7768857a4ffa9f3e71be,4,1,target-a:fixture-bank-14:p0006,-0.1073860228061676,-0.16002212464809418,0.357168048620224,0.5160201787948608,-1.6911582946777344,1.6447368421052628,-0.3552631578947367,1.7629672699198518,False,0.25,low,csi-pairs-v6-software-fixture,ded1ec639ff3e6fd5eba769d42db1ed36222a48af333a30a670254b30b164b74,620f300cbec1f56da4691882bc7dbe52593dc597fc62f6ae925c0f6ac72f1c6b,True,FORBIDDEN,0901433cbfe906073eae45118a1466e03afab04a766a3061a988ffe089ba4e01,9548a24a4faf5db17b5251df407b4402de033ae8648ec321c850fe6105002cf1,8128818d8ea8f5c3517d04da28955f010269df61e756429957a0a032386f6c51
31,response,target-a,fixture-bank-14,fixture-base-14,86a59d2849e34c3a9889d58bb3b67b946ca9eb639083798f219989137e7f4536,d3ac0ba45cb8ca4a3062283c82745f423da87b60b62b7768857a4ffa9f3e71be,4,1,target-a:fixture-bank-14:p0007,-0.10800662636756897,-0.1591607630252838,0.3578902781009674,0.5171530842781067,-1.6869451999664307,-1.3552631578947367,2.644736842105263,3.0687930258481098,True,0.25,low,csi-pairs-v6-software-fixture,ded1ec639ff3e6fd5eba769d42db1ed36222a48af333a30a670254b30b164b74,620f300cbec1f56da4691882bc7dbe52593dc597fc62f6ae925c0f6ac72f1c6b,True,FORBIDDEN,0901433cbfe906073eae45118a1466e03afab04a766a3061a988ffe089ba4e01,9548a24a4faf5db17b5251df407b4402de033ae8648ec321c850fe6105002cf1,8128818d8ea8f5c3517d04da28955f010269df61e756429957a0a032386f6c51
31,response,target-a,fixture-bank-16,fixture-base-16,e23949edbfe2dbe6dc73b97687bd3eed5fbc5d7bd72ecd8b2badea6dfbfe472e,2b37638d300a790f3426572fa00b7bf61aa934746cb588d9fb5347ccf44b354c,4,1,target-a:fixture-bank-16:p0004,-0.10905271768569946,-0.15848428010940552,0.35489127039909363,0.5128653645515442,-1.7036857604980469,0.6973684210526319,-1.3026315789473681,1.3997814452414468,False,0.26126126126126126,low,csi-pairs-v6-software-fixture,ded1ec639ff3e6fd5eba769d42db1ed36222a48af333a30a670254b30b164b74,620f300cbec1f56da4691882bc7dbe52593dc597fc62f6ae925c0f6ac72f1c6b,True,FORBIDDEN,0901433cbfe906073eae45118a1466e03afab04a766a3061a988ffe089ba4e01,9548a24a4faf5db17b5251df407b4402de033ae8648ec321c850fe6105002cf1,8128818d8ea8f5c3517d04da28955f010269df61e756429957a0a032386f6c51
31,response,target-a,fixture-bank-16,fixture-base-16,e23949edbfe2dbe6dc73b97687bd3eed5fbc5d7bd72ecd8b2badea6dfbfe472e,2b37638d300a790f3426572fa00b7bf61aa934746cb588d9fb5347ccf44b354c,4,1,target-a:fixture-bank-16:p0005,-0.10950686782598495,-0.15607404708862305,0.3586723208427429,0.5136919617652893,-1.6914775371551514,-1.3026315789473681,0.6973684210526319,1.4669392021196792,False,0.26126126126126126,low,csi-pairs-v6-software-fixture,ded1ec639ff3e6fd5eba769d42db1ed36222a48af333a30a670254b30b164b74,620f300cbec1f56da4691882bc7dbe52593dc597fc62f6ae925c0f6ac72f1c6b,True,FORBIDDEN,0901433cbfe906073eae45118a1466e03afab04a766a3061a988ffe089ba4e01,9548a24a4faf5db17b5251df407b4402de033ae8648ec321c850fe6105002cf1,8128818d8ea8f5c3517d04da28955f010269df61e756429957a0a032386f6c51
31,response,target-a,fixture-bank-16,fixture-base-16,e23949edbfe2dbe6dc73b97687bd3eed5fbc5d7bd72ecd8b2badea6dfbfe472e,2b37638d300a790f3426572fa00b7bf61aa934746cb588d9fb5347ccf44b354c,4,1,target-a:fixture-bank-16:p0006,-0.10623300075531006,-0.16357725858688354,0.35993221402168274,0.5203670859336853,-1.6750603914260864,1.6973684210526319,-0.30263157894736814,1.8089538945917185,False,0.26126126126126126,low,csi-pairs-v6-software-fixture,ded1ec639ff3e6fd5eba769d42db1ed36222a48af333a30a670254b30b164b74,620f300cbec1f56da4691882bc7dbe52593dc597fc62f6ae925c0f6ac72f1c6b,True,FORBIDDEN,0901433cbfe906073eae45118a1466e03afab04a766a3061a988ffe089ba4e01,9548a24a4faf5db17b5251df407b4402de033ae8648ec321c850fe6105002cf1,8128818d8ea8f5c3517d04da28955f010269df61e756429957a0a032386f6c51
31,response,target-a,fixture-bank-16,fixture-base-16,e23949edbfe2dbe6dc73b97687bd3eed5fbc5d7bd72ecd8b2badea6dfbfe472e,2b37638d300a790f3426572fa00b7bf61aa934746cb588d9fb5347ccf44b354c,4,1,target-a:fixture-bank-16:p0007,-0.1075950637459755,-0.16263063251972198,0.35698753595352173,0.5140568614006042,-1.6954758167266846,-0.30263157894736814,1.6973684210526319,1.8701967066466445,False,0.26126126126126126,low,csi-pairs-v6-software-fixture,ded1ec639ff3e6fd5eba769d42db1ed36222a48af333a30a670254b30b164b74,620f300cbec1f56da4691882bc7dbe52593dc597fc62f6ae925c0f6ac72f1c6b,True,FORBIDDEN,0901433cbfe906073eae45118a1466e03afab04a766a3061a988ffe089ba4e01,9548a24a4faf5db17b5251df407b4402de033ae8648ec321c850fe6105002cf1,8128818d8ea8f5c3517d04da28955f010269df61e756429957a0a032386f6c51
31,response,target-b,fixture-bank-15,fixture-base-15,e23949edbfe2dbe6dc73b97687bd3eed5fbc5d7bd72ecd8b2badea6dfbfe472e,234b78d61b49dc10d04ca8d24378f3b96eae7ef419b9bbe2bb61b3933c753b5d,0,0,target-b:fixture-bank-15:p0004,-0.08116235584020615,-0.19307909905910492,0.34256231784820557,0.5187501311302185,-1.7276346683502197,-2.3289473684210527,-0.32894736842105265,2.251887574769772,True,0.23393574297188752,low,csi-pairs-v6-software-fixture,ded1ec639ff3e6fd5eba769d42db1ed36222a48af333a30a670254b30b164b74,620f300cbec1f56da4691882bc7dbe52593dc597fc62f6ae925c0f6ac72f1c6b,True,FORBIDDEN,0901433cbfe906073eae45118a1466e03afab04a766a3061a988ffe089ba4e01,9548a24a4faf5db17b5251df407b4402de033ae8648ec321c850fe6105002cf1,8128818d8ea8f5c3517d04da28955f010269df61e756429957a0a032386f6c51
31,response,target-b,fixture-bank-15,fixture-base-15,e23949edbfe2dbe6dc73b97687bd3eed5fbc5d7bd72ecd8b2badea6dfbfe472e,234b78d61b49dc10d04ca8d24378f3b96eae7ef419b9bbe2bb61b3933c753b5d,0,0,target-b:fixture-bank-15:p0005,-0.08282770216464996,-0.1821202039718628,0.34336647391319275,0.514813244342804,-1.732908010482788,1.671052631578947,-2.3289473684210527,2.7721765995530476,True,0.23393574297188752,low,csi-pairs-v6-software-fixture,ded1ec639ff3e6fd5eba769d42db1ed36222a48af333a30a670254b30b164b74,620f300cbec1f56da4691882bc7dbe52593dc597fc62f6ae925c0f6ac72f1c6b,True,FORBIDDEN,0901433cbfe906073eae45118a1466e03afab04a766a3061a988ffe089ba4e01,9548a24a4faf5db17b5251df407b4402de033ae8648ec321c850fe6105002cf1,8128818d8ea8f5c3517d04da28955f010269df61e756429957a0a032386f6c51
31,response,target-b,fixture-bank-15,fixture-base-15,e23949edbfe2dbe6dc73b97687bd3eed5fbc5d7bd72ecd8b2badea6dfbfe472e,234b78d61b49dc10d04ca8d24378f3b96eae7ef419b9bbe2bb61b3933c753b5d,0,0,target-b:fixture-bank-15:p0006,-0.08494766056537628,-0.17363101243972778,0.34677430987358093,0.5189386010169983,-1.7150506973266602,-0.32894736842105265,1.671052631578947,1.8607508172626641,False,0.23393574297188752,low,csi-pairs-v6-software-fixture,ded1ec639ff3e6fd5eba769d42db1ed36222a48af333a30a670254b30b164b74,620f300cbec1f56da4691882bc7dbe52593dc597fc62f6ae925c0f6ac72f1c6b,True,FORBIDDEN,0901433cbfe906073eae45118a1466e03afab04a766a3061a988ffe089ba4e01,9548a24a4faf5db17b5251df407b4402de033ae8648ec321c850fe6105002cf1,8128818d8ea8f5c3517d04da28955f010269df61e756429957a0a032386f6c51
31,response,target-b,fixture-bank-15,fixture-base-15,e23949edbfe2dbe6dc73b97687bd3eed5fbc5d7bd72ecd8b2badea6dfbfe472e,234b78d61b49dc10d04ca8d24378f3b96eae7ef419b9bbe2bb61b3933c753b5d,0,0,target-b:fixture-bank-15:p0007,-0.08178436756134033,-0.17579331994056702,0.3477356731891632,0.5177831053733826,-1.714511513710022,2.671052631578947,-0.32894736842105265,2.757094069197071,True,0.23393574297188752,low,csi-pairs-v6-software-fixture,ded1ec639ff3e6fd5eba769d42db1ed36222a48af333a30a670254b30b164b74,620f300cbec1f56da4691882bc7dbe52593dc597fc62f6ae925c0f6ac72f1c6b,True,FORBIDDEN,0901433cbfe906073eae45118a1466e03afab04a766a3061a988ffe089ba4e01,9548a24a4faf5db17b5251df407b4402de033ae8648ec321c850fe6105002cf1,8128818d8ea8f5c3517d04da28955f010269df61e756429957a0a032386f6c51
31,response,target-b,fixture-bank-17,fixture-base-17,86a59d2849e34c3a9889d58bb3b67b946ca9eb639083798f219989137e7f4536,b8fec4fd063826ac29c6cc8d291ad3a1a89347817c28241565eb44269fa8c24d,0,0,target-b:fixture-bank-17:p0004,-0.08156633377075195,-0.19164502620697021,0.3379029929637909,0.5119397044181824,-1.754544973373413,-2.276315789473684,-0.27631578947368407,2.1963820959615576,True,0.24519700423314877,low,csi-pairs-v6-software-fixture,ded1ec639ff3e6fd5eba769d42db1ed36222a48af333a30a670254b30b164b74,620f300cbec1f56da4691882bc7dbe52593dc597fc62f6ae925c0f6ac72f1c6b,True,FORBIDDEN,0901433cbfe906073eae45118a1466e03afab04a766a3061a988ffe089ba4e01,9548a24a4faf5db17b5251df407b4402de033ae8648ec321c850fe6105002cf1,8128818d8ea8f5c3517d04da28955f010269df61e756429957a0a032386f6c51
31,response,target-b,fixture-bank-17,fixture-base-17,86a59d2849e34c3a9889d58bb3b67b946ca9eb639083798f219989137e7f4536,b8fec4fd063826ac29c6cc8d291ad3a1a89347817c28241565eb44269fa8c24d,0,0,target-b:fixture-bank-17:p0005,-0.08366470783948898,-0.17642968893051147,0.34638938307762146,0.5178232192993164,-1.7183130979537964,1.723684210526316,-2.276315789473684,2.770565239797189,True,0.24519700423314877,low,csi-pairs-v6-software-fixture,ded1ec639ff3e6fd5eba769d42db1ed36222a48af333a30a670254b30b164b74,620f300cbec1f56da4691882bc7dbe52593dc597fc62f6ae925c0f6ac72f1c6b,True,FORBIDDEN,0901433cbfe906073eae45118a1466e03afab04a766a3061a988ffe089ba4e01,9548a24a4faf5db17b5251df407b4402de033ae8648ec321c850fe6105002cf1,8128818d8ea8f5c3517d04da28955f010269df61e756429957a0a032386f6c51
31,response,target-b,fixture-bank-17,fixture-base-17,86a59d2849e34c3a9889d58bb3b67b946ca9eb639083798f219989137e7f4536,b8fec4fd063826ac29c6cc8d291ad3a1a89347817c28241565eb44269fa8c24d,0,0,target-b:fixture-bank-17:p0006,-0.08791068196296692,-0.17499768733978271,0.3430963456630707,0.5121777057647705,-1.7388277053833008,1.723684210526316,-0.27631578947368407,1.81442591811109,False,0.24519700423314877,low,csi-pairs-v6-software-fixture,ded1ec639ff3e6fd5eba769d42db1ed36222a48af333a30a670254b30b164b74,620f300cbec1f56da4691882bc7dbe52593dc597fc62f6ae925c0f6ac72f1c6b,True,FORBIDDEN,0901433cbfe906073eae45118a1466e03afab04a766a3061a988ffe089ba4e01,9548a24a4faf5db17b5251df407b4402de033ae8648ec321c850fe6105002cf1,8128818d8ea8f5c3517d04da28955f010269df61e756429957a0a032386f6c51
31,response,target-b,fixture-bank-17,fixture-base-17,86a59d2849e34c3a9889d58bb3b67b946ca9eb639083798f219989137e7f4536,b8fec4fd063826ac29c6cc8d291ad3a1a89347817c28241565eb44269fa8c24d,0,0,target-b:fixture-bank-17:p0007,-0.0859779492020607,-0.17776651680469513,0.34353819489479065,0.5131719708442688,-1.7356011867523193,-1.276315789473684,2.723684210526316,3.1361314540548464,True,0.24519700423314877,low,csi-pairs-v6-software-fixture,ded1ec639ff3e6fd5eba769d42db1ed36222a48af333a30a670254b30b164b74,620f300cbec1f56da4691882bc7dbe52593dc597fc62f6ae925c0f6ac72f1c6b,True,FORBIDDEN,0901433cbfe906073eae45118a1466e03afab04a766a3061a988ffe089ba4e01,9548a24a4faf5db17b5251df407b4402de033ae8648ec321c850fe6105002cf1,8128818d8ea8f5c3517d04da28955f010269df61e756429957a0a032386f6c51
31,response,target-b,fixture-bank-15,fixture-base-15,e23949edbfe2dbe6dc73b97687bd3eed5fbc5d7bd72ecd8b2badea6dfbfe472e,234b78d61b49dc10d04ca8d24378f3b96eae7ef419b9bbe2bb61b3933c753b5d,2,0,target-b:fixture-bank-15:p0004,-0.10555282235145569,-0.20282381772994995,0.35608163475990295,0.5240634083747864,-1.6787378787994385,-2.3289473684210527,-0.32894736842105265,2.2269688946033708,True,0.23393574297188752,low,csi-pairs-v6-software-fixture,ded1ec639ff3e6fd5eba769d42db1ed36222a48af333a30a670254b30b164b74,620f300cbec1f56da4691882bc7dbe52593dc597fc62f6ae925c0f6ac72f1c6b,True,FORBIDDEN,0901433cbfe906073eae45118a1466e03afab04a766a3061a988ffe089ba4e01,9548a24a4faf5db17b5251df407b4402de033ae8648ec321c850fe6105002cf1,8128818d8ea8f5c3517d04da28955f010269df61e756429957a0a032386f6c51
31,response,target-b,fixture-bank-15,fixture-base-15,e23949edbfe2dbe6dc73b97687bd3eed5fbc5d7bd72ecd8b2badea6dfbfe472e,234b78d61b49dc10d04ca8d24378f3b96eae7ef419b9bbe2bb61b3933c753b5d,2,0,target-b:fixture-bank-15:p0005,-0.1063522920012474,-0.19067764282226562,0.3562145233154297,0.5204756855964661,-1.6852343082427979,1.671052631578947,-2.3289473684210527,2.7805333448422136,True,0.23393574297188752,low,csi-pairs-v6-software-fixture,ded1ec639ff3e6fd5eba769d42db1ed36222a48af333a30a670254b30b164b74,620f300cbec1f56da4691882bc7dbe52593dc597fc62f6ae925c0f6ac72f1c6b,True,FORBIDDEN,0901433cbfe906073eae45118a1466e03afab04a766a3061a988ffe089ba4e01,9548a24a4faf5db17b5251df407b4402de033ae8648ec321c850fe6105002cf1,8128818d8ea8f5c3517d04da28955f010269df61e756429957a0a032386f6c51
31,response,target-b,fixture-bank-15,fixture-base-15,e23949edbfe2dbe6dc73b97687bd3eed5fbc5d7bd72ecd8b2badea6dfbfe472e,234b78d61b49dc10d04ca8d24378f3b96eae7ef419b9bbe2bb61b3933c753b5d,2,0,target-b:fixture-bank-15:p0006,-0.10822068154811859,-0.18550172448158264,0.36051225662231445,0.5236297249794006,-1.6671998500823975,-0.32894736842105265,1.671052631578947,1.8696294679174346,False,0.23393574297188752,low,csi-pairs-v6-software-fixture,ded1ec639ff3e6fd5eba769d42db1ed36222a48af333a30a670254b30b164b74,620f300cbec1f56da4691882bc7dbe52593dc597fc62f6ae925c0f6ac72f1c6b,True,FORBIDDEN,0901433cbfe906073eae45118a1466e03afab04a766a3061a988ffe089ba4e01,9548a24a4faf5db17b5251df407b4402de033ae8648ec321c850fe6105002cf1,8128818d8ea8f5c3517d04da28955f010269df61e756429957a0a032386f6c51
31,response,target-b,fixture-bank-15,fixture-base-15,e23949edbfe2dbe6dc73b97687bd3eed5fbc5d7bd72ecd8b2badea6dfbfe472e,234b78d61b49dc10d04ca8d24378f3b96eae7ef419b9bbe2bb61b3933c753b5d,2,0,target-b:fixture-bank-15:p0007,-0.10608634352684021,-0.1879078447818756,0.36160728335380554,0.5223562121391296,-1.6666021347045898,2.671052631578947,-0.32894736842105265,2.7807180788925705,True,0.23393574297188752,low,csi-pairs-v6-software-fixture,ded1ec639ff3e6fd5eba769d42db1ed36222a48af333a30a670254b30b164b74,620f300cbec1f56da4691882bc7dbe52593dc597fc62f6ae925c0f6ac72f1c6b,True,FORBIDDEN,0901433cbfe906073eae45118a1466e03afab04a766a3061a988ffe089ba4e01,9548a24a4faf5db17b5251df407b4402de033ae8648ec321c850fe6105002cf1,8128818d8ea8f5c3517d04da28955f010269df61e756429957a0a032386f6c51
31,response,target-b,fixture-bank-17,fixture-base-17,86a59d2849e34c3a9889d58bb3b67b946ca9eb639083798f219989137e7f4536,b8fec4fd063826ac29c6cc8d291ad3a1a89347817c28241565eb44269fa8c24d,2,0,target-b:fixture-bank-17:p0004,-0.10475654900074005,-0.19701999425888062,0.34990841150283813,0.5184723138809204,-1.7069525718688965,-2.276315789473684,-0.27631578947368407,2.17300652507584,True,0.24519700423314877,low,csi-pairs-v6-software-fixture,ded1ec639ff3e6fd5eba769d42db1ed36222a48af333a30a670254b30b164b74,620f300cbec1f56da4691882bc7dbe52593dc597fc62f6ae925c0f6ac72f1c6b,True,FORBIDDEN,0901433cbfe906073eae45118a1466e03afab04a766a3061a988ffe089ba4e01,9548a24a4faf5db17b5251df407b4402de033ae8648ec321c850fe6105002cf1,8128818d8ea8f5c3517d04da28955f010269df61e756429957a0a032386f6c51
31,response,target-b,fixture-bank-17,fixture-base-17,86a59d2849e34c3a9889d58bb3b67b946ca9eb639083798f219989137e7f4536,b8fec4fd063826ac29c6cc8d291ad3a1a89347817c28241565eb44269fa8c24d,2,0,target-b:fixture-bank-17:p0005,-0.10746125876903534,-0.18740898370742798,0.3599749207496643,0.5227416753768921,-1.6703886985778809,1.723684210526316,-2.276315789473684,2.777881454075655,True,0.24519700423314877,low,csi-pairs-v6-software-fixture,ded1ec639ff3e6fd5eba769d42db1ed36222a48af333a30a670254b30b164b74,620f300cbec1f56da4691882bc7dbe52593dc597fc62f6ae925c0f6ac72f1c6b,True,FORBIDDEN,0901433cbfe906073eae45118a1466e03afab04a766a3061a988ffe089ba4e01,9548a24a4faf5db17b5251df407b4402de033ae8648ec321c850fe6105002cf1,8128818d8ea8f5c3517d04da28955f010269df61e756429957a0a032386f6c51
31,response,target-b,fixture-bank-17,fixture-base-17,86a59d2849e34c3a9889d58bb3b67b946ca9eb639083798f219989137e7f4536,b8fec4fd063826ac29c6cc8d291ad3a1a89347817c28241565eb44269fa8c24d,2,0,target-b:fixture-bank-17:p0006,-0.10981673002243042,-0.18226519227027893,0.35527685284614563,0.5182626247406006,-1.6921310424804688,1.723684210526316,-0.27631578947368407,1.8359115484759756,False,0.24519700423314877,low,csi-pairs-v6-software-fixture,ded1ec639ff3e6fd5eba769d42db1ed36222a48af333a30a670254b30b164b74,620f300cbec1f56da4691882bc7dbe52593dc597fc62f6ae925c0f6ac72f1c6b,True,FORBIDDEN,0901433cbfe906073eae45118a1466e03afab04a766a3061a988ffe089ba4e01,9548a24a4faf5db17b5251df407b4402de033ae8648ec321c850fe6105002cf1,8128818d8ea8f5c3517d04da28955f010269df61e756429957a0a032386f6c51
31,response,target-b,fixture-bank-17,fixture-base-17,86a59d2849e34c3a9889d58bb3b67b946ca9eb639083798f219989137e7f4536,b8fec4fd063826ac29c6cc8d291ad3a1a89347817c28241565eb44269fa8c24d,2,0,target-b:fixture-bank-17:p0007,-0.10865988582372665,-0.18558144569396973,0.3559208810329437,0.5190951824188232,-1.688714861869812,-1.276315789473684,2.723684210526316,3.1348440101209896,True,0.24519700423314877,low,csi-pairs-v6-software-fixture,ded1ec639ff3e6fd5eba769d42db1ed36222a48af333a30a670254b30b164b74,620f300cbec1f56da4691882bc7dbe52593dc597fc62f6ae925c0f6ac72f1c6b,True,FORBIDDEN,0901433cbfe906073eae45118a1466e03afab04a766a3061a988ffe089ba4e01,9548a24a4faf5db17b5251df407b4402de033ae8648ec321c850fe6105002cf1,8128818d8ea8f5c3517d04da28955f010269df61e756429957a0a032386f6c51
31,response,target-b,fixture-bank-15,fixture-base-15,e23949edbfe2dbe6dc73b97687bd3eed5fbc5d7bd72ecd8b2badea6dfbfe472e,234b78d61b49dc10d04ca8d24378f3b96eae7ef419b9bbe2bb61b3933c753b5d,4,0,target-b:fixture-bank-15:p0004,-0.10182849317789078,-0.2090904712677002,0.3535950481891632,0.5230021476745605,-1.6877727508544922,-2.3289473684210527,-0.32894736842105265,2.230341713787283,True,0.23393574297188752,low,csi-pairs-v6-software-fixture,ded1ec639ff3e6fd5eba769d42db1ed36222a48af333a30a670254b30b164b74,620f300cbec1f56da4691882bc7dbe52593dc597fc62f6ae925c0f6ac72f1c6b,True,FORBIDDEN,0901433cbfe906073eae45118a1466e03afab04a766a3061a988ffe089ba4e01,9548a24a4faf5db17b5251df407b4402de033ae8648ec321c850fe6105002cf1,8128818d8ea8f5c3517d04da28955f010269df61e756429957a0a032386f6c51
31,response,target-b,fixture-bank-15,fixture-base-15,e23949edbfe2dbe6dc73b97687bd3eed5fbc5d7bd72ecd8b2badea6dfbfe472e,234b78d61b49dc10d04ca8d24378f3b96eae7ef419b9bbe2bb61b3933c753b5d,4,0,target-b:fixture-bank-15:p0005,-0.10381430387496948,-0.19840893149375916,0.3550330102443695,0.5196083784103394,-1.6902244091033936,1.671052631578947,-2.3289473684210527,2.772967123821011,True,0.23393574297188752,low,csi-pairs-v6-software-fixture,ded1ec639ff3e6fd5eba769d42db1ed36222a48af333a30a670254b30b164b74,620f300cbec1f56da4691882bc7dbe52593dc597fc62f6ae925c0f6ac72f1c6b,True,FORBIDDEN,0901433cbfe906073eae45118a1466e03afab04a766a3061a988ffe089ba4e01,9548a24a4faf5db17b5251df407b4402de033ae8648ec321c850fe6105002cf1,8128818d8ea8f5c3517d04da28955f010269df61e756429957a0a032386f6c51
31,response,target-b,fixture-bank-15,fixture-base-15,e23949edbfe2dbe6dc73b97687bd3eed5fbc5d7bd72ecd8b2badea6dfbfe472e,234b78d61b49dc10d04ca8d24378f3b96eae7ef419b9bbe2bb61b3933c753b5d,4,0,target-b:fixture-bank-15:p0006,-0.1063864529132843,-0.19253696501255035,0.35964128375053406,0.5234482288360596,-1.669965386390686,-0.32894736842105265,1.671052631578947,1.8768323168668306,False,0.23393574297188752,low,csi-pairs-v6-software-fixture,ded1ec639ff3e6fd5eba769d42db1ed36222a48af333a30a670254b30b164b74,620f300cbec1f56da4691882bc7dbe52593dc597fc62f6ae925c0f6ac72f1c6b,True,FORBIDDEN,0901433cbfe906073eae45118a1466e03afab04a766a3061a988ffe089ba4e01,9548a24a4faf5db17b5251df407b4402de033ae8648ec321c850fe6105002cf1,8128818d8ea8f5c3517d04da28955f010269df61e756429957a0a032386f6c51
31,response,target-b,fixture-bank-15,fixture-base-15,e23949edbfe2dbe6dc73b97687bd3eed5fbc5d7bd72ecd8b2badea6dfbfe472e,234b78d61b49dc10d04ca8d24378f3b96eae7ef419b9bbe2bb61b3933c753b5d,4,0,target-b:fixture-bank-15:p0007,-0.10401010513305664,-0.19468802213668823,0.36068958044052124,0.5218929648399353,-1.6700303554534912,2.671052631578947,-0.32894736842105265,2.778308615822263,True,0.23393574297188752,low,csi-pairs-v6-software-fixture,ded1ec639ff3e6fd5eba769d42db1ed36222a48af333a30a670254b30b164b74,620f300cbec1f56da4691882bc7dbe52593dc597fc62f6ae925c0f6ac72f1c6b,True,FORBIDDEN,0901433cbfe906073eae45118a1466e03afab04a766a3061a988ffe089ba4e01,9548a24a4faf5db17b5251df407b4402de033ae8648ec321c850fe6105002cf1,8128818d8ea8f5c3517d04da28955f010269df61e756429957a0a032386f6c51
31,response,target-b,fixture-bank-17,fixture-base-17,86a59d2849e34c3a9889d58bb3b67b946ca9eb639083798f219989137e7f4536,b8fec4fd063826ac29c6cc8d291ad3a1a89347817c28241565eb44269fa8c24d,4,0,target-b:fixture-bank-17:p0004,-0.10149122029542923,-0.20540712773799896,0.3479938507080078,0.5171818137168884,-1.7149312496185303,-2.276315789473684,-0.27631578947368407,2.1759802262452954,True,0.24519700423314877,low,csi-pairs-v6-software-fixture,ded1ec639ff3e6fd5eba769d42db1ed36222a48af333a30a670254b30b164b74,620f300cbec1f56da4691882bc7dbe52593dc597fc62f6ae925c0f6ac72f1c6b,True,FORBIDDEN,0901433cbfe906073eae45118a1466e03afab04a766a3061a988ffe089ba4e01,9548a24a4faf5db17b5251df407b4402de033ae8648ec321c850fe6105002cf1,8128818d8ea8f5c3517d04da28955f010269df61e756429957a0a032386f6c51
31,response,target-b,fixture-bank-17,fixture-base-17,86a59d2849e34c3a9889d58bb3b67b946ca9eb639083798f219989137e7f4536,b8fec4fd063826ac29c6cc8d291ad3a1a89347817c28241565eb44269fa8c24d,4,0,target-b:fixture-bank-17:p0005,-0.10520997643470764,-0.1946563422679901,0.35891836881637573,0.5222411751747131,-1.674286127090454,1.723684210526316,-2.276315789473684,2.770949296042881,True,0.24519700423314877,low,csi-pairs-v6-software-fixture,ded1ec639ff3e6fd5eba769d42db1ed36222a48af333a30a670254b30b164b74,620f300cbec1f56da4691882bc7dbe52593dc597fc62f6ae925c0f6ac72f1c6b,True,FORBIDDEN,0901433cbfe906073eae45118a1466e03afab04a766a3061a988ffe089ba4e01,9548a24a4faf5db17b5251df407b4402de033ae8648ec321c850fe6105002cf1,8128818d8ea8f5c3517d04da28955f010269df61e756429957a0a032386f6c51
31,response,target-b,fixture-bank-17,fixture-base-17,86a59d2849e34c3a9889d58bb3b67b946ca9eb639083798f219989137e7f4536,b8fec4fd063826ac29c6cc8d291ad3a1a89347817c28241565eb44269fa8c24d,4,0,target-b:fixture-bank-17:p0006,-0.10830996930599213,-0.1915356069803238,0.35503578186035156,0.5177766680717468,-1.6937479972839355,1.723684210526316,-0.27631578947368407,1.8339548397610719,False,0.24519700423314877,low,csi-pairs-v6-software-fixture,ded1ec639ff3e6fd5eba769d42db1ed36222a48af333a30a670254b30b164b74,620f300cbec1f56da4691882bc7dbe52593dc597fc62f6ae925c0f6ac72f1c6b,True,FORBIDDEN,0901433cbfe906073eae45118a1466e03afab04a766a3061a988ffe089ba4e01,9548a24a4faf5db17b5251df407b4402de033ae8648ec321c850fe6105002cf1,8128818d8ea8f5c3517d04da28955f010269df61e756429957a0a032386f6c51
31,response,target-b,fixture-bank-17,fixture-base-17,86a59d2849e34c3a9889d58bb3b67b946ca9eb639083798f219989137e7f4536,b8fec4fd063826ac29c6cc8d291ad3a1a89347817c28241565eb44269fa8c24d,4,0,target-b:fixture-bank-17:p0007,-0.10674706101417542,-0.19427289068698883,0.35541611909866333,0.5183815956115723,-1.69150972366333,-1.276315789473684,2.723684210526316,3.143622855100711,True,0.24519700423314877,low,csi-pairs-v6-software-fixture,ded1ec639ff3e6fd5eba769d42db1ed36222a48af333a30a670254b30b164b74,620f300cbec1f56da4691882bc7dbe52593dc597fc62f6ae925c0f6ac72f1c6b,True,FORBIDDEN,0901433cbfe906073eae45118a1466e03afab04a766a3061a988ffe089ba4e01,9548a24a4faf5db17b5251df407b4402de033ae8648ec321c850fe6105002cf1,8128818d8ea8f5c3517d04da28955f010269df61e756429957a0a032386f6c51
31,response,target-b,fixture-bank-15,fixture-base-15,e23949edbfe2dbe6dc73b97687bd3eed5fbc5d7bd72ecd8b2badea6dfbfe472e,234b78d61b49dc10d04ca8d24378f3b96eae7ef419b9bbe2bb61b3933c753b5d,2,1,target-b:fixture-bank-15:p0004,-0.09801720082759857,-0.20888429880142212,0.35283011198043823,0.5247100591659546,-1.6866779327392578,-2.3289473684210527,-0.32894736842105265,2.2341585783836035,True,0.23393574297188752,low,csi-pairs-v6-software-fixture,ded1ec639ff3e6fd5eba769d42db1ed36222a48af333a30a670254b30b164b74,620f300cbec1f56da4691882bc7dbe52593dc597fc62f6ae925c0f6ac72f1c6b,True,FORBIDDEN,0901433cbfe906073eae45118a1466e03afab04a766a3061a988ffe089ba4e01,9548a24a4faf5db17b5251df407b4402de033ae8648ec321c850fe6105002cf1,8128818d8ea8f5c3517d04da28955f010269df61e756429957a0a032386f6c51
31,response,target-b,fixture-bank-15,fixture-base-15,e23949edbfe2dbe6dc73b97687bd3eed5fbc5d7bd72ecd8b2badea6dfbfe472e,234b78d61b49dc10d04ca8d24378f3b96eae7ef419b9bbe2bb61b3933c753b5d,2,1,target-b:fixture-bank-15:p0005,-0.10164258629083633,-0.19904473423957825,0.3549278974533081,0.5205878615379333,-1.6886372566223145,1.671052631578947,-2.3289473684210527,2.77108887741833,True,0.23393574297188752,low,csi-pairs-v6-software-fixture,ded1ec639ff3e6fd5eba769d42db1ed36222a48af333a30a670254b30b164b74,620f300cbec1f56da4691882bc7dbe52593dc597fc62f6ae925c0f6ac72f1c6b,True,FORBIDDEN,0901433cbfe906073eae45118a1466e03afab04a766a3061a988ffe089ba4e01,9548a24a4faf5db17b5251df407b4402de033ae8648ec321c850fe6105002cf1,8128818d8ea8f5c3517d04da28955f010269df61e756429957a0a032386f6c51
31,response,target-b,fixture-bank-15,fixture-base-15,e23949edbfe2dbe6dc73b97687bd3eed5fbc5d7bd72ecd8b2badea6dfbfe472e,234b78d61b49dc10d04ca8d24378f3b96eae7ef419b9bbe2bb61b3933c753b5d,2,1,target-b:fixture-bank-15:p0006,-0.10383519530296326,-0.19085705280303955,0.3586376905441284,0.5247840881347656,-1.6702109575271606,-0.32894736842105265,1.671052631578947,1.8754687849392153,False,0.23393574297188752,low,csi-pairs-v6-software-fixture,ded1ec639ff3e6fd5eba769d42db1ed36222a48af333a30a670254b30b164b74,620f300cbec1f56da4691882bc7dbe52593dc597fc62f6ae925c0f6ac72f1c6b,True,FORBIDDEN,0901433cbfe906073eae45118a1466e03afab04a766a3061a988ffe089ba4e01,9548a24a4faf5db17b5251df407b4402de033ae8648ec321c850fe6105002cf1,8128818d8ea8f5c3517d04da28955f010269df61e756429957a0a032386f6c51
31,response,target-b,fixture-bank-15,fixture-base-15,e23949edbfe2dbe6dc73b97687bd3eed5fbc5d7bd72ecd8b2badea6dfbfe472e,234b78d61b49dc10d04ca8d24378f3b96eae7ef419b9bbe2bb61b3933c753b5d,2,1,target-b:fixture-bank-15:p0007,-0.10146620869636536,-0.19336551427841187,0.3599024713039398,0.5231724381446838,-1.6697664260864258,2.671052631578947,-0.32894736842105265,2.7758319759766295,True,0.23393574297188752,low,csi-pairs-v6-software-fixture,ded1ec639ff3e6fd5eba769d42db1ed36222a48af333a30a670254b30b164b74,620f300cbec1f56da4691882bc7dbe52593dc597fc62f6ae925c0f6ac72f1c6b,True,FORBIDDEN,0901433cbfe906073eae45118a1466e03afab04a766a3061a988ffe089ba4e01,9548a24a4faf5db17b5251df407b4402de033ae8648ec321c850fe6105002cf1,8128818d8ea8f5c3517d04da28955f010269df61e756429957a0a032386f6c51
31,response,target-b,fixture-bank-17,fixture-base-17,86a59d2849e34c3a9889d58bb3b67b946ca9eb639083798f219989137e7f4536,b8fec4fd063826ac29c6cc8d291ad3a1a89347817c28241565eb44269fa8c24d,2,1,target-b:fixture-bank-17:p0004,-0.09907051920890808,-0.20779044926166534,0.348423570394516,0.5181285738945007,-1.7118682861328125,-2.276315789473684,-0.27631578947368407,2.1783233665233244,True,0.24519700423314877,low,csi-pairs-v6-software-fixture,ded1ec639ff3e6fd5eba769d42db1ed36222a48af333a30a670254b30b164b74,620f300cbec1f56da4691882bc7dbe52593dc597fc62f6ae925c0f6ac72f1c6b,True,FORBIDDEN,0901433cbfe906073eae45118a1466e03afab04a766a3061a988ffe089ba4e01,9548a24a4faf5db17b5251df407b4402de033ae8648ec321c850fe6105002cf1,8128818d8ea8f5c3517d04da28955f010269df61e756429957a0a032386f6c51
31,response,target-b,fixture-bank-17,fixture-base-17,86a59d2849e34c3a9889d58bb3b67b946ca9eb639083798f219989137e7f4536,b8fec4fd063826ac29c6cc8d291ad3a1a89347817c28241565eb44269fa8c24d,2,1,target-b:fixture-bank-17:p0005,-0.10256365686655045,-0.1935541033744812,0.358163446187973,0.5235601663589478,-1.6738691329956055,1.723684210526316,-2.276315789473684,2.7700320420962257,True,0.24519700423314877,low,csi-pairs-v6-software-fixture,ded1ec639ff3e6fd5eba769d42db1ed36222a48af333a30a670254b30b164b74,620f300cbec1f56da4691882bc7dbe52593dc597fc62f6ae925c0f6ac72f1c6b,True,FORBIDDEN,0901433cbfe906073eae45118a1466e03afab04a766a3061a988ffe089ba4e01,9548a24a4faf5db17b5251df407b4402de033ae8648ec321c850fe6105002cf1,8128818d8ea8f5c3517d04da28955f010269df61e756429957a0a032386f6c51
31,response,target-b,fixture-bank-17,fixture-base-17,86a59d2849e34c3a9889d58bb3b67b946ca9eb639083798f219989137e7f4536,b8fec4fd063826ac29c6cc8d291ad3a1a89347817c28241565eb44269fa8c24d,2,1,target-b:fixture-bank-17:p0006,-0.10721573233604431,-0.19251197576522827,0.35526275634765625,0.5183010101318359,-1.6920967102050781,1.723684210526316,-0.27631578947368407,1.8328168702752263,False,0.24519700423314877,low,csi-pairs-v6-software-fixture,ded1ec639ff3e6fd5eba769d42db1ed36222a48af333a30a670254b30b164b74,620f300cbec1f56da4691882bc7dbe52593dc597fc62f6ae925c0f6ac72f1c6b,True,FORBIDDEN,0901433cbfe906073eae45118a1466e03afab04a766a3061a988ffe089ba4e01,9548a24a4faf5db17b5251df407b4402de033ae8648ec321c850fe6105002cf1,8128818d8ea8f5c3517d04da28955f010269df61e756429957a0a032386f6c51
31,response,target-b,fixture-bank-17,fixture-base-17,86a59d2849e34c3a9889d58bb3b67b946ca9eb639083798f219989137e7f4536,b8fec4fd063826ac29c6cc8d291ad3a1a89347817c28241565eb44269fa8c24d,2,1,target-b:fixture-bank-17:p0007,-0.10535672307014465,-0.19515030086040497,0.35558629035949707,0.5190198421478271,-1.689800500869751,-1.276315789473684,2.723684210526316,3.144954696025812,True,0.24519700423314877,low,csi-pairs-v6-software-fixture,ded1ec639ff3e6fd5eba769d42db1ed36222a48af333a30a670254b30b164b74,620f300cbec1f56da4691882bc7dbe52593dc597fc62f6ae925c0f6ac72f1c6b,True,FORBIDDEN,0901433cbfe906073eae45118a1466e03afab04a766a3061a988ffe089ba4e01,9548a24a4faf5db17b5251df407b4402de033ae8648ec321c850fe6105002cf1,8128818d8ea8f5c3517d04da28955f010269df61e756429957a0a032386f6c51
31,response,target-b,fixture-bank-15,fixture-base-15,e23949edbfe2dbe6dc73b97687bd3eed5fbc5d7bd72ecd8b2badea6dfbfe472e,234b78d61b49dc10d04ca8d24378f3b96eae7ef419b9bbe2bb61b3933c753b5d,4,1,target-b:fixture-bank-15:p0004,-0.10182429105043411,-0.2132796347141266,0.3571278750896454,0.5211154222488403,-1.6814451217651367,-2.3289473684210527,-0.32894736842105265,2.2301247109472757,True,0.23393574297188752,low,csi-pairs-v6-software-fixture,ded1ec639ff3e6fd5eba769d42db1ed36222a48af333a30a670254b30b164b74,620f300cbec1f56da4691882bc7dbe52593dc597fc62f6ae925c0f6ac72f1c6b,True,FORBIDDEN,0901433cbfe906073eae45118a1466e03afab04a766a3061a988ffe089ba4e01,9548a24a4faf5db17b5251df407b4402de033ae8648ec321c850fe6105002cf1,8128818d8ea8f5c3517d04da28955f010269df61e756429957a0a032386f6c51
31,response,target-b,fixture-bank-15,fixture-base-15,e23949edbfe2dbe6dc73b97687bd3eed5fbc5d7bd72ecd8b2badea6dfbfe472e,234b78d61b49dc10d04ca8d24378f3b96eae7ef419b9bbe2bb61b3933c753b5d,4,1,target-b:fixture-bank-15:p0005,-0.10350474715232849,-0.20186954736709595,0.35774892568588257,0.5177194476127625,-1.6862456798553467,1.671052631578947,-2.3289473684210527,2.7701108185827628,True,0.23393574297188752,low,csi-pairs-v6-software-fixture,ded1ec639ff3e6fd5eba769d42db1ed36222a48af333a30a670254b30b164b74,620f300cbec1f56da4691882bc7dbe52593dc597fc62f6ae925c0f6ac72f1c6b,True,FORBIDDEN,0901433cbfe906073eae45118a1466e03afab04a766a3061a988ffe089ba4e01,9548a24a4faf5db17b5251df407b4402de033ae8648ec321c850fe6105002cf1,8128818d8ea8f5c3517d04da28955f010269df61e756429957a0a032386f6c51
31,response,target-b,fixture-bank-15,fixture-base-15,e23949edbfe2dbe6dc73b97687bd3eed5fbc5d7bd72ecd8b2badea6dfbfe472e,234b78d61b49dc10d04ca8d24378f3b96eae7ef419b9bbe2bb61b3933c753b5d,4,1,target-b:fixture-bank-15:p0006,-0.10557624697685242,-0.19367215037345886,0.36064282059669495,0.522158682346344,-1.669650912284851,-0.32894736842105265,1.671052631578947,1.8780556888236,False,0.23393574297188752,low,csi-pairs-v6-software-fixture,ded1ec639ff3e6fd5eba769d42db1ed36222a48af333a30a670254b30b164b74,620f300cbec1f56da4691882bc7dbe52593dc597fc62f6ae925c0f6ac72f1c6b,True,FORBIDDEN,0901433cbfe906073eae45118a1466e03afab04a766a3061a988ffe089ba4e01,9548a24a4faf5db17b5251df407b4402de033ae8648ec321c850fe6105002cf1,8128818d8ea8f5c3517d04da28955f010269df61e756429957a0a032386f6c51
31,response,target-b,fixture-bank-15,fixture-base-15,e23949edbfe2dbe6dc73b97687bd3eed5fbc5d7bd72ecd8b2badea6dfbfe472e,234b78d61b49dc10d04ca8d24378f3b96eae7ef419b9bbe2bb61b3933c753b5d,4,1,target-b:fixture-bank-15:p0007,-0.10306255519390106,-0.19623452425003052,0.3619926869869232,0.5203673243522644,-1.669351577758789,2.671052631578947,-0.32894736842105265,2.7772878440110804,True,0.23393574297188752,low,csi-pairs-v6-software-fixture,ded1ec639ff3e6fd5eba769d42db1ed36222a48af333a30a670254b30b164b74,620f300cbec1f56da4691882bc7dbe52593dc597fc62f6ae925c0f6ac72f1c6b,True,FORBIDDEN,0901433cbfe906073eae45118a1466e03afab04a766a3061a988ffe089ba4e01,9548a24a4faf5db17b5251df407b4402de033ae8648ec321c850fe6105002cf1,8128818d8ea8f5c3517d04da28955f010269df61e756429957a0a032386f6c51
31,response,target-b,fixture-bank-17,fixture-base-17,86a59d2849e34c3a9889d58bb3b67b946ca9eb639083798f219989137e7f4536,b8fec4fd063826ac29c6cc8d291ad3a1a89347817c28241565eb44269fa8c24d,4,1,target-b:fixture-bank-17:p0004,-0.10206328332424164,-0.21132637560367584,0.35247018933296204,0.5148791074752808,-1.7066123485565186,-2.276315789473684,-0.27631578947368407,2.17522357113293,True,0.24519700423314877,low,csi-pairs-v6-software-fixture,ded1ec639ff3e6fd5eba769d42db1ed36222a48af333a30a670254b30b164b74,620f300cbec1f56da4691882bc7dbe52593dc597fc62f6ae925c0f6ac72f1c6b,True,FORBIDDEN,0901433cbfe906073eae45118a1466e03afab04a766a3061a988ffe089ba4e01,9548a24a4faf5db17b5251df407b4402de033ae8648ec321c850fe6105002cf1,8128818d8ea8f5c3517d04da28955f010269df61e756429957a0a032386f6c51
31,response,target-b,fixture-bank-17,fixture-base-17,86a59d2849e34c3a9889d58bb3b67b946ca9eb639083798f219989137e7f4536,b8fec4fd063826ac29c6cc8d291ad3a1a89347817c28241565eb44269fa8c24d,4,1,target-b:fixture-bank-17:p0005,-0.10451796650886536,-0.1965373456478119,0.3605380952358246,0.5207245945930481,-1.6726917028427124,1.723684210526316,-2.276315789473684,2.7690795538443713,True,0.24519700423314877,low,csi-pairs-v6-software-fixture,ded1ec639ff3e6fd5eba769d42db1ed36222a48af333a30a670254b30b164b74,620f300cbec1f56da4691882bc7dbe52593dc597fc62f6ae925c0f6ac72f1c6b,True,FORBIDDEN,0901433cbfe906073eae45118a1466e03afab04a766a3061a988ffe089ba4e01,9548a24a4faf5db17b5251df407b4402de033ae8648ec321c850fe6105002cf1,8128818d8ea8f5c3517d04da28955f010269df61e756429957a0a032386f6c51
31,response,target-b,fixture-bank-17,fixture-base-17,86a59d2849e34c3a9889d58bb3b67b946ca9eb639083798f219989137e7f4536,b8fec4fd063826ac29c6cc8d291ad3a1a89347817c28241565eb44269fa8c24d,4,1,target-b:fixture-bank-17:p0006,-0.10795551538467407,-0.1944323182106018,0.35711997747421265,0.5160591006278992,-1.6912174224853516,1.723684210526316,-0.27631578947368407,1.8334691130208272,False,0.24519700423314877,low,csi-pairs-v6-software-fixture,ded1ec639ff3e6fd5eba769d42db1ed36222a48af333a30a670254b30b164b74,620f300cbec1f56da4691882bc7dbe52593dc597fc62f6ae925c0f6ac72f1c6b,True,FORBIDDEN,0901433cbfe906073eae45118a1466e03afab04a766a3061a988ffe089ba4e01,9548a24a4faf5db17b5251df407b4402de033ae8648ec321c850fe6105002cf1,8128818d8ea8f5c3517d04da28955f010269df61e756429957a0a032386f6c51
31,response,target-b,fixture-bank-17,fixture-base-17,86a59d2849e34c3a9889d58bb3b67b946ca9eb639083798f219989137e7f4536,b8fec4fd063826ac29c6cc8d291ad3a1a89347817c28241565eb44269fa8c24d,4,1,target-b:fixture-bank-17:p0007,-0.10635849833488464,-0.19734185934066772,0.3577088713645935,0.5165199041366577,-1.6886773109436035,-1.276315789473684,2.723684210526316,3.146616176773296,True,0.24519700423314877,low,csi-pairs-v6-software-fixture,ded1ec639ff3e6fd5eba769d42db1ed36222a48af333a30a670254b30b164b74,620f300cbec1f56da4691882bc7dbe52593dc597fc62f6ae925c0f6ac72f1c6b,True,FORBIDDEN,0901433cbfe906073eae45118a1466e03afab04a766a3061a988ffe089ba4e01,9548a24a4faf5db17b5251df407b4402de033ae8648ec321c850fe6105002cf1,8128818d8ea8f5c3517d04da28955f010269df61e756429957a0a032386f6c51
31,full,target-a,fixture-bank-14,fixture-base-14,86a59d2849e34c3a9889d58bb3b67b946ca9eb639083798f219989137e7f4536,d3ac0ba45cb8ca4a3062283c82745f423da87b60b62b7768857a4ffa9f3e71be,0,0,target-a:fixture-bank-14:p0004,-0.08770065009593964,-0.17329704761505127,0.34278833866119385,0.5095469355583191,-1.744875431060791,0.6447368421052628,-1.3552631578947367,1.3905065860439771,False,0.25,low,csi-pairs-v6-software-fixture,ded1ec639ff3e6fd5eba769d42db1ed36222a48af333a30a670254b30b164b74,620f300cbec1f56da4691882bc7dbe52593dc597fc62f6ae925c0f6ac72f1c6b,True,FORBIDDEN,0901433cbfe906073eae45118a1466e03afab04a766a3061a988ffe089ba4e01,9548a24a4faf5db17b5251df407b4402de033ae8648ec321c850fe6105002cf1,8128818d8ea8f5c3517d04da28955f010269df61e756429957a0a032386f6c51
31,full,target-a,fixture-bank-14,fixture-base-14,86a59d2849e34c3a9889d58bb3b67b946ca9eb639083798f219989137e7f4536,d3ac0ba45cb8ca4a3062283c82745f423da87b60b62b7768857a4ffa9f3e71be,0,0,target-a:fixture-bank-14:p0005,-0.08885294944047928,-0.17159296572208405,0.34241488575935364,0.5069884061813354,-1.7509993314743042,-1.3552631578947367,0.6447368421052628,1.5067146946998922,False,0.25,low,csi-pairs-v6-software-fixture,ded1ec639ff3e6fd5eba769d42db1ed36222a48af333a30a670254b30b164b74,620f300cbec1f56da4691882bc7dbe52593dc597fc62f6ae925c0f6ac72f1c6b,True,FORBIDDEN,0901433cbfe906073eae45118a1466e03afab04a766a3061a988ffe089ba4e01,9548a24a4faf5db17b5251df407b4402de033ae8648ec321c850fe6105002cf1,8128818d8ea8f5c3517d04da28955f010269df61e756429957a0a032386f6c51
31,full,target-a,fixture-bank-14,fixture-base-14,86a59d2849e34c3a9889d58bb3b67b946ca9eb639083798f219989137e7f4536,d3ac0ba45cb8ca4a3062283c82745f423da87b60b62b7768857a4ffa9f3e71be,0,0,target-a:fixture-bank-14:p0006,-0.08599027246236801,-0.17475490272045135,0.34384921193122864,0.5122454762458801,-1.7365033626556396,1.6447368421052628,-0.3552631578947367,1.7401148166962035,False,0.25,low,csi-pairs-v6-software-fixture,ded1ec639ff3e6fd5eba769d42db1ed36222a48af333a30a670254b30b164b74,620f300cbec1f56da4691882bc7dbe52593dc597fc62f6ae925c0f6ac72f1c6b,True,FORBIDDEN,0901433cbfe906073eae45118a1466e03afab04a766a3061a988ffe089ba4e01,9548a24a4faf5db17b5251df407b4402de033ae8648ec321c850fe6105002cf1,8128818d8ea8f5c3517d04da28955f010269df61e756429957a0a032386f6c51
31,full,target-a,fixture-bank-14,fixture-base-14,86a59d2849e34c3a9889d58bb3b67b946ca9eb639083798f219989137e7f4536,d3ac0ba45cb8ca4a3062283c82745f423da87b60b62b7768857a4ffa9f3e71be,0,0,target-a:fixture-bank-14:p0007,-0.08647459745407104,-0.17341196537017822,0.34473907947540283,0.5134986639022827,-1.7314752340316772,-1.3552631578947367,2.644736842105263,3.0905965625070424,True,0.25,low,csi-pairs-v6-software-fixture,ded1ec639ff3e6fd5eba769d42db1ed36222a48af333a30a670254b30b164b74,620f300cbec1f56da4691882bc7dbe52593dc597fc62f6ae925c0f6ac72f1c6b,True,FORBIDDEN,0901433cbfe906073eae45118a1466e03afab04a766a3061a988ffe089ba4e01,9548a24a4faf5db17b5251df407b4402de033ae8648ec321c850fe6105002cf1,8128818d8ea8f5c3517d04da28955f010269df61e756429957a0a032386f6c51
31,full,target-a,fixture-bank-16,fixture-base-16,e23949edbfe2dbe6dc73b97687bd3eed5fbc5d7bd72ecd8b2badea6dfbfe472e,2b37638d300a790f3426572fa00b7bf61aa934746cb588d9fb5347ccf44b354c,0,0,target-a:fixture-bank-16:p0004,-0.08895722776651382,-0.17277970910072327,0.34171852469444275,0.5088784098625183,-1.7493140697479248,0.6973684210526319,-1.3026315789473681,1.3765439599906755,False,0.26126126126126126,low,csi-pairs-v6-software-fixture,ded1ec639ff3e6fd5eba769d42db1ed36222a48af333a30a670254b30b164b74,620f300cbec1f56da4691882bc7dbe52593dc597fc62f6ae925c0f6ac72f1c6b,True,FORBIDDEN,0901433cbfe906073eae45118a1466e03afab04a766a3061a988ffe089ba4e01,9548a24a4faf5db17b5251df407b4402de033ae8648ec321c850fe6105002cf1,8128818d8ea8f5c3517d04da28955f010269df61e756429957a0a032386f6c51
31,full,target-a,fixture-bank-16,fixture-base-16,e23949edbfe2dbe6dc73b97687bd3eed5fbc5d7bd72ecd8b2badea6dfbfe472e,2b37638d300a790f3426572fa00b7bf61aa934746cb588d9fb5347ccf44b354c,0,0,target-a:fixture-bank-16:p0005,-0.08625602722167969,-0.1710428148508072,0.34493488073349,0.5101014971733093,-1.737545132637024,-1.3026315789473681,0.6973684210526319,1.4945593188225457,False,0.26126126126126126,low,csi-pairs-v6-software-fixture,ded1ec639ff3e6fd5eba769d42db1ed36222a48af333a30a670254b30b164b74,620f300cbec1f56da4691882bc7dbe52593dc597fc62f6ae925c0f6ac72f1c6b,True,FORBIDDEN,0901433cbfe906073eae45118a1466e03afab04a766a3061a988ffe089ba4e01,9548a24a4faf5db17b5251df407b4402de033ae8648ec321c850fe6105002cf1,8128818d8ea8f5c3517d04da28955f010269df61e756429957a0a032386f6c51
31,full,target-a,fixture-bank-16,fixture-base-16,e23949edbfe2dbe6dc73b97687bd3eed5fbc5d7bd72ecd8b2badea6dfbfe472e,2b37638d300a790f3426572fa00b7bf61aa934746cb588d9fb5347ccf44b354c,0,0,target-a:fixture-bank-16:p0006,-0.08470438420772552,-0.17812953889369965,0.3470132648944855,0.5168905854225159,-1.7183163166046143,1.6973684210526319,-0.30263157894736814,1.7864165922947661,False,0.26126126126126126,low,csi-pairs-v6-software-fixture,ded1ec639ff3e6fd5eba769d42db1ed36222a48af333a30a670254b30b164b74,620f300cbec1f56da4691882bc7dbe52593dc597fc62f6ae925c0f6ac72f1c6b,True,FORBIDDEN,0901433cbfe906073eae45118a1466e03afab04a766a3061a988ffe089ba4e01,9548a24a4faf5db17b5251df407b4402de033ae8648ec321c850fe6105002cf1,8128818d8ea8f5c3517d04da28955f010269df61e756429957a0a032386f6c51
31,full,target-a,fixture-bank-16,fixture-base-16,e23949edbfe2dbe6dc73b97687bd3eed5fbc5d7bd72ecd8b2badea6dfbfe472e,2b37638d300a790f3426572fa00b7bf61aa934746cb588d9fb5347ccf44b354c,0,0,target-a:fixture-bank-16:p0007,-0.08681927621364594,-0.17758148908615112,0.34366294741630554,0.5102065801620483,-1.7410335540771484,-0.30263157894736814,1.6973684210526319,1.8873293606418202,False,0.26126126126126126,low,csi-pairs-v6-software-fixture,ded1ec639ff3e6fd5eba769d42db1ed36222a48af333a30a670254b30b164b74,620f300cbec1f56da4691882bc7dbe52593dc597fc62f6ae925c0f6ac72f1c6b,True,FORBIDDEN,0901433cbfe906073eae45118a1466e03afab04a766a3061a988ffe089ba4e01,9548a24a4faf5db17b5251df407b4402de033ae8648ec321c850fe6105002cf1,8128818d8ea8f5c3517d04da28955f010269df61e756429957a0a032386f6c51
31,full,target-a,fixture-bank-14,fixture-base-14,86a59d2849e34c3a9889d58bb3b67b946ca9eb639083798f219989137e7f4536,d3ac0ba45cb8ca4a3062283c82745f423da87b60b62b7768857a4ffa9f3e71be,2,0,target-a:fixture-bank-14:p0004,-0.10156750679016113,-0.19122040271759033,0.3552236258983612,0.5212098956108093,-1.686610221862793,0.6447368421052628,-1.3552631578947367,1.3827384846964463,False,0.25,low,csi-pairs-v6-software-fixture,ded1ec639ff3e6fd5eba769d42db1ed36222a48af333a30a670254b30b164b74,620f300cbec1f56da4691882bc7dbe52593dc597fc62f6ae925c0f6ac72f1c6b,True,FORBIDDEN,0901433cbfe906073eae45118a1466e03afab04a766a3061a988ffe089ba4e01,9548a24a4faf5db17b5251df407b4402de033ae8648ec321c850fe6105002cf1,8128818d8ea8f5c3517d04da28955f010269df61e756429957a0a032386f6c51
31,full,target-a,fixture-bank-14,fixture-base-14,86a59d2849e34c3a9889d58bb3b67b946ca9eb639083798f219989137e7f4536,d3ac0ba45cb8ca4a3062283c82745f423da87b60b62b7768857a4ffa9f3e71be,2,0,target-a:fixture-bank-14:p0005,-0.10248219966888428,-0.18932515382766724,0.3545849025249481,0.5189109444618225,-1.6928304433822632,-1.3552631578947367,0.6447368421052628,1.5050314090918198,False,0.25,low,csi-pairs-v6-software-fixture,ded1ec639ff3e6fd5eba769d42db1ed36222a48af333a30a670254b30b164b74,620f300cbec1f56da4691882bc7dbe52593dc597fc62f6ae925c0f6ac72f1c6b,True,FORBIDDEN,0901433cbfe906073eae45118a1466e03afab04a766a3061a988ffe089ba4e01,9548a24a4faf5db17b5251df407b4402de033ae8648ec321c850fe6105002cf1,8128818d8ea8f5c3517d04da28955f010269df61e756429957a0a032386f6c51
31,full,target-a,fixture-bank-14,fixture-base-14,86a59d2849e34c3a9889d58bb3b67b946ca9eb639083798f219989137e7f4536,d3ac0ba45cb8ca4a3062283c82745f423da87b60b62b7768857a4ffa9f3e71be,2,0,target-a:fixture-bank-14:p0006,-0.10046851634979248,-0.19294098019599915,0.3568825125694275,0.5237892270088196,-1.6770145893096924,1.6447368421052628,-0.3552631578947367,1.7527379246633248,False,0.25,low,csi-pairs-v6-software-fixture,ded1ec639ff3e6fd5eba769d42db1ed36222a48af333a30a670254b30b164b74,620f300cbec1f56da4691882bc7dbe52593dc597fc62f6ae925c0f6ac72f1c6b,True,FORBIDDEN,0901433cbfe906073eae45118a1466e03afab04a766a3061a988ffe089ba4e01,9548a24a4faf5db17b5251df407b4402de033ae8648ec321c850fe6105002cf1,8128818d8ea8f5c3517d04da28955f010269df61e756429957a0a032386f6c51
31,full,target-a,fixture-bank-14,fixture-base-14,86a59d2849e34c3a9889d58bb3b67b946ca9eb639083798f219989137e7f4536,d3ac0ba45cb8ca4a3062283c82745f423da87b60b62b7768857a4ffa9f3e71be,2,0,target-a:fixture-bank-14:p0007,-0.1017090380191803,-0.19143816828727722,0.35797592997550964,0.5245240330696106,-1.672553539276123,-1.3552631578947367,2.644736842105263,3.100852563575396,True,0.25,low,csi-pairs-v6-software-fixture,ded1ec639ff3e6fd5eba769d42db1ed36222a48af333a30a670254b30b164b74,620f300cbec1f56da4691882bc7dbe52593dc597fc62f6ae925c0f6ac72f1c6b,True,FORBIDDEN,0901433cbfe906073eae45118a1466e03afab04a766a3061a988ffe089ba4e01,9548a24a4faf5db17b5251df407b4402de033ae8648ec321c850fe6105002cf1,8128818d8ea8f5c3517d04da28955f010269df61e756429957a0a032386f6c51
31,full,target-a,fixture-bank-16,fixture-base-16,e23949edbfe2dbe6dc73b97687bd3eed5fbc5d7bd72ecd8b2badea6dfbfe472e,2b37638d300a790f3426572fa00b7bf61aa934746cb588d9fb5347ccf44b354c,2,0,target-a:fixture-bank-16:p0004,-0.10254739224910736,-0.19073151051998138,0.3536889851093292,0.520508885383606,-1.6922855377197266,0.6973684210526319,-1.3026315789473681,1.3697397820531498,False,0.26126126126126126,low,csi-pairs-v6-software-fixture,ded1ec639ff3e6fd5eba769d42db1ed36222a48af333a30a670254b30b164b74,620f300cbec1f56da4691882bc7dbe52593dc597fc62f6ae925c0f6ac72f1c6b,True,FORBIDDEN,0901433cbfe906073eae45118a1466e03afab04a766a3061a988ffe089ba4e01,9548a24a4faf5db17b5251df407b4402de033ae8648ec321c850fe6105002cf1,8128818d8ea8f5c3517d04da28955f010269df61e756429957a0a032386f6c51
31,full,target-a,fixture-bank-16,fixture-base-16,e23949edbfe2dbe6dc73b97687bd3eed5fbc5d7bd72ecd8b2badea6dfbfe472e,2b37638d300a790f3426572fa00b7bf61aa934746cb588d9fb5347ccf44b354c,2,0,target-a:fixture-bank-16:p0005,-0.10106971859931946,-0.18871580064296722,0.3580716550350189,0.5216155052185059,-1.6778466701507568,-1.3026315789473681,0.6973684210526319,1.4929488109714142,False,0.26126126126126126,low,csi-pairs-v6-software-fixture,ded1ec639ff3e6fd5eba769d42db1ed36222a48af333a30a670254b30b164b74,620f300cbec1f56da4691882bc7dbe52593dc597fc62f6ae925c0f6ac72f1c6b,True,FORBIDDEN,0901433cbfe906073eae45118a1466e03afab04a766a3061a988ffe089ba4e01,9548a24a4faf5db17b5251df407b4402de033ae8648ec321c850fe6105002cf1,8128818d8ea8f5c3517d04da28955f010269df61e756429957a0a032386f6c51
31,full,target-a,fixture-bank-16,fixture-base-16,e23949edbfe2dbe6dc73b97687bd3eed5fbc5d7bd72ecd8b2badea6dfbfe472e,2b37638d300a790f3426572fa00b7bf61aa934746cb588d9fb5347ccf44b354c,2,0,target-a:fixture-bank-16:p0006,-0.10088912397623062,-0.1969119906425476,0.36130526661872864,0.5275850892066956,-1.6574771404266357,1.6973684210526319,-0.30263157894736814,1.8013624925607206,False,0.26126126126126126,low,csi-pairs-v6-software-fixture,ded1ec639ff3e6fd5eba769d42db1ed36222a48af333a30a670254b30b164b74,620f300cbec1f56da4691882bc7dbe52593dc597fc62f6ae925c0f6ac72f1c6b,True,FORBIDDEN,0901433cbfe906073eae45118a1466e03afab04a766a3061a988ffe089ba4e01,9548a24a4faf5db17b5251df407b4402de033ae8648ec321c850fe6105002cf1,8128818d8ea8f5c3517d04da28955f010269df61e756429957a0a032386f6c51
31,full,target-a,fixture-bank-16,fixture-base-16,e23949edbfe2dbe6dc73b97687bd3eed5fbc5d7bd72ecd8b2badea6dfbfe472e,2b37638d300a790f3426572fa00b7bf61aa934746cb588d9fb5347ccf44b354c,2,0,target-a:fixture-bank-16:p0007,-0.10106267035007477,-0.19604763388633728,0.3566456139087677,0.5220507979393005,-1.6810030937194824,-0.30263157894736814,1.6973684210526319,1.9041151178470679,False,0.26126126126126126,low,csi-pairs-v6-software-fixture,ded1ec639ff3e6fd5eba769d42db1ed36222a48af333a30a670254b30b164b74,620f300cbec1f56da4691882bc7dbe52593dc597fc62f6ae925c0f6ac72f1c6b,True,FORBIDDEN,0901433cbfe906073eae45118a1466e03afab04a766a3061a988ffe089ba4e01,9548a24a4faf5db17b5251df407b4402de033ae8648ec321c850fe6105002cf1,8128818d8ea8f5c3517d04da28955f010269df61e756429957a0a032386f6c51
31,full,target-a,fixture-bank-14,fixture-base-14,86a59d2849e34c3a9889d58bb3b67b946ca9eb639083798f219989137e7f4536,d3ac0ba45cb8ca4a3062283c82745f423da87b60b62b7768857a4ffa9f3e71be,4,0,target-a:fixture-bank-14:p0004,-0.10971733927726746,-0.1658843457698822,0.3563860058784485,0.5151476263999939,-1.695042610168457,0.6447368421052628,-1.3552631578947367,1.4084825417935127,False,0.25,low,csi-pairs-v6-software-fixture,ded1ec639ff3e6fd5eba769d42db1ed36222a48af333a30a670254b30b164b74,620f300cbec1f56da4691882bc7dbe52593dc597fc62f6ae925c0f6ac72f1c6b,True,FORBIDDEN,0901433cbfe906073eae45118a1466e03afab04a766a3061a988ffe089ba4e01,9548a24a4faf5db17b5251df407b4402de033ae8648ec321c850fe6105002cf1,8128818d8ea8f5c3517d04da28955f010269df61e756429957a0a032386f6c51
31,full,target-a,fixture-bank-14,fixture-base-14,86a59d2849e34c3a9889d58bb3b67b946ca9eb639083798f219989137e7f4536,d3ac0ba45cb8ca4a3062283c82745f423da87b60b62b7768857a4ffa9f3e71be,4,0,target-a:fixture-bank-14:p0005,-0.11100597679615021,-0.16350650787353516,0.3559732437133789,0.5127392411231995,-1.700887680053711,-1.3552631578947367,0.6447368421052628,1.4837227657147916,False,0.25,low,csi-pairs-v6-software-fixture,ded1ec639ff3e6fd5eba769d42db1ed36222a48af333a30a670254b30b164b74,620f300cbec1f56da4691882bc7dbe52593dc597fc62f6ae925c0f6ac72f1c6b,True,FORBIDDEN,0901433cbfe906073eae45118a1466e03afab04a766a3061a988ffe089ba4e01,9548a24a4faf5db17b5251df407b4402de033ae8648ec321c850fe6105002cf1,8128818d8ea8f5c3517d04da28955f010269df61e756429957a0a032386f6c51
31,full,target-a,fixture-bank-14,fixture-base-14,86a59d2849e34c3a9889d58bb3b67b946ca9eb639083798f219989137e7f4536,d3ac0ba45cb8ca4a3062283c82745f423da87b60b62b7768857a4ffa9f3e71be,4,0,target-a:fixture-bank-14:p0006,-0.10819090902805328,-0.16827350854873657,0.3577229082584381,0.5176938772201538,-1.6863677501678467,1.6447368421052628,-0.3552631578947367,1.7628728909526759,False,0.25,low,csi-pairs-v6-software-fixture,ded1ec639ff3e6fd5eba769d42db1ed36222a48af333a30a670254b30b164b74,620f300cbec1f56da4691882bc7dbe52593dc597fc62f6ae925c0f6ac72f1c6b,True,FORBIDDEN,0901433cbfe906073eae45118a1466e03afab04a766a3061a988ffe089ba4e01,9548a24a4faf5db17b5251df407b4402de033ae8648ec321c850fe6105002cf1,8128818d8ea8f5c3517d04da28955f010269df61e756429957a0a032386f6c51
31,full,target-a,fixture-bank-14,fixture-base-14,86a59d2849e34c3a9889d58bb3b67b946ca9eb639083798f219989137e7f4536,d3ac0ba45cb8ca4a3062283c82745f423da87b60b62b7768857a4ffa9f3e71be,4,0,target-a:fixture-bank-14:p0007,-0.10880723595619202,-0.16736356914043427,0.35871443152427673,0.5186398029327393,-1.6817742586135864,-1.3552631578947367,2.644736842105263,3.0759650661644202,True,0.25,low,csi-pairs-v6-software-fixture,ded1ec639ff3e6fd5eba769d42db1ed36222a48af333a30a670254b30b164b74,620f300cbec1f56da4691882bc7dbe52593dc597fc62f6ae925c0f6ac72f1c6b,True,FORBIDDEN,0901433cbfe906073eae45118a1466e03afab04a766a3061a988ffe089ba4e01,9548a24a4faf5db17b5251df407b4402de033ae8648ec321c850fe6105002cf1,8128818d8ea8f5c3517d04da28955f010269df61e756429957a0a032386f6c51
31,full,target-a,fixture-bank-16,fixture-base-16,e23949edbfe2dbe6dc73b97687bd3eed5fbc5d7bd72ecd8b2badea6dfbfe472e,2b37638d300a790f3426572fa00b7bf61aa934746cb588d9fb5347ccf44b354c,4,0,target-a:fixture-bank-16:p0004,-0.11023276299238205,-0.16541185975074768,0.3549487888813019,0.5148242712020874,-1.6997113227844238,0.6973684210526319,-1.3026315789473681,1.394807643440682,False,0.26126126126126126,low,csi-pairs-v6-software-fixture,ded1ec639ff3e6fd5eba769d42db1ed36222a48af333a30a670254b30b164b74,620f300cbec1f56da4691882bc7dbe52593dc597fc62f6ae925c0f6ac72f1c6b,True,FORBIDDEN,0901433cbfe906073eae45118a1466e03afab04a766a3061a988ffe089ba4e01,9548a24a4faf5db17b5251df407b4402de033ae8648ec321c850fe6105002cf1,8128818d8ea8f5c3517d04da28955f010269df61e756429957a0a032386f6c51
31,full,target-a,fixture-bank-16,fixture-base-16,e23949edbfe2dbe6dc73b97687bd3eed5fbc5d7bd72ecd8b2badea6dfbfe472e,2b37638d300a790f3426572fa00b7bf61aa934746cb588d9fb5347ccf44b354c,4,0,target-a:fixture-bank-16:p0005,-0.1096445620059967,-0.16356691718101501,0.3591189384460449,0.5150855183601379,-1.6875239610671997,-1.3026315789473681,0.6973684210526319,1.4711994015802738,False,0.26126126126126126,low,csi-pairs-v6-software-fixture,ded1ec639ff3e6fd5eba769d42db1ed36222a48af333a30a670254b30b164b74,620f300cbec1f56da4691882bc7dbe52593dc597fc62f6ae925c0f6ac72f1c6b,True,FORBIDDEN,0901433cbfe906073eae45118a1466e03afab04a766a3061a988ffe089ba4e01,9548a24a4faf5db17b5251df407b4402de033ae8648ec321c850fe6105002cf1,8128818d8ea8f5c3517d04da28955f010269df61e756429957a0a032386f6c51
31,full,target-a,fixture-bank-16,fixture-base-16,e23949edbfe2dbe6dc73b97687bd3eed5fbc5d7bd72ecd8b2badea6dfbfe472e,2b37638d300a790f3426572fa00b7bf61aa934746cb588d9fb5347ccf44b354c,4,0,target-a:fixture-bank-16:p0006,-0.10738866031169891,-0.17400410771369934,0.3615928590297699,0.5215370059013367,-1.6682114601135254,1.6973684210526319,-0.30263157894736814,1.8093350018972898,False,0.26126126126126126,low,csi-pairs-v6-software-fixture,ded1ec639ff3e6fd5eba769d42db1ed36222a48af333a30a670254b30b164b74,620f300cbec1f56da4691882bc7dbe52593dc597fc62f6ae925c0f6ac72f1c6b,True,FORBIDDEN,0901433cbfe906073eae45118a1466e03afab04a766a3061a988ffe089ba4e01,9548a24a4faf5db17b5251df407b4402de033ae8648ec321c850fe6105002cf1,8128818d8ea8f5c3517d04da28955f010269df61e756429957a0a032386f6c51
31,full,target-a,fixture-bank-16,fixture-base-16,e23949edbfe2dbe6dc73b97687bd3eed5fbc5d7bd72ecd8b2badea6dfbfe472e,2b37638d300a790f3426572fa00b7bf61aa934746cb588d9fb5347ccf44b354c,4,0,target-a:fixture-bank-16:p0007,-0.10886187851428986,-0.1713176667690277,0.3575756847858429,0.5158229470252991,-1.6904000043869019,-0.30263157894736814,1.6973684210526319,1.8787055095528262,False,0.26126126126126126,low,csi-pairs-v6-software-fixture,ded1ec639ff3e6fd5eba769d42db1ed36222a48af333a30a670254b30b164b74,620f300cbec1f56da4691882bc7dbe52593dc597fc62f6ae925c0f6ac72f1c6b,True,FORBIDDEN,0901433cbfe906073eae45118a1466e03afab04a766a3061a988ffe089ba4e01,9548a24a4faf5db17b5251df407b4402de033ae8648ec321c850fe6105002cf1,8128818d8ea8f5c3517d04da28955f010269df61e756429957a0a032386f6c51
31,full,target-a,fixture-bank-14,fixture-base-14,86a59d2849e34c3a9889d58bb3b67b946ca9eb639083798f219989137e7f4536,d3ac0ba45cb8ca4a3062283c82745f423da87b60b62b7768857a4ffa9f3e71be,2,1,target-a:fixture-bank-14:p0004,-0.10269849002361298,-0.1426181197166443,0.3516327440738678,0.5219472050666809,-1.695356845855713,0.6447368421052628,-1.3552631578947367,1.4244885272730525,False,0.25,low,csi-pairs-v6-software-fixture,ded1ec639ff3e6fd5eba769d42db1ed36222a48af333a30a670254b30b164b74,620f300cbec1f56da4691882bc7dbe52593dc597fc62f6ae925c0f6ac72f1c6b,True,FORBIDDEN,0901433cbfe906073eae45118a1466e03afab04a766a3061a988ffe089ba4e01,9548a24a4faf5db17b5251df407b4402de033ae8648ec321c850fe6105002cf1,8128818d8ea8f5c3517d04da28955f010269df61e756429957a0a032386f6c51
31,full,target-a,fixture-bank-14,fixture-base-14,86a59d2849e34c3a9889d58bb3b67b946ca9eb639083798f219989137e7f4536,d3ac0ba45cb8ca4a3062283c82745f423da87b60b62b7768857a4ffa9f3e71be,2,1,target-a:fixture-bank-14:p0005,-0.10382319986820221,-0.14063051342964172,0.3513144254684448,0.5196894407272339,-1.7005975246429443,-1.3552631578947367,0.6447368421052628,1.477465347033677,False,0.25,low,csi-pairs-v6-software-fixture,ded1ec639ff3e6fd5eba769d42db1ed36222a48af333a30a670254b30b164b74,620f300cbec1f56da4691882bc7dbe52593dc597fc62f6ae925c0f6ac72f1c6b,True,FORBIDDEN,0901433cbfe906073eae45118a1466e03afab04a766a3061a988ffe089ba4e01,9548a24a4faf5db17b5251df407b4402de033ae8648ec321c850fe6105002cf1,8128818d8ea8f5c3517d04da28955f010269df61e756429957a0a032386f6c51
31,full,target-a,fixture-bank-14,fixture-base-14,86a59d2849e34c3a9889d58bb3b67b946ca9eb639083798f219989137e7f4536,d3ac0ba45cb8ca4a3062283c82745f423da87b60b62b7768857a4ffa9f3e71be,2,1,target-a:fixture-bank-14:p0006,-0.10112902522087097,-0.14385633170604706,0.3526565730571747,0.5245283246040344,-1.687516450881958,1.6447368421052628,-0.3552631578947367,1.7586189106380063,False,0.25,low,csi-pairs-v6-software-fixture,ded1ec639ff3e6fd5eba769d42db1ed36222a48af333a30a670254b30b164b74,620f300cbec1f56da4691882bc7dbe52593dc597fc62f6ae925c0f6ac72f1c6b,True,FORBIDDEN,0901433cbfe906073eae45118a1466e03afab04a766a3061a988ffe089ba4e01,9548a24a4faf5db17b5251df407b4402de033ae8648ec321c850fe6105002cf1,8128818d8ea8f5c3517d04da28955f010269df61e756429957a0a032386f6c51
31,full,target-a,fixture-bank-14,fixture-base-14,86a59d2849e34c3a9889d58bb3b67b946ca9eb639083798f219989137e7f4536,d3ac0ba45cb8ca4a3062283c82745f423da87b60b62b7768857a4ffa9f3e71be,2,1,target-a:fixture-bank-14:p0007,-0.10192998498678207,-0.14323726296424866,0.353461354970932,0.5253376364707947,-1.6836953163146973,-1.3552631578947367,2.644736842105263,3.0567374196763555,True,0.25,low,csi-pairs-v6-software-fixture,ded1ec639ff3e6fd5eba769d42db1ed36222a48af333a30a670254b30b164b74,620f300cbec1f56da4691882bc7dbe52593dc597fc62f6ae925c0f6ac72f1c6b,True,FORBIDDEN,0901433cbfe906073eae45118a1466e03afab04a766a3061a988ffe089ba4e01,9548a24a4faf5db17b5251df407b4402de033ae8648ec321c850fe6105002cf1,8128818d8ea8f5c3517d04da28955f010269df61e756429957a0a032386f6c51
31,full,target-a,fixture-bank-16,fixture-base-16,e23949edbfe2dbe6dc73b97687bd3eed5fbc5d7bd72ecd8b2badea6dfbfe472e,2b37638d300a790f3426572fa00b7bf61aa934746cb588d9fb5347ccf44b354c,2,1,target-a:fixture-bank-16:p0004,-0.1033465564250946,-0.14259099960327148,0.3504753112792969,0.5210787653923035,-1.7003190517425537,0.6973684210526319,-1.3026315789473681,1.4095526314693407,False,0.26126126126126126,low,csi-pairs-v6-software-fixture,ded1ec639ff3e6fd5eba769d42db1ed36222a48af333a30a670254b30b164b74,620f300cbec1f56da4691882bc7dbe52593dc597fc62f6ae925c0f6ac72f1c6b,True,FORBIDDEN,0901433cbfe906073eae45118a1466e03afab04a766a3061a988ffe089ba4e01,9548a24a4faf5db17b5251df407b4402de033ae8648ec321c850fe6105002cf1,8128818d8ea8f5c3517d04da28955f010269df61e756429957a0a032386f6c51
31,full,target-a,fixture-bank-16,fixture-base-16,e23949edbfe2dbe6dc73b97687bd3eed5fbc5d7bd72ecd8b2badea6dfbfe472e,2b37638d300a790f3426572fa00b7bf61aa934746cb588d9fb5347ccf44b354c,2,1,target-a:fixture-bank-16:p0005,-0.1024715006351471,-0.13997875154018402,0.3538978099822998,0.5226572155952454,-1.6875765323638916,-1.3026315789473681,0.6973684210526319,1.4633982714980838,False,0.26126126126126126,low,csi-pairs-v6-software-fixture,ded1ec639ff3e6fd5eba769d42db1ed36222a48af333a30a670254b30b164b74,620f300cbec1f56da4691882bc7dbe52593dc597fc62f6ae925c0f6ac72f1c6b,True,FORBIDDEN,0901433cbfe906073eae45118a1466e03afab04a766a3061a988ffe089ba4e01,9548a24a4faf5db17b5251df407b4402de033ae8648ec321c850fe6105002cf1,8128818d8ea8f5c3517d04da28955f010269df61e756429957a0a032386f6c51
31,full,target-a,fixture-bank-16,fixture-base-16,e23949edbfe2dbe6dc73b97687bd3eed5fbc5d7bd72ecd8b2badea6dfbfe472e,2b37638d300a790f3426572fa00b7bf61aa934746cb588d9fb5347ccf44b354c,2,1,target-a:fixture-bank-16:p0006,-0.1002006083726883,-0.1475381702184677,0.35561713576316833,0.5286375284194946,-1.6713528633117676,1.6973684210526319,-0.30263157894736814,1.804247317021765,False,0.26126126126126126,low,csi-pairs-v6-software-fixture,ded1ec639ff3e6fd5eba769d42db1ed36222a48af333a30a670254b30b164b74,620f300cbec1f56da4691882bc7dbe52593dc597fc62f6ae925c0f6ac72f1c6b,True,FORBIDDEN,0901433cbfe906073eae45118a1466e03afab04a766a3061a988ffe089ba4e01,9548a24a4faf5db17b5251df407b4402de033ae8648ec321c850fe6105002cf1,8128818d8ea8f5c3517d04da28955f010269df61e756429957a0a032386f6c51
31,full,target-a,fixture-bank-16,fixture-base-16,e23949edbfe2dbe6dc73b97687bd3eed5fbc5d7bd72ecd8b2badea6dfbfe472e,2b37638d300a790f3426572fa00b7bf61aa934746cb588d9fb5347ccf44b354c,2,1,target-a:fixture-bank-16:p0007,-0.10152553021907806,-0.14611226320266724,0.35242894291877747,0.5227304697036743,-1.6915955543518066,-0.30263157894736814,1.6973684210526319,1.8544176110190205,False,0.26126126126126126,low,csi-pairs-v6-software-fixture,ded1ec639ff3e6fd5eba769d42db1ed36222a48af333a30a670254b30b164b74,620f300cbec1f56da4691882bc7dbe52593dc597fc62f6ae925c0f6ac72f1c6b,True,FORBIDDEN,0901433cbfe906073eae45118a1466e03afab04a766a3061a988ffe089ba4e01,9548a24a4faf5db17b5251df407b4402de033ae8648ec321c850fe6105002cf1,8128818d8ea8f5c3517d04da28955f010269df61e756429957a0a032386f6c51
31,full,target-a,fixture-bank-14,fixture-base-14,86a59d2849e34c3a9889d58bb3b67b946ca9eb639083798f219989137e7f4536,d3ac0ba45cb8ca4a3062283c82745f423da87b60b62b7768857a4ffa9f3e71be,4,1,target-a:fixture-bank-14:p0004,-0.10897175222635269,-0.158523291349411,0.3561711311340332,0.5134129524230957,-1.6990187168121338,0.6447368421052628,-1.3552631578947367,1.41430652736536,False,0.25,low,csi-pairs-v6-software-fixture,ded1ec639ff3e6fd5eba769d42db1ed36222a48af333a30a670254b30b164b74,620f300cbec1f56da4691882bc7dbe52593dc597fc62f6ae925c0f6ac72f1c6b,True,FORBIDDEN,0901433cbfe906073eae45118a1466e03afab04a766a3061a988ffe089ba4e01,9548a24a4faf5db17b5251df407b4402de033ae8648ec321c850fe6105002cf1,8128818d8ea8f5c3517d04da28955f010269df61e756429957a0a032386f6c51
31,full,target-a,fixture-bank-14,fixture-base-14,86a59d2849e34c3a9889d58bb3b67b946ca9eb639083798f219989137e7f4536,d3ac0ba45cb8ca4a3062283c82745f423da87b60b62b7768857a4ffa9f3e71be,4,1,target-a:fixture-bank-14:p0005,-0.11013815551996231,-0.1567409783601761,0.35598403215408325,0.5109531283378601,-1.7043468952178955,-1.3552631578947367,0.6447368421052628,1.4807778254136614,False,0.25,low,csi-pairs-v6-software-fixture,ded1ec639ff3e6fd5eba769d42db1ed36222a48af333a30a670254b30b164b74,620f300cbec1f56da4691882bc7dbe52593dc597fc62f6ae925c0f6ac72f1c6b,True,FORBIDDEN,0901433cbfe906073eae45118a1466e03afab04a766a3061a988ffe089ba4e01,9548a24a4faf5db17b5251df407b4402de033ae8648ec321c850fe6105002cf1,8128818d8ea8f5c3517d04da28955f010269df61e756429957a0a032386f6c51
31,full,target-a,fixture-bank-14,fixture-base-14,86a59d2849e34c3a9889d58bb3b67b946ca9eb639083798f219989137e7f4536,d3ac0ba45cb8ca4a3062283c82745f423da87b60b62b7768857a4ffa9f3e71be,4,1,target-a:fixture-bank-14:p0006,-0.1072908565402031,-0.15983261168003082,0.35710686445236206,0.516100287437439,-1.6911743879318237,1.6447368421052628,-0.3552631578947367,1.7628936880069388,False,0.25,low,csi-pairs-v6-software-fixture,ded1ec639ff3e6fd5eba769d42db1ed36222a48af333a30a670254b30b164b74,620f300cbec1f56da4691882bc7dbe52593dc597fc62f6ae925c0f6ac72f1c6b,True,FORBIDDEN,0901433cbfe906073eae45118a1466e03afab04a766a3061a988ffe089ba4e01,9548a24a4faf5db17b5251df407b4402de033ae8648ec321c850fe6105002cf1,8128818d8ea8f5c3517d04da28955f010269df61e756429957a0a032386f6c51
31,full,target-a,fixture-bank-14,fixture-base-14,86a59d2849e34c3a9889d58bb3b67b946ca9eb639083798f219989137e7f4536,d3ac0ba45cb8ca4a3062283c82745f423da87b60b62b7768857a4ffa9f3e71be,4,1,target-a:fixture-bank-14:p0007,-0.10792405903339386,-0.15897038578987122,0.3578343391418457,0.5172274112701416,-1.686957836151123,-1.3552631578947367,2.644736842105263,3.0686526436368853,True,0.25,low,csi-pairs-v6-software-fixture,ded1ec639ff3e6fd5eba769d42db1ed36222a48af333a30a670254b30b164b74,620f300cbec1f56da4691882bc7dbe52593dc597fc62f6ae925c0f6ac72f1c6b,True,FORBIDDEN,0901433cbfe906073eae45118a1466e03afab04a766a3061a988ffe089ba4e01,9548a24a4faf5db17b5251df407b4402de033ae8648ec321c850fe6105002cf1,8128818d8ea8f5c3517d04da28955f010269df61e756429957a0a032386f6c51
31,full,target-a,fixture-bank-16,fixture-base-16,e23949edbfe2dbe6dc73b97687bd3eed5fbc5d7bd72ecd8b2badea6dfbfe472e,2b37638d300a790f3426572fa00b7bf61aa934746cb588d9fb5347ccf44b354c,4,1,target-a:fixture-bank-16:p0004,-0.10903183370828629,-0.1584111750125885,0.3548685908317566,0.5128960013389587,-1.7036899328231812,0.6973684210526319,-1.3026315789473681,1.399829169455739,False,0.26126126126126126,low,csi-pairs-v6-software-fixture,ded1ec639ff3e6fd5eba769d42db1ed36222a48af333a30a670254b30b164b74,620f300cbec1f56da4691882bc7dbe52593dc597fc62f6ae925c0f6ac72f1c6b,True,FORBIDDEN,0901433cbfe906073eae45118a1466e03afab04a766a3061a988ffe089ba4e01,9548a24a4faf5db17b5251df407b4402de033ae8648ec321c850fe6105002cf1,8128818d8ea8f5c3517d04da28955f010269df61e756429957a0a032386f6c51
31,full,target-a,fixture-bank-16,fixture-base-16,e23949edbfe2dbe6dc73b97687bd3eed5fbc5d7bd72ecd8b2badea6dfbfe472e,2b37638d300a790f3426572fa00b7bf61aa934746cb588d9fb5347ccf44b354c,4,1,target-a:fixture-bank-16:p0005,-0.1094961017370224,-0.15599991381168365,0.3586454689502716,0.5137168169021606,-1.6915040016174316,-1.3026315789473681,0.6973684210526319,1.466904830562315,False,0.26126126126126126,low,csi-pairs-v6-software-fixture,ded1ec639ff3e6fd5eba769d42db1ed36222a48af333a30a670254b30b164b74,620f300cbec1f56da4691882bc7dbe52593dc597fc62f6ae925c0f6ac72f1c6b,True,FORBIDDEN,0901433cbfe906073eae45118a1466e03afab04a766a3061a988ffe089ba4e01,9548a24a4faf5db17b5251df407b4402de033ae8648ec321c850fe6105002cf1,8128818d8ea8f5c3517d04da28955f010269df61e756429957a0a032386f6c51
31,full,target-a,fixture-bank-16,fixture-base-16,e23949edbfe2dbe6dc73b97687bd3eed5fbc5d7bd72ecd8b2badea6dfbfe472e,2b37638d300a790f3426572fa00b7bf61aa934746cb588d9fb5347ccf44b354c,4,1,target-a:fixture-bank-16:p0006,-0.10622009634971619,-0.1635417640209198,0.3599087595939636,0.5203840136528015,-1.6750929355621338,1.6973684210526319,-0.30263157894736814,1.8089437572024936,False,0.26126126126126126,low,csi-pairs-v6-software-fixture,ded1ec639ff3e6fd5eba769d42db1ed36222a48af333a30a670254b30b164b74,620f300cbec1f56da4691882bc7dbe52593dc597fc62f6ae925c0f6ac72f1c6b,True,FORBIDDEN,0901433cbfe906073eae45118a1466e03afab04a766a3061a988ffe089ba4e01,9548a24a4faf5db17b5251df407b4402de033ae8648ec321c850fe6105002cf1,8128818d8ea8f5c3517d04da28955f010269df61e756429957a0a032386f6c51
31,full,target-a,fixture-bank-16,fixture-base-16,e23949edbfe2dbe6dc73b97687bd3eed5fbc5d7bd72ecd8b2badea6dfbfe472e,2b37638d300a790f3426572fa00b7bf61aa934746cb588d9fb5347ccf44b354c,4,1,target-a:fixture-bank-16:p0007,-0.10757145285606384,-0.16256150603294373,0.3569619059562683,0.5140789151191711,-1.6955046653747559,-0.30263157894736814,1.6973684210526319,1.870130419639045,False,0.26126126126126126,low,csi-pairs-v6-software-fixture,ded1ec639ff3e6fd5eba769d42db1ed36222a48af333a30a670254b30b164b74,620f300cbec1f56da4691882bc7dbe52593dc597fc62f6ae925c0f6ac72f1c6b,True,FORBIDDEN,0901433cbfe906073eae45118a1466e03afab04a766a3061a988ffe089ba4e01,9548a24a4faf5db17b5251df407b4402de033ae8648ec321c850fe6105002cf1,8128818d8ea8f5c3517d04da28955f010269df61e756429957a0a032386f6c51
31,full,target-b,fixture-bank-15,fixture-base-15,e23949edbfe2dbe6dc73b97687bd3eed5fbc5d7bd72ecd8b2badea6dfbfe472e,234b78d61b49dc10d04ca8d24378f3b96eae7ef419b9bbe2bb61b3933c753b5d,0,0,target-b:fixture-bank-15:p0004,-0.0811174213886261,-0.19293519854545593,0.3425074815750122,0.5187994837760925,-1.727699637413025,-2.3289473684210527,-0.32894736842105265,2.251941114045851,True,0.23393574297188752,low,csi-pairs-v6-software-fixture,ded1ec639ff3e6fd5eba769d42db1ed36222a48af333a30a670254b30b164b74,620f300cbec1f56da4691882bc7dbe52593dc597fc62f6ae925c0f6ac72f1c6b,True,FORBIDDEN,0901433cbfe906073eae45118a1466e03afab04a766a3061a988ffe089ba4e01,9548a24a4faf5db17b5251df407b4402de033ae8648ec321c850fe6105002cf1,8128818d8ea8f5c3517d04da28955f010269df61e756429957a0a032386f6c51
31,full,target-b,fixture-bank-15,fixture-base-15,e23949edbfe2dbe6dc73b97687bd3eed5fbc5d7bd72ecd8b2badea6dfbfe472e,234b78d61b49dc10d04ca8d24378f3b96eae7ef419b9bbe2bb61b3933c753b5d,0,0,target-b:fixture-bank-15:p0005,-0.0827854573726654,-0.18196231126785278,0.34330612421035767,0.5148748755455017,-1.732964038848877,1.671052631578947,-2.3289473684210527,2.7722721507630834,True,0.23393574297188752,low,csi-pairs-v6-software-fixture,ded1ec639ff3e6fd5eba769d42db1ed36222a48af333a30a670254b30b164b74,620f300cbec1f56da4691882bc7dbe52593dc597fc62f6ae925c0f6ac72f1c6b,True,FORBIDDEN,0901433cbfe906073eae45118a1466e03afab04a766a3061a988ffe089ba4e01,9548a24a4faf5db17b5251df407b4402de033ae8648ec321c850fe6105002cf1,8128818d8ea8f5c3517d04da28955f010269df61e756429957a0a032386f6c51
31,full,target-b,fixture-bank-15,fixture-base-15,e23949edbfe2dbe6dc73b97687bd3eed5fbc5d7bd72ecd8b2badea6dfbfe472e,234b78d61b49dc10d04ca8d24378f3b96eae7ef419b9bbe2bb61b3933c753b5d,0,0,target-b:fixture-bank-15:p0006,-0.0849347785115242,-0.17351308465003967,0.34674763679504395,0.5189791321754456,-1.7150497436523438,-0.32894736842105265,1.671052631578947,1.8606355971876143,False,0.23393574297188752,low,csi-pairs-v6-software-fixture,ded1ec639ff3e6fd5eba769d42db1ed36222a48af333a30a670254b30b164b74,620f300cbec1f56da4691882bc7dbe52593dc597fc62f6ae925c0f6ac72f1c6b,True,FORBIDDEN,0901433cbfe906073eae45118a1466e03afab04a766a3061a988ffe089ba4e01,9548a24a4faf5db17b5251df407b4402de033ae8648ec321c850fe6105002cf1,8128818d8ea8f5c3517d04da28955f010269df61e756429957a0a032386f6c51
31,full,target-b,fixture-bank-15,fixture-base-15,e23949edbfe2dbe6dc73b97687bd3eed5fbc5d7bd72ecd8b2badea6dfbfe472e,234b78d61b49dc10d04ca8d24378f3b96eae7ef419b9bbe2bb61b3933c753b5d,0,0,target-b:fixture-bank-15:p0007,-0.08176500350236893,-0.17566919326782227,0.3476948142051697,0.5178285837173462,-1.7145411968231201,2.671052631578947,-0.32894736842105265,2.7570816329940238,True,0.23393574297188752,low,csi-pairs-v6-software-fixture,ded1ec639ff3e6fd5eba769d42db1ed36222a48af333a30a670254b30b164b74,620f300cbec1f56da4691882bc7dbe52593dc597fc62f6ae925c0f6ac72f1c6b,True,FORBIDDEN,0901433cbfe906073eae45118a1466e03afab04a766a3061a988ffe089ba4e01,9548a24a4faf5db17b5251df407b4402de033ae8648ec321c850fe6105002cf1,8128818d8ea8f5c3517d04da28955f010269df61e756429957a0a032386f6c51
31,full,target-b,fixture-bank-17,fixture-base-17,86a59d2849e34c3a9889d58bb3b67b946ca9eb639083798f219989137e7f4536,b8fec4fd063826ac29c6cc8d291ad3a1a89347817c28241565eb44269fa8c24d,0,0,target-b:fixture-bank-17:p0004,-0.08148186653852463,-0.19146037101745605,0.33783918619155884,0.5120123028755188,-1.754591941833496,-2.276315789473684,-0.27631578947368407,2.1964736263630216,True,0.24519700423314877,low,csi-pairs-v6-software-fixture,ded1ec639ff3e6fd5eba769d42db1ed36222a48af333a30a670254b30b164b74,620f300cbec1f56da4691882bc7dbe52593dc597fc62f6ae925c0f6ac72f1c6b,True,FORBIDDEN,0901433cbfe906073eae45118a1466e03afab04a766a3061a988ffe089ba4e01,9548a24a4faf5db17b5251df407b4402de033ae8648ec321c850fe6105002cf1,8128818d8ea8f5c3517d04da28955f010269df61e756429957a0a032386f6c51
31,full,target-b,fixture-bank-17,fixture-base-17,86a59d2849e34c3a9889d58bb3b67b946ca9eb639083798f219989137e7f4536,b8fec4fd063826ac29c6cc8d291ad3a1a89347817c28241565eb44269fa8c24d,0,0,target-b:fixture-bank-17:p0005,-0.08361268043518066,-0.17628641426563263,0.34635093808174133,0.5178852677345276,-1.7183042764663696,1.723684210526316,-2.276315789473684,2.770639895189523,True,0.24519700423314877,low,csi-pairs-v6-software-fixture,ded1ec639ff3e6fd5eba769d42db1ed36222a48af333a30a670254b30b164b74,620f300cbec1f56da4691882bc7dbe52593dc597fc62f6ae925c0f6ac72f1c6b,True,FORBIDDEN,0901433cbfe906073eae45118a1466e03afab04a766a3061a988ffe089ba4e01,9548a24a4faf5db17b5251df407b4402de033ae8648ec321c850fe6105002cf1,8128818d8ea8f5c3517d04da28955f010269df61e756429957a0a032386f6c51
31,full,target-b,fixture-bank-17,fixture-base-17,86a59d2849e34c3a9889d58bb3b67b946ca9eb639083798f219989137e7f4536,b8fec4fd063826ac29c6cc8d291ad3a1a89347817c28241565eb44269fa8c24d,0,0,target-b:fixture-bank-17:p0006,-0.08785819262266159,-0.1748369187116623,0.343051940202713,0.5122417211532593,-1.7388321161270142,1.723684210526316,-0.27631578947368407,1.8143824954010959,False,0.24519700423314877,low,csi-pairs-v6-software-fixture,ded1ec639ff3e6fd5eba769d42db1ed36222a48af333a30a670254b30b164b74,620f300cbec1f56da4691882bc7dbe52593dc597fc62f6ae925c0f6ac72f1c6b,True,FORBIDDEN,0901433cbfe906073eae45118a1466e03afab04a766a3061a988ffe089ba4e01,9548a24a4faf5db17b5251df407b4402de033ae8648ec321c850fe6105002cf1,8128818d8ea8f5c3517d04da28955f010269df61e756429957a0a032386f6c51
31,full,target-b,fixture-bank-17,fixture-base-17,86a59d2849e34c3a9889d58bb3b67b946ca9eb639083798f219989137e7f4536,b8fec4fd063826ac29c6cc8d291ad3a1a89347817c28241565eb44269fa8c24d,0,0,target-b:fixture-bank-17:p0007,-0.08591940253973007,-0.17759563028812408,0.34348076581954956,0.5132415294647217,-1.7356328964233398,-1.276315789473684,2.723684210526316,3.135995579196768,True,0.24519700423314877,low,csi-pairs-v6-software-fixture,ded1ec639ff3e6fd5eba769d42db1ed36222a48af333a30a670254b30b164b74,620f300cbec1f56da4691882bc7dbe52593dc597fc62f6ae925c0f6ac72f1c6b,True,FORBIDDEN,0901433cbfe906073eae45118a1466e03afab04a766a3061a988ffe089ba4e01,9548a24a4faf5db17b5251df407b4402de033ae8648ec321c850fe6105002cf1,8128818d8ea8f5c3517d04da28955f010269df61e756429957a0a032386f6c51
31,full,target-b,fixture-bank-15,fixture-base-15,e23949edbfe2dbe6dc73b97687bd3eed5fbc5d7bd72ecd8b2badea6dfbfe472e,234b78d61b49dc10d04ca8d24378f3b96eae7ef419b9bbe2bb61b3933c753b5d,2,0,target-b:fixture-bank-15:p0004,-0.1055484339594841,-0.20257750153541565,0.35603561997413635,0.5241650938987732,-1.6786730289459229,-2.3289473684210527,-0.32894736842105265,2.2269872395282224,True,0.23393574297188752,low,csi-pairs-v6-software-fixture,ded1ec639ff3e6fd5eba769d42db1ed36222a48af333a30a670254b30b164b74,620f300cbec1f56da4691882bc7dbe52593dc597fc62f6ae925c0f6ac72f1c6b,True,FORBIDDEN,0901433cbfe906073eae45118a1466e03afab04a766a3061a988ffe089ba4e01,9548a24a4faf5db17b5251df407b4402de033ae8648ec321c850fe6105002cf1,8128818d8ea8f5c3517d04da28955f010269df61e756429957a0a032386f6c51
31,full,target-b,fixture-bank-15,fixture-base-15,e23949edbfe2dbe6dc73b97687bd3eed5fbc5d7bd72ecd8b2badea6dfbfe472e,234b78d61b49dc10d04ca8d24378f3b96eae7ef419b9bbe2bb61b3933c753b5d,2,0,target-b:fixture-bank-15:p0005,-0.10621298849582672,-0.19057579338550568,0.35613277554512024,0.520484983921051,-1.685445785522461,1.671052631578947,-2.3289473684210527,2.780522626633305,True,0.23393574297188752,low,csi-pairs-v6-software-fixture,ded1ec639ff3e6fd5eba769d42db1ed36222a48af333a30a670254b30b164b74,620f300cbec1f56da4691882bc7dbe52593dc597fc62f6ae925c0f6ac72f1c6b,True,FORBIDDEN,0901433cbfe906073eae45118a1466e03afab04a766a3061a988ffe089ba4e01,9548a24a4faf5db17b5251df407b4402de033ae8648ec321c850fe6105002cf1,8128818d8ea8f5c3517d04da28955f010269df61e756429957a0a032386f6c51
31,full,target-b,fixture-bank-15,fixture-base-15,e23949edbfe2dbe6dc73b97687bd3eed5fbc5d7bd72ecd8b2badea6dfbfe472e,234b78d61b49dc10d04ca8d24378f3b96eae7ef419b9bbe2bb61b3933c753b5d,2,0,target-b:fixture-bank-15:p0006,-0.10806579887866974,-0.18547654151916504,0.36046043038368225,0.5236050486564636,-1.6673907041549683,-0.32894736842105265,1.671052631578947,1.8696227529445255,False,0.23393574297188752,low,csi-pairs-v6-software-fixture,ded1ec639ff3e6fd5eba769d42db1ed36222a48af333a30a670254b30b164b74,620f300cbec1f56da4691882bc7dbe52593dc597fc62f6ae925c0f6ac72f1c6b,True,FORBIDDEN,0901433cbfe906073eae45118a1466e03afab04a766a3061a988ffe089ba4e01,9548a24a4faf5db17b5251df407b4402de033ae8648ec321c850fe6105002cf1,8128818d8ea8f5c3517d04da28955f010269df61e756429957a0a032386f6c51
31,full,target-b,fixture-bank-15,fixture-base-15,e23949edbfe2dbe6dc73b97687bd3eed5fbc5d7bd72ecd8b2badea6dfbfe472e,234b78d61b49dc10d04ca8d24378f3b96eae7ef419b9bbe2bb61b3933c753b5d,2,0,target-b:fixture-bank-15:p0007,-0.10586076229810715,-0.1879209280014038,0.3615405559539795,0.522305965423584,-1.6668827533721924,2.671052631578947,-0.32894736842105265,2.7804921244253173,True,0.23393574297188752,low,csi-pairs-v6-software-fixture,ded1ec639ff3e6fd5eba769d42db1ed36222a48af333a30a670254b30b164b74,620f300cbec1f56da4691882bc7dbe52593dc597fc62f6ae925c0f6ac72f1c6b,True,FORBIDDEN,0901433cbfe906073eae45118a1466e03afab04a766a3061a988ffe089ba4e01,9548a24a4faf5db17b5251df407b4402de033ae8648ec321c850fe6105002cf1,8128818d8ea8f5c3517d04da28955f010269df61e756429957a0a032386f6c51
31,full,target-b,fixture-bank-17,fixture-base-17,86a59d2849e34c3a9889d58bb3b67b946ca9eb639083798f219989137e7f4536,b8fec4fd063826ac29c6cc8d291ad3a1a89347817c28241565eb44269fa8c24d,2,0,target-b:fixture-bank-17:p0004,-0.10474082082509995,-0.1967034786939621,0.34986743330955505,0.518634557723999,-1.7067567110061646,-2.276315789473684,-0.27631578947368407,2.1730338157720386,True,0.24519700423314877,low,csi-pairs-v6-software-fixture,ded1ec639ff3e6fd5eba769d42db1ed36222a48af333a30a670254b30b164b74,620f300cbec1f56da4691882bc7dbe52593dc597fc62f6ae925c0f6ac72f1c6b,True,FORBIDDEN,0901433cbfe906073eae45118a1466e03afab04a766a3061a988ffe089ba4e01,9548a24a4faf5db17b5251df407b4402de033ae8648ec321c850fe6105002cf1,8128818d8ea8f5c3517d04da28955f010269df61e756429957a0a032386f6c51
31,full,target-b,fixture-bank-17,fixture-base-17,86a59d2849e34c3a9889d58bb3b67b946ca9eb639083798f219989137e7f4536,b8fec4fd063826ac29c6cc8d291ad3a1a89347817c28241565eb44269fa8c24d,2,0,target-b:fixture-bank-17:p0005,-0.1072845458984375,-0.18734729290008545,0.35991427302360535,0.5227422714233398,-1.6705561876296997,1.723684210526316,-2.276315789473684,2.777811362688361,True,0.24519700423314877,low,csi-pairs-v6-software-fixture,ded1ec639ff3e6fd5eba769d42db1ed36222a48af333a30a670254b30b164b74,620f300cbec1f56da4691882bc7dbe52593dc597fc62f6ae925c0f6ac72f1c6b,True,FORBIDDEN,0901433cbfe906073eae45118a1466e03afab04a766a3061a988ffe089ba4e01,9548a24a4faf5db17b5251df407b4402de033ae8648ec321c850fe6105002cf1,8128818d8ea8f5c3517d04da28955f010269df61e756429957a0a032386f6c51
31,full,target-b,fixture-bank-17,fixture-base-17,86a59d2849e34c3a9889d58bb3b67b946ca9eb639083798f219989137e7f4536,b8fec4fd063826ac29c6cc8d291ad3a1a89347817c28241565eb44269fa8c24d,2,0,target-b:fixture-bank-17:p0006,-0.10965780913829803,-0.18218420445919037,0.3552057147026062,0.5182583332061768,-1.6923396587371826,1.723684210526316,-0.27631578947368407,1.835756987284882,False,0.24519700423314877,low,csi-pairs-v6-software-fixture,ded1ec639ff3e6fd5eba769d42db1ed36222a48af333a30a670254b30b164b74,620f300cbec1f56da4691882bc7dbe52593dc597fc62f6ae925c0f6ac72f1c6b,True,FORBIDDEN,0901433cbfe906073eae45118a1466e03afab04a766a3061a988ffe089ba4e01,9548a24a4faf5db17b5251df407b4402de033ae8648ec321c850fe6105002cf1,8128818d8ea8f5c3517d04da28955f010269df61e756429957a0a032386f6c51
31,full,target-b,fixture-bank-17,fixture-base-17,86a59d2849e34c3a9889d58bb3b67b946ca9eb639083798f219989137e7f4536,b8fec4fd063826ac29c6cc8d291ad3a1a89347817c28241565eb44269fa8c24d,2,0,target-b:fixture-bank-17:p0007,-0.10846838355064392,-0.1855076253414154,0.35583341121673584,0.5190841555595398,-1.6889818906784058,-1.276315789473684,2.723684210526316,3.134846838587275,True,0.24519700423314877,low,csi-pairs-v6-software-fixture,ded1ec639ff3e6fd5eba769d42db1ed36222a48af333a30a670254b30b164b74,620f300cbec1f56da4691882bc7dbe52593dc597fc62f6ae925c0f6ac72f1c6b,True,FORBIDDEN,0901433cbfe906073eae45118a1466e03afab04a766a3061a988ffe089ba4e01,9548a24a4faf5db17b5251df407b4402de033ae8648ec321c850fe6105002cf1,8128818d8ea8f5c3517d04da28955f010269df61e756429957a0a032386f6c51
31,full,target-b,fixture-bank-15,fixture-base-15,e23949edbfe2dbe6dc73b97687bd3eed5fbc5d7bd72ecd8b2badea6dfbfe472e,234b78d61b49dc10d04ca8d24378f3b96eae7ef419b9bbe2bb61b3933c753b5d,4,0,target-b:fixture-bank-15:p0004,-0.10176324844360352,-0.2089143991470337,0.35352325439453125,0.5230534672737122,-1.6878776550292969,-2.3289473684210527,-0.32894736842105265,2.230416332883272,True,0.23393574297188752,low,csi-pairs-v6-software-fixture,ded1ec639ff3e6fd5eba769d42db1ed36222a48af333a30a670254b30b164b74,620f300cbec1f56da4691882bc7dbe52593dc597fc62f6ae925c0f6ac72f1c6b,True,FORBIDDEN,0901433cbfe906073eae45118a1466e03afab04a766a3061a988ffe089ba4e01,9548a24a4faf5db17b5251df407b4402de033ae8648ec321c850fe6105002cf1,8128818d8ea8f5c3517d04da28955f010269df61e756429957a0a032386f6c51
31,full,target-b,fixture-bank-15,fixture-base-15,e23949edbfe2dbe6dc73b97687bd3eed5fbc5d7bd72ecd8b2badea6dfbfe472e,234b78d61b49dc10d04ca8d24378f3b96eae7ef419b9bbe2bb61b3933c753b5d,4,0,target-b:fixture-bank-15:p0005,-0.10375116765499115,-0.19821637868881226,0.354954332113266,0.5196727514266968,-1.6903221607208252,1.671052631578947,-2.3289473684210527,2.773074661162327,True,0.23393574297188752,low,csi-pairs-v6-software-fixture,ded1ec639ff3e6fd5eba769d42db1ed36222a48af333a30a670254b30b164b74,620f300cbec1f56da4691882bc7dbe52593dc597fc62f6ae925c0f6ac72f1c6b,True,FORBIDDEN,0901433cbfe906073eae45118a1466e03afab04a766a3061a988ffe089ba4e01,9548a24a4faf5db17b5251df407b4402de033ae8648ec321c850fe6105002cf1,8128818d8ea8f5c3517d04da28955f010269df61e756429957a0a032386f6c51
31,full,target-b,fixture-bank-15,fixture-base-15,e23949edbfe2dbe6dc73b97687bd3eed5fbc5d7bd72ecd8b2badea6dfbfe472e,234b78d61b49dc10d04ca8d24378f3b96eae7ef419b9bbe2bb61b3933c753b5d,4,0,target-b:fixture-bank-15:p0006,-0.1063557043671608,-0.19238951802253723,0.35960039496421814,0.5234916806221008,-1.6699960231781006,-0.32894736842105265,1.671052631578947,1.8766895571238416,False,0.23393574297188752,low,csi-pairs-v6-software-fixture,ded1ec639ff3e6fd5eba769d42db1ed36222a48af333a30a670254b30b164b74,620f300cbec1f56da4691882bc7dbe52593dc597fc62f6ae925c0f6ac72f1c6b,True,FORBIDDEN,0901433cbfe906073eae45118a1466e03afab04a766a3061a988ffe089ba4e01,9548a24a4faf5db17b5251df407b4402de033ae8648ec321c850fe6105002cf1,8128818d8ea8f5c3517d04da28955f010269df61e756429957a0a032386f6c51
31,full,target-b,fixture-bank-15,fixture-base-15,e23949edbfe2dbe6dc73b97687bd3eed5fbc5d7bd72ecd8b2badea6dfbfe472e,234b78d61b49dc10d04ca8d24378f3b96eae7ef419b9bbe2bb61b3933c753b5d,4,0,target-b:fixture-bank-15:p0007,-0.1039702370762825,-0.19452498853206635,0.36063072085380554,0.5219421982765198,-1.6700992584228516,2.671052631578947,-0.32894736842105265,2.7782766776861005,True,0.23393574297188752,low,csi-pairs-v6-software-fixture,ded1ec639ff3e6fd5eba769d42db1ed36222a48af333a30a670254b30b164b74,620f300cbec1f56da4691882bc7dbe52593dc597fc62f6ae925c0f6ac72f1c6b,True,FORBIDDEN,0901433cbfe906073eae45118a1466e03afab04a766a3061a988ffe089ba4e01,9548a24a4faf5db17b5251df407b4402de033ae8648ec321c850fe6105002cf1,8128818d8ea8f5c3517d04da28955f010269df61e756429957a0a032386f6c51
31,full,target-b,fixture-bank-17,fixture-base-17,86a59d2849e34c3a9889d58bb3b67b946ca9eb639083798f219989137e7f4536,b8fec4fd063826ac29c6cc8d291ad3a1a89347817c28241565eb44269fa8c24d,4,0,target-b:fixture-bank-17:p0004,-0.10138925909996033,-0.2051924467086792,0.3479131758213043,0.517254650592804,-1.715022325515747,-2.276315789473684,-0.27631578947368407,2.1760891393528787,True,0.24519700423314877,low,csi-pairs-v6-software-fixture,ded1ec639ff3e6fd5eba769d42db1ed36222a48af333a30a670254b30b164b74,620f300cbec1f56da4691882bc7dbe52593dc597fc62f6ae925c0f6ac72f1c6b,True,FORBIDDEN,0901433cbfe906073eae45118a1466e03afab04a766a3061a988ffe089ba4e01,9548a24a4faf5db17b5251df407b4402de033ae8648ec321c850fe6105002cf1,8128818d8ea8f5c3517d04da28955f010269df61e756429957a0a032386f6c51
31,full,target-b,fixture-bank-17,fixture-base-17,86a59d2849e34c3a9889d58bb3b67b946ca9eb639083798f219989137e7f4536,b8fec4fd063826ac29c6cc8d291ad3a1a89347817c28241565eb44269fa8c24d,4,0,target-b:fixture-bank-17:p0005,-0.10514040291309357,-0.19447728991508484,0.35886260867118835,0.5223046541213989,-1.6743199825286865,1.723684210526316,-2.276315789473684,2.7710378930946082,True,0.24519700423314877,low,csi-pairs-v6-software-fixture,ded1ec639ff3e6fd5eba769d42db1ed36222a48af333a30a670254b30b164b74,620f300cbec1f56da4691882bc7dbe52593dc597fc62f6ae925c0f6ac72f1c6b,True,FORBIDDEN,0901433cbfe906073eae45118a1466e03afab04a766a3061a988ffe089ba4e01,9548a24a4faf5db17b5251df407b4402de033ae8648ec321c850fe6105002cf1,8128818d8ea8f5c3517d04da28955f010269df61e756429957a0a032386f6c51
31,full,target-b,fixture-bank-17,fixture-base-17,86a59d2849e34c3a9889d58bb3b67b946ca9eb639083798f219989137e7f4536,b8fec4fd063826ac29c6cc8d291ad3a1a89347817c28241565eb44269fa8c24d,4,0,target-b:fixture-bank-17:p0006,-0.10824045538902283,-0.19134485721588135,0.3549748361110687,0.5178428292274475,-1.6937918663024902,1.723684210526316,-0.27631578947368407,1.8338942283888091,False,0.24519700423314877,low,csi-pairs-v6-software-fixture,ded1ec639ff3e6fd5eba769d42db1ed36222a48af333a30a670254b30b164b74,620f300cbec1f56da4691882bc7dbe52593dc597fc62f6ae925c0f6ac72f1c6b,True,FORBIDDEN,0901433cbfe906073eae45118a1466e03afab04a766a3061a988ffe089ba4e01,9548a24a4faf5db17b5251df407b4402de033ae8648ec321c850fe6105002cf1,8128818d8ea8f5c3517d04da28955f010269df61e756429957a0a032386f6c51
31,full,target-b,fixture-bank-17,fixture-base-17,86a59d2849e34c3a9889d58bb3b67b946ca9eb639083798f219989137e7f4536,b8fec4fd063826ac29c6cc8d291ad3a1a89347817c28241565eb44269fa8c24d,4,0,target-b:fixture-bank-17:p0007,-0.1066683679819107,-0.1940651834011078,0.3553396463394165,0.5184551477432251,-1.6915829181671143,-1.276315789473684,2.723684210526316,3.143459339066787,True,0.24519700423314877,low,csi-pairs-v6-software-fixture,ded1ec639ff3e6fd5eba769d42db1ed36222a48af333a30a670254b30b164b74,620f300cbec1f56da4691882bc7dbe52593dc597fc62f6ae925c0f6ac72f1c6b,True,FORBIDDEN,0901433cbfe906073eae45118a1466e03afab04a766a3061a988ffe089ba4e01,9548a24a4faf5db17b5251df407b4402de033ae8648ec321c850fe6105002cf1,8128818d8ea8f5c3517d04da28955f010269df61e756429957a0a032386f6c51
31,full,target-b,fixture-bank-15,fixture-base-15,e23949edbfe2dbe6dc73b97687bd3eed5fbc5d7bd72ecd8b2badea6dfbfe472e,234b78d61b49dc10d04ca8d24378f3b96eae7ef419b9bbe2bb61b3933c753b5d,2,1,target-b:fixture-bank-15:p0004,-0.09794798493385315,-0.20872005820274353,0.35275837779045105,0.5247663855552673,-1.6867740154266357,-2.3289473684210527,-0.32894736842105265,2.234236526252893,True,0.23393574297188752,low,csi-pairs-v6-software-fixture,ded1ec639ff3e6fd5eba769d42db1ed36222a48af333a30a670254b30b164b74,620f300cbec1f56da4691882bc7dbe52593dc597fc62f6ae925c0f6ac72f1c6b,True,FORBIDDEN,0901433cbfe906073eae45118a1466e03afab04a766a3061a988ffe089ba4e01,9548a24a4faf5db17b5251df407b4402de033ae8648ec321c850fe6105002cf1,8128818d8ea8f5c3517d04da28955f010269df61e756429957a0a032386f6c51
31,full,target-b,fixture-bank-15,fixture-base-15,e23949edbfe2dbe6dc73b97687bd3eed5fbc5d7bd72ecd8b2badea6dfbfe472e,234b78d61b49dc10d04ca8d24378f3b96eae7ef419b9bbe2bb61b3933c753b5d,2,1,target-b:fixture-bank-15:p0005,-0.10157165676355362,-0.1988612413406372,0.3548479378223419,0.5206578969955444,-1.6887280941009521,1.671052631578947,-2.3289473684210527,2.771184543909373,True,0.23393574297188752,low,csi-pairs-v6-software-fixture,ded1ec639ff3e6fd5eba769d42db1ed36222a48af333a30a670254b30b164b74,620f300cbec1f56da4691882bc7dbe52593dc597fc62f6ae925c0f6ac72f1c6b,True,FORBIDDEN,0901433cbfe906073eae45118a1466e03afab04a766a3061a988ffe089ba4e01,9548a24a4faf5db17b5251df407b4402de033ae8648ec321c850fe6105002cf1,8128818d8ea8f5c3517d04da28955f010269df61e756429957a0a032386f6c51
31,full,target-b,fixture-bank-15,fixture-base-15,e23949edbfe2dbe6dc73b97687bd3eed5fbc5d7bd72ecd8b2badea6dfbfe472e,234b78d61b49dc10d04ca8d24378f3b96eae7ef419b9bbe2bb61b3933c753b5d,2,1,target-b:fixture-bank-15:p0006,-0.10380329191684723,-0.19071903824806213,0.35859906673431396,0.5248304009437561,-1.670230507850647,-0.32894736842105265,1.671052631578947,1.8753355981678002,False,0.23393574297188752,low,csi-pairs-v6-software-fixture,ded1ec639ff3e6fd5eba769d42db1ed36222a48af333a30a670254b30b164b74,620f300cbec1f56da4691882bc7dbe52593dc597fc62f6ae925c0f6ac72f1c6b,True,FORBIDDEN,0901433cbfe906073eae45118a1466e03afab04a766a3061a988ffe089ba4e01,9548a24a4faf5db17b5251df407b4402de033ae8648ec321c850fe6105002cf1,8128818d8ea8f5c3517d04da28955f010269df61e756429957a0a032386f6c51
31,full,target-b,fixture-bank-15,fixture-base-15,e23949edbfe2dbe6dc73b97687bd3eed5fbc5d7bd72ecd8b2badea6dfbfe472e,234b78d61b49dc10d04ca8d24378f3b96eae7ef419b9bbe2bb61b3933c753b5d,2,1,target-b:fixture-bank-15:p0007,-0.10142301768064499,-0.19321496784687042,0.3598458468914032,0.5232250094413757,-1.6698232889175415,2.671052631578947,-0.32894736842105265,2.775796193942024,True,0.23393574297188752,low,csi-pairs-v6-software-fixture,ded1ec639ff3e6fd5eba769d42db1ed36222a48af333a30a670254b30b164b74,620f300cbec1f56da4691882bc7dbe52593dc597fc62f6ae925c0f6ac72f1c6b,True,FORBIDDEN,0901433cbfe906073eae45118a1466e03afab04a766a3061a988ffe089ba4e01,9548a24a4faf5db17b5251df407b4402de033ae8648ec321c850fe6105002cf1,8128818d8ea8f5c3517d04da28955f010269df61e756429957a0a032386f6c51
31,full,target-b,fixture-bank-17,fixture-base-17,86a59d2849e34c3a9889d58bb3b67b946ca9eb639083798f219989137e7f4536,b8fec4fd063826ac29c6cc8d291ad3a1a89347817c28241565eb44269fa8c24d,2,1,target-b:fixture-bank-17:p0004,-0.09895972907543182,-0.20758448541164398,0.3483404219150543,0.5182079672813416,-1.7119536399841309,-2.276315789473684,-0.27631578947368407,2.178440590402012,True,0.24519700423314877,low,csi-pairs-v6-software-fixture,ded1ec639ff3e6fd5eba769d42db1ed36222a48af333a30a670254b30b164b74,620f300cbec1f56da4691882bc7dbe52593dc597fc62f6ae925c0f6ac72f1c6b,True,FORBIDDEN,0901433cbfe906073eae45118a1466e03afab04a766a3061a988ffe089ba4e01,9548a24a4faf5db17b5251df407b4402de033ae8648ec321c850fe6105002cf1,8128818d8ea8f5c3517d04da28955f010269df61e756429957a0a032386f6c51
31,full,target-b,fixture-bank-17,fixture-base-17,86a59d2849e34c3a9889d58bb3b67b946ca9eb639083798f219989137e7f4536,b8fec4fd063826ac29c6cc8d291ad3a1a89347817c28241565eb44269fa8c24d,2,1,target-b:fixture-bank-17:p0005,-0.10248805582523346,-0.19338558614253998,0.3581082224845886,0.5236284136772156,-1.6738929748535156,1.723684210526316,-2.276315789473684,2.770108910916803,True,0.24519700423314877,low,csi-pairs-v6-software-fixture,ded1ec639ff3e6fd5eba769d42db1ed36222a48af333a30a670254b30b164b74,620f300cbec1f56da4691882bc7dbe52593dc597fc62f6ae925c0f6ac72f1c6b,True,FORBIDDEN,0901433cbfe906073eae45118a1466e03afab04a766a3061a988ffe089ba4e01,9548a24a4faf5db17b5251df407b4402de033ae8648ec321c850fe6105002cf1,8128818d8ea8f5c3517d04da28955f010269df61e756429957a0a032386f6c51
31,full,target-b,fixture-bank-17,fixture-base-17,86a59d2849e34c3a9889d58bb3b67b946ca9eb639083798f219989137e7f4536,b8fec4fd063826ac29c6cc8d291ad3a1a89347817c28241565eb44269fa8c24d,2,1,target-b:fixture-bank-17:p0006,-0.10713976621627808,-0.19232752919197083,0.3552010953426361,0.5183714628219604,-1.6921343803405762,1.723684210526316,-0.27631578947368407,1.8327494268668358,False,0.24519700423314877,low,csi-pairs-v6-software-fixture,ded1ec639ff3e6fd5eba769d42db1ed36222a48af333a30a670254b30b164b74,620f300cbec1f56da4691882bc7dbe52593dc597fc62f6ae925c0f6ac72f1c6b,True,FORBIDDEN,0901433cbfe906073eae45118a1466e03afab04a766a3061a988ffe089ba4e01,9548a24a4faf5db17b5251df407b4402de033ae8648ec321c850fe6105002cf1,8128818d8ea8f5c3517d04da28955f010269df61e756429957a0a032386f6c51
31,full,target-b,fixture-bank-17,fixture-base-17,86a59d2849e34c3a9889d58bb3b67b946ca9eb639083798f219989137e7f4536,b8fec4fd063826ac29c6cc8d291ad3a1a89347817c28241565eb44269fa8c24d,2,1,target-b:fixture-bank-17:p0007,-0.1052716076374054,-0.19495262205600739,0.35550937056541443,0.5190975069999695,-1.6898672580718994,-1.276315789473684,2.723684210526316,3.144802924877611,True,0.24519700423314877,low,csi-pairs-v6-software-fixture,ded1ec639ff3e6fd5eba769d42db1ed36222a48af333a30a670254b30b164b74,620f300cbec1f56da4691882bc7dbe52593dc597fc62f6ae925c0f6ac72f1c6b,True,FORBIDDEN,0901433cbfe906073eae45118a1466e03afab04a766a3061a988ffe089ba4e01,9548a24a4faf5db17b5251df407b4402de033ae8648ec321c850fe6105002cf1,8128818d8ea8f5c3517d04da28955f010269df61e756429957a0a032386f6c51
31,full,target-b,fixture-bank-15,fixture-base-15,e23949edbfe2dbe6dc73b97687bd3eed5fbc5d7bd72ecd8b2badea6dfbfe472e,234b78d61b49dc10d04ca8d24378f3b96eae7ef419b9bbe2bb61b3933c753b5d,4,1,target-b:fixture-bank-15:p0004,-0.10177174210548401,-0.21311154961585999,0.35706111788749695,0.5211745500564575,-1.6815185546875,-2.3289473684210527,-0.32894736842105265,2.2301859131858075,True,0.23393574297188752,low,csi-pairs-v6-software-fixture,ded1ec639ff3e6fd5eba769d42db1ed36222a48af333a30a670254b30b164b74,620f300cbec1f56da4691882bc7dbe52593dc597fc62f6ae925c0f6ac72f1c6b,True,FORBIDDEN,0901433cbfe906073eae45118a1466e03afab04a766a3061a988ffe089ba4e01,9548a24a4faf5db17b5251df407b4402de033ae8648ec321c850fe6105002cf1,8128818d8ea8f5c3517d04da28955f010269df61e756429957a0a032386f6c51
31,full,target-b,fixture-bank-15,fixture-base-15,e23949edbfe2dbe6dc73b97687bd3eed5fbc5d7bd72ecd8b2badea6dfbfe472e,234b78d61b49dc10d04ca8d24378f3b96eae7ef419b9bbe2bb61b3933c753b5d,4,1,target-b:fixture-bank-15:p0005,-0.1034511849284172,-0.20168258249759674,0.35767805576324463,0.5177934765815735,-1.6863007545471191,1.671052631578947,-2.3289473684210527,2.7702200750534547,True,0.23393574297188752,low,csi-pairs-v6-software-fixture,ded1ec639ff3e6fd5eba769d42db1ed36222a48af333a30a670254b30b164b74,620f300cbec1f56da4691882bc7dbe52593dc597fc62f6ae925c0f6ac72f1c6b,True,FORBIDDEN,0901433cbfe906073eae45118a1466e03afab04a766a3061a988ffe089ba4e01,9548a24a4faf5db17b5251df407b4402de033ae8648ec321c850fe6105002cf1,8128818d8ea8f5c3517d04da28955f010269df61e756429957a0a032386f6c51
31,full,target-b,fixture-bank-15,fixture-base-15,e23949edbfe2dbe6dc73b97687bd3eed5fbc5d7bd72ecd8b2badea6dfbfe472e,234b78d61b49dc10d04ca8d24378f3b96eae7ef419b9bbe2bb61b3933c753b5d,4,1,target-b:fixture-bank-15:p0006,-0.10555627942085266,-0.19353169202804565,0.36060574650764465,0.5222048163414001,-1.6696654558181763,-0.32894736842105265,1.671052631578947,1.877918602731663,False,0.23393574297188752,low,csi-pairs-v6-software-fixture,ded1ec639ff3e6fd5eba769d42db1ed36222a48af333a30a670254b30b164b74,620f300cbec1f56da4691882bc7dbe52593dc597fc62f6ae925c0f6ac72f1c6b,True,FORBIDDEN,0901433cbfe906073eae45118a1466e03afab04a766a3061a988ffe089ba4e01,9548a24a4faf5db17b5251df407b4402de033ae8648ec321c850fe6105002cf1,8128818d8ea8f5c3517d04da28955f010269df61e756429957a0a032386f6c51
31,full,target-b,fixture-bank-15,fixture-base-15,e23949edbfe2dbe6dc73b97687bd3eed5fbc5d7bd72ecd8b2badea6dfbfe472e,234b78d61b49dc10d04ca8d24378f3b96eae7ef419b9bbe2bb61b3933c753b5d,4,1,target-b:fixture-bank-15:p0007,-0.1030329167842865,-0.19608040153980255,0.3619406819343567,0.5204215049743652,-1.66939115524292,2.671052631578947,-0.32894736842105265,2.777265608566448,True,0.23393574297188752,low,csi-pairs-v6-software-fixture,ded1ec639ff3e6fd5eba769d42db1ed36222a48af333a30a670254b30b164b74,620f300cbec1f56da4691882bc7dbe52593dc597fc62f6ae925c0f6ac72f1c6b,True,FORBIDDEN,0901433cbfe906073eae45118a1466e03afab04a766a3061a988ffe089ba4e01,9548a24a4faf5db17b5251df407b4402de033ae8648ec321c850fe6105002cf1,8128818d8ea8f5c3517d04da28955f010269df61e756429957a0a032386f6c51
31,full,target-b,fixture-bank-17,fixture-base-17,86a59d2849e34c3a9889d58bb3b67b946ca9eb639083798f219989137e7f4536,b8fec4fd063826ac29c6cc8d291ad3a1a89347817c28241565eb44269fa8c24d,4,1,target-b:fixture-bank-17:p0004,-0.10197052359580994,-0.21111652255058289,0.35239750146865845,0.5149648189544678,-1.7066521644592285,-2.276315789473684,-0.27631578947368407,2.1753225691039093,True,0.24519700423314877,low,csi-pairs-v6-software-fixture,ded1ec639ff3e6fd5eba769d42db1ed36222a48af333a30a670254b30b164b74,620f300cbec1f56da4691882bc7dbe52593dc597fc62f6ae925c0f6ac72f1c6b,True,FORBIDDEN,0901433cbfe906073eae45118a1466e03afab04a766a3061a988ffe089ba4e01,9548a24a4faf5db17b5251df407b4402de033ae8648ec321c850fe6105002cf1,8128818d8ea8f5c3517d04da28955f010269df61e756429957a0a032386f6c51
31,full,target-b,fixture-bank-17,fixture-base-17,86a59d2849e34c3a9889d58bb3b67b946ca9eb639083798f219989137e7f4536,b8fec4fd063826ac29c6cc8d291ad3a1a89347817c28241565eb44269fa8c24d,4,1,target-b:fixture-bank-17:p0005,-0.10445932298898697,-0.19636666774749756,0.3604891300201416,0.5207937955856323,-1.6726945638656616,1.723684210526316,-2.276315789473684,2.769169032056973,True,0.24519700423314877,low,csi-pairs-v6-software-fixture,ded1ec639ff3e6fd5eba769d42db1ed36222a48af333a30a670254b30b164b74,620f300cbec1f56da4691882bc7dbe52593dc597fc62f6ae925c0f6ac72f1c6b,True,FORBIDDEN,0901433cbfe906073eae45118a1466e03afab04a766a3061a988ffe089ba4e01,9548a24a4faf5db17b5251df407b4402de033ae8648ec321c850fe6105002cf1,8128818d8ea8f5c3517d04da28955f010269df61e756429957a0a032386f6c51
31,full,target-b,fixture-bank-17,fixture-base-17,86a59d2849e34c3a9889d58bb3b67b946ca9eb639083798f219989137e7f4536,b8fec4fd063826ac29c6cc8d291ad3a1a89347817c28241565eb44269fa8c24d,4,1,target-b:fixture-bank-17:p0006,-0.10789413005113602,-0.194245845079422,0.3570668399333954,0.5161333084106445,-1.6912224292755127,1.723684210526316,-0.27631578947368407,1.8334161266459206,False,0.24519700423314877,low,csi-pairs-v6-software-fixture,ded1ec639ff3e6fd5eba769d42db1ed36222a48af333a30a670254b30b164b74,620f300cbec1f56da4691882bc7dbe52593dc597fc62f6ae925c0f6ac72f1c6b,True,FORBIDDEN,0901433cbfe906073eae45118a1466e03afab04a766a3061a988ffe089ba4e01,9548a24a4faf5db17b5251df407b4402de033ae8648ec321c850fe6105002cf1,8128818d8ea8f5c3517d04da28955f010269df61e756429957a0a032386f6c51
31,full,target-b,fixture-bank-17,fixture-base-17,86a59d2849e34c3a9889d58bb3b67b946ca9eb639083798f219989137e7f4536,b8fec4fd063826ac29c6cc8d291ad3a1a89347817c28241565eb44269fa8c24d,4,1,target-b:fixture-bank-17:p0007,-0.10628847777843475,-0.19714033603668213,0.3576414883136749,0.5166031122207642,-1.6887046098709106,-1.276315789473684,2.723684210526316,3.146455139028325,True,0.24519700423314877,low,csi-pairs-v6-software-fixture,ded1ec639ff3e6fd5eba769d42db1ed36222a48af333a30a670254b30b164b74,620f300cbec1f56da4691882bc7dbe52593dc597fc62f6ae925c0f6ac72f1c6b,True,FORBIDDEN,0901433cbfe906073eae45118a1466e03afab04a766a3061a988ffe089ba4e01,9548a24a4faf5db17b5251df407b4402de033ae8648ec321c850fe6105002cf1,8128818d8ea8f5c3517d04da28955f010269df61e756429957a0a032386f6c51
