unit_id,model_name,condition,city_id,bank_id,position_id,localization_error_m,csi_context_sha256,base_map_cluster_id,map_sha256,action_sha256,query_count
fixture-bank-12:0:source-a:fixture-bank-12:p0000,RFIR,correct,source-a,fixture-bank-12,source-a:fixture-bank-12:p0000,2.125315684552008,a02316f49d638f2bbf2bce770820c4a7b5b2e5c9a8617c5ddc97fda97c337403,fixture-base-12,f5927760d3b1814b4517f2d4ec916c38c996cc08756aa052f486f1e0d64db008,23bc76fd36d1490877c3d533b77daa34101fee5b32e5371bb67f3a556051ad6d,1
fixture-bank-12:0:source-a:fixture-bank-12:p0000,RFIR,paired_active_alternative,source-a,fixture-bank-12,source-a:fixture-bank-12:p0000,1.465791835961434,a02316f49d638f2bbf2bce770820c4a7b5b2e5c9a8617c5ddc97fda97c337403,fixture-base-12,8d2c6d3ad657216758cb61a91554f699ef6b692f87e6208b2f34dfa43603b79c,d97ae786f3340de45840c87dc409a54ceb077138c7a693002b947b7143af5572,1
fixture-bank-12:0:source-a:fixture-bank-12:p0000,RFIR,paired_null_alternative,source-a,fixture-bank-12,source-a:fixture-bank-12:p0000,2.125315684552008,a02316f49d638f2bbf2bce770820c4a7b5b2e5c9a8617c5ddc97fda97c337403,fixture-base-12,43fc05ca825c7ff2e7c00c016f80b1cce1f9303158dc70eba6d35120eb50ac68,25244cb82e49a93c53798129cfe27616df00806080d2bc01788d5c507b678af1,1
fixture-bank-12:0:source-a:fixture-bank-12:p0000,RFIR,wrong_city,source-a,fixture-bank-12,source-a:fixture-bank-12:p0000,1.465791835961434,a02316f49d638f2bbf2bce770820c4a7b5b2e5c9a8617c5ddc97fda97c337403,fixture-base-12,d5562de0e2a83eb75a5283cc308d5029c8fdf9ff8641aa0a418d47978400e998,cd6fbc5fb7763b3b83939b07a307c9a94efa49be29a928c55fe2712340b36782,1
fixture-bank-12:0:source-a:fixture-bank-12:p0000,RFIR,geometry_destroyed,source-a,fixture-bank-12,source-a:fixture-bank-12:p0000,1.465791835961434,a02316f49d638f2bbf2bce770820c4a7b5b2e5c9a8617c5ddc97fda97c337403,fixture-base-12,05731184a8a9cabfbb6aa59461420dc5add1dff7cb4d4d30b3ece29099071141,668aa1e4b33d38df51f3c5dfb22b1d9eb0dd680eb50ff3d4ee2f3bea8587c66b,1
fixture-bank-12:0:source-a:fixture-bank-12:p0000,RFIR,empty,source-a,fixture-bank-12,source-a:fixture-bank-12:p0000,2.125315684552008,a02316f49d638f2bbf2bce770820c4a7b5b2e5c9a8617c5ddc97fda97c337403,fixture-base-12,80422bc3d307b4a25bdafcc84ac7fb01cb55a09810e8b0f37bb12e0edb5c48ca,9e55c822c8873725352f0c67ef4fee4f2aaffcd3ca9f5ff0b09459833c18bb65,1
fixture-bank-12:0:source-a:fixture-bank-12:p0001,RFIR,correct,source-a,fixture-bank-12,source-a:fixture-bank-12:p0001,2.125315684552008,b0cb92920f82d1d9b0180148b2a64a0dd38097efd4c19bf921bc07a5ede8ac32,fixture-base-12,f5927760d3b1814b4517f2d4ec916c38c996cc08756aa052f486f1e0d64db008,23bc76fd36d1490877c3d533b77daa34101fee5b32e5371bb67f3a556051ad6d,1
fixture-bank-12:0:source-a:fixture-bank-12:p0001,RFIR,paired_active_alternative,source-a,fixture-bank-12,source-a:fixture-bank-12:p0001,3.7614552644383785,b0cb92920f82d1d9b0180148b2a64a0dd38097efd4c19bf921bc07a5ede8ac32,fixture-base-12,8d2c6d3ad657216758cb61a91554f699ef6b692f87e6208b2f34dfa43603b79c,d97ae786f3340de45840c87dc409a54ceb077138c7a693002b947b7143af5572,1
fixture-bank-12:0:source-a:fixture-bank-12:p0001,RFIR,paired_null_alternative,source-a,fixture-bank-12,source-a:fixture-bank-12:p0001,2.125315684552008,b0cb92920f82d1d9b0180148b2a64a0dd38097efd4c19bf921bc07a5ede8ac32,fixture-base-12,43fc05ca825c7ff2e7c00c016f80b1cce1f9303158dc70eba6d35120eb50ac68,25244cb82e49a93c53798129cfe27616df00806080d2bc01788d5c507b678af1,1
fixture-bank-12:0:source-a:fixture-bank-12:p0001,RFIR,wrong_city,source-a,fixture-bank-12,source-a:fixture-bank-12:p0001,3.7614552644383785,b0cb92920f82d1d9b0180148b2a64a0dd38097efd4c19bf921bc07a5ede8ac32,fixture-base-12,d5562de0e2a83eb75a5283cc308d5029c8fdf9ff8641aa0a418d47978400e998,cd6fbc5fb7763b3b83939b07a307c9a94efa49be29a928c55fe2712340b36782,1
fixture-bank-12:0:source-a:fixture-bank-12:p0001,RFIR,geometry_destroyed,source-a,fixture-bank-12,source-a:fixture-bank-12:p0001,3.7614552644383785,b0cb92920f82d1d9b0180148b2a64a0dd38097efd4c19bf921bc07a5ede8ac32,fixture-base-12,ee1e773bb0fd0f33ea50904f6dd366ac89ec3a7f04d6e8bb1aa8eec5933ad4d2,668aa1e4b33d38df51f3c5dfb22b1d9eb0dd680eb50ff3d4ee2f3bea8587c66b,1
fixture-bank-12:0:source-a:fixture-bank-12:p0001,RFIR,empty,source-a,fixture-bank-12,source-a:fixture-bank-12:p0001,2.125315684552008,b0cb92920f82d1d9b0180148b2a64a0dd38097efd4c19bf921bc07a5ede8ac32,fixture-base-12,80422bc3d307b4a25bdafcc84ac7fb01cb55a09810e8b0f37bb12e0edb5c48ca,9e55c822c8873725352f0c67ef4fee4f2aaffcd3ca9f5ff0b09459833c18bb65,1
fixture-bank-12:0:source-a:fixture-bank-12:p0002,RFIR,correct,source-a,fixture-bank-12,source-a:fixture-bank-12:p0002,1.6986429323534564,5dd652dc734f8db8e6394f51a4a5c1af21260da77a616264ca4ff8a5e3617c21,fixture-base-12,f5927760d3b1814b4517f2d4ec916c38c996cc08756aa052f486f1e0d64db008,23bc76fd36d1490877c3d533b77daa34101fee5b32e5371bb67f3a556051ad6d,1
fixture-bank-12:0:source-a:fixture-bank-12:p0002,RFIR,paired_active_alternative,source-a,fixture-bank-12,source-a:fixture-bank-12:p0002,1.6986429323534564,5dd652dc734f8db8e6394f51a4a5c1af21260da77a616264ca4ff8a5e3617c21,fixture-base-12,43fc05ca825c7ff2e7c00c016f80b1cce1f9303158dc70eba6d35120eb50ac68,eb9f4ff4c31beda2b58c8c1627df055ff5a7fcdfa8fc0adb0a917ab4f12df679,1
fixture-bank-12:0:source-a:fixture-bank-12:p0002,RFIR,paired_null_alternative,source-a,fixture-bank-12,source-a:fixture-bank-12:p0002,0.7190040048586448,5dd652dc734f8db8e6394f51a4a5c1af21260da77a616264ca4ff8a5e3617c21,fixture-base-12,8d2c6d3ad657216758cb61a91554f699ef6b692f87e6208b2f34dfa43603b79c,5a17d5ed3fd5860ae6c61ec5b77e9584a2af339a2c7b195465a9e19651e3613a,1
fixture-bank-12:0:source-a:fixture-bank-12:p0002,RFIR,wrong_city,source-a,fixture-bank-12,source-a:fixture-bank-12:p0002,0.7190040048586448,5dd652dc734f8db8e6394f51a4a5c1af21260da77a616264ca4ff8a5e3617c21,fixture-base-12,d5562de0e2a83eb75a5283cc308d5029c8fdf9ff8641aa0a418d47978400e998,cd6fbc5fb7763b3b83939b07a307c9a94efa49be29a928c55fe2712340b36782,1
fixture-bank-12:0:source-a:fixture-bank-12:p0002,RFIR,geometry_destroyed,source-a,fixture-bank-12,source-a:fixture-bank-12:p0002,1.6986429323534564,5dd652dc734f8db8e6394f51a4a5c1af21260da77a616264ca4ff8a5e3617c21,fixture-base-12,5e616494f60bc27ccb5d8573c525ef57b6391e70263af23721f90c0b4a7c4600,668aa1e4b33d38df51f3c5dfb22b1d9eb0dd680eb50ff3d4ee2f3bea8587c66b,1
fixture-bank-12:0:source-a:fixture-bank-12:p0002,RFIR,empty,source-a,fixture-bank-12,source-a:fixture-bank-12:p0002,1.6986429323534564,5dd652dc734f8db8e6394f51a4a5c1af21260da77a616264ca4ff8a5e3617c21,fixture-base-12,80422bc3d307b4a25bdafcc84ac7fb01cb55a09810e8b0f37bb12e0edb5c48ca,9e55c822c8873725352f0c67ef4fee4f2aaffcd3ca9f5ff0b09459833c18bb65,1
fixture-bank-12:0:source-a:fixture-bank-12:p0003,RFIR,correct,source-a,fixture-bank-12,source-a:fixture-bank-12:p0003,1.6986429323534564,cc28bc7fab0bedc9d49b57edc192b82b6b0a6f4f095d478f7c91c1bc6a180947,fixture-base-12,f5927760d3b1814b4517f2d4ec916c38c996cc08756aa052f486f1e0d64db008,23bc76fd36d1490877c3d533b77daa34101fee5b32e5371bb67f3a556051ad6d,1
fixture-bank-12:0:source-a:fixture-bank-12:p0003,RFIR,paired_active_alternative,source-a,fixture-bank-12,source-a:fixture-bank-12:p0003,1.6986429323534564,cc28bc7fab0bedc9d49b57edc192b82b6b0a6f4f095d478f7c91c1bc6a180947,fixture-base-12,43fc05ca825c7ff2e7c00c016f80b1cce1f9303158dc70eba6d35120eb50ac68,eb9f4ff4c31beda2b58c8c1627df055ff5a7fcdfa8fc0adb0a917ab4f12df679,1
fixture-bank-12:0:source-a:fixture-bank-12:p0003,RFIR,paired_null_alternative,source-a,fixture-bank-12,source-a:fixture-bank-12:p0003,2.125315684552008,cc28bc7fab0bedc9d49b57edc192b82b6b0a6f4f095d478f7c91c1bc6a180947,fixture-base-12,8d2c6d3ad657216758cb61a91554f699ef6b692f87e6208b2f34dfa43603b79c,5a17d5ed3fd5860ae6c61ec5b77e9584a2af339a2c7b195465a9e19651e3613a,1
fixture-bank-12:0:source-a:fixture-bank-12:p0003,RFIR,wrong_city,source-a,fixture-bank-12,source-a:fixture-bank-12:p0003,2.125315684552008,cc28bc7fab0bedc9d49b57edc192b82b6b0a6f4f095d478f7c91c1bc6a180947,fixture-base-12,d5562de0e2a83eb75a5283cc308d5029c8fdf9ff8641aa0a418d47978400e998,cd6fbc5fb7763b3b83939b07a307c9a94efa49be29a928c55fe2712340b36782,1
fixture-bank-12:0:source-a:fixture-bank-12:p0003,RFIR,geometry_destroyed,source-a,fixture-bank-12,source-a:fixture-bank-12:p0003,2.125315684552008,cc28bc7fab0bedc9d49b57edc192b82b6b0a6f4f095d478f7c91c1bc6a180947,fixture-base-12,89159c17855e0c676857dd0d370f9481b2991c7effc458bdc75a9605658e3aa9,668aa1e4b33d38df51f3c5dfb22b1d9eb0dd680eb50ff3d4ee2f3bea8587c66b,1
fixture-bank-12:0:source-a:fixture-bank-12:p0003,RFIR,empty,source-a,fixture-bank-12,source-a:fixture-bank-12:p0003,1.6986429323534564,cc28bc7fab0bedc9d49b57edc192b82b6b0a6f4f095d478f7c91c1bc6a180947,fixture-base-12,80422bc3d307b4a25bdafcc84ac7fb01cb55a09810e8b0f37bb12e0edb5c48ca,9e55c822c8873725352f0c67ef4fee4f2aaffcd3ca9f5ff0b09459833c18bb65,1
fixture-bank-12:0:source-a:fixture-bank-12:p0006,RFIR,correct,source-a,fixture-bank-12,source-a:fixture-bank-12:p0006,2.6588716287083396,7968d0049500e01ba8a6b8ffedbb5e89fba78a0833d3882579245fa3075823a3,fixture-base-12,f5927760d3b1814b4517f2d4ec916c38c996cc08756aa052f486f1e0d64db008,23bc76fd36d1490877c3d533b77daa34101fee5b32e5371bb67f3a556051ad6d,1
fixture-bank-12:0:source-a:fixture-bank-12:p0006,RFIR,paired_active_alternative,source-a,fixture-bank-12,source-a:fixture-bank-12:p0006,2.6588716287083396,7968d0049500e01ba8a6b8ffedbb5e89fba78a0833d3882579245fa3075823a3,fixture-base-12,43fc05ca825c7ff2e7c00c016f80b1cce1f9303158dc70eba6d35120eb50ac68,eb9f4ff4c31beda2b58c8c1627df055ff5a7fcdfa8fc0adb0a917ab4f12df679,1
fixture-bank-12:0:source-a:fixture-bank-12:p0006,RFIR,paired_null_alternative,source-a,fixture-bank-12,source-a:fixture-bank-12:p0006,0.8373632935103852,7968d0049500e01ba8a6b8ffedbb5e89fba78a0833d3882579245fa3075823a3,fixture-base-12,8d2c6d3ad657216758cb61a91554f699ef6b692f87e6208b2f34dfa43603b79c,5a17d5ed3fd5860ae6c61ec5b77e9584a2af339a2c7b195465a9e19651e3613a,1
fixture-bank-12:0:source-a:fixture-bank-12:p0006,RFIR,wrong_city,source-a,fixture-bank-12,source-a:fixture-bank-12:p0006,0.8373632935103852,7968d0049500e01ba8a6b8ffedbb5e89fba78a0833d3882579245fa3075823a3,fixture-base-12,d5562de0e2a83eb75a5283cc308d5029c8fdf9ff8641aa0a418d47978400e998,cd6fbc5fb7763b3b83939b07a307c9a94efa49be29a928c55fe2712340b36782,1
fixture-bank-12:0:source-a:fixture-bank-12:p0006,RFIR,geometry_destroyed,source-a,fixture-bank-12,source-a:fixture-bank-12:p0006,0.8373632935103852,7968d0049500e01ba8a6b8ffedbb5e89fba78a0833d3882579245fa3075823a3,fixture-base-12,0f580a1ca54e6e17213d4207a606979785e7b34f20b37975f6c4955ca9c5592f,668aa1e4b33d38df51f3c5dfb22b1d9eb0dd680eb50ff3d4ee2f3bea8587c66b,1
fixture-bank-12:0:source-a:fixture-bank-12:p0006,RFIR,empty,source-a,fixture-bank-12,source-a:fixture-bank-12:p0006,2.6588716287083396,7968d0049500e01ba8a6b8ffedbb5e89fba78a0833d3882579245fa3075823a3,fixture-base-12,80422bc3d307b4a25bdafcc84ac7fb01cb55a09810e8b0f37bb12e0edb5c48ca,9e55c822c8873725352f0c67ef4fee4f2aaffcd3ca9f5ff0b09459833c18bb65,1
fixture-bank-12:0:source-a:fixture-bank-12:p0007,RFIR,correct,source-a,fixture-bank-12,source-a:fixture-bank-12:p0007,2.6588716287083396,e2cccb8d1450e7d45af79f716aad0bb73ef373563d5b85ec5bb34459d6d04909,fixture-base-12,f5927760d3b1814b4517f2d4ec916c38c996cc08756aa052f486f1e0d64db008,23bc76fd36d1490877c3d533b77daa34101fee5b32e5371bb67f3a556051ad6d,1
fixture-bank-12:0:source-a:fixture-bank-12:p0007,RFIR,paired_active_alternative,source-a,fixture-bank-12,source-a:fixture-bank-12:p0007,2.6588716287083396,e2cccb8d1450e7d45af79f716aad0bb73ef373563d5b85ec5bb34459d6d04909,fixture-base-12,43fc05ca825c7ff2e7c00c016f80b1cce1f9303158dc70eba6d35120eb50ac68,eb9f4ff4c31beda2b58c8c1627df055ff5a7fcdfa8fc0adb0a917ab4f12df679,1
fixture-bank-12:0:source-a:fixture-bank-12:p0007,RFIR,paired_null_alternative,source-a,fixture-bank-12,source-a:fixture-bank-12:p0007,2.949775802551536,e2cccb8d1450e7d45af79f716aad0bb73ef373563d5b85ec5bb34459d6d04909,fixture-base-12,8d2c6d3ad657216758cb61a91554f699ef6b692f87e6208b2f34dfa43603b79c,5a17d5ed3fd5860ae6c61ec5b77e9584a2af339a2c7b195465a9e19651e3613a,1
fixture-bank-12:0:source-a:fixture-bank-12:p0007,RFIR,wrong_city,source-a,fixture-bank-12,source-a:fixture-bank-12:p0007,2.949775802551536,e2cccb8d1450e7d45af79f716aad0bb73ef373563d5b85ec5bb34459d6d04909,fixture-base-12,d5562de0e2a83eb75a5283cc308d5029c8fdf9ff8641aa0a418d47978400e998,cd6fbc5fb7763b3b83939b07a307c9a94efa49be29a928c55fe2712340b36782,1
fixture-bank-12:0:source-a:fixture-bank-12:p0007,RFIR,geometry_destroyed,source-a,fixture-bank-12,source-a:fixture-bank-12:p0007,2.949775802551536,e2cccb8d1450e7d45af79f716aad0bb73ef373563d5b85ec5bb34459d6d04909,fixture-base-12,2095ae1b8860d4a97b072c172459ebf68ae56d501b97fba34e32a9a5a45788e7,668aa1e4b33d38df51f3c5dfb22b1d9eb0dd680eb50ff3d4ee2f3bea8587c66b,1
fixture-bank-12:0:source-a:fixture-bank-12:p0007,RFIR,empty,source-a,fixture-bank-12,source-a:fixture-bank-12:p0007,2.6588716287083396,e2cccb8d1450e7d45af79f716aad0bb73ef373563d5b85ec5bb34459d6d04909,fixture-base-12,80422bc3d307b4a25bdafcc84ac7fb01cb55a09810e8b0f37bb12e0edb5c48ca,9e55c822c8873725352f0c67ef4fee4f2aaffcd3ca9f5ff0b09459833c18bb65,1
fixture-bank-12:1:source-a:fixture-bank-12:p0000,RFIR,correct,source-a,fixture-bank-12,source-a:fixture-bank-12:p0000,2.125315684552008,24b9b6a86f62cd0237c4e1389d8601ebb5cbe3daf2f2c4884127321c4680ec96,fixture-base-12,43fc05ca825c7ff2e7c00c016f80b1cce1f9303158dc70eba6d35120eb50ac68,23bc76fd36d1490877c3d533b77daa34101fee5b32e5371bb67f3a556051ad6d,1
fixture-bank-12:1:source-a:fixture-bank-12:p0000,RFIR,paired_active_alternative,source-a,fixture-bank-12,source-a:fixture-bank-12:p0000,1.465791835961434,24b9b6a86f62cd0237c4e1389d8601ebb5cbe3daf2f2c4884127321c4680ec96,fixture-base-12,e4d64cf26bec851e0163f1b51622c7a073fc8730f9da6393e327cba58d3ab99e,927fde828e59e1ecbe343f1bbcbceb2ff213b54eb30b30ab5bdef182ab5453d8,1
fixture-bank-12:1:source-a:fixture-bank-12:p0000,RFIR,paired_null_alternative,source-a,fixture-bank-12,source-a:fixture-bank-12:p0000,2.125315684552008,24b9b6a86f62cd0237c4e1389d8601ebb5cbe3daf2f2c4884127321c4680ec96,fixture-base-12,f5927760d3b1814b4517f2d4ec916c38c996cc08756aa052f486f1e0d64db008,719a7d05cde3cc71c3af8129894c75af7bff1eb0b0a1d470e9eb55a208db38bf,1
fixture-bank-12:1:source-a:fixture-bank-12:p0000,RFIR,wrong_city,source-a,fixture-bank-12,source-a:fixture-bank-12:p0000,1.465791835961434,24b9b6a86f62cd0237c4e1389d8601ebb5cbe3daf2f2c4884127321c4680ec96,fixture-base-12,d5562de0e2a83eb75a5283cc308d5029c8fdf9ff8641aa0a418d47978400e998,cd6fbc5fb7763b3b83939b07a307c9a94efa49be29a928c55fe2712340b36782,1
fixture-bank-12:1:source-a:fixture-bank-12:p0000,RFIR,geometry_destroyed,source-a,fixture-bank-12,source-a:fixture-bank-12:p0000,1.465791835961434,24b9b6a86f62cd0237c4e1389d8601ebb5cbe3daf2f2c4884127321c4680ec96,fixture-base-12,ebb52e678515a21fcdf481c113818a9b5e3e164e61cc1c0b8e4c3e861d4b7ba8,668aa1e4b33d38df51f3c5dfb22b1d9eb0dd680eb50ff3d4ee2f3bea8587c66b,1
fixture-bank-12:1:source-a:fixture-bank-12:p0000,RFIR,empty,source-a,fixture-bank-12,source-a:fixture-bank-12:p0000,2.125315684552008,24b9b6a86f62cd0237c4e1389d8601ebb5cbe3daf2f2c4884127321c4680ec96,fixture-base-12,80422bc3d307b4a25bdafcc84ac7fb01cb55a09810e8b0f37bb12e0edb5c48ca,9e55c822c8873725352f0c67ef4fee4f2aaffcd3ca9f5ff0b09459833c18bb65,1
fixture-bank-12:1:source-a:fixture-bank-12:p0001,RFIR,correct,source-a,fixture-bank-12,source-a:fixture-bank-12:p0001,2.125315684552008,9a57ba6dccc7a4db33fe1fd5cac4e44152cbe157d4f4cc8317c419149c315b16,fixture-base-12,43fc05ca825c7ff2e7c00c016f80b1cce1f9303158dc70eba6d35120eb50ac68,23bc76fd36d1490877c3d533b77daa34101fee5b32e5371bb67f3a556051ad6d,1
fixture-bank-12:1:source-a:fixture-bank-12:p0001,RFIR,paired_active_alternative,source-a,fixture-bank-12,source-a:fixture-bank-12:p0001,3.7614552644383785,9a57ba6dccc7a4db33fe1fd5cac4e44152cbe157d4f4cc8317c419149c315b16,fixture-base-12,e4d64cf26bec851e0163f1b51622c7a073fc8730f9da6393e327cba58d3ab99e,927fde828e59e1ecbe343f1bbcbceb2ff213b54eb30b30ab5bdef182ab5453d8,1
fixture-bank-12:1:source-a:fixture-bank-12:p0001,RFIR,paired_null_alternative,source-a,fixture-bank-12,source-a:fixture-bank-12:p0001,2.125315684552008,9a57ba6dccc7a4db33fe1fd5cac4e44152cbe157d4f4cc8317c419149c315b16,fixture-base-12,f5927760d3b1814b4517f2d4ec916c38c996cc08756aa052f486f1e0d64db008,719a7d05cde3cc71c3af8129894c75af7bff1eb0b0a1d470e9eb55a208db38bf,1
fixture-bank-12:1:source-a:fixture-bank-12:p0001,RFIR,wrong_city,source-a,fixture-bank-12,source-a:fixture-bank-12:p0001,3.7614552644383785,9a57ba6dccc7a4db33fe1fd5cac4e44152cbe157d4f4cc8317c419149c315b16,fixture-base-12,d5562de0e2a83eb75a5283cc308d5029c8fdf9ff8641aa0a418d47978400e998,cd6fbc5fb7763b3b83939b07a307c9a94efa49be29a928c55fe2712340b36782,1
fixture-bank-12:1:source-a:fixture-bank-12:p0001,RFIR,geometry_destroyed,source-a,fixture-bank-12,source-a:fixture-bank-12:p0001,3.7614552644383785,9a57ba6dccc7a4db33fe1fd5cac4e44152cbe157d4f4cc8317c419149c315b16,fixture-base-12,1e85c0ea8a1193a988d5f470b96b2eb671e66d6e602fb94997614ad6b2c2fa89,668aa1e4b33d38df51f3c5dfb22b1d9eb0dd680eb50ff3d4ee2f3bea8587c66b,1
fixture-bank-12:1:source-a:fixture-bank-12:p0001,RFIR,empty,source-a,fixture-bank-12,source-a:fixture-bank-12:p0001,2.125315684552008,9a57ba6dccc7a4db33fe1fd5cac4e44152cbe157d4f4cc8317c419149c315b16,fixture-base-12,80422bc3d307b4a25bdafcc84ac7fb01cb55a09810e8b0f37bb12e0edb5c48ca,9e55c822c8873725352f0c67ef4fee4f2aaffcd3ca9f5ff0b09459833c18bb65,1
fixture-bank-12:1:source-a:fixture-bank-12:p0002,RFIR,correct,source-a,fixture-bank-12,source-a:fixture-bank-12:p0002,1.6986429323534564,c9553e3a94737c7705801e64f54bbe46f9d5f09580b13b801e2570d56f0d7ad3,fixture-base-12,43fc05ca825c7ff2e7c00c016f80b1cce1f9303158dc70eba6d35120eb50ac68,23bc76fd36d1490877c3d533b77daa34101fee5b32e5371bb67f3a556051ad6d,1
fixture-bank-12:1:source-a:fixture-bank-12:p0002,RFIR,paired_active_alternative,source-a,fixture-bank-12,source-a:fixture-bank-12:p0002,1.6986429323534564,c9553e3a94737c7705801e64f54bbe46f9d5f09580b13b801e2570d56f0d7ad3,fixture-base-12,f5927760d3b1814b4517f2d4ec916c38c996cc08756aa052f486f1e0d64db008,953754fcda9fefb0fe51569c49c53f60b360596c76bc87f67af93b1ed0b2c3a9,1
fixture-bank-12:1:source-a:fixture-bank-12:p0002,RFIR,paired_null_alternative,source-a,fixture-bank-12,source-a:fixture-bank-12:p0002,0.7190040048586448,c9553e3a94737c7705801e64f54bbe46f9d5f09580b13b801e2570d56f0d7ad3,fixture-base-12,e4d64cf26bec851e0163f1b51622c7a073fc8730f9da6393e327cba58d3ab99e,809207241c4e6187b80849afd140c666e1fb16db4a1af75210a3f677180f55c9,1
fixture-bank-12:1:source-a:fixture-bank-12:p0002,RFIR,wrong_city,source-a,fixture-bank-12,source-a:fixture-bank-12:p0002,0.7190040048586448,c9553e3a94737c7705801e64f54bbe46f9d5f09580b13b801e2570d56f0d7ad3,fixture-base-12,d5562de0e2a83eb75a5283cc308d5029c8fdf9ff8641aa0a418d47978400e998,cd6fbc5fb7763b3b83939b07a307c9a94efa49be29a928c55fe2712340b36782,1
fixture-bank-12:1:source-a:fixture-bank-12:p0002,RFIR,geometry_destroyed,source-a,fixture-bank-12,source-a:fixture-bank-12:p0002,1.465791835961434,c9553e3a94737c7705801e64f54bbe46f9d5f09580b13b801e2570d56f0d7ad3,fixture-base-12,421383d5d51cc3daf5e407c9756b7d592493eba8cfe67fce0a502c11d75a1802,668aa1e4b33d38df51f3c5dfb22b1d9eb0dd680eb50ff3d4ee2f3bea8587c66b,1
fixture-bank-12:1:source-a:fixture-bank-12:p0002,RFIR,empty,source-a,fixture-bank-12,source-a:fixture-bank-12:p0002,1.6986429323534564,c9553e3a94737c7705801e64f54bbe46f9d5f09580b13b801e2570d56f0d7ad3,fixture-base-12,80422bc3d307b4a25bdafcc84ac7fb01cb55a09810e8b0f37bb12e0edb5c48ca,9e55c822c8873725352f0c67ef4fee4f2aaffcd3ca9f5ff0b09459833c18bb65,1
fixture-bank-12:1:source-a:fixture-bank-12:p0003,RFIR,correct,source-a,fixture-bank-12,source-a:fixture-bank-12:p0003,1.6986429323534564,92408311afb9a242859c0b8badf0f6ba451c09de1b6e14ed217d95c4d6b9b1a5,fixture-base-12,43fc05ca825c7ff2e7c00c016f80b1cce1f9303158dc70eba6d35120eb50ac68,23bc76fd36d1490877c3d533b77daa34101fee5b32e5371bb67f3a556051ad6d,1
fixture-bank-12:1:source-a:fixture-bank-12:p0003,RFIR,paired_active_alternative,source-a,fixture-bank-12,source-a:fixture-bank-12:p0003,1.6986429323534564,92408311afb9a242859c0b8badf0f6ba451c09de1b6e14ed217d95c4d6b9b1a5,fixture-base-12,f5927760d3b1814b4517f2d4ec916c38c996cc08756aa052f486f1e0d64db008,953754fcda9fefb0fe51569c49c53f60b360596c76bc87f67af93b1ed0b2c3a9,1
fixture-bank-12:1:source-a:fixture-bank-12:p0003,RFIR,paired_null_alternative,source-a,fixture-bank-12,source-a:fixture-bank-12:p0003,2.125315684552008,92408311afb9a242859c0b8badf0f6ba451c09de1b6e14ed217d95c4d6b9b1a5,fixture-base-12,e4d64cf26bec851e0163f1b51622c7a073fc8730f9da6393e327cba58d3ab99e,809207241c4e6187b80849afd140c666e1fb16db4a1af75210a3f677180f55c9,1
fixture-bank-12:1:source-a:fixture-bank-12:p0003,RFIR,wrong_city,source-a,fixture-bank-12,source-a:fixture-bank-12:p0003,2.125315684552008,92408311afb9a242859c0b8badf0f6ba451c09de1b6e14ed217d95c4d6b9b1a5,fixture-base-12,d5562de0e2a83eb75a5283cc308d5029c8fdf9ff8641aa0a418d47978400e998,cd6fbc5fb7763b3b83939b07a307c9a94efa49be29a928c55fe2712340b36782,1
fixture-bank-12:1:source-a:fixture-bank-12:p0003,RFIR,geometry_destroyed,source-a,fixture-bank-12,source-a:fixture-bank-12:p0003,1.465791835961434,92408311afb9a242859c0b8badf0f6ba451c09de1b6e14ed217d95c4d6b9b1a5,fixture-base-12,dc8bff29c8b10af5891decbcc7bfd1c4bf6151247316f17cd002ae5385083d5f,668aa1e4b33d38df51f3c5dfb22b1d9eb0dd680eb50ff3d4ee2f3bea8587c66b,1
fixture-bank-12:1:source-a:fixture-bank-12:p0003,RFIR,empty,source-a,fixture-bank-12,source-a:fixture-bank-12:p0003,1.6986429323534564,92408311afb9a242859c0b8badf0f6ba451c09de1b6e14ed217d95c4d6b9b1a5,fixture-base-12,80422bc3d307b4a25bdafcc84ac7fb01cb55a09810e8b0f37bb12e0edb5c48ca,9e55c822c8873725352f0c67ef4fee4f2aaffcd3ca9f5ff0b09459833c18bb65,1
fixture-bank-12:1:source-a:fixture-bank-12:p0006,RFIR,correct,source-a,fixture-bank-12,source-a:fixture-bank-12:p0006,2.6588716287083396,c0be8da0d6c36faa4f20c8b4e990765e98bcc086160375b32f47cd732b2d7ca9,fixture-base-12,43fc05ca825c7ff2e7c00c016f80b1cce1f9303158dc70eba6d35120eb50ac68,23bc76fd36d1490877c3d533b77daa34101fee5b32e5371bb67f3a556051ad6d,1
fixture-bank-12:1:source-a:fixture-bank-12:p0006,RFIR,paired_active_alternative,source-a,fixture-bank-12,source-a:fixture-bank-12:p0006,2.6588716287083396,c0be8da0d6c36faa4f20c8b4e990765e98bcc086160375b32f47cd732b2d7ca9,fixture-base-12,f5927760d3b1814b4517f2d4ec916c38c996cc08756aa052f486f1e0d64db008,953754fcda9fefb0fe51569c49c53f60b360596c76bc87f67af93b1ed0b2c3a9,1
fixture-bank-12:1:source-a:fixture-bank-12:p0006,RFIR,paired_null_alternative,source-a,fixture-bank-12,source-a:fixture-bank-12:p0006,0.8373632935103852,c0be8da0d6c36faa4f20c8b4e990765e98bcc086160375b32f47cd732b2d7ca9,fixture-base-12,e4d64cf26bec851e0163f1b51622c7a073fc8730f9da6393e327cba58d3ab99e,809207241c4e6187b80849afd140c666e1fb16db4a1af75210a3f677180f55c9,1
fixture-bank-12:1:source-a:fixture-bank-12:p0006,RFIR,wrong_city,source-a,fixture-bank-12,source-a:fixture-bank-12:p0006,0.8373632935103852,c0be8da0d6c36faa4f20c8b4e990765e98bcc086160375b32f47cd732b2d7ca9,fixture-base-12,d5562de0e2a83eb75a5283cc308d5029c8fdf9ff8641aa0a418d47978400e998,cd6fbc5fb7763b3b83939b07a307c9a94efa49be29a928c55fe2712340b36782,1
fixture-bank-12:1:source-a:fixture-bank-12:p0006,RFIR,geometry_destroyed,source-a,fixture-bank-12,source-a:fixture-bank-12:p0006,2.6588716287083396,c0be8da0d6c36faa4f20c8b4e990765e98bcc086160375b32f47cd732b2d7ca9,fixture-base-12,ee57fa71444e90c59cd14e8a3c8394f393e367d3190c1969c8f5477c320224a6,668aa1e4b33d38df51f3c5dfb22b1d9eb0dd680eb50ff3d4ee2f3bea8587c66b,1
fixture-bank-12:1:source-a:fixture-bank-12:p0006,RFIR,empty,source-a,fixture-bank-12,source-a:fixture-bank-12:p0006,2.6588716287083396,c0be8da0d6c36faa4f20c8b4e990765e98bcc086160375b32f47cd732b2d7ca9,fixture-base-12,80422bc3d307b4a25bdafcc84ac7fb01cb55a09810e8b0f37bb12e0edb5c48ca,9e55c822c8873725352f0c67ef4fee4f2aaffcd3ca9f5ff0b09459833c18bb65,1
fixture-bank-12:1:source-a:fixture-bank-12:p0007,RFIR,correct,source-a,fixture-bank-12,source-a:fixture-bank-12:p0007,2.6588716287083396,59c6f086ced3ba2f0dafbcf03b47251f41390e683c47d7b94c2d55bde727718b,fixture-base-12,43fc05ca825c7ff2e7c00c016f80b1cce1f9303158dc70eba6d35120eb50ac68,23bc76fd36d1490877c3d533b77daa34101fee5b32e5371bb67f3a556051ad6d,1
fixture-bank-12:1:source-a:fixture-bank-12:p0007,RFIR,paired_active_alternative,source-a,fixture-bank-12,source-a:fixture-bank-12:p0007,2.6588716287083396,59c6f086ced3ba2f0dafbcf03b47251f41390e683c47d7b94c2d55bde727718b,fixture-base-12,f5927760d3b1814b4517f2d4ec916c38c996cc08756aa052f486f1e0d64db008,953754fcda9fefb0fe51569c49c53f60b360596c76bc87f67af93b1ed0b2c3a9,1
fixture-bank-12:1:source-a:fixture-bank-12:p0007,RFIR,paired_null_alternative,source-a,fixture-bank-12,source-a:fixture-bank-12:p0007,2.949775802551536,59c6f086ced3ba2f0dafbcf03b47251f41390e683c47d7b94c2d55bde727718b,fixture-base-12,e4d64cf26bec851e0163f1b51622c7a073fc8730f9da6393e327cba58d3ab99e,809207241c4e6187b80849afd140c666e1fb16db4a1af75210a3f677180f55c9,1
fixture-bank-12:1:source-a:fixture-bank-12:p0007,RFIR,wrong_city,source-a,fixture-bank-12,source-a:fixture-bank-12:p0007,2.949775802551536,59c6f086ced3ba2f0dafbcf03b47251f41390e683c47d7b94c2d55bde727718b,fixture-base-12,d5562de0e2a83eb75a5283cc308d5029c8fdf9ff8641aa0a418d47978400e998,cd6fbc5fb7763b3b83939b07a307c9a94efa49be29a928c55fe2712340b36782,1
fixture-bank-12:1:source-a:fixture-bank-12:p0007,RFIR,geometry_destroyed,source-a,fixture-bank-12,source-a:fixture-bank-12:p0007,2.6588716287083396,59c6f086ced3ba2f0dafbcf03b47251f41390e683c47d7b94c2d55bde727718b,fixture-base-12,8e76e9ba6ecf8a13c71a9cf28032b947e7b7fee975ec34cb221bef491a467932,668aa1e4b33d38df51f3c5dfb22b1d9eb0dd680eb50ff3d4ee2f3bea8587c66b,1
fixture-bank-12:1:source-a:fixture-bank-12:p0007,RFIR,empty,source-a,fixture-bank-12,source-a:fixture-bank-12:p0007,2.6588716287083396,59c6f086ced3ba2f0dafbcf03b47251f41390e683c47d7b94c2d55bde727718b,fixture-base-12,80422bc3d307b4a25bdafcc84ac7fb01cb55a09810e8b0f37bb12e0edb5c48ca,9e55c822c8873725352f0c67ef4fee4f2aaffcd3ca9f5ff0b09459833c18bb65,1
fixture-bank-12:2:source-a:fixture-bank-12:p0000,RFIR,correct,source-a,fixture-bank-12,source-a:fixture-bank-12:p0000,1.465791835961434,7a0bd4c7b179bed35a88f463b8cb36199a6ef534a2730b0cddfd92da3013e5c2,fixture-base-12,8d2c6d3ad657216758cb61a91554f699ef6b692f87e6208b2f34dfa43603b79c,23bc76fd36d1490877c3d533b77daa34101fee5b32e5371bb67f3a556051ad6d,1
fixture-bank-12:2:source-a:fixture-bank-12:p0000,RFIR,paired_active_alternative,source-a,fixture-bank-12,source-a:fixture-bank-12:p0000,2.125315684552008,7a0bd4c7b179bed35a88f463b8cb36199a6ef534a2730b0cddfd92da3013e5c2,fixture-base-12,f5927760d3b1814b4517f2d4ec916c38c996cc08756aa052f486f1e0d64db008,7a0bfd8c97db3acb545e73a56dcb2a570055f3bdee9de49b563dc915a6613306,1
fixture-bank-12:2:source-a:fixture-bank-12:p0000,RFIR,paired_null_alternative,source-a,fixture-bank-12,source-a:fixture-bank-12:p0000,1.465791835961434,7a0bd4c7b179bed35a88f463b8cb36199a6ef534a2730b0cddfd92da3013e5c2,fixture-base-12,e4d64cf26bec851e0163f1b51622c7a073fc8730f9da6393e327cba58d3ab99e,54ecb88db7fa696b04c7ce6cedc8b1a35518065654d481f02713940c622d20cd,1
fixture-bank-12:2:source-a:fixture-bank-12:p0000,RFIR,wrong_city,source-a,fixture-bank-12,source-a:fixture-bank-12:p0000,1.465791835961434,7a0bd4c7b179bed35a88f463b8cb36199a6ef534a2730b0cddfd92da3013e5c2,fixture-base-12,d5562de0e2a83eb75a5283cc308d5029c8fdf9ff8641aa0a418d47978400e998,cd6fbc5fb7763b3b83939b07a307c9a94efa49be29a928c55fe2712340b36782,1
fixture-bank-12:2:source-a:fixture-bank-12:p0000,RFIR,geometry_destroyed,source-a,fixture-bank-12,source-a:fixture-bank-12:p0000,3.4322186197472346,7a0bd4c7b179bed35a88f463b8cb36199a6ef534a2730b0cddfd92da3013e5c2,fixture-base-12,33eece475bf29721022d3de1074fe799d1529833a1913be4e7b0ee7ed15c290a,668aa1e4b33d38df51f3c5dfb22b1d9eb0dd680eb50ff3d4ee2f3bea8587c66b,1
fixture-bank-12:2:source-a:fixture-bank-12:p0000,RFIR,empty,source-a,fixture-bank-12,source-a:fixture-bank-12:p0000,2.125315684552008,7a0bd4c7b179bed35a88f463b8cb36199a6ef534a2730b0cddfd92da3013e5c2,fixture-base-12,80422bc3d307b4a25bdafcc84ac7fb01cb55a09810e8b0f37bb12e0edb5c48ca,9e55c822c8873725352f0c67ef4fee4f2aaffcd3ca9f5ff0b09459833c18bb65,1
fixture-bank-12:2:source-a:fixture-bank-12:p0001,RFIR,correct,source-a,fixture-bank-12,source-a:fixture-bank-12:p0001,3.7614552644383785,f390a79086c2a22ef736bcec57c79eb46fa6adfa36a768332cbeed97d863de30,fixture-base-12,8d2c6d3ad657216758cb61a91554f699ef6b692f87e6208b2f34dfa43603b79c,23bc76fd36d1490877c3d533b77daa34101fee5b32e5371bb67f3a556051ad6d,1
fixture-bank-12:2:source-a:fixture-bank-12:p0001,RFIR,paired_active_alternative,source-a,fixture-bank-12,source-a:fixture-bank-12:p0001,2.125315684552008,f390a79086c2a22ef736bcec57c79eb46fa6adfa36a768332cbeed97d863de30,fixture-base-12,f5927760d3b1814b4517f2d4ec916c38c996cc08756aa052f486f1e0d64db008,7a0bfd8c97db3acb545e73a56dcb2a570055f3bdee9de49b563dc915a6613306,1
fixture-bank-12:2:source-a:fixture-bank-12:p0001,RFIR,paired_null_alternative,source-a,fixture-bank-12,source-a:fixture-bank-12:p0001,3.7614552644383785,f390a79086c2a22ef736bcec57c79eb46fa6adfa36a768332cbeed97d863de30,fixture-base-12,e4d64cf26bec851e0163f1b51622c7a073fc8730f9da6393e327cba58d3ab99e,54ecb88db7fa696b04c7ce6cedc8b1a35518065654d481f02713940c622d20cd,1
fixture-bank-12:2:source-a:fixture-bank-12:p0001,RFIR,wrong_city,source-a,fixture-bank-12,source-a:fixture-bank-12:p0001,3.7614552644383785,f390a79086c2a22ef736bcec57c79eb46fa6adfa36a768332cbeed97d863de30,fixture-base-12,d5562de0e2a83eb75a5283cc308d5029c8fdf9ff8641aa0a418d47978400e998,cd6fbc5fb7763b3b83939b07a307c9a94efa49be29a928c55fe2712340b36782,1
fixture-bank-12:2:source-a:fixture-bank-12:p0001,RFIR,geometry_destroyed,source-a,fixture-bank-12,source-a:fixture-bank-12:p0001,3.432218619747235,f390a79086c2a22ef736bcec57c79eb46fa6adfa36a768332cbeed97d863de30,fixture-base-12,3c93139b404bbce96a15ba4a0abbcdad5a3af9d5eb7c4caa3b40ef06b7760408,668aa1e4b33d38df51f3c5dfb22b1d9eb0dd680eb50ff3d4ee2f3bea8587c66b,1
fixture-bank-12:2:source-a:fixture-bank-12:p0001,RFIR,empty,source-a,fixture-bank-12,source-a:fixture-bank-12:p0001,2.125315684552008,f390a79086c2a22ef736bcec57c79eb46fa6adfa36a768332cbeed97d863de30,fixture-base-12,80422bc3d307b4a25bdafcc84ac7fb01cb55a09810e8b0f37bb12e0edb5c48ca,9e55c822c8873725352f0c67ef4fee4f2aaffcd3ca9f5ff0b09459833c18bb65,1
fixture-bank-12:2:source-a:fixture-bank-12:p0002,RFIR,correct,source-a,fixture-bank-12,source-a:fixture-bank-12:p0002,0.7190040048586448,203115c7b28db4e3005fbd5c3f5556e3b864c8ff4911ed5c368aa26c5e3e99da,fixture-base-12,8d2c6d3ad657216758cb61a91554f699ef6b692f87e6208b2f34dfa43603b79c,23bc76fd36d1490877c3d533b77daa34101fee5b32e5371bb67f3a556051ad6d,1
fixture-bank-12:2:source-a:fixture-bank-12:p0002,RFIR,paired_active_alternative,source-a,fixture-bank-12,source-a:fixture-bank-12:p0002,0.7190040048586448,203115c7b28db4e3005fbd5c3f5556e3b864c8ff4911ed5c368aa26c5e3e99da,fixture-base-12,e4d64cf26bec851e0163f1b51622c7a073fc8730f9da6393e327cba58d3ab99e,99ad10c860e8410cf77e29bbd0e9e0128e0faa1dcb91865155b10463b0fc3d56,1
fixture-bank-12:2:source-a:fixture-bank-12:p0002,RFIR,paired_null_alternative,source-a,fixture-bank-12,source-a:fixture-bank-12:p0002,1.6986429323534564,203115c7b28db4e3005fbd5c3f5556e3b864c8ff4911ed5c368aa26c5e3e99da,fixture-base-12,f5927760d3b1814b4517f2d4ec916c38c996cc08756aa052f486f1e0d64db008,6953cb6341bf4ecdd063a238f2b5387c933f61d6ca9d0516528de2478e94f8d4,1
fixture-bank-12:2:source-a:fixture-bank-12:p0002,RFIR,wrong_city,source-a,fixture-bank-12,source-a:fixture-bank-12:p0002,0.7190040048586448,203115c7b28db4e3005fbd5c3f5556e3b864c8ff4911ed5c368aa26c5e3e99da,fixture-base-12,d5562de0e2a83eb75a5283cc308d5029c8fdf9ff8641aa0a418d47978400e998,cd6fbc5fb7763b3b83939b07a307c9a94efa49be29a928c55fe2712340b36782,1
fixture-bank-12:2:source-a:fixture-bank-12:p0002,RFIR,geometry_destroyed,source-a,fixture-bank-12,source-a:fixture-bank-12:p0002,1.6986429323534564,203115c7b28db4e3005fbd5c3f5556e3b864c8ff4911ed5c368aa26c5e3e99da,fixture-base-12,baf8becaa792281a1e36202f10f4ba4b34ae54cb3e9c4d823e92341981088f19,668aa1e4b33d38df51f3c5dfb22b1d9eb0dd680eb50ff3d4ee2f3bea8587c66b,1
fixture-bank-12:2:source-a:fixture-bank-12:p0002,RFIR,empty,source-a,fixture-bank-12,source-a:fixture-bank-12:p0002,1.6986429323534564,203115c7b28db4e3005fbd5c3f5556e3b864c8ff4911ed5c368aa26c5e3e99da,fixture-base-12,80422bc3d307b4a25bdafcc84ac7fb01cb55a09810e8b0f37bb12e0edb5c48ca,9e55c822c8873725352f0c67ef4fee4f2aaffcd3ca9f5ff0b09459833c18bb65,1
fixture-bank-12:2:source-a:fixture-bank-12:p0003,RFIR,correct,source-a,fixture-bank-12,source-a:fixture-bank-12:p0003,2.125315684552008,92321ec5041aadad4e014397d8eaa927847bf3f1360b4363f84d7a3776e0100c,fixture-base-12,8d2c6d3ad657216758cb61a91554f699ef6b692f87e6208b2f34dfa43603b79c,23bc76fd36d1490877c3d533b77daa34101fee5b32e5371bb67f3a556051ad6d,1
fixture-bank-12:2:source-a:fixture-bank-12:p0003,RFIR,paired_active_alternative,source-a,fixture-bank-12,source-a:fixture-bank-12:p0003,2.125315684552008,92321ec5041aadad4e014397d8eaa927847bf3f1360b4363f84d7a3776e0100c,fixture-base-12,e4d64cf26bec851e0163f1b51622c7a073fc8730f9da6393e327cba58d3ab99e,99ad10c860e8410cf77e29bbd0e9e0128e0faa1dcb91865155b10463b0fc3d56,1
fixture-bank-12:2:source-a:fixture-bank-12:p0003,RFIR,paired_null_alternative,source-a,fixture-bank-12,source-a:fixture-bank-12:p0003,1.6986429323534564,92321ec5041aadad4e014397d8eaa927847bf3f1360b4363f84d7a3776e0100c,fixture-base-12,f5927760d3b1814b4517f2d4ec916c38c996cc08756aa052f486f1e0d64db008,6953cb6341bf4ecdd063a238f2b5387c933f61d6ca9d0516528de2478e94f8d4,1
fixture-bank-12:2:source-a:fixture-bank-12:p0003,RFIR,wrong_city,source-a,fixture-bank-12,source-a:fixture-bank-12:p0003,2.125315684552008,92321ec5041aadad4e014397d8eaa927847bf3f1360b4363f84d7a3776e0100c,fixture-base-12,d5562de0e2a83eb75a5283cc308d5029c8fdf9ff8641aa0a418d47978400e998,cd6fbc5fb7763b3b83939b07a307c9a94efa49be29a928c55fe2712340b36782,1
fixture-bank-12:2:source-a:fixture-bank-12:p0003,RFIR,geometry_destroyed,source-a,fixture-bank-12,source-a:fixture-bank-12:p0003,2.125315684552008,92321ec5041aadad4e014397d8eaa927847bf3f1360b4363f84d7a3776e0100c,fixture-base-12,367174ce73b2c8bf49198ee95fd20aefb3eba4a138c1a3ef22b596f7b010269a,668aa1e4b33d38df51f3c5dfb22b1d9eb0dd680eb50ff3d4ee2f3bea8587c66b,1
fixture-bank-12:2:source-a:fixture-bank-12:p0003,RFIR,empty,source-a,fixture-bank-12,source-a:fixture-bank-12:p0003,1.6986429323534564,92321ec5041aadad4e014397d8eaa927847bf3f1360b4363f84d7a3776e0100c,fixture-base-12,80422bc3d307b4a25bdafcc84ac7fb01cb55a09810e8b0f37bb12e0edb5c48ca,9e55c822c8873725352f0c67ef4fee4f2aaffcd3ca9f5ff0b09459833c18bb65,1
fixture-bank-12:2:source-a:fixture-bank-12:p0006,RFIR,correct,source-a,fixture-bank-12,source-a:fixture-bank-12:p0006,0.8373632935103852,43b41030874efac3eb389372938d7d3f4d1d3e0b2342dcb599c45a1166bf8d80,fixture-base-12,8d2c6d3ad657216758cb61a91554f699ef6b692f87e6208b2f34dfa43603b79c,23bc76fd36d1490877c3d533b77daa34101fee5b32e5371bb67f3a556051ad6d,1
fixture-bank-12:2:source-a:fixture-bank-12:p0006,RFIR,paired_active_alternative,source-a,fixture-bank-12,source-a:fixture-bank-12:p0006,0.8373632935103852,43b41030874efac3eb389372938d7d3f4d1d3e0b2342dcb599c45a1166bf8d80,fixture-base-12,e4d64cf26bec851e0163f1b51622c7a073fc8730f9da6393e327cba58d3ab99e,99ad10c860e8410cf77e29bbd0e9e0128e0faa1dcb91865155b10463b0fc3d56,1
fixture-bank-12:2:source-a:fixture-bank-12:p0006,RFIR,paired_null_alternative,source-a,fixture-bank-12,source-a:fixture-bank-12:p0006,2.6588716287083396,43b41030874efac3eb389372938d7d3f4d1d3e0b2342dcb599c45a1166bf8d80,fixture-base-12,f5927760d3b1814b4517f2d4ec916c38c996cc08756aa052f486f1e0d64db008,6953cb6341bf4ecdd063a238f2b5387c933f61d6ca9d0516528de2478e94f8d4,1
fixture-bank-12:2:source-a:fixture-bank-12:p0006,RFIR,wrong_city,source-a,fixture-bank-12,source-a:fixture-bank-12:p0006,0.8373632935103852,43b41030874efac3eb389372938d7d3f4d1d3e0b2342dcb599c45a1166bf8d80,fixture-base-12,d5562de0e2a83eb75a5283cc308d5029c8fdf9ff8641aa0a418d47978400e998,cd6fbc5fb7763b3b83939b07a307c9a94efa49be29a928c55fe2712340b36782,1
fixture-bank-12:2:source-a:fixture-bank-12:p0006,RFIR,geometry_destroyed,source-a,fixture-bank-12,source-a:fixture-bank-12:p0006,0.8373632935103852,43b41030874efac3eb389372938d7d3f4d1d3e0b2342dcb599c45a1166bf8d80,fixture-base-12,7c2b4a5f471917c289f904b51c743ff1d4fe12bf367cd1eb7624ad1d91d7ce19,668aa1e4b33d38df51f3c5dfb22b1d9eb0dd680eb50ff3d4ee2f3bea8587c66b,1
fixture-bank-12:2:source-a:fixture-bank-12:p0006,RFIR,empty,source-a,fixture-bank-12,source-a:fixture-bank-12:p0006,2.6588716287083396,43b41030874efac3eb389372938d7d3f4d1d3e0b2342dcb599c45a1166bf8d80,fixture-base-12,80422bc3d307b4a25bdafcc84ac7fb01cb55a09810e8b0f37bb12e0edb5c48ca,9e55c822c8873725352f0c67ef4fee4f2aaffcd3ca9f5ff0b09459833c18bb65,1
fixture-bank-12:2:source-a:fixture-bank-12:p0007,RFIR,correct,source-a,fixture-bank-12,source-a:fixture-bank-12:p0007,2.949775802551536,5d55e58427bac5457c4c20376f4cb7ac52d1db162041e7fa1114fed70184383d,fixture-base-12,8d2c6d3ad657216758cb61a91554f699ef6b692f87e6208b2f34dfa43603b79c,23bc76fd36d1490877c3d533b77daa34101fee5b32e5371bb67f3a556051ad6d,1
fixture-bank-12:2:source-a:fixture-bank-12:p0007,RFIR,paired_active_alternative,source-a,fixture-bank-12,source-a:fixture-bank-12:p0007,2.949775802551536,5d55e58427bac5457c4c20376f4cb7ac52d1db162041e7fa1114fed70184383d,fixture-base-12,e4d64cf26bec851e0163f1b51622c7a073fc8730f9da6393e327cba58d3ab99e,99ad10c860e8410cf77e29bbd0e9e0128e0faa1dcb91865155b10463b0fc3d56,1
fixture-bank-12:2:source-a:fixture-bank-12:p0007,RFIR,paired_null_alternative,source-a,fixture-bank-12,source-a:fixture-bank-12:p0007,2.6588716287083396,5d55e58427bac5457c4c20376f4cb7ac52d1db162041e7fa1114fed70184383d,fixture-base-12,f5927760d3b1814b4517f2d4ec916c38c996cc08756aa052f486f1e0d64db008,6953cb6341bf4ecdd063a238f2b5387c933f61d6ca9d0516528de2478e94f8d4,1
fixture-bank-12:2:source-a:fixture-bank-12:p0007,RFIR,wrong_city,source-a,fixture-bank-12,source-a:fixture-bank-12:p0007,2.949775802551536,5d55e58427bac5457c4c20376f4cb7ac52d1db162041e7fa1114fed70184383d,fixture-base-12,d5562de0e2a83eb75a5283cc308d5029c8fdf9ff8641aa0a418d47978400e998,cd6fbc5fb7763b3b83939b07a307c9a94efa49be29a928c55fe2712340b36782,1
fixture-bank-12:2:source-a:fixture-bank-12:p0007,RFIR,geometry_destroyed,source-a,fixture-bank-12,source-a:fixture-bank-12:p0007,2.6588716287083396,5d55e58427bac5457c4c20376f4cb7ac52d1db162041e7fa1114fed70184383d,fixture-base-12,5b66321b66df7a6d531fbc1a9292fbf268e9633c0cd3558dcc8a1726bad6d18f,668aa1e4b33d38df51f3c5dfb22b1d9eb0dd680eb50ff3d4ee2f3bea8587c66b,1
fixture-bank-12:2:source-a:fixture-bank-12:p0007,RFIR,empty,source-a,fixture-bank-12,source-a:fixture-bank-12:p0007,2.6588716287083396,5d55e58427bac5457c4c20376f4cb7ac52d1db162041e7fa1114fed70184383d,fixture-base-12,80422bc3d307b4a25bdafcc84ac7fb01cb55a09810e8b0f37bb12e0edb5c48ca,9e55c822c8873725352f0c67ef4fee4f2aaffcd3ca9f5ff0b09459833c18bb65,1
fixture-bank-12:3:source-a:fixture-bank-12:p0000,RFIR,correct,source-a,fixture-bank-12,source-a:fixture-bank-12:p0000,1.465791835961434,50bce3065347beee5d92cd6970eeca66d94739a90bb80044c74ff32635a0c320,fixture-base-12,e4d64cf26bec851e0163f1b51622c7a073fc8730f9da6393e327cba58d3ab99e,23bc76fd36d1490877c3d533b77daa34101fee5b32e5371bb67f3a556051ad6d,1
fixture-bank-12:3:source-a:fixture-bank-12:p0000,RFIR,paired_active_alternative,source-a,fixture-bank-12,source-a:fixture-bank-12:p0000,2.125315684552008,50bce3065347beee5d92cd6970eeca66d94739a90bb80044c74ff32635a0c320,fixture-base-12,43fc05ca825c7ff2e7c00c016f80b1cce1f9303158dc70eba6d35120eb50ac68,214d70aca9e647fa461f36c3190df7d791f207ea3c28f2b8ef04679a6ee2ebd8,1
fixture-bank-12:3:source-a:fixture-bank-12:p0000,RFIR,paired_null_alternative,source-a,fixture-bank-12,source-a:fixture-bank-12:p0000,1.465791835961434,50bce3065347beee5d92cd6970eeca66d94739a90bb80044c74ff32635a0c320,fixture-base-12,8d2c6d3ad657216758cb61a91554f699ef6b692f87e6208b2f34dfa43603b79c,451d14836b12f642f897e917dcc91b1fbbcfe1aee1af2222b9ef0bc984683d03,1
fixture-bank-12:3:source-a:fixture-bank-12:p0000,RFIR,wrong_city,source-a,fixture-bank-12,source-a:fixture-bank-12:p0000,1.465791835961434,50bce3065347beee5d92cd6970eeca66d94739a90bb80044c74ff32635a0c320,fixture-base-12,d5562de0e2a83eb75a5283cc308d5029c8fdf9ff8641aa0a418d47978400e998,cd6fbc5fb7763b3b83939b07a307c9a94efa49be29a928c55fe2712340b36782,1
fixture-bank-12:3:source-a:fixture-bank-12:p0000,RFIR,geometry_destroyed,source-a,fixture-bank-12,source-a:fixture-bank-12:p0000,2.7892874813721895,50bce3065347beee5d92cd6970eeca66d94739a90bb80044c74ff32635a0c320,fixture-base-12,e0989ca4e5c20c16f9283485f2070a5db08f02d75a1c213996309df0aef259ea,668aa1e4b33d38df51f3c5dfb22b1d9eb0dd680eb50ff3d4ee2f3bea8587c66b,1
fixture-bank-12:3:source-a:fixture-bank-12:p0000,RFIR,empty,source-a,fixture-bank-12,source-a:fixture-bank-12:p0000,2.125315684552008,50bce3065347beee5d92cd6970eeca66d94739a90bb80044c74ff32635a0c320,fixture-base-12,80422bc3d307b4a25bdafcc84ac7fb01cb55a09810e8b0f37bb12e0edb5c48ca,9e55c822c8873725352f0c67ef4fee4f2aaffcd3ca9f5ff0b09459833c18bb65,1
fixture-bank-12:3:source-a:fixture-bank-12:p0001,RFIR,correct,source-a,fixture-bank-12,source-a:fixture-bank-12:p0001,3.7614552644383785,d26504104dbafd5a70b247433f6ab84c2c6bd4e39feee975c5b67904e0cbc812,fixture-base-12,e4d64cf26bec851e0163f1b51622c7a073fc8730f9da6393e327cba58d3ab99e,23bc76fd36d1490877c3d533b77daa34101fee5b32e5371bb67f3a556051ad6d,1
fixture-bank-12:3:source-a:fixture-bank-12:p0001,RFIR,paired_active_alternative,source-a,fixture-bank-12,source-a:fixture-bank-12:p0001,2.125315684552008,d26504104dbafd5a70b247433f6ab84c2c6bd4e39feee975c5b67904e0cbc812,fixture-base-12,43fc05ca825c7ff2e7c00c016f80b1cce1f9303158dc70eba6d35120eb50ac68,214d70aca9e647fa461f36c3190df7d791f207ea3c28f2b8ef04679a6ee2ebd8,1
fixture-bank-12:3:source-a:fixture-bank-12:p0001,RFIR,paired_null_alternative,source-a,fixture-bank-12,source-a:fixture-bank-12:p0001,3.7614552644383785,d26504104dbafd5a70b247433f6ab84c2c6bd4e39feee975c5b67904e0cbc812,fixture-base-12,8d2c6d3ad657216758cb61a91554f699ef6b692f87e6208b2f34dfa43603b79c,451d14836b12f642f897e917dcc91b1fbbcfe1aee1af2222b9ef0bc984683d03,1
fixture-bank-12:3:source-a:fixture-bank-12:p0001,RFIR,wrong_city,source-a,fixture-bank-12,source-a:fixture-bank-12:p0001,3.7614552644383785,d26504104dbafd5a70b247433f6ab84c2c6bd4e39feee975c5b67904e0cbc812,fixture-base-12,d5562de0e2a83eb75a5283cc308d5029c8fdf9ff8641aa0a418d47978400e998,cd6fbc5fb7763b3b83939b07a307c9a94efa49be29a928c55fe2712340b36782,1
fixture-bank-12:3:source-a:fixture-bank-12:p0001,RFIR,geometry_destroyed,source-a,fixture-bank-12,source-a:fixture-bank-12:p0001,3.7614552644383785,d26504104dbafd5a70b247433f6ab84c2c6bd4e39feee975c5b67904e0cbc812,fixture-base-12,753aa7d57479acc0dab4f3946b1a138c75b29a1202cae6e605fef9747fa4fd4e,668aa1e4b33d38df51f3c5dfb22b1d9eb0dd680eb50ff3d4ee2f3bea8587c66b,1
fixture-bank-12:3:source-a:fixture-bank-12:p0001,RFIR,empty,source-a,fixture-bank-12,source-a:fixture-bank-12:p0001,2.125315684552008,d26504104dbafd5a70b247433f6ab84c2c6bd4e39feee975c5b67904e0cbc812,fixture-base-12,80422bc3d307b4a25bdafcc84ac7fb01cb55a09810e8b0f37bb12e0edb5c48ca,9e55c822c8873725352f0c67ef4fee4f2aaffcd3ca9f5ff0b09459833c18bb65,1
fixture-bank-12:3:source-a:fixture-bank-12:p0002,RFIR,correct,source-a,fixture-bank-12,source-a:fixture-bank-12:p0002,0.7190040048586448,f7425bda1267ed0e04db2f65f05d5ae3d6c99093a5cdb8c1f8d7b20797ebc42b,fixture-base-12,e4d64cf26bec851e0163f1b51622c7a073fc8730f9da6393e327cba58d3ab99e,23bc76fd36d1490877c3d533b77daa34101fee5b32e5371bb67f3a556051ad6d,1
fixture-bank-12:3:source-a:fixture-bank-12:p0002,RFIR,paired_active_alternative,source-a,fixture-bank-12,source-a:fixture-bank-12:p0002,0.7190040048586448,f7425bda1267ed0e04db2f65f05d5ae3d6c99093a5cdb8c1f8d7b20797ebc42b,fixture-base-12,8d2c6d3ad657216758cb61a91554f699ef6b692f87e6208b2f34dfa43603b79c,38d2eee754fa4712c9ba273f503f2bca683c5e736c80abf7050581ca94e9f1b7,1
fixture-bank-12:3:source-a:fixture-bank-12:p0002,RFIR,paired_null_alternative,source-a,fixture-bank-12,source-a:fixture-bank-12:p0002,1.6986429323534564,f7425bda1267ed0e04db2f65f05d5ae3d6c99093a5cdb8c1f8d7b20797ebc42b,fixture-base-12,43fc05ca825c7ff2e7c00c016f80b1cce1f9303158dc70eba6d35120eb50ac68,5e54c2ceb54dd41e805701d800c8d8cff642a41072c9d56e5235f3b2509e9288,1
fixture-bank-12:3:source-a:fixture-bank-12:p0002,RFIR,wrong_city,source-a,fixture-bank-12,source-a:fixture-bank-12:p0002,0.7190040048586448,f7425bda1267ed0e04db2f65f05d5ae3d6c99093a5cdb8c1f8d7b20797ebc42b,fixture-base-12,d5562de0e2a83eb75a5283cc308d5029c8fdf9ff8641aa0a418d47978400e998,cd6fbc5fb7763b3b83939b07a307c9a94efa49be29a928c55fe2712340b36782,1
fixture-bank-12:3:source-a:fixture-bank-12:p0002,RFIR,geometry_destroyed,source-a,fixture-bank-12,source-a:fixture-bank-12:p0002,2.125315684552008,f7425bda1267ed0e04db2f65f05d5ae3d6c99093a5cdb8c1f8d7b20797ebc42b,fixture-base-12,c0f88b8a44c45a32b894b0f0a3658ee5d898c9110eff5eb45c320505d0f3554f,668aa1e4b33d38df51f3c5dfb22b1d9eb0dd680eb50ff3d4ee2f3bea8587c66b,1
fixture-bank-12:3:source-a:fixture-bank-12:p0002,RFIR,empty,source-a,fixture-bank-12,source-a:fixture-bank-12:p0002,1.6986429323534564,f7425bda1267ed0e04db2f65f05d5ae3d6c99093a5cdb8c1f8d7b20797ebc42b,fixture-base-12,80422bc3d307b4a25bdafcc84ac7fb01cb55a09810e8b0f37bb12e0edb5c48ca,9e55c822c8873725352f0c67ef4fee4f2aaffcd3ca9f5ff0b09459833c18bb65,1
fixture-bank-12:3:source-a:fixture-bank-12:p0003,RFIR,correct,source-a,fixture-bank-12,source-a:fixture-bank-12:p0003,2.125315684552008,7376d7f7e01ac714c60868569c4baa9a0b10480c74a96bcdeb0501d0289e3c6b,fixture-base-12,e4d64cf26bec851e0163f1b51622c7a073fc8730f9da6393e327cba58d3ab99e,23bc76fd36d1490877c3d533b77daa34101fee5b32e5371bb67f3a556051ad6d,1
fixture-bank-12:3:source-a:fixture-bank-12:p0003,RFIR,paired_active_alternative,source-a,fixture-bank-12,source-a:fixture-bank-12:p0003,2.125315684552008,7376d7f7e01ac714c60868569c4baa9a0b10480c74a96bcdeb0501d0289e3c6b,fixture-base-12,8d2c6d3ad657216758cb61a91554f699ef6b692f87e6208b2f34dfa43603b79c,38d2eee754fa4712c9ba273f503f2bca683c5e736c80abf7050581ca94e9f1b7,1
fixture-bank-12:3:source-a:fixture-bank-12:p0003,RFIR,paired_null_alternative,source-a,fixture-bank-12,source-a:fixture-bank-12:p0003,1.6986429323534564,7376d7f7e01ac714c60868569c4baa9a0b10480c74a96bcdeb0501d0289e3c6b,fixture-base-12,43fc05ca825c7ff2e7c00c016f80b1cce1f9303158dc70eba6d35120eb50ac68,5e54c2ceb54dd41e805701d800c8d8cff642a41072c9d56e5235f3b2509e9288,1
fixture-bank-12:3:source-a:fixture-bank-12:p0003,RFIR,wrong_city,source-a,fixture-bank-12,source-a:fixture-bank-12:p0003,2.125315684552008,7376d7f7e01ac714c60868569c4baa9a0b10480c74a96bcdeb0501d0289e3c6b,fixture-base-12,d5562de0e2a83eb75a5283cc308d5029c8fdf9ff8641aa0a418d47978400e998,cd6fbc5fb7763b3b83939b07a307c9a94efa49be29a928c55fe2712340b36782,1
fixture-bank-12:3:source-a:fixture-bank-12:p0003,RFIR,geometry_destroyed,source-a,fixture-bank-12,source-a:fixture-bank-12:p0003,1.6986429323534564,7376d7f7e01ac714c60868569c4baa9a0b10480c74a96bcdeb0501d0289e3c6b,fixture-base-12,0fcfe10113f4e6daaf47d4c078cf1248e4ef0043b97e165ae3e08abc605710df,668aa1e4b33d38df51f3c5dfb22b1d9eb0dd680eb50ff3d4ee2f3bea8587c66b,1
fixture-bank-12:3:source-a:fixture-bank-12:p0003,RFIR,empty,source-a,fixture-bank-12,source-a:fixture-bank-12:p0003,1.6986429323534564,7376d7f7e01ac714c60868569c4baa9a0b10480c74a96bcdeb0501d0289e3c6b,fixture-base-12,80422bc3d307b4a25bdafcc84ac7fb01cb55a09810e8b0f37bb12e0edb5c48ca,9e55c822c8873725352f0c67ef4fee4f2aaffcd3ca9f5ff0b09459833c18bb65,1
fixture-bank-12:3:source-a:fixture-bank-12:p0006,RFIR,correct,source-a,fixture-bank-12,source-a:fixture-bank-12:p0006,0.8373632935103852,69555a8dc0aefe8b64a37c5cc5955377c39b985676853b807fb8f580f4a10e8a,fixture-base-12,e4d64cf26bec851e0163f1b51622c7a073fc8730f9da6393e327cba58d3ab99e,23bc76fd36d1490877c3d533b77daa34101fee5b32e5371bb67f3a556051ad6d,1
fixture-bank-12:3:source-a:fixture-bank-12:p0006,RFIR,paired_active_alternative,source-a,fixture-bank-12,source-a:fixture-bank-12:p0006,0.8373632935103852,69555a8dc0aefe8b64a37c5cc5955377c39b985676853b807fb8f580f4a10e8a,fixture-base-12,8d2c6d3ad657216758cb61a91554f699ef6b692f87e6208b2f34dfa43603b79c,38d2eee754fa4712c9ba273f503f2bca683c5e736c80abf7050581ca94e9f1b7,1
fixture-bank-12:3:source-a:fixture-bank-12:p0006,RFIR,paired_null_alternative,source-a,fixture-bank-12,source-a:fixture-bank-12:p0006,2.6588716287083396,69555a8dc0aefe8b64a37c5cc5955377c39b985676853b807fb8f580f4a10e8a,fixture-base-12,43fc05ca825c7ff2e7c00c016f80b1cce1f9303158dc70eba6d35120eb50ac68,5e54c2ceb54dd41e805701d800c8d8cff642a41072c9d56e5235f3b2509e9288,1
fixture-bank-12:3:source-a:fixture-bank-12:p0006,RFIR,wrong_city,source-a,fixture-bank-12,source-a:fixture-bank-12:p0006,0.8373632935103852,69555a8dc0aefe8b64a37c5cc5955377c39b985676853b807fb8f580f4a10e8a,fixture-base-12,d5562de0e2a83eb75a5283cc308d5029c8fdf9ff8641aa0a418d47978400e998,cd6fbc5fb7763b3b83939b07a307c9a94efa49be29a928c55fe2712340b36782,1
fixture-bank-12:3:source-a:fixture-bank-12:p0006,RFIR,geometry_destroyed,source-a,fixture-bank-12,source-a:fixture-bank-12:p0006,2.6588716287083396,69555a8dc0aefe8b64a37c5cc5955377c39b985676853b807fb8f580f4a10e8a,fixture-base-12,75f42f0c3547700d9194e2a47654da916d185fef5e33b63d563f7e7d074436c0,668aa1e4b33d38df51f3c5dfb22b1d9eb0dd680eb50ff3d4ee2f3bea8587c66b,1
fixture-bank-12:3:source-a:fixture-bank-12:p0006,RFIR,empty,source-a,fixture-bank-12,source-a:fixture-bank-12:p0006,2.6588716287083396,69555a8dc0aefe8b64a37c5cc5955377c39b985676853b807fb8f580f4a10e8a,fixture-base-12,80422bc3d307b4a25bdafcc84ac7fb01cb55a09810e8b0f37bb12e0edb5c48ca,9e55c822c8873725352f0c67ef4fee4f2aaffcd3ca9f5ff0b09459833c18bb65,1
fixture-bank-12:3:source-a:fixture-bank-12:p0007,RFIR,correct,source-a,fixture-bank-12,source-a:fixture-bank-12:p0007,2.949775802551536,041007b923f46bc7985f6dd001819d54f517ead6a00c33416edb8bb63e9e1125,fixture-base-12,e4d64cf26bec851e0163f1b51622c7a073fc8730f9da6393e327cba58d3ab99e,23bc76fd36d1490877c3d533b77daa34101fee5b32e5371bb67f3a556051ad6d,1
fixture-bank-12:3:source-a:fixture-bank-12:p0007,RFIR,paired_active_alternative,source-a,fixture-bank-12,source-a:fixture-bank-12:p0007,2.949775802551536,041007b923f46bc7985f6dd001819d54f517ead6a00c33416edb8bb63e9e1125,fixture-base-12,8d2c6d3ad657216758cb61a91554f699ef6b692f87e6208b2f34dfa43603b79c,38d2eee754fa4712c9ba273f503f2bca683c5e736c80abf7050581ca94e9f1b7,1
fixture-bank-12:3:source-a:fixture-bank-12:p0007,RFIR,paired_null_alternative,source-a,fixture-bank-12,source-a:fixture-bank-12:p0007,2.6588716287083396,041007b923f46bc7985f6dd001819d54f517ead6a00c33416edb8bb63e9e1125,fixture-base-12,43fc05ca825c7ff2e7c00c016f80b1cce1f9303158dc70eba6d35120eb50ac68,5e54c2ceb54dd41e805701d800c8d8cff642a41072c9d56e5235f3b2509e9288,1
fixture-bank-12:3:source-a:fixture-bank-12:p0007,RFIR,wrong_city,source-a,fixture-bank-12,source-a:fixture-bank-12:p0007,2.949775802551536,041007b923f46bc7985f6dd001819d54f517ead6a00c33416edb8bb63e9e1125,fixture-base-12,d5562de0e2a83eb75a5283cc308d5029c8fdf9ff8641aa0a418d47978400e998,cd6fbc5fb7763b3b83939b07a307c9a94efa49be29a928c55fe2712340b36782,1
fixture-bank-12:3:source-a:fixture-bank-12:p0007,RFIR,geometry_destroyed,source-a,fixture-bank-12,source-a:fixture-bank-12:p0007,2.949775802551536,041007b923f46bc7985f6dd001819d54f517ead6a00c33416edb8bb63e9e1125,fixture-base-12,1968aae58d9447defa933929ecd9a6476edd7b11e623e211725e1cc81ac44232,668aa1e4b33d38df51f3c5dfb22b1d9eb0dd680eb50ff3d4ee2f3bea8587c66b,1
fixture-bank-12:3:source-a:fixture-bank-12:p0007,RFIR,empty,source-a,fixture-bank-12,source-a:fixture-bank-12:p0007,2.6588716287083396,041007b923f46bc7985f6dd001819d54f517ead6a00c33416edb8bb63e9e1125,fixture-base-12,80422bc3d307b4a25bdafcc84ac7fb01cb55a09810e8b0f37bb12e0edb5c48ca,9e55c822c8873725352f0c67ef4fee4f2aaffcd3ca9f5ff0b09459833c18bb65,1
fixture-bank-13:0:source-b:fixture-bank-13:p0000,RFIR,correct,source-b,fixture-bank-13,source-b:fixture-bank-13:p0000,1.9538476848575657,76ea2e3a00eec0025ebda7fd8f2e356acc0d7c4714b7c456a129ea304a48c1bf,fixture-base-13,ff963d85d64acc87d9746e75be8bdebfc2f1270f6df2973bbec8333c48c059de,23bc76fd36d1490877c3d533b77daa34101fee5b32e5371bb67f3a556051ad6d,1
fixture-bank-13:0:source-b:fixture-bank-13:p0000,RFIR,paired_active_alternative,source-b,fixture-bank-13,source-b:fixture-bank-13:p0000,3.6529216478179425,76ea2e3a00eec0025ebda7fd8f2e356acc0d7c4714b7c456a129ea304a48c1bf,fixture-base-13,d5562de0e2a83eb75a5283cc308d5029c8fdf9ff8641aa0a418d47978400e998,09b8d53d9054b3b88fa6808da7564d6310a6ecbb122ef08e91bee51e09c39608,1
fixture-bank-13:0:source-b:fixture-bank-13:p0000,RFIR,paired_null_alternative,source-b,fixture-bank-13,source-b:fixture-bank-13:p0000,3.6529216478179425,76ea2e3a00eec0025ebda7fd8f2e356acc0d7c4714b7c456a129ea304a48c1bf,fixture-base-13,951bcb74358e1e4e230d49916479269dba31a44b603453729743a4e281303dfc,66b48752aec25a0d8344e984c3ba90d195057d847f682c9cdb73f7d74e64056d,1
fixture-bank-13:0:source-b:fixture-bank-13:p0000,RFIR,wrong_city,source-b,fixture-bank-13,source-b:fixture-bank-13:p0000,1.9538476848575657,76ea2e3a00eec0025ebda7fd8f2e356acc0d7c4714b7c456a129ea304a48c1bf,fixture-base-13,f5927760d3b1814b4517f2d4ec916c38c996cc08756aa052f486f1e0d64db008,cd6fbc5fb7763b3b83939b07a307c9a94efa49be29a928c55fe2712340b36782,1
fixture-bank-13:0:source-b:fixture-bank-13:p0000,RFIR,geometry_destroyed,source-b,fixture-bank-13,source-b:fixture-bank-13:p0000,3.6529216478179425,76ea2e3a00eec0025ebda7fd8f2e356acc0d7c4714b7c456a129ea304a48c1bf,fixture-base-13,92a370c80f2d846c01a2a502a22b93260391a2c350c22f519be0103d13a1e2c1,668aa1e4b33d38df51f3c5dfb22b1d9eb0dd680eb50ff3d4ee2f3bea8587c66b,1
fixture-bank-13:0:source-b:fixture-bank-13:p0000,RFIR,empty,source-b,fixture-bank-13,source-b:fixture-bank-13:p0000,1.9538476848575657,76ea2e3a00eec0025ebda7fd8f2e356acc0d7c4714b7c456a129ea304a48c1bf,fixture-base-13,80422bc3d307b4a25bdafcc84ac7fb01cb55a09810e8b0f37bb12e0edb5c48ca,9e55c822c8873725352f0c67ef4fee4f2aaffcd3ca9f5ff0b09459833c18bb65,1
fixture-bank-13:0:source-b:fixture-bank-13:p0001,RFIR,correct,source-b,fixture-bank-13,source-b:fixture-bank-13:p0001,1.4333048806469708,9ab9fc7745e7c35deffb94a7fc61cb061c061645e219b275a74e81929ca6cc86,fixture-base-13,ff963d85d64acc87d9746e75be8bdebfc2f1270f6df2973bbec8333c48c059de,23bc76fd36d1490877c3d533b77daa34101fee5b32e5371bb67f3a556051ad6d,1
fixture-bank-13:0:source-b:fixture-bank-13:p0001,RFIR,paired_active_alternative,source-b,fixture-bank-13,source-b:fixture-bank-13:p0001,3.403039622214251,9ab9fc7745e7c35deffb94a7fc61cb061c061645e219b275a74e81929ca6cc86,fixture-base-13,d5562de0e2a83eb75a5283cc308d5029c8fdf9ff8641aa0a418d47978400e998,09b8d53d9054b3b88fa6808da7564d6310a6ecbb122ef08e91bee51e09c39608,1
fixture-bank-13:0:source-b:fixture-bank-13:p0001,RFIR,paired_null_alternative,source-b,fixture-bank-13,source-b:fixture-bank-13:p0001,3.403039622214251,9ab9fc7745e7c35deffb94a7fc61cb061c061645e219b275a74e81929ca6cc86,fixture-base-13,951bcb74358e1e4e230d49916479269dba31a44b603453729743a4e281303dfc,66b48752aec25a0d8344e984c3ba90d195057d847f682c9cdb73f7d74e64056d,1
fixture-bank-13:0:source-b:fixture-bank-13:p0001,RFIR,wrong_city,source-b,fixture-bank-13,source-b:fixture-bank-13:p0001,1.4333048806469708,9ab9fc7745e7c35deffb94a7fc61cb061c061645e219b275a74e81929ca6cc86,fixture-base-13,f5927760d3b1814b4517f2d4ec916c38c996cc08756aa052f486f1e0d64db008,cd6fbc5fb7763b3b83939b07a307c9a94efa49be29a928c55fe2712340b36782,1
fixture-bank-13:0:source-b:fixture-bank-13:p0001,RFIR,geometry_destroyed,source-b,fixture-bank-13,source-b:fixture-bank-13:p0001,2.7533032289161525,9ab9fc7745e7c35deffb94a7fc61cb061c061645e219b275a74e81929ca6cc86,fixture-base-13,2c8af8b6b06a367b227effa3cc4ea18c6ac40585cade1a797e91a1472ea4bc5b,668aa1e4b33d38df51f3c5dfb22b1d9eb0dd680eb50ff3d4ee2f3bea8587c66b,1
fixture-bank-13:0:source-b:fixture-bank-13:p0001,RFIR,empty,source-b,fixture-bank-13,source-b:fixture-bank-13:p0001,1.4333048806469708,9ab9fc7745e7c35deffb94a7fc61cb061c061645e219b275a74e81929ca6cc86,fixture-base-13,80422bc3d307b4a25bdafcc84ac7fb01cb55a09810e8b0f37bb12e0edb5c48ca,9e55c822c8873725352f0c67ef4fee4f2aaffcd3ca9f5ff0b09459833c18bb65,1
fixture-bank-13:0:source-b:fixture-bank-13:p0003,RFIR,correct,source-b,fixture-bank-13,source-b:fixture-bank-13:p0003,2.6460784761490084,6b7f9c921ffd8676fefa958e3d12a8208406eefa14d981457544842baac47f7e,fixture-base-13,ff963d85d64acc87d9746e75be8bdebfc2f1270f6df2973bbec8333c48c059de,23bc76fd36d1490877c3d533b77daa34101fee5b32e5371bb67f3a556051ad6d,1
fixture-bank-13:0:source-b:fixture-bank-13:p0003,RFIR,paired_active_alternative,source-b,fixture-bank-13,source-b:fixture-bank-13:p0003,3.5394981411794446,6b7f9c921ffd8676fefa958e3d12a8208406eefa14d981457544842baac47f7e,fixture-base-13,951bcb74358e1e4e230d49916479269dba31a44b603453729743a4e281303dfc,5492e5d28505aa47172deba2c3d34393a12b275ce6a005157b638bc9dc6ff29f,1
fixture-bank-13:0:source-b:fixture-bank-13:p0003,RFIR,paired_null_alternative,source-b,fixture-bank-13,source-b:fixture-bank-13:p0003,3.5394981411794446,6b7f9c921ffd8676fefa958e3d12a8208406eefa14d981457544842baac47f7e,fixture-base-13,d5562de0e2a83eb75a5283cc308d5029c8fdf9ff8641aa0a418d47978400e998,001759dc4c85eb3d880dc67f610f5efe56d770ebd1619d81f089c5439fd54906,1
fixture-bank-13:0:source-b:fixture-bank-13:p0003,RFIR,wrong_city,source-b,fixture-bank-13,source-b:fixture-bank-13:p0003,2.6460784761490084,6b7f9c921ffd8676fefa958e3d12a8208406eefa14d981457544842baac47f7e,fixture-base-13,f5927760d3b1814b4517f2d4ec916c38c996cc08756aa052f486f1e0d64db008,cd6fbc5fb7763b3b83939b07a307c9a94efa49be29a928c55fe2712340b36782,1
fixture-bank-13:0:source-b:fixture-bank-13:p0003,RFIR,geometry_destroyed,source-b,fixture-bank-13,source-b:fixture-bank-13:p0003,0.726668487972846,6b7f9c921ffd8676fefa958e3d12a8208406eefa14d981457544842baac47f7e,fixture-base-13,c5de097a9757f1a8821df35efbfb500cc89f3d63dc5fc0dd72e8d0c4ac23d454,668aa1e4b33d38df51f3c5dfb22b1d9eb0dd680eb50ff3d4ee2f3bea8587c66b,1
fixture-bank-13:0:source-b:fixture-bank-13:p0003,RFIR,empty,source-b,fixture-bank-13,source-b:fixture-bank-13:p0003,2.6460784761490084,6b7f9c921ffd8676fefa958e3d12a8208406eefa14d981457544842baac47f7e,fixture-base-13,80422bc3d307b4a25bdafcc84ac7fb01cb55a09810e8b0f37bb12e0edb5c48ca,9e55c822c8873725352f0c67ef4fee4f2aaffcd3ca9f5ff0b09459833c18bb65,1
fixture-bank-13:0:source-b:fixture-bank-13:p0005,RFIR,correct,source-b,fixture-bank-13,source-b:fixture-bank-13:p0005,2.960555555411163,bacf6cb359d199325a229b00a3d183d2406bf22b56bb65d41b88f7d32957ce79,fixture-base-13,ff963d85d64acc87d9746e75be8bdebfc2f1270f6df2973bbec8333c48c059de,23bc76fd36d1490877c3d533b77daa34101fee5b32e5371bb67f3a556051ad6d,1
fixture-bank-13:0:source-b:fixture-bank-13:p0005,RFIR,paired_active_alternative,source-b,fixture-bank-13,source-b:fixture-bank-13:p0005,1.5136726813117771,bacf6cb359d199325a229b00a3d183d2406bf22b56bb65d41b88f7d32957ce79,fixture-base-13,d5562de0e2a83eb75a5283cc308d5029c8fdf9ff8641aa0a418d47978400e998,09b8d53d9054b3b88fa6808da7564d6310a6ecbb122ef08e91bee51e09c39608,1
fixture-bank-13:0:source-b:fixture-bank-13:p0005,RFIR,paired_null_alternative,source-b,fixture-bank-13,source-b:fixture-bank-13:p0005,1.5136726813117771,bacf6cb359d199325a229b00a3d183d2406bf22b56bb65d41b88f7d32957ce79,fixture-base-13,951bcb74358e1e4e230d49916479269dba31a44b603453729743a4e281303dfc,66b48752aec25a0d8344e984c3ba90d195057d847f682c9cdb73f7d74e64056d,1
fixture-bank-13:0:source-b:fixture-bank-13:p0005,RFIR,wrong_city,source-b,fixture-bank-13,source-b:fixture-bank-13:p0005,2.960555555411163,bacf6cb359d199325a229b00a3d183d2406bf22b56bb65d41b88f7d32957ce79,fixture-base-13,f5927760d3b1814b4517f2d4ec916c38c996cc08756aa052f486f1e0d64db008,cd6fbc5fb7763b3b83939b07a307c9a94efa49be29a928c55fe2712340b36782,1
fixture-bank-13:0:source-b:fixture-bank-13:p0005,RFIR,geometry_destroyed,source-b,fixture-bank-13,source-b:fixture-bank-13:p0005,2.960555555411163,bacf6cb359d199325a229b00a3d183d2406bf22b56bb65d41b88f7d32957ce79,fixture-base-13,6cc2a2dea23291e5671fd3b8031378e6d0feb82a0b925e35bfa6a3122f0311d8,668aa1e4b33d38df51f3c5dfb22b1d9eb0dd680eb50ff3d4ee2f3bea8587c66b,1
fixture-bank-13:0:source-b:fixture-bank-13:p0005,RFIR,empty,source-b,fixture-bank-13,source-b:fixture-bank-13:p0005,2.960555555411163,bacf6cb359d199325a229b00a3d183d2406bf22b56bb65d41b88f7d32957ce79,fixture-base-13,80422bc3d307b4a25bdafcc84ac7fb01cb55a09810e8b0f37bb12e0edb5c48ca,9e55c822c8873725352f0c67ef4fee4f2aaffcd3ca9f5ff0b09459833c18bb65,1
fixture-bank-13:0:source-b:fixture-bank-13:p0006,RFIR,correct,source-b,fixture-bank-13,source-b:fixture-bank-13:p0006,2.690459701835769,05cb4741f3c81331ae2f09cb6e51d62c787c4057b83b9d9068673fc6fa8ec8ca,fixture-base-13,ff963d85d64acc87d9746e75be8bdebfc2f1270f6df2973bbec8333c48c059de,23bc76fd36d1490877c3d533b77daa34101fee5b32e5371bb67f3a556051ad6d,1
fixture-bank-13:0:source-b:fixture-bank-13:p0006,RFIR,paired_active_alternative,source-b,fixture-bank-13,source-b:fixture-bank-13:p0006,0.8745794398886243,05cb4741f3c81331ae2f09cb6e51d62c787c4057b83b9d9068673fc6fa8ec8ca,fixture-base-13,951bcb74358e1e4e230d49916479269dba31a44b603453729743a4e281303dfc,5492e5d28505aa47172deba2c3d34393a12b275ce6a005157b638bc9dc6ff29f,1
fixture-bank-13:0:source-b:fixture-bank-13:p0006,RFIR,paired_null_alternative,source-b,fixture-bank-13,source-b:fixture-bank-13:p0006,0.8745794398886243,05cb4741f3c81331ae2f09cb6e51d62c787c4057b83b9d9068673fc6fa8ec8ca,fixture-base-13,d5562de0e2a83eb75a5283cc308d5029c8fdf9ff8641aa0a418d47978400e998,001759dc4c85eb3d880dc67f610f5efe56d770ebd1619d81f089c5439fd54906,1
fixture-bank-13:0:source-b:fixture-bank-13:p0006,RFIR,wrong_city,source-b,fixture-bank-13,source-b:fixture-bank-13:p0006,2.690459701835769,05cb4741f3c81331ae2f09cb6e51d62c787c4057b83b9d9068673fc6fa8ec8ca,fixture-base-13,f5927760d3b1814b4517f2d4ec916c38c996cc08756aa052f486f1e0d64db008,cd6fbc5fb7763b3b83939b07a307c9a94efa49be29a928c55fe2712340b36782,1
fixture-bank-13:0:source-b:fixture-bank-13:p0006,RFIR,geometry_destroyed,source-b,fixture-bank-13,source-b:fixture-bank-13:p0006,1.5136726813117771,05cb4741f3c81331ae2f09cb6e51d62c787c4057b83b9d9068673fc6fa8ec8ca,fixture-base-13,5629ff4cc176cdf7c4355fa071d22cd48b998f00d8447025ef27e1e34406e9c2,668aa1e4b33d38df51f3c5dfb22b1d9eb0dd680eb50ff3d4ee2f3bea8587c66b,1
fixture-bank-13:0:source-b:fixture-bank-13:p0006,RFIR,empty,source-b,fixture-bank-13,source-b:fixture-bank-13:p0006,2.690459701835769,05cb4741f3c81331ae2f09cb6e51d62c787c4057b83b9d9068673fc6fa8ec8ca,fixture-base-13,80422bc3d307b4a25bdafcc84ac7fb01cb55a09810e8b0f37bb12e0edb5c48ca,9e55c822c8873725352f0c67ef4fee4f2aaffcd3ca9f5ff0b09459833c18bb65,1
fixture-bank-13:0:source-b:fixture-bank-13:p0007,RFIR,correct,source-b,fixture-bank-13,source-b:fixture-bank-13:p0007,3.6384850428718565,b7f843a06837844b0bb5db3ea7272ffa17344e24c9923c48546d94664576548f,fixture-base-13,ff963d85d64acc87d9746e75be8bdebfc2f1270f6df2973bbec8333c48c059de,23bc76fd36d1490877c3d533b77daa34101fee5b32e5371bb67f3a556051ad6d,1
fixture-bank-13:0:source-b:fixture-bank-13:p0007,RFIR,paired_active_alternative,source-b,fixture-bank-13,source-b:fixture-bank-13:p0007,4.331845934088134,b7f843a06837844b0bb5db3ea7272ffa17344e24c9923c48546d94664576548f,fixture-base-13,951bcb74358e1e4e230d49916479269dba31a44b603453729743a4e281303dfc,5492e5d28505aa47172deba2c3d34393a12b275ce6a005157b638bc9dc6ff29f,1
fixture-bank-13:0:source-b:fixture-bank-13:p0007,RFIR,paired_null_alternative,source-b,fixture-bank-13,source-b:fixture-bank-13:p0007,4.331845934088134,b7f843a06837844b0bb5db3ea7272ffa17344e24c9923c48546d94664576548f,fixture-base-13,d5562de0e2a83eb75a5283cc308d5029c8fdf9ff8641aa0a418d47978400e998,001759dc4c85eb3d880dc67f610f5efe56d770ebd1619d81f089c5439fd54906,1
fixture-bank-13:0:source-b:fixture-bank-13:p0007,RFIR,wrong_city,source-b,fixture-bank-13,source-b:fixture-bank-13:p0007,3.6384850428718565,b7f843a06837844b0bb5db3ea7272ffa17344e24c9923c48546d94664576548f,fixture-base-13,f5927760d3b1814b4517f2d4ec916c38c996cc08756aa052f486f1e0d64db008,cd6fbc5fb7763b3b83939b07a307c9a94efa49be29a928c55fe2712340b36782,1
fixture-bank-13:0:source-b:fixture-bank-13:p0007,RFIR,geometry_destroyed,source-b,fixture-bank-13,source-b:fixture-bank-13:p0007,1.6627955967814865,b7f843a06837844b0bb5db3ea7272ffa17344e24c9923c48546d94664576548f,fixture-base-13,ea321cff0c067ad6095ba9c9b96adf21cc6825fb2df27b8889440eeff0de8718,668aa1e4b33d38df51f3c5dfb22b1d9eb0dd680eb50ff3d4ee2f3bea8587c66b,1
fixture-bank-13:0:source-b:fixture-bank-13:p0007,RFIR,empty,source-b,fixture-bank-13,source-b:fixture-bank-13:p0007,3.6384850428718565,b7f843a06837844b0bb5db3ea7272ffa17344e24c9923c48546d94664576548f,fixture-base-13,80422bc3d307b4a25bdafcc84ac7fb01cb55a09810e8b0f37bb12e0edb5c48ca,9e55c822c8873725352f0c67ef4fee4f2aaffcd3ca9f5ff0b09459833c18bb65,1
fixture-bank-13:1:source-b:fixture-bank-13:p0000,RFIR,correct,source-b,fixture-bank-13,source-b:fixture-bank-13:p0000,3.6529216478179425,62834c8631a5d6a00fc8c49a1380a9336e2622c0eb5a0708a6fb2c73c8f34f25,fixture-base-13,d5562de0e2a83eb75a5283cc308d5029c8fdf9ff8641aa0a418d47978400e998,23bc76fd36d1490877c3d533b77daa34101fee5b32e5371bb67f3a556051ad6d,1
fixture-bank-13:1:source-b:fixture-bank-13:p0000,RFIR,paired_active_alternative,source-b,fixture-bank-13,source-b:fixture-bank-13:p0000,1.9538476848575657,62834c8631a5d6a00fc8c49a1380a9336e2622c0eb5a0708a6fb2c73c8f34f25,fixture-base-13,ff963d85d64acc87d9746e75be8bdebfc2f1270f6df2973bbec8333c48c059de,fb993d1f20d994685cb542c26f2f4d2682566ab8aec49d8a92e473b2f6ecc204,1
fixture-bank-13:1:source-b:fixture-bank-13:p0000,RFIR,paired_null_alternative,source-b,fixture-bank-13,source-b:fixture-bank-13:p0000,3.6529216478179425,62834c8631a5d6a00fc8c49a1380a9336e2622c0eb5a0708a6fb2c73c8f34f25,fixture-base-13,73b7697b52607a165cb9ffaaa7e5afbfdfa002bc0fab1b1b612fc4d7517991ae,62d7305f77ded3a998ec5b0acdc984ac41047c78d79aa7accc173e097d8f5cb3,1
fixture-bank-13:1:source-b:fixture-bank-13:p0000,RFIR,wrong_city,source-b,fixture-bank-13,source-b:fixture-bank-13:p0000,1.9538476848575657,62834c8631a5d6a00fc8c49a1380a9336e2622c0eb5a0708a6fb2c73c8f34f25,fixture-base-13,f5927760d3b1814b4517f2d4ec916c38c996cc08756aa052f486f1e0d64db008,cd6fbc5fb7763b3b83939b07a307c9a94efa49be29a928c55fe2712340b36782,1
fixture-bank-13:1:source-b:fixture-bank-13:p0000,RFIR,geometry_destroyed,source-b,fixture-bank-13,source-b:fixture-bank-13:p0000,3.6529216478179425,62834c8631a5d6a00fc8c49a1380a9336e2622c0eb5a0708a6fb2c73c8f34f25,fixture-base-13,ed107df3c058d47b0cb66fecb6399cbcf3ed2563ed22cad850ca80df167dcec5,668aa1e4b33d38df51f3c5dfb22b1d9eb0dd680eb50ff3d4ee2f3bea8587c66b,1
fixture-bank-13:1:source-b:fixture-bank-13:p0000,RFIR,empty,source-b,fixture-bank-13,source-b:fixture-bank-13:p0000,1.9538476848575657,62834c8631a5d6a00fc8c49a1380a9336e2622c0eb5a0708a6fb2c73c8f34f25,fixture-base-13,80422bc3d307b4a25bdafcc84ac7fb01cb55a09810e8b0f37bb12e0edb5c48ca,9e55c822c8873725352f0c67ef4fee4f2aaffcd3ca9f5ff0b09459833c18bb65,1
fixture-bank-13:1:source-b:fixture-bank-13:p0001,RFIR,correct,source-b,fixture-bank-13,source-b:fixture-bank-13:p0001,3.403039622214251,6efddeb0b09c4c795b2521f0f3149380e068653c650dc226ef554b95fcf7fd4c,fixture-base-13,d5562de0e2a83eb75a5283cc308d5029c8fdf9ff8641aa0a418d47978400e998,23bc76fd36d1490877c3d533b77daa34101fee5b32e5371bb67f3a556051ad6d,1
fixture-bank-13:1:source-b:fixture-bank-13:p0001,RFIR,paired_active_alternative,source-b,fixture-bank-13,source-b:fixture-bank-13:p0001,1.4333048806469708,6efddeb0b09c4c795b2521f0f3149380e068653c650dc226ef554b95fcf7fd4c,fixture-base-13,ff963d85d64acc87d9746e75be8bdebfc2f1270f6df2973bbec8333c48c059de,fb993d1f20d994685cb542c26f2f4d2682566ab8aec49d8a92e473b2f6ecc204,1
fixture-bank-13:1:source-b:fixture-bank-13:p0001,RFIR,paired_null_alternative,source-b,fixture-bank-13,source-b:fixture-bank-13:p0001,3.403039622214251,6efddeb0b09c4c795b2521f0f3149380e068653c650dc226ef554b95fcf7fd4c,fixture-base-13,73b7697b52607a165cb9ffaaa7e5afbfdfa002bc0fab1b1b612fc4d7517991ae,62d7305f77ded3a998ec5b0acdc984ac41047c78d79aa7accc173e097d8f5cb3,1
fixture-bank-13:1:source-b:fixture-bank-13:p0001,RFIR,wrong_city,source-b,fixture-bank-13,source-b:fixture-bank-13:p0001,1.4333048806469708,6efddeb0b09c4c795b2521f0f3149380e068653c650dc226ef554b95fcf7fd4c,fixture-base-13,f5927760d3b1814b4517f2d4ec916c38c996cc08756aa052f486f1e0d64db008,cd6fbc5fb7763b3b83939b07a307c9a94efa49be29a928c55fe2712340b36782,1
fixture-bank-13:1:source-b:fixture-bank-13:p0001,RFIR,geometry_destroyed,source-b,fixture-bank-13,source-b:fixture-bank-13:p0001,0.726668487972846,6efddeb0b09c4c795b2521f0f3149380e068653c650dc226ef554b95fcf7fd4c,fixture-base-13,9320870025bbb9621f8413782bcffe32bd56c4a6335b59af0fc2bec64a0d82dc,668aa1e4b33d38df51f3c5dfb22b1d9eb0dd680eb50ff3d4ee2f3bea8587c66b,1
fixture-bank-13:1:source-b:fixture-bank-13:p0001,RFIR,empty,source-b,fixture-bank-13,source-b:fixture-bank-13:p0001,1.4333048806469708,6efddeb0b09c4c795b2521f0f3149380e068653c650dc226ef554b95fcf7fd4c,fixture-base-13,80422bc3d307b4a25bdafcc84ac7fb01cb55a09810e8b0f37bb12e0edb5c48ca,9e55c822c8873725352f0c67ef4fee4f2aaffcd3ca9f5ff0b09459833c18bb65,1
fixture-bank-13:1:source-b:fixture-bank-13:p0003,RFIR,correct,source-b,fixture-bank-13,source-b:fixture-bank-13:p0003,3.5394981411794446,5368ead5eb24d71665f9f7eb19af1099c2f02c9af5bcf0b90d8c2e9f6239a3ab,fixture-base-13,d5562de0e2a83eb75a5283cc308d5029c8fdf9ff8641aa0a418d47978400e998,23bc76fd36d1490877c3d533b77daa34101fee5b32e5371bb67f3a556051ad6d,1
fixture-bank-13:1:source-b:fixture-bank-13:p0003,RFIR,paired_active_alternative,source-b,fixture-bank-13,source-b:fixture-bank-13:p0003,3.5394981411794446,5368ead5eb24d71665f9f7eb19af1099c2f02c9af5bcf0b90d8c2e9f6239a3ab,fixture-base-13,73b7697b52607a165cb9ffaaa7e5afbfdfa002bc0fab1b1b612fc4d7517991ae,eb6f3d8398dcc28c7b1b0b6e56a090a6b00388520f1fe0c728bcbad0f02c09fd,1
fixture-bank-13:1:source-b:fixture-bank-13:p0003,RFIR,paired_null_alternative,source-b,fixture-bank-13,source-b:fixture-bank-13:p0003,2.6460784761490084,5368ead5eb24d71665f9f7eb19af1099c2f02c9af5bcf0b90d8c2e9f6239a3ab,fixture-base-13,ff963d85d64acc87d9746e75be8bdebfc2f1270f6df2973bbec8333c48c059de,0c3f8a7c10b57d102ecc75f1f5338d204d3b075da66df990e863e2b541992902,1
fixture-bank-13:1:source-b:fixture-bank-13:p0003,RFIR,wrong_city,source-b,fixture-bank-13,source-b:fixture-bank-13:p0003,2.6460784761490084,5368ead5eb24d71665f9f7eb19af1099c2f02c9af5bcf0b90d8c2e9f6239a3ab,fixture-base-13,f5927760d3b1814b4517f2d4ec916c38c996cc08756aa052f486f1e0d64db008,cd6fbc5fb7763b3b83939b07a307c9a94efa49be29a928c55fe2712340b36782,1
fixture-bank-13:1:source-b:fixture-bank-13:p0003,RFIR,geometry_destroyed,source-b,fixture-bank-13,source-b:fixture-bank-13:p0003,2.6460784761490084,5368ead5eb24d71665f9f7eb19af1099c2f02c9af5bcf0b90d8c2e9f6239a3ab,fixture-base-13,7d791bc1b6f140f35d78a6d908924b103fe2a2ab82114a3ea2c6baca373154df,668aa1e4b33d38df51f3c5dfb22b1d9eb0dd680eb50ff3d4ee2f3bea8587c66b,1
fixture-bank-13:1:source-b:fixture-bank-13:p0003,RFIR,empty,source-b,fixture-bank-13,source-b:fixture-bank-13:p0003,2.6460784761490084,5368ead5eb24d71665f9f7eb19af1099c2f02c9af5bcf0b90d8c2e9f6239a3ab,fixture-base-13,80422bc3d307b4a25bdafcc84ac7fb01cb55a09810e8b0f37bb12e0edb5c48ca,9e55c822c8873725352f0c67ef4fee4f2aaffcd3ca9f5ff0b09459833c18bb65,1
fixture-bank-13:1:source-b:fixture-bank-13:p0005,RFIR,correct,source-b,fixture-bank-13,source-b:fixture-bank-13:p0005,1.5136726813117771,094f7f24be427dfa9cd516f4b2791bb16c0f0ec5407410bd64d4b517d2bbad65,fixture-base-13,d5562de0e2a83eb75a5283cc308d5029c8fdf9ff8641aa0a418d47978400e998,23bc76fd36d1490877c3d533b77daa34101fee5b32e5371bb67f3a556051ad6d,1
fixture-bank-13:1:source-b:fixture-bank-13:p0005,RFIR,paired_active_alternative,source-b,fixture-bank-13,source-b:fixture-bank-13:p0005,2.960555555411163,094f7f24be427dfa9cd516f4b2791bb16c0f0ec5407410bd64d4b517d2bbad65,fixture-base-13,ff963d85d64acc87d9746e75be8bdebfc2f1270f6df2973bbec8333c48c059de,fb993d1f20d994685cb542c26f2f4d2682566ab8aec49d8a92e473b2f6ecc204,1
fixture-bank-13:1:source-b:fixture-bank-13:p0005,RFIR,paired_null_alternative,source-b,fixture-bank-13,source-b:fixture-bank-13:p0005,1.5136726813117771,094f7f24be427dfa9cd516f4b2791bb16c0f0ec5407410bd64d4b517d2bbad65,fixture-base-13,73b7697b52607a165cb9ffaaa7e5afbfdfa002bc0fab1b1b612fc4d7517991ae,62d7305f77ded3a998ec5b0acdc984ac41047c78d79aa7accc173e097d8f5cb3,1
fixture-bank-13:1:source-b:fixture-bank-13:p0005,RFIR,wrong_city,source-b,fixture-bank-13,source-b:fixture-bank-13:p0005,2.960555555411163,094f7f24be427dfa9cd516f4b2791bb16c0f0ec5407410bd64d4b517d2bbad65,fixture-base-13,f5927760d3b1814b4517f2d4ec916c38c996cc08756aa052f486f1e0d64db008,cd6fbc5fb7763b3b83939b07a307c9a94efa49be29a928c55fe2712340b36782,1
fixture-bank-13:1:source-b:fixture-bank-13:p0005,RFIR,geometry_destroyed,source-b,fixture-bank-13,source-b:fixture-bank-13:p0005,5.984774078912526,094f7f24be427dfa9cd516f4b2791bb16c0f0ec5407410bd64d4b517d2bbad65,fixture-base-13,8bdc27ad141087a1b7870d2945491a5e1e22162969a9e9ac67396ef65037e3e4,668aa1e4b33d38df51f3c5dfb22b1d9eb0dd680eb50ff3d4ee2f3bea8587c66b,1
fixture-bank-13:1:source-b:fixture-bank-13:p0005,RFIR,empty,source-b,fixture-bank-13,source-b:fixture-bank-13:p0005,2.960555555411163,094f7f24be427dfa9cd516f4b2791bb16c0f0ec5407410bd64d4b517d2bbad65,fixture-base-13,80422bc3d307b4a25bdafcc84ac7fb01cb55a09810e8b0f37bb12e0edb5c48ca,9e55c822c8873725352f0c67ef4fee4f2aaffcd3ca9f5ff0b09459833c18bb65,1
fixture-bank-13:1:source-b:fixture-bank-13:p0006,RFIR,correct,source-b,fixture-bank-13,source-b:fixture-bank-13:p0006,0.8745794398886243,26b9d86f48d5a2f362f70ed9d51fb0ad3aae30591059a8d72a8517e3d4831213,fixture-base-13,d5562de0e2a83eb75a5283cc308d5029c8fdf9ff8641aa0a418d47978400e998,23bc76fd36d1490877c3d533b77daa34101fee5b32e5371bb67f3a556051ad6d,1
fixture-bank-13:1:source-b:fixture-bank-13:p0006,RFIR,paired_active_alternative,source-b,fixture-bank-13,source-b:fixture-bank-13:p0006,0.8745794398886243,26b9d86f48d5a2f362f70ed9d51fb0ad3aae30591059a8d72a8517e3d4831213,fixture-base-13,73b7697b52607a165cb9ffaaa7e5afbfdfa002bc0fab1b1b612fc4d7517991ae,eb6f3d8398dcc28c7b1b0b6e56a090a6b00388520f1fe0c728bcbad0f02c09fd,1
fixture-bank-13:1:source-b:fixture-bank-13:p0006,RFIR,paired_null_alternative,source-b,fixture-bank-13,source-b:fixture-bank-13:p0006,2.690459701835769,26b9d86f48d5a2f362f70ed9d51fb0ad3aae30591059a8d72a8517e3d4831213,fixture-base-13,ff963d85d64acc87d9746e75be8bdebfc2f1270f6df2973bbec8333c48c059de,0c3f8a7c10b57d102ecc75f1f5338d204d3b075da66df990e863e2b541992902,1
fixture-bank-13:1:source-b:fixture-bank-13:p0006,RFIR,wrong_city,source-b,fixture-bank-13,source-b:fixture-bank-13:p0006,2.690459701835769,26b9d86f48d5a2f362f70ed9d51fb0ad3aae30591059a8d72a8517e3d4831213,fixture-base-13,f5927760d3b1814b4517f2d4ec916c38c996cc08756aa052f486f1e0d64db008,cd6fbc5fb7763b3b83939b07a307c9a94efa49be29a928c55fe2712340b36782,1
fixture-bank-13:1:source-b:fixture-bank-13:p0006,RFIR,geometry_destroyed,source-b,fixture-bank-13,source-b:fixture-bank-13:p0006,2.690459701835769,26b9d86f48d5a2f362f70ed9d51fb0ad3aae30591059a8d72a8517e3d4831213,fixture-base-13,196cd6ebc58f8f0de6c2265f8b32f7c650dde3894bb964720e4dc9f5b06b9042,668aa1e4b33d38df51f3c5dfb22b1d9eb0dd680eb50ff3d4ee2f3bea8587c66b,1
fixture-bank-13:1:source-b:fixture-bank-13:p0006,RFIR,empty,source-b,fixture-bank-13,source-b:fixture-bank-13:p0006,2.690459701835769,26b9d86f48d5a2f362f70ed9d51fb0ad3aae30591059a8d72a8517e3d4831213,fixture-base-13,80422bc3d307b4a25bdafcc84ac7fb01cb55a09810e8b0f37bb12e0edb5c48ca,9e55c822c8873725352f0c67ef4fee4f2aaffcd3ca9f5ff0b09459833c18bb65,1
fixture-bank-13:1:source-b:fixture-bank-13:p0007,RFIR,correct,source-b,fixture-bank-13,source-b:fixture-bank-13:p0007,4.331845934088134,ace291781a8c7308d3a88252ceffc6391573451821727fde894fcdf005f8b900,fixture-base-13,d5562de0e2a83eb75a5283cc308d5029c8fdf9ff8641aa0a418d47978400e998,23bc76fd36d1490877c3d533b77daa34101fee5b32e5371bb67f3a556051ad6d,1
fixture-bank-13:1:source-b:fixture-bank-13:p0007,RFIR,paired_active_alternative,source-b,fixture-bank-13,source-b:fixture-bank-13:p0007,4.331845934088134,ace291781a8c7308d3a88252ceffc6391573451821727fde894fcdf005f8b900,fixture-base-13,73b7697b52607a165cb9ffaaa7e5afbfdfa002bc0fab1b1b612fc4d7517991ae,eb6f3d8398dcc28c7b1b0b6e56a090a6b00388520f1fe0c728bcbad0f02c09fd,1
fixture-bank-13:1:source-b:fixture-bank-13:p0007,RFIR,paired_null_alternative,source-b,fixture-bank-13,source-b:fixture-bank-13:p0007,3.6384850428718565,ace291781a8c7308d3a88252ceffc6391573451821727fde894fcdf005f8b900,fixture-base-13,ff963d85d64acc87d9746e75be8bdebfc2f1270f6df2973bbec8333c48c059de,0c3f8a7c10b57d102ecc75f1f5338d204d3b075da66df990e863e2b541992902,1
fixture-bank-13:1:source-b:fixture-bank-13:p0007,RFIR,wrong_city,source-b,fixture-bank-13,source-b:fixture-bank-13:p0007,3.6384850428718565,ace291781a8c7308d3a88252ceffc6391573451821727fde894fcdf005f8b900,fixture-base-13,f5927760d3b1814b4517f2d4ec916c38c996cc08756aa052f486f1e0d64db008,cd6fbc5fb7763b3b83939b07a307c9a94efa49be29a928c55fe2712340b36782,1
fixture-bank-13:1:source-b:fixture-bank-13:p0007,RFIR,geometry_destroyed,source-b,fixture-bank-13,source-b:fixture-bank-13:p0007,1.6627955967814865,ace291781a8c7308d3a88252ceffc6391573451821727fde894fcdf005f8b900,fixture-base-13,5bb95fdad22ba249daf63b14850c2ed2b23ef488ae200cc82d57a3cae1739835,668aa1e4b33d38df51f3c5dfb22b1d9eb0dd680eb50ff3d4ee2f3bea8587c66b,1
fixture-bank-13:1:source-b:fixture-bank-13:p0007,RFIR,empty,source-b,fixture-bank-13,source-b:fixture-bank-13:p0007,3.6384850428718565,ace291781a8c7308d3a88252ceffc6391573451821727fde894fcdf005f8b900,fixture-base-13,80422bc3d307b4a25bdafcc84ac7fb01cb55a09810e8b0f37bb12e0edb5c48ca,9e55c822c8873725352f0c67ef4fee4f2aaffcd3ca9f5ff0b09459833c18bb65,1
fixture-bank-13:2:source-b:fixture-bank-13:p0000,RFIR,correct,source-b,fixture-bank-13,source-b:fixture-bank-13:p0000,3.6529216478179425,a0734cf93d908f661885862fe05fa47ec610d0f02882a3d14fac85c955e7cc23,fixture-base-13,951bcb74358e1e4e230d49916479269dba31a44b603453729743a4e281303dfc,23bc76fd36d1490877c3d533b77daa34101fee5b32e5371bb67f3a556051ad6d,1
fixture-bank-13:2:source-b:fixture-bank-13:p0000,RFIR,paired_active_alternative,source-b,fixture-bank-13,source-b:fixture-bank-13:p0000,3.6529216478179425,a0734cf93d908f661885862fe05fa47ec610d0f02882a3d14fac85c955e7cc23,fixture-base-13,73b7697b52607a165cb9ffaaa7e5afbfdfa002bc0fab1b1b612fc4d7517991ae,9342cf861ca09ede8f2ad330b0a43fc44a87f29cd4b4f300a32223abbd8ff439,1
fixture-bank-13:2:source-b:fixture-bank-13:p0000,RFIR,paired_null_alternative,source-b,fixture-bank-13,source-b:fixture-bank-13:p0000,1.9538476848575657,a0734cf93d908f661885862fe05fa47ec610d0f02882a3d14fac85c955e7cc23,fixture-base-13,ff963d85d64acc87d9746e75be8bdebfc2f1270f6df2973bbec8333c48c059de,dc604e21f06e2238c055dda77df6b29500b87d1ccd6f1220d16d28e0132afd63,1
fixture-bank-13:2:source-b:fixture-bank-13:p0000,RFIR,wrong_city,source-b,fixture-bank-13,source-b:fixture-bank-13:p0000,1.9538476848575657,a0734cf93d908f661885862fe05fa47ec610d0f02882a3d14fac85c955e7cc23,fixture-base-13,f5927760d3b1814b4517f2d4ec916c38c996cc08756aa052f486f1e0d64db008,cd6fbc5fb7763b3b83939b07a307c9a94efa49be29a928c55fe2712340b36782,1
fixture-bank-13:2:source-b:fixture-bank-13:p0000,RFIR,geometry_destroyed,source-b,fixture-bank-13,source-b:fixture-bank-13:p0000,3.652921647817943,a0734cf93d908f661885862fe05fa47ec610d0f02882a3d14fac85c955e7cc23,fixture-base-13,97dee46121e974d19fafc11d89ea7d5311695fc33ba2419d2247f4a3c1100501,668aa1e4b33d38df51f3c5dfb22b1d9eb0dd680eb50ff3d4ee2f3bea8587c66b,1
fixture-bank-13:2:source-b:fixture-bank-13:p0000,RFIR,empty,source-b,fixture-bank-13,source-b:fixture-bank-13:p0000,1.9538476848575657,a0734cf93d908f661885862fe05fa47ec610d0f02882a3d14fac85c955e7cc23,fixture-base-13,80422bc3d307b4a25bdafcc84ac7fb01cb55a09810e8b0f37bb12e0edb5c48ca,9e55c822c8873725352f0c67ef4fee4f2aaffcd3ca9f5ff0b09459833c18bb65,1
fixture-bank-13:2:source-b:fixture-bank-13:p0001,RFIR,correct,source-b,fixture-bank-13,source-b:fixture-bank-13:p0001,3.403039622214251,dd125d19bb951e58cca41e945f1157150b07fb5e5f05d277a75954ba5875f494,fixture-base-13,951bcb74358e1e4e230d49916479269dba31a44b603453729743a4e281303dfc,23bc76fd36d1490877c3d533b77daa34101fee5b32e5371bb67f3a556051ad6d,1
fixture-bank-13:2:source-b:fixture-bank-13:p0001,RFIR,paired_active_alternative,source-b,fixture-bank-13,source-b:fixture-bank-13:p0001,3.403039622214251,dd125d19bb951e58cca41e945f1157150b07fb5e5f05d277a75954ba5875f494,fixture-base-13,73b7697b52607a165cb9ffaaa7e5afbfdfa002bc0fab1b1b612fc4d7517991ae,9342cf861ca09ede8f2ad330b0a43fc44a87f29cd4b4f300a32223abbd8ff439,1
fixture-bank-13:2:source-b:fixture-bank-13:p0001,RFIR,paired_null_alternative,source-b,fixture-bank-13,source-b:fixture-bank-13:p0001,1.4333048806469708,dd125d19bb951e58cca41e945f1157150b07fb5e5f05d277a75954ba5875f494,fixture-base-13,ff963d85d64acc87d9746e75be8bdebfc2f1270f6df2973bbec8333c48c059de,dc604e21f06e2238c055dda77df6b29500b87d1ccd6f1220d16d28e0132afd63,1
fixture-bank-13:2:source-b:fixture-bank-13:p0001,RFIR,wrong_city,source-b,fixture-bank-13,source-b:fixture-bank-13:p0001,1.4333048806469708,dd125d19bb951e58cca41e945f1157150b07fb5e5f05d277a75954ba5875f494,fixture-base-13,f5927760d3b1814b4517f2d4ec916c38c996cc08756aa052f486f1e0d64db008,cd6fbc5fb7763b3b83939b07a307c9a94efa49be29a928c55fe2712340b36782,1
fixture-bank-13:2:source-b:fixture-bank-13:p0001,RFIR,geometry_destroyed,source-b,fixture-bank-13,source-b:fixture-bank-13:p0001,1.4333048806469708,dd125d19bb951e58cca41e945f1157150b07fb5e5f05d277a75954ba5875f494,fixture-base-13,38bce82024c951dce0561f4fdad6f7282ba5cc42f0d48f0eac9fc671d64cd8a6,668aa1e4b33d38df51f3c5dfb22b1d9eb0dd680eb50ff3d4ee2f3bea8587c66b,1
fixture-bank-13:2:source-b:fixture-bank-13:p0001,RFIR,empty,source-b,fixture-bank-13,source-b:fixture-bank-13:p0001,1.4333048806469708,dd125d19bb951e58cca41e945f1157150b07fb5e5f05d277a75954ba5875f494,fixture-base-13,80422bc3d307b4a25bdafcc84ac7fb01cb55a09810e8b0f37bb12e0edb5c48ca,9e55c822c8873725352f0c67ef4fee4f2aaffcd3ca9f5ff0b09459833c18bb65,1
fixture-bank-13:2:source-b:fixture-bank-13:p0003,RFIR,correct,source-b,fixture-bank-13,source-b:fixture-bank-13:p0003,3.5394981411794446,05cc771e6afca109f5d2c35f3a40e53d50ee00651179a1b764713af70c9e5478,fixture-base-13,951bcb74358e1e4e230d49916479269dba31a44b603453729743a4e281303dfc,23bc76fd36d1490877c3d533b77daa34101fee5b32e5371bb67f3a556051ad6d,1
fixture-bank-13:2:source-b:fixture-bank-13:p0003,RFIR,paired_active_alternative,source-b,fixture-bank-13,source-b:fixture-bank-13:p0003,2.6460784761490084,05cc771e6afca109f5d2c35f3a40e53d50ee00651179a1b764713af70c9e5478,fixture-base-13,ff963d85d64acc87d9746e75be8bdebfc2f1270f6df2973bbec8333c48c059de,0b31628d91747416d598239ad80b02ecfc0fae08307e393cee01fb056f795e98,1
fixture-bank-13:2:source-b:fixture-bank-13:p0003,RFIR,paired_null_alternative,source-b,fixture-bank-13,source-b:fixture-bank-13:p0003,3.5394981411794446,05cc771e6afca109f5d2c35f3a40e53d50ee00651179a1b764713af70c9e5478,fixture-base-13,73b7697b52607a165cb9ffaaa7e5afbfdfa002bc0fab1b1b612fc4d7517991ae,5fc3415ed5103230b624481971a0a9602b76f4a7dd5023483aded77a1c493001,1
fixture-bank-13:2:source-b:fixture-bank-13:p0003,RFIR,wrong_city,source-b,fixture-bank-13,source-b:fixture-bank-13:p0003,2.6460784761490084,05cc771e6afca109f5d2c35f3a40e53d50ee00651179a1b764713af70c9e5478,fixture-base-13,f5927760d3b1814b4517f2d4ec916c38c996cc08756aa052f486f1e0d64db008,cd6fbc5fb7763b3b83939b07a307c9a94efa49be29a928c55fe2712340b36782,1
fixture-bank-13:2:source-b:fixture-bank-13:p0003,RFIR,geometry_destroyed,source-b,fixture-bank-13,source-b:fixture-bank-13:p0003,0.726668487972846,05cc771e6afca109f5d2c35f3a40e53d50ee00651179a1b764713af70c9e5478,fixture-base-13,bc6d969d1599ebf14270502d482d697cffc065b1f0468be5e113382e22fe595f,668aa1e4b33d38df51f3c5dfb22b1d9eb0dd680eb50ff3d4ee2f3bea8587c66b,1
fixture-bank-13:2:source-b:fixture-bank-13:p0003,RFIR,empty,source-b,fixture-bank-13,source-b:fixture-bank-13:p0003,2.6460784761490084,05cc771e6afca109f5d2c35f3a40e53d50ee00651179a1b764713af70c9e5478,fixture-base-13,80422bc3d307b4a25bdafcc84ac7fb01cb55a09810e8b0f37bb12e0edb5c48ca,9e55c822c8873725352f0c67ef4fee4f2aaffcd3ca9f5ff0b09459833c18bb65,1
fixture-bank-13:2:source-b:fixture-bank-13:p0005,RFIR,correct,source-b,fixture-bank-13,source-b:fixture-bank-13:p0005,1.5136726813117771,7eb47e7965a75aa0bcc24ac320031df425ad4fd68a997bac7eed8315603bcb32,fixture-base-13,951bcb74358e1e4e230d49916479269dba31a44b603453729743a4e281303dfc,23bc76fd36d1490877c3d533b77daa34101fee5b32e5371bb67f3a556051ad6d,1
fixture-bank-13:2:source-b:fixture-bank-13:p0005,RFIR,paired_active_alternative,source-b,fixture-bank-13,source-b:fixture-bank-13:p0005,1.5136726813117771,7eb47e7965a75aa0bcc24ac320031df425ad4fd68a997bac7eed8315603bcb32,fixture-base-13,73b7697b52607a165cb9ffaaa7e5afbfdfa002bc0fab1b1b612fc4d7517991ae,9342cf861ca09ede8f2ad330b0a43fc44a87f29cd4b4f300a32223abbd8ff439,1
fixture-bank-13:2:source-b:fixture-bank-13:p0005,RFIR,paired_null_alternative,source-b,fixture-bank-13,source-b:fixture-bank-13:p0005,2.960555555411163,7eb47e7965a75aa0bcc24ac320031df425ad4fd68a997bac7eed8315603bcb32,fixture-base-13,ff963d85d64acc87d9746e75be8bdebfc2f1270f6df2973bbec8333c48c059de,dc604e21f06e2238c055dda77df6b29500b87d1ccd6f1220d16d28e0132afd63,1
fixture-bank-13:2:source-b:fixture-bank-13:p0005,RFIR,wrong_city,source-b,fixture-bank-13,source-b:fixture-bank-13:p0005,2.960555555411163,7eb47e7965a75aa0bcc24ac320031df425ad4fd68a997bac7eed8315603bcb32,fixture-base-13,f5927760d3b1814b4517f2d4ec916c38c996cc08756aa052f486f1e0d64db008,cd6fbc5fb7763b3b83939b07a307c9a94efa49be29a928c55fe2712340b36782,1
fixture-bank-13:2:source-b:fixture-bank-13:p0005,RFIR,geometry_destroyed,source-b,fixture-bank-13,source-b:fixture-bank-13:p0005,3.652921647817943,7eb47e7965a75aa0bcc24ac320031df425ad4fd68a997bac7eed8315603bcb32,fixture-base-13,f7e3ac8aa731cb7f99c4afcc8760c80d56a14d251357324b63b355921fa23745,668aa1e4b33d38df51f3c5dfb22b1d9eb0dd680eb50ff3d4ee2f3bea8587c66b,1
fixture-bank-13:2:source-b:fixture-bank-13:p0005,RFIR,empty,source-b,fixture-bank-13,source-b:fixture-bank-13:p0005,2.960555555411163,7eb47e7965a75aa0bcc24ac320031df425ad4fd68a997bac7eed8315603bcb32,fixture-base-13,80422bc3d307b4a25bdafcc84ac7fb01cb55a09810e8b0f37bb12e0edb5c48ca,9e55c822c8873725352f0c67ef4fee4f2aaffcd3ca9f5ff0b09459833c18bb65,1
fixture-bank-13:2:source-b:fixture-bank-13:p0006,RFIR,correct,source-b,fixture-bank-13,source-b:fixture-bank-13:p0006,0.8745794398886243,09f2e8b008313e171ef237cba3cbd7227bd4b33278bd9cf3086dee98f99a49a4,fixture-base-13,951bcb74358e1e4e230d49916479269dba31a44b603453729743a4e281303dfc,23bc76fd36d1490877c3d533b77daa34101fee5b32e5371bb67f3a556051ad6d,1
fixture-bank-13:2:source-b:fixture-bank-13:p0006,RFIR,paired_active_alternative,source-b,fixture-bank-13,source-b:fixture-bank-13:p0006,2.690459701835769,09f2e8b008313e171ef237cba3cbd7227bd4b33278bd9cf3086dee98f99a49a4,fixture-base-13,ff963d85d64acc87d9746e75be8bdebfc2f1270f6df2973bbec8333c48c059de,0b31628d91747416d598239ad80b02ecfc0fae08307e393cee01fb056f795e98,1
fixture-bank-13:2:source-b:fixture-bank-13:p0006,RFIR,paired_null_alternative,source-b,fixture-bank-13,source-b:fixture-bank-13:p0006,0.8745794398886243,09f2e8b008313e171ef237cba3cbd7227bd4b33278bd9cf3086dee98f99a49a4,fixture-base-13,73b7697b52607a165cb9ffaaa7e5afbfdfa002bc0fab1b1b612fc4d7517991ae,5fc3415ed5103230b624481971a0a9602b76f4a7dd5023483aded77a1c493001,1
fixture-bank-13:2:source-b:fixture-bank-13:p0006,RFIR,wrong_city,source-b,fixture-bank-13,source-b:fixture-bank-13:p0006,2.690459701835769,09f2e8b008313e171ef237cba3cbd7227bd4b33278bd9cf3086dee98f99a49a4,fixture-base-13,f5927760d3b1814b4517f2d4ec916c38c996cc08756aa052f486f1e0d64db008,cd6fbc5fb7763b3b83939b07a307c9a94efa49be29a928c55fe2712340b36782,1
fixture-bank-13:2:source-b:fixture-bank-13:p0006,RFIR,geometry_destroyed,source-b,fixture-bank-13,source-b:fixture-bank-13:p0006,2.960555555411163,09f2e8b008313e171ef237cba3cbd7227bd4b33278bd9cf3086dee98f99a49a4,fixture-base-13,6d68b39832f12374d627157abf3d7f89be12e059264c5063cc053d1925e873ae,668aa1e4b33d38df51f3c5dfb22b1d9eb0dd680eb50ff3d4ee2f3bea8587c66b,1
fixture-bank-13:2:source-b:fixture-bank-13:p0006,RFIR,empty,source-b,fixture-bank-13,source-b:fixture-bank-13:p0006,2.690459701835769,09f2e8b008313e171ef237cba3cbd7227bd4b33278bd9cf3086dee98f99a49a4,fixture-base-13,80422bc3d307b4a25bdafcc84ac7fb01cb55a09810e8b0f37bb12e0edb5c48ca,9e55c822c8873725352f0c67ef4fee4f2aaffcd3ca9f5ff0b09459833c18bb65,1
fixture-bank-13:2:source-b:fixture-bank-13:p0007,RFIR,correct,source-b,fixture-bank-13,source-b:fixture-bank-13:p0007,4.331845934088134,478bc4ea6d57ccc03fcae5a1bc9fe6dbef7dfa5103d04c84d025c6113d2cd177,fixture-base-13,951bcb74358e1e4e230d49916479269dba31a44b603453729743a4e281303dfc,23bc76fd36d1490877c3d533b77daa34101fee5b32e5371bb67f3a556051ad6d,1
fixture-bank-13:2:source-b:fixture-bank-13:p0007,RFIR,paired_active_alternative,source-b,fixture-bank-13,source-b:fixture-bank-13:p0007,3.6384850428718565,478bc4ea6d57ccc03fcae5a1bc9fe6dbef7dfa5103d04c84d025c6113d2cd177,fixture-base-13,ff963d85d64acc87d9746e75be8bdebfc2f1270f6df2973bbec8333c48c059de,0b31628d91747416d598239ad80b02ecfc0fae08307e393cee01fb056f795e98,1
fixture-bank-13:2:source-b:fixture-bank-13:p0007,RFIR,paired_null_alternative,source-b,fixture-bank-13,source-b:fixture-bank-13:p0007,4.331845934088134,478bc4ea6d57ccc03fcae5a1bc9fe6dbef7dfa5103d04c84d025c6113d2cd177,fixture-base-13,73b7697b52607a165cb9ffaaa7e5afbfdfa002bc0fab1b1b612fc4d7517991ae,5fc3415ed5103230b624481971a0a9602b76f4a7dd5023483aded77a1c493001,1
fixture-bank-13:2:source-b:fixture-bank-13:p0007,RFIR,wrong_city,source-b,fixture-bank-13,source-b:fixture-bank-13:p0007,3.6384850428718565,478bc4ea6d57ccc03fcae5a1bc9fe6dbef7dfa5103d04c84d025c6113d2cd177,fixture-base-13,f5927760d3b1814b4517f2d4ec916c38c996cc08756aa052f486f1e0d64db008,cd6fbc5fb7763b3b83939b07a307c9a94efa49be29a928c55fe2712340b36782,1
fixture-bank-13:2:source-b:fixture-bank-13:p0007,RFIR,geometry_destroyed,source-b,fixture-bank-13,source-b:fixture-bank-13:p0007,1.6627955967814865,478bc4ea6d57ccc03fcae5a1bc9fe6dbef7dfa5103d04c84d025c6113d2cd177,fixture-base-13,c551236e11a206e9643e9e37254fb062b283fcb618f01118c018798f2e0110b3,668aa1e4b33d38df51f3c5dfb22b1d9eb0dd680eb50ff3d4ee2f3bea8587c66b,1
fixture-bank-13:2:source-b:fixture-bank-13:p0007,RFIR,empty,source-b,fixture-bank-13,source-b:fixture-bank-13:p0007,3.6384850428718565,478bc4ea6d57ccc03fcae5a1bc9fe6dbef7dfa5103d04c84d025c6113d2cd177,fixture-base-13,80422bc3d307b4a25bdafcc84ac7fb01cb55a09810e8b0f37bb12e0edb5c48ca,9e55c822c8873725352f0c67ef4fee4f2aaffcd3ca9f5ff0b09459833c18bb65,1
fixture-bank-13:3:source-b:fixture-bank-13:p0000,RFIR,correct,source-b,fixture-bank-13,source-b:fixture-bank-13:p0000,3.6529216478179425,40e4e407a3871692c42b67fa88d296a87f4bb393b1066356335b1c6d2bf5c106,fixture-base-13,73b7697b52607a165cb9ffaaa7e5afbfdfa002bc0fab1b1b612fc4d7517991ae,23bc76fd36d1490877c3d533b77daa34101fee5b32e5371bb67f3a556051ad6d,1
fixture-bank-13:3:source-b:fixture-bank-13:p0000,RFIR,paired_active_alternative,source-b,fixture-bank-13,source-b:fixture-bank-13:p0000,3.6529216478179425,40e4e407a3871692c42b67fa88d296a87f4bb393b1066356335b1c6d2bf5c106,fixture-base-13,951bcb74358e1e4e230d49916479269dba31a44b603453729743a4e281303dfc,97b2eed7561b9b0b588bd3d6f9dddecdaffbb7108cdc42da9a790983014d7d96,1
fixture-bank-13:3:source-b:fixture-bank-13:p0000,RFIR,paired_null_alternative,source-b,fixture-bank-13,source-b:fixture-bank-13:p0000,3.6529216478179425,40e4e407a3871692c42b67fa88d296a87f4bb393b1066356335b1c6d2bf5c106,fixture-base-13,d5562de0e2a83eb75a5283cc308d5029c8fdf9ff8641aa0a418d47978400e998,14f7b4bb8939321a89fa1b1e75fc43492f4b38d1db765e75a0137c831a245f58,1
fixture-bank-13:3:source-b:fixture-bank-13:p0000,RFIR,wrong_city,source-b,fixture-bank-13,source-b:fixture-bank-13:p0000,1.9538476848575657,40e4e407a3871692c42b67fa88d296a87f4bb393b1066356335b1c6d2bf5c106,fixture-base-13,f5927760d3b1814b4517f2d4ec916c38c996cc08756aa052f486f1e0d64db008,cd6fbc5fb7763b3b83939b07a307c9a94efa49be29a928c55fe2712340b36782,1
fixture-bank-13:3:source-b:fixture-bank-13:p0000,RFIR,geometry_destroyed,source-b,fixture-bank-13,source-b:fixture-bank-13:p0000,4.782274809603756,40e4e407a3871692c42b67fa88d296a87f4bb393b1066356335b1c6d2bf5c106,fixture-base-13,520b4be4d352c1adac880faf3c5e101759b32510ef32980bb362d7469eb7e690,668aa1e4b33d38df51f3c5dfb22b1d9eb0dd680eb50ff3d4ee2f3bea8587c66b,1
fixture-bank-13:3:source-b:fixture-bank-13:p0000,RFIR,empty,source-b,fixture-bank-13,source-b:fixture-bank-13:p0000,1.9538476848575657,40e4e407a3871692c42b67fa88d296a87f4bb393b1066356335b1c6d2bf5c106,fixture-base-13,80422bc3d307b4a25bdafcc84ac7fb01cb55a09810e8b0f37bb12e0edb5c48ca,9e55c822c8873725352f0c67ef4fee4f2aaffcd3ca9f5ff0b09459833c18bb65,1
fixture-bank-13:3:source-b:fixture-bank-13:p0001,RFIR,correct,source-b,fixture-bank-13,source-b:fixture-bank-13:p0001,3.403039622214251,ca3cb165216ca5adc6a6534a1ba142f78a600467c2254af194d14255abeb9381,fixture-base-13,73b7697b52607a165cb9ffaaa7e5afbfdfa002bc0fab1b1b612fc4d7517991ae,23bc76fd36d1490877c3d533b77daa34101fee5b32e5371bb67f3a556051ad6d,1
fixture-bank-13:3:source-b:fixture-bank-13:p0001,RFIR,paired_active_alternative,source-b,fixture-bank-13,source-b:fixture-bank-13:p0001,3.403039622214251,ca3cb165216ca5adc6a6534a1ba142f78a600467c2254af194d14255abeb9381,fixture-base-13,951bcb74358e1e4e230d49916479269dba31a44b603453729743a4e281303dfc,97b2eed7561b9b0b588bd3d6f9dddecdaffbb7108cdc42da9a790983014d7d96,1
fixture-bank-13:3:source-b:fixture-bank-13:p0001,RFIR,paired_null_alternative,source-b,fixture-bank-13,source-b:fixture-bank-13:p0001,3.403039622214251,ca3cb165216ca5adc6a6534a1ba142f78a600467c2254af194d14255abeb9381,fixture-base-13,d5562de0e2a83eb75a5283cc308d5029c8fdf9ff8641aa0a418d47978400e998,14f7b4bb8939321a89fa1b1e75fc43492f4b38d1db765e75a0137c831a245f58,1
fixture-bank-13:3:source-b:fixture-bank-13:p0001,RFIR,wrong_city,source-b,fixture-bank-13,source-b:fixture-bank-13:p0001,1.4333048806469708,ca3cb165216ca5adc6a6534a1ba142f78a600467c2254af194d14255abeb9381,fixture-base-13,f5927760d3b1814b4517f2d4ec916c38c996cc08756aa052f486f1e0d64db008,cd6fbc5fb7763b3b83939b07a307c9a94efa49be29a928c55fe2712340b36782,1
fixture-bank-13:3:source-b:fixture-bank-13:p0001,RFIR,geometry_destroyed,source-b,fixture-bank-13,source-b:fixture-bank-13:p0001,1.4333048806469708,ca3cb165216ca5adc6a6534a1ba142f78a600467c2254af194d14255abeb9381,fixture-base-13,5182fa001b6d253a793bf9280394090d189d02b61166d57d8b964c5166cd8613,668aa1e4b33d38df51f3c5dfb22b1d9eb0dd680eb50ff3d4ee2f3bea8587c66b,1
fixture-bank-13:3:source-b:fixture-bank-13:p0001,RFIR,empty,source-b,fixture-bank-13,source-b:fixture-bank-13:p0001,1.4333048806469708,ca3cb165216ca5adc6a6534a1ba142f78a600467c2254af194d14255abeb9381,fixture-base-13,80422bc3d307b4a25bdafcc84ac7fb01cb55a09810e8b0f37bb12e0edb5c48ca,9e55c822c8873725352f0c67ef4fee4f2aaffcd3ca9f5ff0b09459833c18bb65,1
fixture-bank-13:3:source-b:fixture-bank-13:p0003,RFIR,correct,source-b,fixture-bank-13,source-b:fixture-bank-13:p0003,3.5394981411794446,36e61731338c5ace236f37679f30f0770a1f1bcb37890a26103afce1bb6920bc,fixture-base-13,73b7697b52607a165cb9ffaaa7e5afbfdfa002bc0fab1b1b612fc4d7517991ae,23bc76fd36d1490877c3d533b77daa34101fee5b32e5371bb67f3a556051ad6d,1
fixture-bank-13:3:source-b:fixture-bank-13:p0003,RFIR,paired_active_alternative,source-b,fixture-bank-13,source-b:fixture-bank-13:p0003,3.5394981411794446,36e61731338c5ace236f37679f30f0770a1f1bcb37890a26103afce1bb6920bc,fixture-base-13,d5562de0e2a83eb75a5283cc308d5029c8fdf9ff8641aa0a418d47978400e998,206068a1ce872629c58e270c88b151c7dfc3808ae0bfc81c287415931ac1ed09,1
fixture-bank-13:3:source-b:fixture-bank-13:p0003,RFIR,paired_null_alternative,source-b,fixture-bank-13,source-b:fixture-bank-13:p0003,3.5394981411794446,36e61731338c5ace236f37679f30f0770a1f1bcb37890a26103afce1bb6920bc,fixture-base-13,951bcb74358e1e4e230d49916479269dba31a44b603453729743a4e281303dfc,6b8479198747206bea03ca2071f5f5cbe29025498fdebfd3077e6a17c27b5927,1
fixture-bank-13:3:source-b:fixture-bank-13:p0003,RFIR,wrong_city,source-b,fixture-bank-13,source-b:fixture-bank-13:p0003,2.6460784761490084,36e61731338c5ace236f37679f30f0770a1f1bcb37890a26103afce1bb6920bc,fixture-base-13,f5927760d3b1814b4517f2d4ec916c38c996cc08756aa052f486f1e0d64db008,cd6fbc5fb7763b3b83939b07a307c9a94efa49be29a928c55fe2712340b36782,1
fixture-bank-13:3:source-b:fixture-bank-13:p0003,RFIR,geometry_destroyed,source-b,fixture-bank-13,source-b:fixture-bank-13:p0003,2.460561497074688,36e61731338c5ace236f37679f30f0770a1f1bcb37890a26103afce1bb6920bc,fixture-base-13,ed99811a4d0c67f7e672303de1330113602590138068ab8c296517ba3dc59b9e,668aa1e4b33d38df51f3c5dfb22b1d9eb0dd680eb50ff3d4ee2f3bea8587c66b,1
fixture-bank-13:3:source-b:fixture-bank-13:p0003,RFIR,empty,source-b,fixture-bank-13,source-b:fixture-bank-13:p0003,2.6460784761490084,36e61731338c5ace236f37679f30f0770a1f1bcb37890a26103afce1bb6920bc,fixture-base-13,80422bc3d307b4a25bdafcc84ac7fb01cb55a09810e8b0f37bb12e0edb5c48ca,9e55c822c8873725352f0c67ef4fee4f2aaffcd3ca9f5ff0b09459833c18bb65,1
fixture-bank-13:3:source-b:fixture-bank-13:p0005,RFIR,correct,source-b,fixture-bank-13,source-b:fixture-bank-13:p0005,1.5136726813117771,3a6451c13bba20ff0e4a3b5c7f8271c0e54eb19ca164d39624f9e3492b8f6113,fixture-base-13,73b7697b52607a165cb9ffaaa7e5afbfdfa002bc0fab1b1b612fc4d7517991ae,23bc76fd36d1490877c3d533b77daa34101fee5b32e5371bb67f3a556051ad6d,1
fixture-bank-13:3:source-b:fixture-bank-13:p0005,RFIR,paired_active_alternative,source-b,fixture-bank-13,source-b:fixture-bank-13:p0005,1.5136726813117771,3a6451c13bba20ff0e4a3b5c7f8271c0e54eb19ca164d39624f9e3492b8f6113,fixture-base-13,951bcb74358e1e4e230d49916479269dba31a44b603453729743a4e281303dfc,97b2eed7561b9b0b588bd3d6f9dddecdaffbb7108cdc42da9a790983014d7d96,1
fixture-bank-13:3:source-b:fixture-bank-13:p0005,RFIR,paired_null_alternative,source-b,fixture-bank-13,source-b:fixture-bank-13:p0005,1.5136726813117771,3a6451c13bba20ff0e4a3b5c7f8271c0e54eb19ca164d39624f9e3492b8f6113,fixture-base-13,d5562de0e2a83eb75a5283cc308d5029c8fdf9ff8641aa0a418d47978400e998,14f7b4bb8939321a89fa1b1e75fc43492f4b38d1db765e75a0137c831a245f58,1
fixture-bank-13:3:source-b:fixture-bank-13:p0005,RFIR,wrong_city,source-b,fixture-bank-13,source-b:fixture-bank-13:p0005,2.960555555411163,3a6451c13bba20ff0e4a3b5c7f8271c0e54eb19ca164d39624f9e3492b8f6113,fixture-base-13,f5927760d3b1814b4517f2d4ec916c38c996cc08756aa052f486f1e0d64db008,cd6fbc5fb7763b3b83939b07a307c9a94efa49be29a928c55fe2712340b36782,1
fixture-bank-13:3:source-b:fixture-bank-13:p0005,RFIR,geometry_destroyed,source-b,fixture-bank-13,source-b:fixture-bank-13:p0005,2.960555555411163,3a6451c13bba20ff0e4a3b5c7f8271c0e54eb19ca164d39624f9e3492b8f6113,fixture-base-13,7ee0ecef996a6fa545b42401fb6424bb9888c48da3e55321eef2452033803b24,668aa1e4b33d38df51f3c5dfb22b1d9eb0dd680eb50ff3d4ee2f3bea8587c66b,1
fixture-bank-13:3:source-b:fixture-bank-13:p0005,RFIR,empty,source-b,fixture-bank-13,source-b:fixture-bank-13:p0005,2.960555555411163,3a6451c13bba20ff0e4a3b5c7f8271c0e54eb19ca164d39624f9e3492b8f6113,fixture-base-13,80422bc3d307b4a25bdafcc84ac7fb01cb55a09810e8b0f37bb12e0edb5c48ca,9e55c822c8873725352f0c67ef4fee4f2aaffcd3ca9f5ff0b09459833c18bb65,1
fixture-bank-13:3:source-b:fixture-bank-13:p0006,RFIR,correct,source-b,fixture-bank-13,source-b:fixture-bank-13:p0006,0.8745794398886243,51eb42d4d5c5cb641a8610c9578e9964a5dce1854fb6485deae4561cebfb7200,fixture-base-13,73b7697b52607a165cb9ffaaa7e5afbfdfa002bc0fab1b1b612fc4d7517991ae,23bc76fd36d1490877c3d533b77daa34101fee5b32e5371bb67f3a556051ad6d,1
fixture-bank-13:3:source-b:fixture-bank-13:p0006,RFIR,paired_active_alternative,source-b,fixture-bank-13,source-b:fixture-bank-13:p0006,0.8745794398886243,51eb42d4d5c5cb641a8610c9578e9964a5dce1854fb6485deae4561cebfb7200,fixture-base-13,d5562de0e2a83eb75a5283cc308d5029c8fdf9ff8641aa0a418d47978400e998,206068a1ce872629c58e270c88b151c7dfc3808ae0bfc81c287415931ac1ed09,1
fixture-bank-13:3:source-b:fixture-bank-13:p0006,RFIR,paired_null_alternative,source-b,fixture-bank-13,source-b:fixture-bank-13:p0006,0.8745794398886243,51eb42d4d5c5cb641a8610c9578e9964a5dce1854fb6485deae4561cebfb7200,fixture-base-13,951bcb74358e1e4e230d49916479269dba31a44b603453729743a4e281303dfc,6b8479198747206bea03ca2071f5f5cbe29025498fdebfd3077e6a17c27b5927,1
fixture-bank-13:3:source-b:fixture-bank-13:p0006,RFIR,wrong_city,source-b,fixture-bank-13,source-b:fixture-bank-13:p0006,2.690459701835769,51eb42d4d5c5cb641a8610c9578e9964a5dce1854fb6485deae4561cebfb7200,fixture-base-13,f5927760d3b1814b4517f2d4ec916c38c996cc08756aa052f486f1e0d64db008,cd6fbc5fb7763b3b83939b07a307c9a94efa49be29a928c55fe2712340b36782,1
fixture-bank-13:3:source-b:fixture-bank-13:p0006,RFIR,geometry_destroyed,source-b,fixture-bank-13,source-b:fixture-bank-13:p0006,4.820640352401558,51eb42d4d5c5cb641a8610c9578e9964a5dce1854fb6485deae4561cebfb7200,fixture-base-13,dab7bc22d89efc88cf1299d8e5486b2f25cd46500cddd36c553b4f31f5c359d2,668aa1e4b33d38df51f3c5dfb22b1d9eb0dd680eb50ff3d4ee2f3bea8587c66b,1
fixture-bank-13:3:source-b:fixture-bank-13:p0006,RFIR,empty,source-b,fixture-bank-13,source-b:fixture-bank-13:p0006,2.690459701835769,51eb42d4d5c5cb641a8610c9578e9964a5dce1854fb6485deae4561cebfb7200,fixture-base-13,80422bc3d307b4a25bdafcc84ac7fb01cb55a09810e8b0f37bb12e0edb5c48ca,9e55c822c8873725352f0c67ef4fee4f2aaffcd3ca9f5ff0b09459833c18bb65,1
fixture-bank-13:3:source-b:fixture-bank-13:p0007,RFIR,correct,source-b,fixture-bank-13,source-b:fixture-bank-13:p0007,4.331845934088134,37cebf427e1559860e421cb4c8da54da14bb5a4b1b72add4fd6d4c5078c4cfc0,fixture-base-13,73b7697b52607a165cb9ffaaa7e5afbfdfa002bc0fab1b1b612fc4d7517991ae,23bc76fd36d1490877c3d533b77daa34101fee5b32e5371bb67f3a556051ad6d,1
fixture-bank-13:3:source-b:fixture-bank-13:p0007,RFIR,paired_active_alternative,source-b,fixture-bank-13,source-b:fixture-bank-13:p0007,4.331845934088134,37cebf427e1559860e421cb4c8da54da14bb5a4b1b72add4fd6d4c5078c4cfc0,fixture-base-13,d5562de0e2a83eb75a5283cc308d5029c8fdf9ff8641aa0a418d47978400e998,206068a1ce872629c58e270c88b151c7dfc3808ae0bfc81c287415931ac1ed09,1
fixture-bank-13:3:source-b:fixture-bank-13:p0007,RFIR,paired_null_alternative,source-b,fixture-bank-13,source-b:fixture-bank-13:p0007,4.331845934088134,37cebf427e1559860e421cb4c8da54da14bb5a4b1b72add4fd6d4c5078c4cfc0,fixture-base-13,951bcb74358e1e4e230d49916479269dba31a44b603453729743a4e281303dfc,6b8479198747206bea03ca2071f5f5cbe29025498fdebfd3077e6a17c27b5927,1
fixture-bank-13:3:source-b:fixture-bank-13:p0007,RFIR,wrong_city,source-b,fixture-bank-13,source-b:fixture-bank-13:p0007,3.6384850428718565,37cebf427e1559860e421cb4c8da54da14bb5a4b1b72add4fd6d4c5078c4cfc0,fixture-base-13,f5927760d3b1814b4517f2d4ec916c38c996cc08756aa052f486f1e0d64db008,cd6fbc5fb7763b3b83939b07a307c9a94efa49be29a928c55fe2712340b36782,1
fixture-bank-13:3:source-b:fixture-bank-13:p0007,RFIR,geometry_destroyed,source-b,fixture-bank-13,source-b:fixture-bank-13:p0007,3.6384850428718565,37cebf427e1559860e421cb4c8da54da14bb5a4b1b72add4fd6d4c5078c4cfc0,fixture-base-13,1ee8f64144f5a1ed688e7c6b3e5f3ee540218001bbfab724b395f45718ca3c3c,668aa1e4b33d38df51f3c5dfb22b1d9eb0dd680eb50ff3d4ee2f3bea8587c66b,1
fixture-bank-13:3:source-b:fixture-bank-13:p0007,RFIR,empty,source-b,fixture-bank-13,source-b:fixture-bank-13:p0007,3.6384850428718565,37cebf427e1559860e421cb4c8da54da14bb5a4b1b72add4fd6d4c5078c4cfc0,fixture-base-13,80422bc3d307b4a25bdafcc84ac7fb01cb55a09810e8b0f37bb12e0edb5c48ca,9e55c822c8873725352f0c67ef4fee4f2aaffcd3ca9f5ff0b09459833c18bb65,1
fixture-bank-14:0:target-a:fixture-bank-14:p0006,RFIR,correct,target-a,fixture-bank-14,target-a:fixture-bank-14:p0006,2.72219003002303,b93c967678bae783fd0fc75fd4270324e6bd1b76727edcb081c4560b383ce51a,fixture-base-14,ff963d85d64acc87d9746e75be8bdebfc2f1270f6df2973bbec8333c48c059de,23bc76fd36d1490877c3d533b77daa34101fee5b32e5371bb67f3a556051ad6d,1
fixture-bank-14:0:target-a:fixture-bank-14:p0006,RFIR,paired_active_alternative,target-a,fixture-bank-14,target-a:fixture-bank-14:p0006,0.9117955862668637,b93c967678bae783fd0fc75fd4270324e6bd1b76727edcb081c4560b383ce51a,fixture-base-14,951bcb74358e1e4e230d49916479269dba31a44b603453729743a4e281303dfc,eb9f4ff4c31beda2b58c8c1627df055ff5a7fcdfa8fc0adb0a917ab4f12df679,1
fixture-bank-14:0:target-a:fixture-bank-14:p0006,RFIR,paired_null_alternative,target-a,fixture-bank-14,target-a:fixture-bank-14:p0006,0.9117955862668637,b93c967678bae783fd0fc75fd4270324e6bd1b76727edcb081c4560b383ce51a,fixture-base-14,356dd05be1947b527772591a0e92b0143f218ef9133b91d5300309a222993b62,5a17d5ed3fd5860ae6c61ec5b77e9584a2af339a2c7b195465a9e19651e3613a,1
fixture-bank-14:0:target-a:fixture-bank-14:p0006,RFIR,wrong_city,target-a,fixture-bank-14,target-a:fixture-bank-14:p0006,2.72219003002303,b93c967678bae783fd0fc75fd4270324e6bd1b76727edcb081c4560b383ce51a,fixture-base-14,f5927760d3b1814b4517f2d4ec916c38c996cc08756aa052f486f1e0d64db008,cd6fbc5fb7763b3b83939b07a307c9a94efa49be29a928c55fe2712340b36782,1
fixture-bank-14:0:target-a:fixture-bank-14:p0006,RFIR,geometry_destroyed,target-a,fixture-bank-14,target-a:fixture-bank-14:p0006,0.9117955862668637,b93c967678bae783fd0fc75fd4270324e6bd1b76727edcb081c4560b383ce51a,fixture-base-14,35d02644d40f5e4dd13222ef6cfcebaa8e2ddcf15a6f4e7824d9330e3e7ce2e7,668aa1e4b33d38df51f3c5dfb22b1d9eb0dd680eb50ff3d4ee2f3bea8587c66b,1
fixture-bank-14:0:target-a:fixture-bank-14:p0006,RFIR,empty,target-a,fixture-bank-14,target-a:fixture-bank-14:p0006,2.72219003002303,b93c967678bae783fd0fc75fd4270324e6bd1b76727edcb081c4560b383ce51a,fixture-base-14,80422bc3d307b4a25bdafcc84ac7fb01cb55a09810e8b0f37bb12e0edb5c48ca,9e55c822c8873725352f0c67ef4fee4f2aaffcd3ca9f5ff0b09459833c18bb65,1
fixture-bank-14:0:target-a:fixture-bank-14:p0007,RFIR,correct,target-a,fixture-bank-14,target-a:fixture-bank-14:p0007,3.6620101801547174,f129b1ba9bb448587d0fb2d511ffaa4fbad1fe98ac1f273c4755c7e9d3bde9c1,fixture-base-14,ff963d85d64acc87d9746e75be8bdebfc2f1270f6df2973bbec8333c48c059de,23bc76fd36d1490877c3d533b77daa34101fee5b32e5371bb67f3a556051ad6d,1
fixture-bank-14:0:target-a:fixture-bank-14:p0007,RFIR,paired_active_alternative,target-a,fixture-bank-14,target-a:fixture-bank-14:p0007,4.3395127826906705,f129b1ba9bb448587d0fb2d511ffaa4fbad1fe98ac1f273c4755c7e9d3bde9c1,fixture-base-14,951bcb74358e1e4e230d49916479269dba31a44b603453729743a4e281303dfc,eb9f4ff4c31beda2b58c8c1627df055ff5a7fcdfa8fc0adb0a917ab4f12df679,1
fixture-bank-14:0:target-a:fixture-bank-14:p0007,RFIR,paired_null_alternative,target-a,fixture-bank-14,target-a:fixture-bank-14:p0007,4.3395127826906705,f129b1ba9bb448587d0fb2d511ffaa4fbad1fe98ac1f273c4755c7e9d3bde9c1,fixture-base-14,356dd05be1947b527772591a0e92b0143f218ef9133b91d5300309a222993b62,5a17d5ed3fd5860ae6c61ec5b77e9584a2af339a2c7b195465a9e19651e3613a,1
fixture-bank-14:0:target-a:fixture-bank-14:p0007,RFIR,wrong_city,target-a,fixture-bank-14,target-a:fixture-bank-14:p0007,3.6620101801547174,f129b1ba9bb448587d0fb2d511ffaa4fbad1fe98ac1f273c4755c7e9d3bde9c1,fixture-base-14,f5927760d3b1814b4517f2d4ec916c38c996cc08756aa052f486f1e0d64db008,cd6fbc5fb7763b3b83939b07a307c9a94efa49be29a928c55fe2712340b36782,1
fixture-bank-14:0:target-a:fixture-bank-14:p0007,RFIR,geometry_destroyed,target-a,fixture-bank-14,target-a:fixture-bank-14:p0007,1.6826678790348775,f129b1ba9bb448587d0fb2d511ffaa4fbad1fe98ac1f273c4755c7e9d3bde9c1,fixture-base-14,6ce8fa65640b2d6a9e44621992efa37746028d911be30dffbf3f3eb0b2267450,668aa1e4b33d38df51f3c5dfb22b1d9eb0dd680eb50ff3d4ee2f3bea8587c66b,1
fixture-bank-14:0:target-a:fixture-bank-14:p0007,RFIR,empty,target-a,fixture-bank-14,target-a:fixture-bank-14:p0007,3.6620101801547174,f129b1ba9bb448587d0fb2d511ffaa4fbad1fe98ac1f273c4755c7e9d3bde9c1,fixture-base-14,80422bc3d307b4a25bdafcc84ac7fb01cb55a09810e8b0f37bb12e0edb5c48ca,9e55c822c8873725352f0c67ef4fee4f2aaffcd3ca9f5ff0b09459833c18bb65,1
fixture-bank-14:1:target-a:fixture-bank-14:p0006,RFIR,correct,target-a,fixture-bank-14,target-a:fixture-bank-14:p0006,0.9117955862668637,42a7200ac537e7c39476973eb58531bbc0638b0115590519f3ca8a83cb481446,fixture-base-14,951bcb74358e1e4e230d49916479269dba31a44b603453729743a4e281303dfc,23bc76fd36d1490877c3d533b77daa34101fee5b32e5371bb67f3a556051ad6d,1
fixture-bank-14:1:target-a:fixture-bank-14:p0006,RFIR,paired_active_alternative,target-a,fixture-bank-14,target-a:fixture-bank-14:p0006,2.72219003002303,42a7200ac537e7c39476973eb58531bbc0638b0115590519f3ca8a83cb481446,fixture-base-14,ff963d85d64acc87d9746e75be8bdebfc2f1270f6df2973bbec8333c48c059de,953754fcda9fefb0fe51569c49c53f60b360596c76bc87f67af93b1ed0b2c3a9,1
fixture-bank-14:1:target-a:fixture-bank-14:p0006,RFIR,paired_null_alternative,target-a,fixture-bank-14,target-a:fixture-bank-14:p0006,0.9117955862668637,42a7200ac537e7c39476973eb58531bbc0638b0115590519f3ca8a83cb481446,fixture-base-14,ceba4283ea9f9c59eae17d69a5c938aa38329978d867faa591e78af010c79752,809207241c4e6187b80849afd140c666e1fb16db4a1af75210a3f677180f55c9,1
fixture-bank-14:1:target-a:fixture-bank-14:p0006,RFIR,wrong_city,target-a,fixture-bank-14,target-a:fixture-bank-14:p0006,2.72219003002303,42a7200ac537e7c39476973eb58531bbc0638b0115590519f3ca8a83cb481446,fixture-base-14,f5927760d3b1814b4517f2d4ec916c38c996cc08756aa052f486f1e0d64db008,cd6fbc5fb7763b3b83939b07a307c9a94efa49be29a928c55fe2712340b36782,1
fixture-bank-14:1:target-a:fixture-bank-14:p0006,RFIR,geometry_destroyed,target-a,fixture-bank-14,target-a:fixture-bank-14:p0006,2.72219003002303,42a7200ac537e7c39476973eb58531bbc0638b0115590519f3ca8a83cb481446,fixture-base-14,d5245b9c11dedc4a92ca52b91df94b6d5e67d68edd52a134dbe185f1f9b4ca0a,668aa1e4b33d38df51f3c5dfb22b1d9eb0dd680eb50ff3d4ee2f3bea8587c66b,1
fixture-bank-14:1:target-a:fixture-bank-14:p0006,RFIR,empty,target-a,fixture-bank-14,target-a:fixture-bank-14:p0006,2.72219003002303,42a7200ac537e7c39476973eb58531bbc0638b0115590519f3ca8a83cb481446,fixture-base-14,80422bc3d307b4a25bdafcc84ac7fb01cb55a09810e8b0f37bb12e0edb5c48ca,9e55c822c8873725352f0c67ef4fee4f2aaffcd3ca9f5ff0b09459833c18bb65,1
fixture-bank-14:1:target-a:fixture-bank-14:p0007,RFIR,correct,target-a,fixture-bank-14,target-a:fixture-bank-14:p0007,4.3395127826906705,d1bb1c02f8b8263e58ef66788b74997a767c7eb2bf44b269e63332440ca991fd,fixture-base-14,951bcb74358e1e4e230d49916479269dba31a44b603453729743a4e281303dfc,23bc76fd36d1490877c3d533b77daa34101fee5b32e5371bb67f3a556051ad6d,1
fixture-bank-14:1:target-a:fixture-bank-14:p0007,RFIR,paired_active_alternative,target-a,fixture-bank-14,target-a:fixture-bank-14:p0007,3.6620101801547174,d1bb1c02f8b8263e58ef66788b74997a767c7eb2bf44b269e63332440ca991fd,fixture-base-14,ff963d85d64acc87d9746e75be8bdebfc2f1270f6df2973bbec8333c48c059de,953754fcda9fefb0fe51569c49c53f60b360596c76bc87f67af93b1ed0b2c3a9,1
fixture-bank-14:1:target-a:fixture-bank-14:p0007,RFIR,paired_null_alternative,target-a,fixture-bank-14,target-a:fixture-bank-14:p0007,4.3395127826906705,d1bb1c02f8b8263e58ef66788b74997a767c7eb2bf44b269e63332440ca991fd,fixture-base-14,ceba4283ea9f9c59eae17d69a5c938aa38329978d867faa591e78af010c79752,809207241c4e6187b80849afd140c666e1fb16db4a1af75210a3f677180f55c9,1
fixture-bank-14:1:target-a:fixture-bank-14:p0007,RFIR,wrong_city,target-a,fixture-bank-14,target-a:fixture-bank-14:p0007,3.6620101801547174,d1bb1c02f8b8263e58ef66788b74997a767c7eb2bf44b269e63332440ca991fd,fixture-base-14,f5927760d3b1814b4517f2d4ec916c38c996cc08756aa052f486f1e0d64db008,cd6fbc5fb7763b3b83939b07a307c9a94efa49be29a928c55fe2712340b36782,1
fixture-bank-14:1:target-a:fixture-bank-14:p0007,RFIR,geometry_destroyed,target-a,fixture-bank-14,target-a:fixture-bank-14:p0007,3.6620101801547174,d1bb1c02f8b8263e58ef66788b74997a767c7eb2bf44b269e63332440ca991fd,fixture-base-14,fdf1d9d0fd7c1bb0b424d447d793ef3b209b868fa3455bc6870f40b4bb6e671c,668aa1e4b33d38df51f3c5dfb22b1d9eb0dd680eb50ff3d4ee2f3bea8587c66b,1
fixture-bank-14:1:target-a:fixture-bank-14:p0007,RFIR,empty,target-a,fixture-bank-14,target-a:fixture-bank-14:p0007,3.6620101801547174,d1bb1c02f8b8263e58ef66788b74997a767c7eb2bf44b269e63332440ca991fd,fixture-base-14,80422bc3d307b4a25bdafcc84ac7fb01cb55a09810e8b0f37bb12e0edb5c48ca,9e55c822c8873725352f0c67ef4fee4f2aaffcd3ca9f5ff0b09459833c18bb65,1
fixture-bank-14:2:target-a:fixture-bank-14:p0006,RFIR,correct,target-a,fixture-bank-14,target-a:fixture-bank-14:p0006,0.9117955862668637,ad6bea69628ad677075c2107e4748cc7bdf51728220156d5d735b9489296ac49,fixture-base-14,356dd05be1947b527772591a0e92b0143f218ef9133b91d5300309a222993b62,23bc76fd36d1490877c3d533b77daa34101fee5b32e5371bb67f3a556051ad6d,1
fixture-bank-14:2:target-a:fixture-bank-14:p0006,RFIR,paired_active_alternative,target-a,fixture-bank-14,target-a:fixture-bank-14:p0006,0.9117955862668637,ad6bea69628ad677075c2107e4748cc7bdf51728220156d5d735b9489296ac49,fixture-base-14,ceba4283ea9f9c59eae17d69a5c938aa38329978d867faa591e78af010c79752,99ad10c860e8410cf77e29bbd0e9e0128e0faa1dcb91865155b10463b0fc3d56,1
fixture-bank-14:2:target-a:fixture-bank-14:p0006,RFIR,paired_null_alternative,target-a,fixture-bank-14,target-a:fixture-bank-14:p0006,2.72219003002303,ad6bea69628ad677075c2107e4748cc7bdf51728220156d5d735b9489296ac49,fixture-base-14,ff963d85d64acc87d9746e75be8bdebfc2f1270f6df2973bbec8333c48c059de,6953cb6341bf4ecdd063a238f2b5387c933f61d6ca9d0516528de2478e94f8d4,1
fixture-bank-14:2:target-a:fixture-bank-14:p0006,RFIR,wrong_city,target-a,fixture-bank-14,target-a:fixture-bank-14:p0006,2.72219003002303,ad6bea69628ad677075c2107e4748cc7bdf51728220156d5d735b9489296ac49,fixture-base-14,f5927760d3b1814b4517f2d4ec916c38c996cc08756aa052f486f1e0d64db008,cd6fbc5fb7763b3b83939b07a307c9a94efa49be29a928c55fe2712340b36782,1
fixture-bank-14:2:target-a:fixture-bank-14:p0006,RFIR,geometry_destroyed,target-a,fixture-bank-14,target-a:fixture-bank-14:p0006,2.9717623039428527,ad6bea69628ad677075c2107e4748cc7bdf51728220156d5d735b9489296ac49,fixture-base-14,9d04f0e9cb575e1a4db54a4c229474fff2779895c30b7ab1f89409823d0f6b4f,668aa1e4b33d38df51f3c5dfb22b1d9eb0dd680eb50ff3d4ee2f3bea8587c66b,1
fixture-bank-14:2:target-a:fixture-bank-14:p0006,RFIR,empty,target-a,fixture-bank-14,target-a:fixture-bank-14:p0006,2.72219003002303,ad6bea69628ad677075c2107e4748cc7bdf51728220156d5d735b9489296ac49,fixture-base-14,80422bc3d307b4a25bdafcc84ac7fb01cb55a09810e8b0f37bb12e0edb5c48ca,9e55c822c8873725352f0c67ef4fee4f2aaffcd3ca9f5ff0b09459833c18bb65,1
fixture-bank-14:2:target-a:fixture-bank-14:p0007,RFIR,correct,target-a,fixture-bank-14,target-a:fixture-bank-14:p0007,4.3395127826906705,966ec937b57abcfa4f46cc0ef5f29d3a92b02f09c16b20d834d8a23000d0000b,fixture-base-14,356dd05be1947b527772591a0e92b0143f218ef9133b91d5300309a222993b62,23bc76fd36d1490877c3d533b77daa34101fee5b32e5371bb67f3a556051ad6d,1
fixture-bank-14:2:target-a:fixture-bank-14:p0007,RFIR,paired_active_alternative,target-a,fixture-bank-14,target-a:fixture-bank-14:p0007,4.3395127826906705,966ec937b57abcfa4f46cc0ef5f29d3a92b02f09c16b20d834d8a23000d0000b,fixture-base-14,ceba4283ea9f9c59eae17d69a5c938aa38329978d867faa591e78af010c79752,99ad10c860e8410cf77e29bbd0e9e0128e0faa1dcb91865155b10463b0fc3d56,1
fixture-bank-14:2:target-a:fixture-bank-14:p0007,RFIR,paired_null_alternative,target-a,fixture-bank-14,target-a:fixture-bank-14:p0007,3.6620101801547174,966ec937b57abcfa4f46cc0ef5f29d3a92b02f09c16b20d834d8a23000d0000b,fixture-base-14,ff963d85d64acc87d9746e75be8bdebfc2f1270f6df2973bbec8333c48c059de,6953cb6341bf4ecdd063a238f2b5387c933f61d6ca9d0516528de2478e94f8d4,1
fixture-bank-14:2:target-a:fixture-bank-14:p0007,RFIR,wrong_city,target-a,fixture-bank-14,target-a:fixture-bank-14:p0007,3.6620101801547174,966ec937b57abcfa4f46cc0ef5f29d3a92b02f09c16b20d834d8a23000d0000b,fixture-base-14,f5927760d3b1814b4517f2d4ec916c38c996cc08756aa052f486f1e0d64db008,cd6fbc5fb7763b3b83939b07a307c9a94efa49be29a928c55fe2712340b36782,1
fixture-bank-14:2:target-a:fixture-bank-14:p0007,RFIR,geometry_destroyed,target-a,fixture-bank-14,target-a:fixture-bank-14:p0007,1.6826678790348775,966ec937b57abcfa4f46cc0ef5f29d3a92b02f09c16b20d834d8a23000d0000b,fixture-base-14,5eb75535f7b3efcb0cea6a751608399e93eec898d92428568c0a0e658be0783a,668aa1e4b33d38df51f3c5dfb22b1d9eb0dd680eb50ff3d4ee2f3bea8587c66b,1
fixture-bank-14:2:target-a:fixture-bank-14:p0007,RFIR,empty,target-a,fixture-bank-14,target-a:fixture-bank-14:p0007,3.6620101801547174,966ec937b57abcfa4f46cc0ef5f29d3a92b02f09c16b20d834d8a23000d0000b,fixture-base-14,80422bc3d307b4a25bdafcc84ac7fb01cb55a09810e8b0f37bb12e0edb5c48ca,9e55c822c8873725352f0c67ef4fee4f2aaffcd3ca9f5ff0b09459833c18bb65,1
fixture-bank-14:3:target-a:fixture-bank-14:p0006,RFIR,correct,target-a,fixture-bank-14,target-a:fixture-bank-14:p0006,0.9117955862668637,f1298dda414e46bdae5e5dd2e7d35befadeb425e0f451bd0610536547a33e795,fixture-base-14,ceba4283ea9f9c59eae17d69a5c938aa38329978d867faa591e78af010c79752,23bc76fd36d1490877c3d533b77daa34101fee5b32e5371bb67f3a556051ad6d,1
fixture-bank-14:3:target-a:fixture-bank-14:p0006,RFIR,paired_active_alternative,target-a,fixture-bank-14,target-a:fixture-bank-14:p0006,0.9117955862668637,f1298dda414e46bdae5e5dd2e7d35befadeb425e0f451bd0610536547a33e795,fixture-base-14,356dd05be1947b527772591a0e92b0143f218ef9133b91d5300309a222993b62,38d2eee754fa4712c9ba273f503f2bca683c5e736c80abf7050581ca94e9f1b7,1
fixture-bank-14:3:target-a:fixture-bank-14:p0006,RFIR,paired_null_alternative,target-a,fixture-bank-14,target-a:fixture-bank-14:p0006,0.9117955862668637,f1298dda414e46bdae5e5dd2e7d35befadeb425e0f451bd0610536547a33e795,fixture-base-14,951bcb74358e1e4e230d49916479269dba31a44b603453729743a4e281303dfc,5e54c2ceb54dd41e805701d800c8d8cff642a41072c9d56e5235f3b2509e9288,1
fixture-bank-14:3:target-a:fixture-bank-14:p0006,RFIR,wrong_city,target-a,fixture-bank-14,target-a:fixture-bank-14:p0006,2.72219003002303,f1298dda414e46bdae5e5dd2e7d35befadeb425e0f451bd0610536547a33e795,fixture-base-14,f5927760d3b1814b4517f2d4ec916c38c996cc08756aa052f486f1e0d64db008,cd6fbc5fb7763b3b83939b07a307c9a94efa49be29a928c55fe2712340b36782,1
fixture-bank-14:3:target-a:fixture-bank-14:p0006,RFIR,geometry_destroyed,target-a,fixture-bank-14,target-a:fixture-bank-14:p0006,2.72219003002303,f1298dda414e46bdae5e5dd2e7d35befadeb425e0f451bd0610536547a33e795,fixture-base-14,007f69448fb0c4f7a32f866b55313330e23a46dee0f8be53af97422243148bc8,668aa1e4b33d38df51f3c5dfb22b1d9eb0dd680eb50ff3d4ee2f3bea8587c66b,1
fixture-bank-14:3:target-a:fixture-bank-14:p0006,RFIR,empty,target-a,fixture-bank-14,target-a:fixture-bank-14:p0006,2.72219003002303,f1298dda414e46bdae5e5dd2e7d35befadeb425e0f451bd0610536547a33e795,fixture-base-14,80422bc3d307b4a25bdafcc84ac7fb01cb55a09810e8b0f37bb12e0edb5c48ca,9e55c822c8873725352f0c67ef4fee4f2aaffcd3ca9f5ff0b09459833c18bb65,1
fixture-bank-14:3:target-a:fixture-bank-14:p0007,RFIR,correct,target-a,fixture-bank-14,target-a:fixture-bank-14:p0007,4.3395127826906705,9dd2f92f99ef0a7b2432b2d5b047dad14150a3c5c60b9745e33f4497634cc06f,fixture-base-14,ceba4283ea9f9c59eae17d69a5c938aa38329978d867faa591e78af010c79752,23bc76fd36d1490877c3d533b77daa34101fee5b32e5371bb67f3a556051ad6d,1
fixture-bank-14:3:target-a:fixture-bank-14:p0007,RFIR,paired_active_alternative,target-a,fixture-bank-14,target-a:fixture-bank-14:p0007,4.3395127826906705,9dd2f92f99ef0a7b2432b2d5b047dad14150a3c5c60b9745e33f4497634cc06f,fixture-base-14,356dd05be1947b527772591a0e92b0143f218ef9133b91d5300309a222993b62,38d2eee754fa4712c9ba273f503f2bca683c5e736c80abf7050581ca94e9f1b7,1
fixture-bank-14:3:target-a:fixture-bank-14:p0007,RFIR,paired_null_alternative,target-a,fixture-bank-14,target-a:fixture-bank-14:p0007,4.3395127826906705,9dd2f92f99ef0a7b2432b2d5b047dad14150a3c5c60b9745e33f4497634cc06f,fixture-base-14,951bcb74358e1e4e230d49916479269dba31a44b603453729743a4e281303dfc,5e54c2ceb54dd41e805701d800c8d8cff642a41072c9d56e5235f3b2509e9288,1
fixture-bank-14:3:target-a:fixture-bank-14:p0007,RFIR,wrong_city,target-a,fixture-bank-14,target-a:fixture-bank-14:p0007,3.6620101801547174,9dd2f92f99ef0a7b2432b2d5b047dad14150a3c5c60b9745e33f4497634cc06f,fixture-base-14,f5927760d3b1814b4517f2d4ec916c38c996cc08756aa052f486f1e0d64db008,cd6fbc5fb7763b3b83939b07a307c9a94efa49be29a928c55fe2712340b36782,1
fixture-bank-14:3:target-a:fixture-bank-14:p0007,RFIR,geometry_destroyed,target-a,fixture-bank-14,target-a:fixture-bank-14:p0007,3.6620101801547174,9dd2f92f99ef0a7b2432b2d5b047dad14150a3c5c60b9745e33f4497634cc06f,fixture-base-14,4f238be64696620e6a52823ba78ec5e70f6dee554958910f5b5dc03a3ea5f3d4,668aa1e4b33d38df51f3c5dfb22b1d9eb0dd680eb50ff3d4ee2f3bea8587c66b,1
fixture-bank-14:3:target-a:fixture-bank-14:p0007,RFIR,empty,target-a,fixture-bank-14,target-a:fixture-bank-14:p0007,3.6620101801547174,9dd2f92f99ef0a7b2432b2d5b047dad14150a3c5c60b9745e33f4497634cc06f,fixture-base-14,80422bc3d307b4a25bdafcc84ac7fb01cb55a09810e8b0f37bb12e0edb5c48ca,9e55c822c8873725352f0c67ef4fee4f2aaffcd3ca9f5ff0b09459833c18bb65,1
fixture-bank-15:0:target-b:fixture-bank-15:p0004,RFIR,correct,target-b,fixture-bank-15,target-b:fixture-bank-15:p0004,1.488762151044374,663c5868a117669131670ff0ee4381427e1381141882f40d967ecaeddadc73f0,fixture-base-15,f5927760d3b1814b4517f2d4ec916c38c996cc08756aa052f486f1e0d64db008,23bc76fd36d1490877c3d533b77daa34101fee5b32e5371bb67f3a556051ad6d,1
fixture-bank-15:0:target-b:fixture-bank-15:p0004,RFIR,paired_active_alternative,target-b,fixture-bank-15,target-b:fixture-bank-15:p0004,3.3959096301383647,663c5868a117669131670ff0ee4381427e1381141882f40d967ecaeddadc73f0,fixture-base-15,e8de7d7a53648d151882d0e4934ed3f5dd2c991772925bf4c4c98216305f4084,09b8d53d9054b3b88fa6808da7564d6310a6ecbb122ef08e91bee51e09c39608,1
fixture-bank-15:0:target-b:fixture-bank-15:p0004,RFIR,paired_null_alternative,target-b,fixture-bank-15,target-b:fixture-bank-15:p0004,1.488762151044374,663c5868a117669131670ff0ee4381427e1381141882f40d967ecaeddadc73f0,fixture-base-15,43fc05ca825c7ff2e7c00c016f80b1cce1f9303158dc70eba6d35120eb50ac68,66b48752aec25a0d8344e984c3ba90d195057d847f682c9cdb73f7d74e64056d,1
fixture-bank-15:0:target-b:fixture-bank-15:p0004,RFIR,wrong_city,target-b,fixture-bank-15,target-b:fixture-bank-15:p0004,1.488762151044374,663c5868a117669131670ff0ee4381427e1381141882f40d967ecaeddadc73f0,fixture-base-15,f5927760d3b1814b4517f2d4ec916c38c996cc08756aa052f486f1e0d64db008,cd6fbc5fb7763b3b83939b07a307c9a94efa49be29a928c55fe2712340b36782,1
fixture-bank-15:0:target-b:fixture-bank-15:p0004,RFIR,geometry_destroyed,target-b,fixture-bank-15,target-b:fixture-bank-15:p0004,3.584409531533847,663c5868a117669131670ff0ee4381427e1381141882f40d967ecaeddadc73f0,fixture-base-15,904c1d1de123febf4358fa847bfe96fb4b2f573be3f545992208894a1bb14dbd,668aa1e4b33d38df51f3c5dfb22b1d9eb0dd680eb50ff3d4ee2f3bea8587c66b,1
fixture-bank-15:0:target-b:fixture-bank-15:p0004,RFIR,empty,target-b,fixture-bank-15,target-b:fixture-bank-15:p0004,1.488762151044374,663c5868a117669131670ff0ee4381427e1381141882f40d967ecaeddadc73f0,fixture-base-15,80422bc3d307b4a25bdafcc84ac7fb01cb55a09810e8b0f37bb12e0edb5c48ca,9e55c822c8873725352f0c67ef4fee4f2aaffcd3ca9f5ff0b09459833c18bb65,1
fixture-bank-15:0:target-b:fixture-bank-15:p0005,RFIR,correct,target-b,fixture-bank-15,target-b:fixture-bank-15:p0005,2.9833912362776123,77e9b6ce0b137bcb65a4311e599bec6300f249e3b68cc6746aa93fa0c212951b,fixture-base-15,f5927760d3b1814b4517f2d4ec916c38c996cc08756aa052f486f1e0d64db008,23bc76fd36d1490877c3d533b77daa34101fee5b32e5371bb67f3a556051ad6d,1
fixture-bank-15:0:target-b:fixture-bank-15:p0005,RFIR,paired_active_alternative,target-b,fixture-bank-15,target-b:fixture-bank-15:p0005,1.4887621510443738,77e9b6ce0b137bcb65a4311e599bec6300f249e3b68cc6746aa93fa0c212951b,fixture-base-15,e8de7d7a53648d151882d0e4934ed3f5dd2c991772925bf4c4c98216305f4084,09b8d53d9054b3b88fa6808da7564d6310a6ecbb122ef08e91bee51e09c39608,1
fixture-bank-15:0:target-b:fixture-bank-15:p0005,RFIR,paired_null_alternative,target-b,fixture-bank-15,target-b:fixture-bank-15:p0005,2.9833912362776123,77e9b6ce0b137bcb65a4311e599bec6300f249e3b68cc6746aa93fa0c212951b,fixture-base-15,43fc05ca825c7ff2e7c00c016f80b1cce1f9303158dc70eba6d35120eb50ac68,66b48752aec25a0d8344e984c3ba90d195057d847f682c9cdb73f7d74e64056d,1
fixture-bank-15:0:target-b:fixture-bank-15:p0005,RFIR,wrong_city,target-b,fixture-bank-15,target-b:fixture-bank-15:p0005,2.9833912362776123,77e9b6ce0b137bcb65a4311e599bec6300f249e3b68cc6746aa93fa0c212951b,fixture-base-15,f5927760d3b1814b4517f2d4ec916c38c996cc08756aa052f486f1e0d64db008,cd6fbc5fb7763b3b83939b07a307c9a94efa49be29a928c55fe2712340b36782,1
fixture-bank-15:0:target-b:fixture-bank-15:p0005,RFIR,geometry_destroyed,target-b,fixture-bank-15,target-b:fixture-bank-15:p0005,2.9833912362776123,77e9b6ce0b137bcb65a4311e599bec6300f249e3b68cc6746aa93fa0c212951b,fixture-base-15,affa9114ba97c1adba8be06afb65f5968dbc04b03bc4d00dc8fc5c53550305c1,668aa1e4b33d38df51f3c5dfb22b1d9eb0dd680eb50ff3d4ee2f3bea8587c66b,1
fixture-bank-15:0:target-b:fixture-bank-15:p0005,RFIR,empty,target-b,fixture-bank-15,target-b:fixture-bank-15:p0005,2.9833912362776123,77e9b6ce0b137bcb65a4311e599bec6300f249e3b68cc6746aa93fa0c212951b,fixture-base-15,80422bc3d307b4a25bdafcc84ac7fb01cb55a09810e8b0f37bb12e0edb5c48ca,9e55c822c8873725352f0c67ef4fee4f2aaffcd3ca9f5ff0b09459833c18bb65,1
fixture-bank-15:0:target-b:fixture-bank-15:p0006,RFIR,correct,target-b,fixture-bank-15,target-b:fixture-bank-15:p0006,2.7540576963843457,a892306e1557858f5749e6b1dca5422cd638528f96d369100a6b1c168169b955,fixture-base-15,f5927760d3b1814b4517f2d4ec916c38c996cc08756aa052f486f1e0d64db008,23bc76fd36d1490877c3d533b77daa34101fee5b32e5371bb67f3a556051ad6d,1
fixture-bank-15:0:target-b:fixture-bank-15:p0006,RFIR,paired_active_alternative,target-b,fixture-bank-15,target-b:fixture-bank-15:p0006,2.7540576963843457,a892306e1557858f5749e6b1dca5422cd638528f96d369100a6b1c168169b955,fixture-base-15,43fc05ca825c7ff2e7c00c016f80b1cce1f9303158dc70eba6d35120eb50ac68,5492e5d28505aa47172deba2c3d34393a12b275ce6a005157b638bc9dc6ff29f,1
fixture-bank-15:0:target-b:fixture-bank-15:p0006,RFIR,paired_null_alternative,target-b,fixture-bank-15,target-b:fixture-bank-15:p0006,2.9833912362776123,a892306e1557858f5749e6b1dca5422cd638528f96d369100a6b1c168169b955,fixture-base-15,e8de7d7a53648d151882d0e4934ed3f5dd2c991772925bf4c4c98216305f4084,001759dc4c85eb3d880dc67f610f5efe56d770ebd1619d81f089c5439fd54906,1
fixture-bank-15:0:target-b:fixture-bank-15:p0006,RFIR,wrong_city,target-b,fixture-bank-15,target-b:fixture-bank-15:p0006,2.7540576963843457,a892306e1557858f5749e6b1dca5422cd638528f96d369100a6b1c168169b955,fixture-base-15,f5927760d3b1814b4517f2d4ec916c38c996cc08756aa052f486f1e0d64db008,cd6fbc5fb7763b3b83939b07a307c9a94efa49be29a928c55fe2712340b36782,1
fixture-bank-15:0:target-b:fixture-bank-15:p0006,RFIR,geometry_destroyed,target-b,fixture-bank-15,target-b:fixture-bank-15:p0006,0.949011732645103,a892306e1557858f5749e6b1dca5422cd638528f96d369100a6b1c168169b955,fixture-base-15,b47ee37706a39f27dc8a807df3f4ce1848525668ef0457702692eec5bc3ff56b,668aa1e4b33d38df51f3c5dfb22b1d9eb0dd680eb50ff3d4ee2f3bea8587c66b,1
fixture-bank-15:0:target-b:fixture-bank-15:p0006,RFIR,empty,target-b,fixture-bank-15,target-b:fixture-bank-15:p0006,2.7540576963843457,a892306e1557858f5749e6b1dca5422cd638528f96d369100a6b1c168169b955,fixture-base-15,80422bc3d307b4a25bdafcc84ac7fb01cb55a09810e8b0f37bb12e0edb5c48ca,9e55c822c8873725352f0c67ef4fee4f2aaffcd3ca9f5ff0b09459833c18bb65,1
fixture-bank-15:0:target-b:fixture-bank-15:p0007,RFIR,correct,target-b,fixture-bank-15,target-b:fixture-bank-15:p0007,3.7318814367784707,0b99cfd3660c8b3b8ed45b0cb17177bbdf752b43798961cd4b44ec9638efe923,fixture-base-15,f5927760d3b1814b4517f2d4ec916c38c996cc08756aa052f486f1e0d64db008,23bc76fd36d1490877c3d533b77daa34101fee5b32e5371bb67f3a556051ad6d,1
fixture-bank-15:0:target-b:fixture-bank-15:p0007,RFIR,paired_active_alternative,target-b,fixture-bank-15,target-b:fixture-bank-15:p0007,3.7318814367784707,0b99cfd3660c8b3b8ed45b0cb17177bbdf752b43798961cd4b44ec9638efe923,fixture-base-15,43fc05ca825c7ff2e7c00c016f80b1cce1f9303158dc70eba6d35120eb50ac68,5492e5d28505aa47172deba2c3d34393a12b275ce6a005157b638bc9dc6ff29f,1
fixture-bank-15:0:target-b:fixture-bank-15:p0007,RFIR,paired_null_alternative,target-b,fixture-bank-15,target-b:fixture-bank-15:p0007,1.800757766012951,0b99cfd3660c8b3b8ed45b0cb17177bbdf752b43798961cd4b44ec9638efe923,fixture-base-15,e8de7d7a53648d151882d0e4934ed3f5dd2c991772925bf4c4c98216305f4084,001759dc4c85eb3d880dc67f610f5efe56d770ebd1619d81f089c5439fd54906,1
fixture-bank-15:0:target-b:fixture-bank-15:p0007,RFIR,wrong_city,target-b,fixture-bank-15,target-b:fixture-bank-15:p0007,3.7318814367784707,0b99cfd3660c8b3b8ed45b0cb17177bbdf752b43798961cd4b44ec9638efe923,fixture-base-15,f5927760d3b1814b4517f2d4ec916c38c996cc08756aa052f486f1e0d64db008,cd6fbc5fb7763b3b83939b07a307c9a94efa49be29a928c55fe2712340b36782,1
fixture-bank-15:0:target-b:fixture-bank-15:p0007,RFIR,geometry_destroyed,target-b,fixture-bank-15,target-b:fixture-bank-15:p0007,3.7318814367784707,0b99cfd3660c8b3b8ed45b0cb17177bbdf752b43798961cd4b44ec9638efe923,fixture-base-15,7c8dffc903ad8a63e96c45d94807525c15940f0b9da96caf094b191c481e6179,668aa1e4b33d38df51f3c5dfb22b1d9eb0dd680eb50ff3d4ee2f3bea8587c66b,1
fixture-bank-15:0:target-b:fixture-bank-15:p0007,RFIR,empty,target-b,fixture-bank-15,target-b:fixture-bank-15:p0007,3.7318814367784707,0b99cfd3660c8b3b8ed45b0cb17177bbdf752b43798961cd4b44ec9638efe923,fixture-base-15,80422bc3d307b4a25bdafcc84ac7fb01cb55a09810e8b0f37bb12e0edb5c48ca,9e55c822c8873725352f0c67ef4fee4f2aaffcd3ca9f5ff0b09459833c18bb65,1
fixture-bank-15:1:target-b:fixture-bank-15:p0004,RFIR,correct,target-b,fixture-bank-15,target-b:fixture-bank-15:p0004,3.3959096301383647,e88e01a3fab18b9e364a2c39801633451610e6a5353e036971f7d4ac07599126,fixture-base-15,e8de7d7a53648d151882d0e4934ed3f5dd2c991772925bf4c4c98216305f4084,23bc76fd36d1490877c3d533b77daa34101fee5b32e5371bb67f3a556051ad6d,1
fixture-bank-15:1:target-b:fixture-bank-15:p0004,RFIR,paired_active_alternative,target-b,fixture-bank-15,target-b:fixture-bank-15:p0004,1.488762151044374,e88e01a3fab18b9e364a2c39801633451610e6a5353e036971f7d4ac07599126,fixture-base-15,f5927760d3b1814b4517f2d4ec916c38c996cc08756aa052f486f1e0d64db008,fb993d1f20d994685cb542c26f2f4d2682566ab8aec49d8a92e473b2f6ecc204,1
fixture-bank-15:1:target-b:fixture-bank-15:p0004,RFIR,paired_null_alternative,target-b,fixture-bank-15,target-b:fixture-bank-15:p0004,3.3959096301383647,e88e01a3fab18b9e364a2c39801633451610e6a5353e036971f7d4ac07599126,fixture-base-15,46c00c10273ec76fe790c0ad0ffd5f5ab6d5272ca49c460f7dd57c488cb2c66e,62d7305f77ded3a998ec5b0acdc984ac41047c78d79aa7accc173e097d8f5cb3,1
fixture-bank-15:1:target-b:fixture-bank-15:p0004,RFIR,wrong_city,target-b,fixture-bank-15,target-b:fixture-bank-15:p0004,1.488762151044374,e88e01a3fab18b9e364a2c39801633451610e6a5353e036971f7d4ac07599126,fixture-base-15,f5927760d3b1814b4517f2d4ec916c38c996cc08756aa052f486f1e0d64db008,cd6fbc5fb7763b3b83939b07a307c9a94efa49be29a928c55fe2712340b36782,1
fixture-bank-15:1:target-b:fixture-bank-15:p0004,RFIR,geometry_destroyed,target-b,fixture-bank-15,target-b:fixture-bank-15:p0004,1.879415392101087,e88e01a3fab18b9e364a2c39801633451610e6a5353e036971f7d4ac07599126,fixture-base-15,d0aa53bde1139b0cffb031bd8495d388f484d5664db3665a3743b1884eda8449,668aa1e4b33d38df51f3c5dfb22b1d9eb0dd680eb50ff3d4ee2f3bea8587c66b,1
fixture-bank-15:1:target-b:fixture-bank-15:p0004,RFIR,empty,target-b,fixture-bank-15,target-b:fixture-bank-15:p0004,1.488762151044374,e88e01a3fab18b9e364a2c39801633451610e6a5353e036971f7d4ac07599126,fixture-base-15,80422bc3d307b4a25bdafcc84ac7fb01cb55a09810e8b0f37bb12e0edb5c48ca,9e55c822c8873725352f0c67ef4fee4f2aaffcd3ca9f5ff0b09459833c18bb65,1
fixture-bank-15:1:target-b:fixture-bank-15:p0005,RFIR,correct,target-b,fixture-bank-15,target-b:fixture-bank-15:p0005,1.4887621510443738,e6ca2aa873ad78c259c1cf8a544355628bc3c1e8043e890b3c3f6c12cf474f7e,fixture-base-15,e8de7d7a53648d151882d0e4934ed3f5dd2c991772925bf4c4c98216305f4084,23bc76fd36d1490877c3d533b77daa34101fee5b32e5371bb67f3a556051ad6d,1
fixture-bank-15:1:target-b:fixture-bank-15:p0005,RFIR,paired_active_alternative,target-b,fixture-bank-15,target-b:fixture-bank-15:p0005,2.9833912362776123,e6ca2aa873ad78c259c1cf8a544355628bc3c1e8043e890b3c3f6c12cf474f7e,fixture-base-15,f5927760d3b1814b4517f2d4ec916c38c996cc08756aa052f486f1e0d64db008,fb993d1f20d994685cb542c26f2f4d2682566ab8aec49d8a92e473b2f6ecc204,1
fixture-bank-15:1:target-b:fixture-bank-15:p0005,RFIR,paired_null_alternative,target-b,fixture-bank-15,target-b:fixture-bank-15:p0005,1.4887621510443738,e6ca2aa873ad78c259c1cf8a544355628bc3c1e8043e890b3c3f6c12cf474f7e,fixture-base-15,46c00c10273ec76fe790c0ad0ffd5f5ab6d5272ca49c460f7dd57c488cb2c66e,62d7305f77ded3a998ec5b0acdc984ac41047c78d79aa7accc173e097d8f5cb3,1
fixture-bank-15:1:target-b:fixture-bank-15:p0005,RFIR,wrong_city,target-b,fixture-bank-15,target-b:fixture-bank-15:p0005,2.9833912362776123,e6ca2aa873ad78c259c1cf8a544355628bc3c1e8043e890b3c3f6c12cf474f7e,fixture-base-15,f5927760d3b1814b4517f2d4ec916c38c996cc08756aa052f486f1e0d64db008,cd6fbc5fb7763b3b83939b07a307c9a94efa49be29a928c55fe2712340b36782,1
fixture-bank-15:1:target-b:fixture-bank-15:p0005,RFIR,geometry_destroyed,target-b,fixture-bank-15,target-b:fixture-bank-15:p0005,4.268068971136978,e6ca2aa873ad78c259c1cf8a544355628bc3c1e8043e890b3c3f6c12cf474f7e,fixture-base-15,1beb685ffdcadd00ea56a14f8c453e37ad70ae70da606ec8fa9e0cc2dc8ba757,668aa1e4b33d38df51f3c5dfb22b1d9eb0dd680eb50ff3d4ee2f3bea8587c66b,1
fixture-bank-15:1:target-b:fixture-bank-15:p0005,RFIR,empty,target-b,fixture-bank-15,target-b:fixture-bank-15:p0005,2.9833912362776123,e6ca2aa873ad78c259c1cf8a544355628bc3c1e8043e890b3c3f6c12cf474f7e,fixture-base-15,80422bc3d307b4a25bdafcc84ac7fb01cb55a09810e8b0f37bb12e0edb5c48ca,9e55c822c8873725352f0c67ef4fee4f2aaffcd3ca9f5ff0b09459833c18bb65,1
fixture-bank-15:1:target-b:fixture-bank-15:p0006,RFIR,correct,target-b,fixture-bank-15,target-b:fixture-bank-15:p0006,2.9833912362776123,73bdc5662b7cc38cf69d06eb674bbb8a4ba0ac52749964a4f2a493513cc80a83,fixture-base-15,e8de7d7a53648d151882d0e4934ed3f5dd2c991772925bf4c4c98216305f4084,23bc76fd36d1490877c3d533b77daa34101fee5b32e5371bb67f3a556051ad6d,1
fixture-bank-15:1:target-b:fixture-bank-15:p0006,RFIR,paired_active_alternative,target-b,fixture-bank-15,target-b:fixture-bank-15:p0006,2.9833912362776123,73bdc5662b7cc38cf69d06eb674bbb8a4ba0ac52749964a4f2a493513cc80a83,fixture-base-15,46c00c10273ec76fe790c0ad0ffd5f5ab6d5272ca49c460f7dd57c488cb2c66e,eb6f3d8398dcc28c7b1b0b6e56a090a6b00388520f1fe0c728bcbad0f02c09fd,1
fixture-bank-15:1:target-b:fixture-bank-15:p0006,RFIR,paired_null_alternative,target-b,fixture-bank-15,target-b:fixture-bank-15:p0006,2.7540576963843457,73bdc5662b7cc38cf69d06eb674bbb8a4ba0ac52749964a4f2a493513cc80a83,fixture-base-15,f5927760d3b1814b4517f2d4ec916c38c996cc08756aa052f486f1e0d64db008,0c3f8a7c10b57d102ecc75f1f5338d204d3b075da66df990e863e2b541992902,1
fixture-bank-15:1:target-b:fixture-bank-15:p0006,RFIR,wrong_city,target-b,fixture-bank-15,target-b:fixture-bank-15:p0006,2.7540576963843457,73bdc5662b7cc38cf69d06eb674bbb8a4ba0ac52749964a4f2a493513cc80a83,fixture-base-15,f5927760d3b1814b4517f2d4ec916c38c996cc08756aa052f486f1e0d64db008,cd6fbc5fb7763b3b83939b07a307c9a94efa49be29a928c55fe2712340b36782,1
fixture-bank-15:1:target-b:fixture-bank-15:p0006,RFIR,geometry_destroyed,target-b,fixture-bank-15,target-b:fixture-bank-15:p0006,2.9833912362776123,73bdc5662b7cc38cf69d06eb674bbb8a4ba0ac52749964a4f2a493513cc80a83,fixture-base-15,bc49c8e9eda8b19c60b5f1d45e7c08afc0ad747c97f90404625f7384775c1599,668aa1e4b33d38df51f3c5dfb22b1d9eb0dd680eb50ff3d4ee2f3bea8587c66b,1
fixture-bank-15:1:target-b:fixture-bank-15:p0006,RFIR,empty,target-b,fixture-bank-15,target-b:fixture-bank-15:p0006,2.7540576963843457,73bdc5662b7cc38cf69d06eb674bbb8a4ba0ac52749964a4f2a493513cc80a83,fixture-base-15,80422bc3d307b4a25bdafcc84ac7fb01cb55a09810e8b0f37bb12e0edb5c48ca,9e55c822c8873725352f0c67ef4fee4f2aaffcd3ca9f5ff0b09459833c18bb65,1
fixture-bank-15:1:target-b:fixture-bank-15:p0007,RFIR,correct,target-b,fixture-bank-15,target-b:fixture-bank-15:p0007,1.800757766012951,b7ad5bf20ec4507a7561b8f2df01e27fd95c3aa5e5e2bc469a5d7d35db80b948,fixture-base-15,e8de7d7a53648d151882d0e4934ed3f5dd2c991772925bf4c4c98216305f4084,23bc76fd36d1490877c3d533b77daa34101fee5b32e5371bb67f3a556051ad6d,1
fixture-bank-15:1:target-b:fixture-bank-15:p0007,RFIR,paired_active_alternative,target-b,fixture-bank-15,target-b:fixture-bank-15:p0007,1.800757766012951,b7ad5bf20ec4507a7561b8f2df01e27fd95c3aa5e5e2bc469a5d7d35db80b948,fixture-base-15,46c00c10273ec76fe790c0ad0ffd5f5ab6d5272ca49c460f7dd57c488cb2c66e,eb6f3d8398dcc28c7b1b0b6e56a090a6b00388520f1fe0c728bcbad0f02c09fd,1
fixture-bank-15:1:target-b:fixture-bank-15:p0007,RFIR,paired_null_alternative,target-b,fixture-bank-15,target-b:fixture-bank-15:p0007,3.7318814367784707,b7ad5bf20ec4507a7561b8f2df01e27fd95c3aa5e5e2bc469a5d7d35db80b948,fixture-base-15,f5927760d3b1814b4517f2d4ec916c38c996cc08756aa052f486f1e0d64db008,0c3f8a7c10b57d102ecc75f1f5338d204d3b075da66df990e863e2b541992902,1
fixture-bank-15:1:target-b:fixture-bank-15:p0007,RFIR,wrong_city,target-b,fixture-bank-15,target-b:fixture-bank-15:p0007,3.7318814367784707,b7ad5bf20ec4507a7561b8f2df01e27fd95c3aa5e5e2bc469a5d7d35db80b948,fixture-base-15,f5927760d3b1814b4517f2d4ec916c38c996cc08756aa052f486f1e0d64db008,cd6fbc5fb7763b3b83939b07a307c9a94efa49be29a928c55fe2712340b36782,1
fixture-bank-15:1:target-b:fixture-bank-15:p0007,RFIR,geometry_destroyed,target-b,fixture-bank-15,target-b:fixture-bank-15:p0007,1.800757766012951,b7ad5bf20ec4507a7561b8f2df01e27fd95c3aa5e5e2bc469a5d7d35db80b948,fixture-base-15,26858cde9f43e689936fe8910e005f0106933d926f0fd07e6faf9099de4b2560,668aa1e4b33d38df51f3c5dfb22b1d9eb0dd680eb50ff3d4ee2f3bea8587c66b,1
fixture-bank-15:1:target-b:fixture-bank-15:p0007,RFIR,empty,target-b,fixture-bank-15,target-b:fixture-bank-15:p0007,3.7318814367784707,b7ad5bf20ec4507a7561b8f2df01e27fd95c3aa5e5e2bc469a5d7d35db80b948,fixture-base-15,80422bc3d307b4a25bdafcc84ac7fb01cb55a09810e8b0f37bb12e0edb5c48ca,9e55c822c8873725352f0c67ef4fee4f2aaffcd3ca9f5ff0b09459833c18bb65,1
fixture-bank-15:2:target-b:fixture-bank-15:p0004,RFIR,correct,target-b,fixture-bank-15,target-b:fixture-bank-15:p0004,1.488762151044374,12aa566cad675a72a5f4d493afc9cda446bc105328c95cc293af547186ed6f15,fixture-base-15,43fc05ca825c7ff2e7c00c016f80b1cce1f9303158dc70eba6d35120eb50ac68,23bc76fd36d1490877c3d533b77daa34101fee5b32e5371bb67f3a556051ad6d,1
fixture-bank-15:2:target-b:fixture-bank-15:p0004,RFIR,paired_active_alternative,target-b,fixture-bank-15,target-b:fixture-bank-15:p0004,3.3959096301383647,12aa566cad675a72a5f4d493afc9cda446bc105328c95cc293af547186ed6f15,fixture-base-15,46c00c10273ec76fe790c0ad0ffd5f5ab6d5272ca49c460f7dd57c488cb2c66e,9342cf861ca09ede8f2ad330b0a43fc44a87f29cd4b4f300a32223abbd8ff439,1
fixture-bank-15:2:target-b:fixture-bank-15:p0004,RFIR,paired_null_alternative,target-b,fixture-bank-15,target-b:fixture-bank-15:p0004,1.488762151044374,12aa566cad675a72a5f4d493afc9cda446bc105328c95cc293af547186ed6f15,fixture-base-15,f5927760d3b1814b4517f2d4ec916c38c996cc08756aa052f486f1e0d64db008,dc604e21f06e2238c055dda77df6b29500b87d1ccd6f1220d16d28e0132afd63,1
fixture-bank-15:2:target-b:fixture-bank-15:p0004,RFIR,wrong_city,target-b,fixture-bank-15,target-b:fixture-bank-15:p0004,1.488762151044374,12aa566cad675a72a5f4d493afc9cda446bc105328c95cc293af547186ed6f15,fixture-base-15,f5927760d3b1814b4517f2d4ec916c38c996cc08756aa052f486f1e0d64db008,cd6fbc5fb7763b3b83939b07a307c9a94efa49be29a928c55fe2712340b36782,1
fixture-bank-15:2:target-b:fixture-bank-15:p0004,RFIR,geometry_destroyed,target-b,fixture-bank-15,target-b:fixture-bank-15:p0004,1.488762151044374,12aa566cad675a72a5f4d493afc9cda446bc105328c95cc293af547186ed6f15,fixture-base-15,39d337a030842e8bf75aa4ed78f3d6dfb266ed15ad24c66b1a2d7da61cd2dc4f,668aa1e4b33d38df51f3c5dfb22b1d9eb0dd680eb50ff3d4ee2f3bea8587c66b,1
fixture-bank-15:2:target-b:fixture-bank-15:p0004,RFIR,empty,target-b,fixture-bank-15,target-b:fixture-bank-15:p0004,1.488762151044374,12aa566cad675a72a5f4d493afc9cda446bc105328c95cc293af547186ed6f15,fixture-base-15,80422bc3d307b4a25bdafcc84ac7fb01cb55a09810e8b0f37bb12e0edb5c48ca,9e55c822c8873725352f0c67ef4fee4f2aaffcd3ca9f5ff0b09459833c18bb65,1
fixture-bank-15:2:target-b:fixture-bank-15:p0005,RFIR,correct,target-b,fixture-bank-15,target-b:fixture-bank-15:p0005,2.9833912362776123,39c090dfdac50509bf0af766930de60e045a157c6052ee3157bc229319171737,fixture-base-15,43fc05ca825c7ff2e7c00c016f80b1cce1f9303158dc70eba6d35120eb50ac68,23bc76fd36d1490877c3d533b77daa34101fee5b32e5371bb67f3a556051ad6d,1
fixture-bank-15:2:target-b:fixture-bank-15:p0005,RFIR,paired_active_alternative,target-b,fixture-bank-15,target-b:fixture-bank-15:p0005,1.4887621510443738,39c090dfdac50509bf0af766930de60e045a157c6052ee3157bc229319171737,fixture-base-15,46c00c10273ec76fe790c0ad0ffd5f5ab6d5272ca49c460f7dd57c488cb2c66e,9342cf861ca09ede8f2ad330b0a43fc44a87f29cd4b4f300a32223abbd8ff439,1
fixture-bank-15:2:target-b:fixture-bank-15:p0005,RFIR,paired_null_alternative,target-b,fixture-bank-15,target-b:fixture-bank-15:p0005,2.9833912362776123,39c090dfdac50509bf0af766930de60e045a157c6052ee3157bc229319171737,fixture-base-15,f5927760d3b1814b4517f2d4ec916c38c996cc08756aa052f486f1e0d64db008,dc604e21f06e2238c055dda77df6b29500b87d1ccd6f1220d16d28e0132afd63,1
fixture-bank-15:2:target-b:fixture-bank-15:p0005,RFIR,wrong_city,target-b,fixture-bank-15,target-b:fixture-bank-15:p0005,2.9833912362776123,39c090dfdac50509bf0af766930de60e045a157c6052ee3157bc229319171737,fixture-base-15,f5927760d3b1814b4517f2d4ec916c38c996cc08756aa052f486f1e0d64db008,cd6fbc5fb7763b3b83939b07a307c9a94efa49be29a928c55fe2712340b36782,1
fixture-bank-15:2:target-b:fixture-bank-15:p0005,RFIR,geometry_destroyed,target-b,fixture-bank-15,target-b:fixture-bank-15:p0005,1.4887621510443738,39c090dfdac50509bf0af766930de60e045a157c6052ee3157bc229319171737,fixture-base-15,d8ef429c723f34cfacd06d4d793586a5294fe0389c72f8d6d9ece8a3c2bec260,668aa1e4b33d38df51f3c5dfb22b1d9eb0dd680eb50ff3d4ee2f3bea8587c66b,1
fixture-bank-15:2:target-b:fixture-bank-15:p0005,RFIR,empty,target-b,fixture-bank-15,target-b:fixture-bank-15:p0005,2.9833912362776123,39c090dfdac50509bf0af766930de60e045a157c6052ee3157bc229319171737,fixture-base-15,80422bc3d307b4a25bdafcc84ac7fb01cb55a09810e8b0f37bb12e0edb5c48ca,9e55c822c8873725352f0c67ef4fee4f2aaffcd3ca9f5ff0b09459833c18bb65,1
fixture-bank-15:2:target-b:fixture-bank-15:p0006,RFIR,correct,target-b,fixture-bank-15,target-b:fixture-bank-15:p0006,2.7540576963843457,254398f0149fb220da4a475ecd459f8705a90724726c2465d6d8186ca2784c0f,fixture-base-15,43fc05ca825c7ff2e7c00c016f80b1cce1f9303158dc70eba6d35120eb50ac68,23bc76fd36d1490877c3d533b77daa34101fee5b32e5371bb67f3a556051ad6d,1
fixture-bank-15:2:target-b:fixture-bank-15:p0006,RFIR,paired_active_alternative,target-b,fixture-bank-15,target-b:fixture-bank-15:p0006,2.7540576963843457,254398f0149fb220da4a475ecd459f8705a90724726c2465d6d8186ca2784c0f,fixture-base-15,f5927760d3b1814b4517f2d4ec916c38c996cc08756aa052f486f1e0d64db008,0b31628d91747416d598239ad80b02ecfc0fae08307e393cee01fb056f795e98,1
fixture-bank-15:2:target-b:fixture-bank-15:p0006,RFIR,paired_null_alternative,target-b,fixture-bank-15,target-b:fixture-bank-15:p0006,2.9833912362776123,254398f0149fb220da4a475ecd459f8705a90724726c2465d6d8186ca2784c0f,fixture-base-15,46c00c10273ec76fe790c0ad0ffd5f5ab6d5272ca49c460f7dd57c488cb2c66e,5fc3415ed5103230b624481971a0a9602b76f4a7dd5023483aded77a1c493001,1
fixture-bank-15:2:target-b:fixture-bank-15:p0006,RFIR,wrong_city,target-b,fixture-bank-15,target-b:fixture-bank-15:p0006,2.7540576963843457,254398f0149fb220da4a475ecd459f8705a90724726c2465d6d8186ca2784c0f,fixture-base-15,f5927760d3b1814b4517f2d4ec916c38c996cc08756aa052f486f1e0d64db008,cd6fbc5fb7763b3b83939b07a307c9a94efa49be29a928c55fe2712340b36782,1
fixture-bank-15:2:target-b:fixture-bank-15:p0006,RFIR,geometry_destroyed,target-b,fixture-bank-15,target-b:fixture-bank-15:p0006,4.268068971136979,254398f0149fb220da4a475ecd459f8705a90724726c2465d6d8186ca2784c0f,fixture-base-15,32f87d947f70705572a1dc851b015d10ea4cac90060e629043bae0832aa69b1e,668aa1e4b33d38df51f3c5dfb22b1d9eb0dd680eb50ff3d4ee2f3bea8587c66b,1
fixture-bank-15:2:target-b:fixture-bank-15:p0006,RFIR,empty,target-b,fixture-bank-15,target-b:fixture-bank-15:p0006,2.7540576963843457,254398f0149fb220da4a475ecd459f8705a90724726c2465d6d8186ca2784c0f,fixture-base-15,80422bc3d307b4a25bdafcc84ac7fb01cb55a09810e8b0f37bb12e0edb5c48ca,9e55c822c8873725352f0c67ef4fee4f2aaffcd3ca9f5ff0b09459833c18bb65,1
fixture-bank-15:2:target-b:fixture-bank-15:p0007,RFIR,correct,target-b,fixture-bank-15,target-b:fixture-bank-15:p0007,3.7318814367784707,264273511830fbdcf09adf2e3c439886b0201e3576786f420acb5f6f9c3d6ade,fixture-base-15,43fc05ca825c7ff2e7c00c016f80b1cce1f9303158dc70eba6d35120eb50ac68,23bc76fd36d1490877c3d533b77daa34101fee5b32e5371bb67f3a556051ad6d,1
fixture-bank-15:2:target-b:fixture-bank-15:p0007,RFIR,paired_active_alternative,target-b,fixture-bank-15,target-b:fixture-bank-15:p0007,3.7318814367784707,264273511830fbdcf09adf2e3c439886b0201e3576786f420acb5f6f9c3d6ade,fixture-base-15,f5927760d3b1814b4517f2d4ec916c38c996cc08756aa052f486f1e0d64db008,0b31628d91747416d598239ad80b02ecfc0fae08307e393cee01fb056f795e98,1
fixture-bank-15:2:target-b:fixture-bank-15:p0007,RFIR,paired_null_alternative,target-b,fixture-bank-15,target-b:fixture-bank-15:p0007,1.800757766012951,264273511830fbdcf09adf2e3c439886b0201e3576786f420acb5f6f9c3d6ade,fixture-base-15,46c00c10273ec76fe790c0ad0ffd5f5ab6d5272ca49c460f7dd57c488cb2c66e,5fc3415ed5103230b624481971a0a9602b76f4a7dd5023483aded77a1c493001,1
fixture-bank-15:2:target-b:fixture-bank-15:p0007,RFIR,wrong_city,target-b,fixture-bank-15,target-b:fixture-bank-15:p0007,3.7318814367784707,264273511830fbdcf09adf2e3c439886b0201e3576786f420acb5f6f9c3d6ade,fixture-base-15,f5927760d3b1814b4517f2d4ec916c38c996cc08756aa052f486f1e0d64db008,cd6fbc5fb7763b3b83939b07a307c9a94efa49be29a928c55fe2712340b36782,1
fixture-bank-15:2:target-b:fixture-bank-15:p0007,RFIR,geometry_destroyed,target-b,fixture-bank-15,target-b:fixture-bank-15:p0007,1.800757766012951,264273511830fbdcf09adf2e3c439886b0201e3576786f420acb5f6f9c3d6ade,fixture-base-15,1cc24104a33007689ea707db545f91cc41fd52037b46a5a7c7035fe0c86cc9db,668aa1e4b33d38df51f3c5dfb22b1d9eb0dd680eb50ff3d4ee2f3bea8587c66b,1
fixture-bank-15:2:target-b:fixture-bank-15:p0007,RFIR,empty,target-b,fixture-bank-15,target-b:fixture-bank-15:p0007,3.7318814367784707,264273511830fbdcf09adf2e3c439886b0201e3576786f420acb5f6f9c3d6ade,fixture-base-15,80422bc3d307b4a25bdafcc84ac7fb01cb55a09810e8b0f37bb12e0edb5c48ca,9e55c822c8873725352f0c67ef4fee4f2aaffcd3ca9f5ff0b09459833c18bb65,1
fixture-bank-15:3:target-b:fixture-bank-15:p0004,RFIR,correct,target-b,fixture-bank-15,target-b:fixture-bank-15:p0004,3.3959096301383647,3f5d719efedb25f48843cb87df5d245bb71954e60f81838f2ac43cc4a6d414a1,fixture-base-15,46c00c10273ec76fe790c0ad0ffd5f5ab6d5272ca49c460f7dd57c488cb2c66e,23bc76fd36d1490877c3d533b77daa34101fee5b32e5371bb67f3a556051ad6d,1
fixture-bank-15:3:target-b:fixture-bank-15:p0004,RFIR,paired_active_alternative,target-b,fixture-bank-15,target-b:fixture-bank-15:p0004,1.488762151044374,3f5d719efedb25f48843cb87df5d245bb71954e60f81838f2ac43cc4a6d414a1,fixture-base-15,43fc05ca825c7ff2e7c00c016f80b1cce1f9303158dc70eba6d35120eb50ac68,97b2eed7561b9b0b588bd3d6f9dddecdaffbb7108cdc42da9a790983014d7d96,1
fixture-bank-15:3:target-b:fixture-bank-15:p0004,RFIR,paired_null_alternative,target-b,fixture-bank-15,target-b:fixture-bank-15:p0004,3.3959096301383647,3f5d719efedb25f48843cb87df5d245bb71954e60f81838f2ac43cc4a6d414a1,fixture-base-15,e8de7d7a53648d151882d0e4934ed3f5dd2c991772925bf4c4c98216305f4084,14f7b4bb8939321a89fa1b1e75fc43492f4b38d1db765e75a0137c831a245f58,1
fixture-bank-15:3:target-b:fixture-bank-15:p0004,RFIR,wrong_city,target-b,fixture-bank-15,target-b:fixture-bank-15:p0004,1.488762151044374,3f5d719efedb25f48843cb87df5d245bb71954e60f81838f2ac43cc4a6d414a1,fixture-base-15,f5927760d3b1814b4517f2d4ec916c38c996cc08756aa052f486f1e0d64db008,cd6fbc5fb7763b3b83939b07a307c9a94efa49be29a928c55fe2712340b36782,1
fixture-bank-15:3:target-b:fixture-bank-15:p0004,RFIR,geometry_destroyed,target-b,fixture-bank-15,target-b:fixture-bank-15:p0004,3.3959096301383647,3f5d719efedb25f48843cb87df5d245bb71954e60f81838f2ac43cc4a6d414a1,fixture-base-15,9e7891b79d11cef53f4360c703decd22110f31852fcb8e705cff4d30261fd2ba,668aa1e4b33d38df51f3c5dfb22b1d9eb0dd680eb50ff3d4ee2f3bea8587c66b,1
fixture-bank-15:3:target-b:fixture-bank-15:p0004,RFIR,empty,target-b,fixture-bank-15,target-b:fixture-bank-15:p0004,1.488762151044374,3f5d719efedb25f48843cb87df5d245bb71954e60f81838f2ac43cc4a6d414a1,fixture-base-15,80422bc3d307b4a25bdafcc84ac7fb01cb55a09810e8b0f37bb12e0edb5c48ca,9e55c822c8873725352f0c67ef4fee4f2aaffcd3ca9f5ff0b09459833c18bb65,1
fixture-bank-15:3:target-b:fixture-bank-15:p0005,RFIR,correct,target-b,fixture-bank-15,target-b:fixture-bank-15:p0005,1.4887621510443738,d3d41652757c43f7830ce09c083f6cd994639f9f152537886b1423f9604ad279,fixture-base-15,46c00c10273ec76fe790c0ad0ffd5f5ab6d5272ca49c460f7dd57c488cb2c66e,23bc76fd36d1490877c3d533b77daa34101fee5b32e5371bb67f3a556051ad6d,1
fixture-bank-15:3:target-b:fixture-bank-15:p0005,RFIR,paired_active_alternative,target-b,fixture-bank-15,target-b:fixture-bank-15:p0005,2.9833912362776123,d3d41652757c43f7830ce09c083f6cd994639f9f152537886b1423f9604ad279,fixture-base-15,43fc05ca825c7ff2e7c00c016f80b1cce1f9303158dc70eba6d35120eb50ac68,97b2eed7561b9b0b588bd3d6f9dddecdaffbb7108cdc42da9a790983014d7d96,1
fixture-bank-15:3:target-b:fixture-bank-15:p0005,RFIR,paired_null_alternative,target-b,fixture-bank-15,target-b:fixture-bank-15:p0005,1.4887621510443738,d3d41652757c43f7830ce09c083f6cd994639f9f152537886b1423f9604ad279,fixture-base-15,e8de7d7a53648d151882d0e4934ed3f5dd2c991772925bf4c4c98216305f4084,14f7b4bb8939321a89fa1b1e75fc43492f4b38d1db765e75a0137c831a245f58,1
fixture-bank-15:3:target-b:fixture-bank-15:p0005,RFIR,wrong_city,target-b,fixture-bank-15,target-b:fixture-bank-15:p0005,2.9833912362776123,d3d41652757c43f7830ce09c083f6cd994639f9f152537886b1423f9604ad279,fixture-base-15,f5927760d3b1814b4517f2d4ec916c38c996cc08756aa052f486f1e0d64db008,cd6fbc5fb7763b3b83939b07a307c9a94efa49be29a928c55fe2712340b36782,1
fixture-bank-15:3:target-b:fixture-bank-15:p0005,RFIR,geometry_destroyed,target-b,fixture-bank-15,target-b:fixture-bank-15:p0005,1.4887621510443738,d3d41652757c43f7830ce09c083f6cd994639f9f152537886b1423f9604ad279,fixture-base-15,ea66f9c447a6223fba62b57d083e0bfce3780da25aa2ece8bb5322247c844907,668aa1e4b33d38df51f3c5dfb22b1d9eb0dd680eb50ff3d4ee2f3bea8587c66b,1
fixture-bank-15:3:target-b:fixture-bank-15:p0005,RFIR,empty,target-b,fixture-bank-15,target-b:fixture-bank-15:p0005,2.9833912362776123,d3d41652757c43f7830ce09c083f6cd994639f9f152537886b1423f9604ad279,fixture-base-15,80422bc3d307b4a25bdafcc84ac7fb01cb55a09810e8b0f37bb12e0edb5c48ca,9e55c822c8873725352f0c67ef4fee4f2aaffcd3ca9f5ff0b09459833c18bb65,1
fixture-bank-15:3:target-b:fixture-bank-15:p0006,RFIR,correct,target-b,fixture-bank-15,target-b:fixture-bank-15:p0006,2.9833912362776123,29b225f2ebca8cbe31e56b3bc4a00f73dc90fb2dc66d1a15094b36b1ec47dac4,fixture-base-15,46c00c10273ec76fe790c0ad0ffd5f5ab6d5272ca49c460f7dd57c488cb2c66e,23bc76fd36d1490877c3d533b77daa34101fee5b32e5371bb67f3a556051ad6d,1
fixture-bank-15:3:target-b:fixture-bank-15:p0006,RFIR,paired_active_alternative,target-b,fixture-bank-15,target-b:fixture-bank-15:p0006,2.9833912362776123,29b225f2ebca8cbe31e56b3bc4a00f73dc90fb2dc66d1a15094b36b1ec47dac4,fixture-base-15,e8de7d7a53648d151882d0e4934ed3f5dd2c991772925bf4c4c98216305f4084,206068a1ce872629c58e270c88b151c7dfc3808ae0bfc81c287415931ac1ed09,1
fixture-bank-15:3:target-b:fixture-bank-15:p0006,RFIR,paired_null_alternative,target-b,fixture-bank-15,target-b:fixture-bank-15:p0006,2.7540576963843457,29b225f2ebca8cbe31e56b3bc4a00f73dc90fb2dc66d1a15094b36b1ec47dac4,fixture-base-15,43fc05ca825c7ff2e7c00c016f80b1cce1f9303158dc70eba6d35120eb50ac68,6b8479198747206bea03ca2071f5f5cbe29025498fdebfd3077e6a17c27b5927,1
fixture-bank-15:3:target-b:fixture-bank-15:p0006,RFIR,wrong_city,target-b,fixture-bank-15,target-b:fixture-bank-15:p0006,2.7540576963843457,29b225f2ebca8cbe31e56b3bc4a00f73dc90fb2dc66d1a15094b36b1ec47dac4,fixture-base-15,f5927760d3b1814b4517f2d4ec916c38c996cc08756aa052f486f1e0d64db008,cd6fbc5fb7763b3b83939b07a307c9a94efa49be29a928c55fe2712340b36782,1
fixture-bank-15:3:target-b:fixture-bank-15:p0006,RFIR,geometry_destroyed,target-b,fixture-bank-15,target-b:fixture-bank-15:p0006,2.7540576963843457,29b225f2ebca8cbe31e56b3bc4a00f73dc90fb2dc66d1a15094b36b1ec47dac4,fixture-base-15,778b7741c275ff8c2fee6db6fb117ff1e3a3844eb3d2d491ac8b3277af98ecd7,668aa1e4b33d38df51f3c5dfb22b1d9eb0dd680eb50ff3d4ee2f3bea8587c66b,1
fixture-bank-15:3:target-b:fixture-bank-15:p0006,RFIR,empty,target-b,fixture-bank-15,target-b:fixture-bank-15:p0006,2.7540576963843457,29b225f2ebca8cbe31e56b3bc4a00f73dc90fb2dc66d1a15094b36b1ec47dac4,fixture-base-15,80422bc3d307b4a25bdafcc84ac7fb01cb55a09810e8b0f37bb12e0edb5c48ca,9e55c822c8873725352f0c67ef4fee4f2aaffcd3ca9f5ff0b09459833c18bb65,1
fixture-bank-15:3:target-b:fixture-bank-15:p0007,RFIR,correct,target-b,fixture-bank-15,target-b:fixture-bank-15:p0007,1.800757766012951,7d4f5fde9650e3edf5e04f322048e711f36aa1a446185110e4a1806c68881371,fixture-base-15,46c00c10273ec76fe790c0ad0ffd5f5ab6d5272ca49c460f7dd57c488cb2c66e,23bc76fd36d1490877c3d533b77daa34101fee5b32e5371bb67f3a556051ad6d,1
fixture-bank-15:3:target-b:fixture-bank-15:p0007,RFIR,paired_active_alternative,target-b,fixture-bank-15,target-b:fixture-bank-15:p0007,1.800757766012951,7d4f5fde9650e3edf5e04f322048e711f36aa1a446185110e4a1806c68881371,fixture-base-15,e8de7d7a53648d151882d0e4934ed3f5dd2c991772925bf4c4c98216305f4084,206068a1ce872629c58e270c88b151c7dfc3808ae0bfc81c287415931ac1ed09,1
fixture-bank-15:3:target-b:fixture-bank-15:p0007,RFIR,paired_null_alternative,target-b,fixture-bank-15,target-b:fixture-bank-15:p0007,3.7318814367784707,7d4f5fde9650e3edf5e04f322048e711f36aa1a446185110e4a1806c68881371,fixture-base-15,43fc05ca825c7ff2e7c00c016f80b1cce1f9303158dc70eba6d35120eb50ac68,6b8479198747206bea03ca2071f5f5cbe29025498fdebfd3077e6a17c27b5927,1
fixture-bank-15:3:target-b:fixture-bank-15:p0007,RFIR,wrong_city,target-b,fixture-bank-15,target-b:fixture-bank-15:p0007,3.7318814367784707,7d4f5fde9650e3edf5e04f322048e711f36aa1a446185110e4a1806c68881371,fixture-base-15,f5927760d3b1814b4517f2d4ec916c38c996cc08756aa052f486f1e0d64db008,cd6fbc5fb7763b3b83939b07a307c9a94efa49be29a928c55fe2712340b36782,1
fixture-bank-15:3:target-b:fixture-bank-15:p0007,RFIR,geometry_destroyed,target-b,fixture-bank-15,target-b:fixture-bank-15:p0007,3.9041937108519544,7d4f5fde9650e3edf5e04f322048e711f36aa1a446185110e4a1806c68881371,fixture-base-15,201114bd02509862539d9da98da483d3ef2edb80d951e0c533667e38dd14ee06,668aa1e4b33d38df51f3c5dfb22b1d9eb0dd680eb50ff3d4ee2f3bea8587c66b,1
fixture-bank-15:3:target-b:fixture-bank-15:p0007,RFIR,empty,target-b,fixture-bank-15,target-b:fixture-bank-15:p0007,3.7318814367784707,7d4f5fde9650e3edf5e04f322048e711f36aa1a446185110e4a1806c68881371,fixture-base-15,80422bc3d307b4a25bdafcc84ac7fb01cb55a09810e8b0f37bb12e0edb5c48ca,9e55c822c8873725352f0c67ef4fee4f2aaffcd3ca9f5ff0b09459833c18bb65,1
fixture-bank-16:0:target-a:fixture-bank-16:p0006,RFIR,correct,target-a,fixture-bank-16,target-a:fixture-bank-16:p0006,2.7860579881928893,78ab64062c20cf10b2a5f75cda0b04350102f41313147336b68a627fc55c7f36,fixture-base-16,f5927760d3b1814b4517f2d4ec916c38c996cc08756aa052f486f1e0d64db008,23bc76fd36d1490877c3d533b77daa34101fee5b32e5371bb67f3a556051ad6d,1
fixture-bank-16:0:target-a:fixture-bank-16:p0006,RFIR,paired_active_alternative,target-a,fixture-bank-16,target-a:fixture-bank-16:p0006,2.7860579881928893,78ab64062c20cf10b2a5f75cda0b04350102f41313147336b68a627fc55c7f36,fixture-base-16,43fc05ca825c7ff2e7c00c016f80b1cce1f9303158dc70eba6d35120eb50ac68,eb9f4ff4c31beda2b58c8c1627df055ff5a7fcdfa8fc0adb0a917ab4f12df679,1
fixture-bank-16:0:target-a:fixture-bank-16:p0006,RFIR,paired_null_alternative,target-a,fixture-bank-16,target-a:fixture-bank-16:p0006,0.986227879023343,78ab64062c20cf10b2a5f75cda0b04350102f41313147336b68a627fc55c7f36,fixture-base-16,8d2c6d3ad657216758cb61a91554f699ef6b692f87e6208b2f34dfa43603b79c,5a17d5ed3fd5860ae6c61ec5b77e9584a2af339a2c7b195465a9e19651e3613a,1
fixture-bank-16:0:target-a:fixture-bank-16:p0006,RFIR,wrong_city,target-a,fixture-bank-16,target-a:fixture-bank-16:p0006,2.7860579881928893,78ab64062c20cf10b2a5f75cda0b04350102f41313147336b68a627fc55c7f36,fixture-base-16,f5927760d3b1814b4517f2d4ec916c38c996cc08756aa052f486f1e0d64db008,cd6fbc5fb7763b3b83939b07a307c9a94efa49be29a928c55fe2712340b36782,1
fixture-bank-16:0:target-a:fixture-bank-16:p0006,RFIR,geometry_destroyed,target-a,fixture-bank-16,target-a:fixture-bank-16:p0006,2.7860579881928893,78ab64062c20cf10b2a5f75cda0b04350102f41313147336b68a627fc55c7f36,fixture-base-16,222976523803a337896d63bea4266f511c37aba8164df548de1a2243222485ad,668aa1e4b33d38df51f3c5dfb22b1d9eb0dd680eb50ff3d4ee2f3bea8587c66b,1
fixture-bank-16:0:target-a:fixture-bank-16:p0006,RFIR,empty,target-a,fixture-bank-16,target-a:fixture-bank-16:p0006,2.7860579881928893,78ab64062c20cf10b2a5f75cda0b04350102f41313147336b68a627fc55c7f36,fixture-base-16,80422bc3d307b4a25bdafcc84ac7fb01cb55a09810e8b0f37bb12e0edb5c48ca,9e55c822c8873725352f0c67ef4fee4f2aaffcd3ca9f5ff0b09459833c18bb65,1
fixture-bank-16:0:target-a:fixture-bank-16:p0007,RFIR,correct,target-a,fixture-bank-16,target-a:fixture-bank-16:p0007,2.7860579881928893,96c5404577ad9059991a0639ab8697f8faa697e9b78672512b60b05154658bac,fixture-base-16,f5927760d3b1814b4517f2d4ec916c38c996cc08756aa052f486f1e0d64db008,23bc76fd36d1490877c3d533b77daa34101fee5b32e5371bb67f3a556051ad6d,1
fixture-bank-16:0:target-a:fixture-bank-16:p0007,RFIR,paired_active_alternative,target-a,fixture-bank-16,target-a:fixture-bank-16:p0007,2.7860579881928893,96c5404577ad9059991a0639ab8697f8faa697e9b78672512b60b05154658bac,fixture-base-16,43fc05ca825c7ff2e7c00c016f80b1cce1f9303158dc70eba6d35120eb50ac68,eb9f4ff4c31beda2b58c8c1627df055ff5a7fcdfa8fc0adb0a917ab4f12df679,1
fixture-bank-16:0:target-a:fixture-bank-16:p0007,RFIR,paired_null_alternative,target-a,fixture-bank-16,target-a:fixture-bank-16:p0007,2.995437435394517,96c5404577ad9059991a0639ab8697f8faa697e9b78672512b60b05154658bac,fixture-base-16,8d2c6d3ad657216758cb61a91554f699ef6b692f87e6208b2f34dfa43603b79c,5a17d5ed3fd5860ae6c61ec5b77e9584a2af339a2c7b195465a9e19651e3613a,1
fixture-bank-16:0:target-a:fixture-bank-16:p0007,RFIR,wrong_city,target-a,fixture-bank-16,target-a:fixture-bank-16:p0007,2.7860579881928893,96c5404577ad9059991a0639ab8697f8faa697e9b78672512b60b05154658bac,fixture-base-16,f5927760d3b1814b4517f2d4ec916c38c996cc08756aa052f486f1e0d64db008,cd6fbc5fb7763b3b83939b07a307c9a94efa49be29a928c55fe2712340b36782,1
fixture-bank-16:0:target-a:fixture-bank-16:p0007,RFIR,geometry_destroyed,target-a,fixture-bank-16,target-a:fixture-bank-16:p0007,0.986227879023343,96c5404577ad9059991a0639ab8697f8faa697e9b78672512b60b05154658bac,fixture-base-16,4519ebee85345b07d1ea900555d5ca676f15ed93c0cdf4eb8f7b0dfeeb022291,668aa1e4b33d38df51f3c5dfb22b1d9eb0dd680eb50ff3d4ee2f3bea8587c66b,1
fixture-bank-16:0:target-a:fixture-bank-16:p0007,RFIR,empty,target-a,fixture-bank-16,target-a:fixture-bank-16:p0007,2.7860579881928893,96c5404577ad9059991a0639ab8697f8faa697e9b78672512b60b05154658bac,fixture-base-16,80422bc3d307b4a25bdafcc84ac7fb01cb55a09810e8b0f37bb12e0edb5c48ca,9e55c822c8873725352f0c67ef4fee4f2aaffcd3ca9f5ff0b09459833c18bb65,1
fixture-bank-16:1:target-a:fixture-bank-16:p0006,RFIR,correct,target-a,fixture-bank-16,target-a:fixture-bank-16:p0006,2.7860579881928893,f0a1631e0755c1493e1be4c04a5c2ba4f3da61e2fd203ef00f6f71362f57c793,fixture-base-16,43fc05ca825c7ff2e7c00c016f80b1cce1f9303158dc70eba6d35120eb50ac68,23bc76fd36d1490877c3d533b77daa34101fee5b32e5371bb67f3a556051ad6d,1
fixture-bank-16:1:target-a:fixture-bank-16:p0006,RFIR,paired_active_alternative,target-a,fixture-bank-16,target-a:fixture-bank-16:p0006,2.7860579881928893,f0a1631e0755c1493e1be4c04a5c2ba4f3da61e2fd203ef00f6f71362f57c793,fixture-base-16,f5927760d3b1814b4517f2d4ec916c38c996cc08756aa052f486f1e0d64db008,953754fcda9fefb0fe51569c49c53f60b360596c76bc87f67af93b1ed0b2c3a9,1
fixture-bank-16:1:target-a:fixture-bank-16:p0006,RFIR,paired_null_alternative,target-a,fixture-bank-16,target-a:fixture-bank-16:p0006,0.986227879023343,f0a1631e0755c1493e1be4c04a5c2ba4f3da61e2fd203ef00f6f71362f57c793,fixture-base-16,e4d64cf26bec851e0163f1b51622c7a073fc8730f9da6393e327cba58d3ab99e,809207241c4e6187b80849afd140c666e1fb16db4a1af75210a3f677180f55c9,1
fixture-bank-16:1:target-a:fixture-bank-16:p0006,RFIR,wrong_city,target-a,fixture-bank-16,target-a:fixture-bank-16:p0006,2.7860579881928893,f0a1631e0755c1493e1be4c04a5c2ba4f3da61e2fd203ef00f6f71362f57c793,fixture-base-16,f5927760d3b1814b4517f2d4ec916c38c996cc08756aa052f486f1e0d64db008,cd6fbc5fb7763b3b83939b07a307c9a94efa49be29a928c55fe2712340b36782,1
fixture-bank-16:1:target-a:fixture-bank-16:p0006,RFIR,geometry_destroyed,target-a,fixture-bank-16,target-a:fixture-bank-16:p0006,0.986227879023343,f0a1631e0755c1493e1be4c04a5c2ba4f3da61e2fd203ef00f6f71362f57c793,fixture-base-16,0e3846fd6a4e19b4b5d6e212ae9ea9d5680b030fe628ad231f226bc1b6423c92,668aa1e4b33d38df51f3c5dfb22b1d9eb0dd680eb50ff3d4ee2f3bea8587c66b,1
fixture-bank-16:1:target-a:fixture-bank-16:p0006,RFIR,empty,target-a,fixture-bank-16,target-a:fixture-bank-16:p0006,2.7860579881928893,f0a1631e0755c1493e1be4c04a5c2ba4f3da61e2fd203ef00f6f71362f57c793,fixture-base-16,80422bc3d307b4a25bdafcc84ac7fb01cb55a09810e8b0f37bb12e0edb5c48ca,9e55c822c8873725352f0c67ef4fee4f2aaffcd3ca9f5ff0b09459833c18bb65,1
fixture-bank-16:1:target-a:fixture-bank-16:p0007,RFIR,correct,target-a,fixture-bank-16,target-a:fixture-bank-16:p0007,2.7860579881928893,f335dafda0fd58c8b4b86705a3a7f58408bcb96eac2e794efd5fbb7301791239,fixture-base-16,43fc05ca825c7ff2e7c00c016f80b1cce1f9303158dc70eba6d35120eb50ac68,23bc76fd36d1490877c3d533b77daa34101fee5b32e5371bb67f3a556051ad6d,1
fixture-bank-16:1:target-a:fixture-bank-16:p0007,RFIR,paired_active_alternative,target-a,fixture-bank-16,target-a:fixture-bank-16:p0007,2.7860579881928893,f335dafda0fd58c8b4b86705a3a7f58408bcb96eac2e794efd5fbb7301791239,fixture-base-16,f5927760d3b1814b4517f2d4ec916c38c996cc08756aa052f486f1e0d64db008,953754fcda9fefb0fe51569c49c53f60b360596c76bc87f67af93b1ed0b2c3a9,1
fixture-bank-16:1:target-a:fixture-bank-16:p0007,RFIR,paired_null_alternative,target-a,fixture-bank-16,target-a:fixture-bank-16:p0007,2.995437435394517,f335dafda0fd58c8b4b86705a3a7f58408bcb96eac2e794efd5fbb7301791239,fixture-base-16,e4d64cf26bec851e0163f1b51622c7a073fc8730f9da6393e327cba58d3ab99e,809207241c4e6187b80849afd140c666e1fb16db4a1af75210a3f677180f55c9,1
fixture-bank-16:1:target-a:fixture-bank-16:p0007,RFIR,wrong_city,target-a,fixture-bank-16,target-a:fixture-bank-16:p0007,2.7860579881928893,f335dafda0fd58c8b4b86705a3a7f58408bcb96eac2e794efd5fbb7301791239,fixture-base-16,f5927760d3b1814b4517f2d4ec916c38c996cc08756aa052f486f1e0d64db008,cd6fbc5fb7763b3b83939b07a307c9a94efa49be29a928c55fe2712340b36782,1
fixture-bank-16:1:target-a:fixture-bank-16:p0007,RFIR,geometry_destroyed,target-a,fixture-bank-16,target-a:fixture-bank-16:p0007,0.986227879023343,f335dafda0fd58c8b4b86705a3a7f58408bcb96eac2e794efd5fbb7301791239,fixture-base-16,dae38f2d0394257a3008332e5fcfcb52accfce8009bca79aaeb8c2fafa02d6f7,668aa1e4b33d38df51f3c5dfb22b1d9eb0dd680eb50ff3d4ee2f3bea8587c66b,1
fixture-bank-16:1:target-a:fixture-bank-16:p0007,RFIR,empty,target-a,fixture-bank-16,target-a:fixture-bank-16:p0007,2.7860579881928893,f335dafda0fd58c8b4b86705a3a7f58408bcb96eac2e794efd5fbb7301791239,fixture-base-16,80422bc3d307b4a25bdafcc84ac7fb01cb55a09810e8b0f37bb12e0edb5c48ca,9e55c822c8873725352f0c67ef4fee4f2aaffcd3ca9f5ff0b09459833c18bb65,1
fixture-bank-16:2:target-a:fixture-bank-16:p0006,RFIR,correct,target-a,fixture-bank-16,target-a:fixture-bank-16:p0006,0.986227879023343,110472018b9c66bacdd9c769d894ac2815b11a12c865a3515837167d2335d3a8,fixture-base-16,8d2c6d3ad657216758cb61a91554f699ef6b692f87e6208b2f34dfa43603b79c,23bc76fd36d1490877c3d533b77daa34101fee5b32e5371bb67f3a556051ad6d,1
fixture-bank-16:2:target-a:fixture-bank-16:p0006,RFIR,paired_active_alternative,target-a,fixture-bank-16,target-a:fixture-bank-16:p0006,0.986227879023343,110472018b9c66bacdd9c769d894ac2815b11a12c865a3515837167d2335d3a8,fixture-base-16,e4d64cf26bec851e0163f1b51622c7a073fc8730f9da6393e327cba58d3ab99e,99ad10c860e8410cf77e29bbd0e9e0128e0faa1dcb91865155b10463b0fc3d56,1
fixture-bank-16:2:target-a:fixture-bank-16:p0006,RFIR,paired_null_alternative,target-a,fixture-bank-16,target-a:fixture-bank-16:p0006,2.7860579881928893,110472018b9c66bacdd9c769d894ac2815b11a12c865a3515837167d2335d3a8,fixture-base-16,f5927760d3b1814b4517f2d4ec916c38c996cc08756aa052f486f1e0d64db008,6953cb6341bf4ecdd063a238f2b5387c933f61d6ca9d0516528de2478e94f8d4,1
fixture-bank-16:2:target-a:fixture-bank-16:p0006,RFIR,wrong_city,target-a,fixture-bank-16,target-a:fixture-bank-16:p0006,2.7860579881928893,110472018b9c66bacdd9c769d894ac2815b11a12c865a3515837167d2335d3a8,fixture-base-16,f5927760d3b1814b4517f2d4ec916c38c996cc08756aa052f486f1e0d64db008,cd6fbc5fb7763b3b83939b07a307c9a94efa49be29a928c55fe2712340b36782,1
fixture-bank-16:2:target-a:fixture-bank-16:p0006,RFIR,geometry_destroyed,target-a,fixture-bank-16,target-a:fixture-bank-16:p0006,4.874640408642818,110472018b9c66bacdd9c769d894ac2815b11a12c865a3515837167d2335d3a8,fixture-base-16,82bce0b97ba0b67cc085acb5120093a4b6a02630843739bae18bf49f54bf6be0,668aa1e4b33d38df51f3c5dfb22b1d9eb0dd680eb50ff3d4ee2f3bea8587c66b,1
fixture-bank-16:2:target-a:fixture-bank-16:p0006,RFIR,empty,target-a,fixture-bank-16,target-a:fixture-bank-16:p0006,2.7860579881928893,110472018b9c66bacdd9c769d894ac2815b11a12c865a3515837167d2335d3a8,fixture-base-16,80422bc3d307b4a25bdafcc84ac7fb01cb55a09810e8b0f37bb12e0edb5c48ca,9e55c822c8873725352f0c67ef4fee4f2aaffcd3ca9f5ff0b09459833c18bb65,1
fixture-bank-16:2:target-a:fixture-bank-16:p0007,RFIR,correct,target-a,fixture-bank-16,target-a:fixture-bank-16:p0007,2.995437435394517,c15ba6e8d03796ecc0616c786669fb26de908a451117e7c18e70c060c8851604,fixture-base-16,8d2c6d3ad657216758cb61a91554f699ef6b692f87e6208b2f34dfa43603b79c,23bc76fd36d1490877c3d533b77daa34101fee5b32e5371bb67f3a556051ad6d,1
fixture-bank-16:2:target-a:fixture-bank-16:p0007,RFIR,paired_active_alternative,target-a,fixture-bank-16,target-a:fixture-bank-16:p0007,2.995437435394517,c15ba6e8d03796ecc0616c786669fb26de908a451117e7c18e70c060c8851604,fixture-base-16,e4d64cf26bec851e0163f1b51622c7a073fc8730f9da6393e327cba58d3ab99e,99ad10c860e8410cf77e29bbd0e9e0128e0faa1dcb91865155b10463b0fc3d56,1
fixture-bank-16:2:target-a:fixture-bank-16:p0007,RFIR,paired_null_alternative,target-a,fixture-bank-16,target-a:fixture-bank-16:p0007,2.7860579881928893,c15ba6e8d03796ecc0616c786669fb26de908a451117e7c18e70c060c8851604,fixture-base-16,f5927760d3b1814b4517f2d4ec916c38c996cc08756aa052f486f1e0d64db008,6953cb6341bf4ecdd063a238f2b5387c933f61d6ca9d0516528de2478e94f8d4,1
fixture-bank-16:2:target-a:fixture-bank-16:p0007,RFIR,wrong_city,target-a,fixture-bank-16,target-a:fixture-bank-16:p0007,2.7860579881928893,c15ba6e8d03796ecc0616c786669fb26de908a451117e7c18e70c060c8851604,fixture-base-16,f5927760d3b1814b4517f2d4ec916c38c996cc08756aa052f486f1e0d64db008,cd6fbc5fb7763b3b83939b07a307c9a94efa49be29a928c55fe2712340b36782,1
fixture-bank-16:2:target-a:fixture-bank-16:p0007,RFIR,geometry_destroyed,target-a,fixture-bank-16,target-a:fixture-bank-16:p0007,0.986227879023343,c15ba6e8d03796ecc0616c786669fb26de908a451117e7c18e70c060c8851604,fixture-base-16,6d3bded649f75114964d0a093913f8b64d82aa2d460c1aef0d88d3cc6795f5ff,668aa1e4b33d38df51f3c5dfb22b1d9eb0dd680eb50ff3d4ee2f3bea8587c66b,1
fixture-bank-16:2:target-a:fixture-bank-16:p0007,RFIR,empty,target-a,fixture-bank-16,target-a:fixture-bank-16:p0007,2.7860579881928893,c15ba6e8d03796ecc0616c786669fb26de908a451117e7c18e70c060c8851604,fixture-base-16,80422bc3d307b4a25bdafcc84ac7fb01cb55a09810e8b0f37bb12e0edb5c48ca,9e55c822c8873725352f0c67ef4fee4f2aaffcd3ca9f5ff0b09459833c18bb65,1
fixture-bank-16:3:target-a:fixture-bank-16:p0006,RFIR,correct,target-a,fixture-bank-16,target-a:fixture-bank-16:p0006,0.986227879023343,3ca243cd48a3d2061c053ce0cb3ea753d31ad490e925476e2edcc3a359c8df5e,fixture-base-16,e4d64cf26bec851e0163f1b51622c7a073fc8730f9da6393e327cba58d3ab99e,23bc76fd36d1490877c3d533b77daa34101fee5b32e5371bb67f3a556051ad6d,1
fixture-bank-16:3:target-a:fixture-bank-16:p0006,RFIR,paired_active_alternative,target-a,fixture-bank-16,target-a:fixture-bank-16:p0006,0.986227879023343,3ca243cd48a3d2061c053ce0cb3ea753d31ad490e925476e2edcc3a359c8df5e,fixture-base-16,8d2c6d3ad657216758cb61a91554f699ef6b692f87e6208b2f34dfa43603b79c,38d2eee754fa4712c9ba273f503f2bca683c5e736c80abf7050581ca94e9f1b7,1
fixture-bank-16:3:target-a:fixture-bank-16:p0006,RFIR,paired_null_alternative,target-a,fixture-bank-16,target-a:fixture-bank-16:p0006,2.7860579881928893,3ca243cd48a3d2061c053ce0cb3ea753d31ad490e925476e2edcc3a359c8df5e,fixture-base-16,43fc05ca825c7ff2e7c00c016f80b1cce1f9303158dc70eba6d35120eb50ac68,5e54c2ceb54dd41e805701d800c8d8cff642a41072c9d56e5235f3b2509e9288,1
fixture-bank-16:3:target-a:fixture-bank-16:p0006,RFIR,wrong_city,target-a,fixture-bank-16,target-a:fixture-bank-16:p0006,2.7860579881928893,3ca243cd48a3d2061c053ce0cb3ea753d31ad490e925476e2edcc3a359c8df5e,fixture-base-16,f5927760d3b1814b4517f2d4ec916c38c996cc08756aa052f486f1e0d64db008,cd6fbc5fb7763b3b83939b07a307c9a94efa49be29a928c55fe2712340b36782,1
fixture-bank-16:3:target-a:fixture-bank-16:p0006,RFIR,geometry_destroyed,target-a,fixture-bank-16,target-a:fixture-bank-16:p0006,0.986227879023343,3ca243cd48a3d2061c053ce0cb3ea753d31ad490e925476e2edcc3a359c8df5e,fixture-base-16,877be1a759576b9755e2d2e31fc4ff3410858d4a3400147ee783391dd551189f,668aa1e4b33d38df51f3c5dfb22b1d9eb0dd680eb50ff3d4ee2f3bea8587c66b,1
fixture-bank-16:3:target-a:fixture-bank-16:p0006,RFIR,empty,target-a,fixture-bank-16,target-a:fixture-bank-16:p0006,2.7860579881928893,3ca243cd48a3d2061c053ce0cb3ea753d31ad490e925476e2edcc3a359c8df5e,fixture-base-16,80422bc3d307b4a25bdafcc84ac7fb01cb55a09810e8b0f37bb12e0edb5c48ca,9e55c822c8873725352f0c67ef4fee4f2aaffcd3ca9f5ff0b09459833c18bb65,1
fixture-bank-16:3:target-a:fixture-bank-16:p0007,RFIR,correct,target-a,fixture-bank-16,target-a:fixture-bank-16:p0007,2.995437435394517,282c30f187cf1cb37f43228627883c464c5548076cdf2a303c8ceb548026454f,fixture-base-16,e4d64cf26bec851e0163f1b51622c7a073fc8730f9da6393e327cba58d3ab99e,23bc76fd36d1490877c3d533b77daa34101fee5b32e5371bb67f3a556051ad6d,1
fixture-bank-16:3:target-a:fixture-bank-16:p0007,RFIR,paired_active_alternative,target-a,fixture-bank-16,target-a:fixture-bank-16:p0007,2.995437435394517,282c30f187cf1cb37f43228627883c464c5548076cdf2a303c8ceb548026454f,fixture-base-16,8d2c6d3ad657216758cb61a91554f699ef6b692f87e6208b2f34dfa43603b79c,38d2eee754fa4712c9ba273f503f2bca683c5e736c80abf7050581ca94e9f1b7,1
fixture-bank-16:3:target-a:fixture-bank-16:p0007,RFIR,paired_null_alternative,target-a,fixture-bank-16,target-a:fixture-bank-16:p0007,2.7860579881928893,282c30f187cf1cb37f43228627883c464c5548076cdf2a303c8ceb548026454f,fixture-base-16,43fc05ca825c7ff2e7c00c016f80b1cce1f9303158dc70eba6d35120eb50ac68,5e54c2ceb54dd41e805701d800c8d8cff642a41072c9d56e5235f3b2509e9288,1
fixture-bank-16:3:target-a:fixture-bank-16:p0007,RFIR,wrong_city,target-a,fixture-bank-16,target-a:fixture-bank-16:p0007,2.7860579881928893,282c30f187cf1cb37f43228627883c464c5548076cdf2a303c8ceb548026454f,fixture-base-16,f5927760d3b1814b4517f2d4ec916c38c996cc08756aa052f486f1e0d64db008,cd6fbc5fb7763b3b83939b07a307c9a94efa49be29a928c55fe2712340b36782,1
fixture-bank-16:3:target-a:fixture-bank-16:p0007,RFIR,geometry_destroyed,target-a,fixture-bank-16,target-a:fixture-bank-16:p0007,2.7860579881928893,282c30f187cf1cb37f43228627883c464c5548076cdf2a303c8ceb548026454f,fixture-base-16,05d2f808e7a1023b0a448b43da5145ea7fa7ac6c3ec76d1db3ad0b990ab9fdb9,668aa1e4b33d38df51f3c5dfb22b1d9eb0dd680eb50ff3d4ee2f3bea8587c66b,1
fixture-bank-16:3:target-a:fixture-bank-16:p0007,RFIR,empty,target-a,fixture-bank-16,target-a:fixture-bank-16:p0007,2.7860579881928893,282c30f187cf1cb37f43228627883c464c5548076cdf2a303c8ceb548026454f,fixture-base-16,80422bc3d307b4a25bdafcc84ac7fb01cb55a09810e8b0f37bb12e0edb5c48ca,9e55c822c8873725352f0c67ef4fee4f2aaffcd3ca9f5ff0b09459833c18bb65,1
fixture-bank-17:0:target-b:fixture-bank-17:p0005,RFIR,correct,target-b,fixture-bank-17,target-b:fixture-bank-17:p0005,3.007895888013778,090e37279fcf9463c8e9a43e13d57a28c1619c90c40ce966082940ac5e5437a5,fixture-base-17,ff963d85d64acc87d9746e75be8bdebfc2f1270f6df2973bbec8333c48c059de,23bc76fd36d1490877c3d533b77daa34101fee5b32e5371bb67f3a556051ad6d,1
fixture-bank-17:0:target-b:fixture-bank-17:p0005,RFIR,paired_active_alternative,target-b,fixture-bank-17,target-b:fixture-bank-17:p0005,1.4672085165459374,090e37279fcf9463c8e9a43e13d57a28c1619c90c40ce966082940ac5e5437a5,fixture-base-17,d5562de0e2a83eb75a5283cc308d5029c8fdf9ff8641aa0a418d47978400e998,09b8d53d9054b3b88fa6808da7564d6310a6ecbb122ef08e91bee51e09c39608,1
fixture-bank-17:0:target-b:fixture-bank-17:p0005,RFIR,paired_null_alternative,target-b,fixture-bank-17,target-b:fixture-bank-17:p0005,1.4672085165459374,090e37279fcf9463c8e9a43e13d57a28c1619c90c40ce966082940ac5e5437a5,fixture-base-17,951bcb74358e1e4e230d49916479269dba31a44b603453729743a4e281303dfc,66b48752aec25a0d8344e984c3ba90d195057d847f682c9cdb73f7d74e64056d,1
fixture-bank-17:0:target-b:fixture-bank-17:p0005,RFIR,wrong_city,target-b,fixture-bank-17,target-b:fixture-bank-17:p0005,3.007895888013778,090e37279fcf9463c8e9a43e13d57a28c1619c90c40ce966082940ac5e5437a5,fixture-base-17,f5927760d3b1814b4517f2d4ec916c38c996cc08756aa052f486f1e0d64db008,cd6fbc5fb7763b3b83939b07a307c9a94efa49be29a928c55fe2712340b36782,1
fixture-bank-17:0:target-b:fixture-bank-17:p0005,RFIR,geometry_destroyed,target-b,fixture-bank-17,target-b:fixture-bank-17:p0005,3.3552889575891474,090e37279fcf9463c8e9a43e13d57a28c1619c90c40ce966082940ac5e5437a5,fixture-base-17,29af6eaa57bd5d4f5e2102d87b61b2347f51442c81e9e77a21b65ea9eb9b6616,668aa1e4b33d38df51f3c5dfb22b1d9eb0dd680eb50ff3d4ee2f3bea8587c66b,1
fixture-bank-17:0:target-b:fixture-bank-17:p0005,RFIR,empty,target-b,fixture-bank-17,target-b:fixture-bank-17:p0005,3.007895888013778,090e37279fcf9463c8e9a43e13d57a28c1619c90c40ce966082940ac5e5437a5,fixture-base-17,80422bc3d307b4a25bdafcc84ac7fb01cb55a09810e8b0f37bb12e0edb5c48ca,9e55c822c8873725352f0c67ef4fee4f2aaffcd3ca9f5ff0b09459833c18bb65,1
fixture-bank-17:0:target-b:fixture-bank-17:p0006,RFIR,correct,target-b,fixture-bank-17,target-b:fixture-bank-17:p0006,2.8181863875967212,f2c430e83e11c44d0a512a66aa601e2cf60b82028542a8d5024c86250c27f9d7,fixture-base-17,ff963d85d64acc87d9746e75be8bdebfc2f1270f6df2973bbec8333c48c059de,23bc76fd36d1490877c3d533b77daa34101fee5b32e5371bb67f3a556051ad6d,1
fixture-bank-17:0:target-b:fixture-bank-17:p0006,RFIR,paired_active_alternative,target-b,fixture-bank-17,target-b:fixture-bank-17:p0006,1.0234440254015822,f2c430e83e11c44d0a512a66aa601e2cf60b82028542a8d5024c86250c27f9d7,fixture-base-17,951bcb74358e1e4e230d49916479269dba31a44b603453729743a4e281303dfc,5492e5d28505aa47172deba2c3d34393a12b275ce6a005157b638bc9dc6ff29f,1
fixture-bank-17:0:target-b:fixture-bank-17:p0006,RFIR,paired_null_alternative,target-b,fixture-bank-17,target-b:fixture-bank-17:p0006,1.0234440254015822,f2c430e83e11c44d0a512a66aa601e2cf60b82028542a8d5024c86250c27f9d7,fixture-base-17,d5562de0e2a83eb75a5283cc308d5029c8fdf9ff8641aa0a418d47978400e998,001759dc4c85eb3d880dc67f610f5efe56d770ebd1619d81f089c5439fd54906,1
fixture-bank-17:0:target-b:fixture-bank-17:p0006,RFIR,wrong_city,target-b,fixture-bank-17,target-b:fixture-bank-17:p0006,2.8181863875967212,f2c430e83e11c44d0a512a66aa601e2cf60b82028542a8d5024c86250c27f9d7,fixture-base-17,f5927760d3b1814b4517f2d4ec916c38c996cc08756aa052f486f1e0d64db008,cd6fbc5fb7763b3b83939b07a307c9a94efa49be29a928c55fe2712340b36782,1
fixture-bank-17:0:target-b:fixture-bank-17:p0006,RFIR,geometry_destroyed,target-b,fixture-bank-17,target-b:fixture-bank-17:p0006,1.4672085165459374,f2c430e83e11c44d0a512a66aa601e2cf60b82028542a8d5024c86250c27f9d7,fixture-base-17,10d4de4e8351c622446d306c258cfd33c8779a8d6bfd04954b9d099acaea73d9,668aa1e4b33d38df51f3c5dfb22b1d9eb0dd680eb50ff3d4ee2f3bea8587c66b,1
fixture-bank-17:0:target-b:fixture-bank-17:p0006,RFIR,empty,target-b,fixture-bank-17,target-b:fixture-bank-17:p0006,2.8181863875967212,f2c430e83e11c44d0a512a66aa601e2cf60b82028542a8d5024c86250c27f9d7,fixture-base-17,80422bc3d307b4a25bdafcc84ac7fb01cb55a09810e8b0f37bb12e0edb5c48ca,9e55c822c8873725352f0c67ef4fee4f2aaffcd3ca9f5ff0b09459833c18bb65,1
fixture-bank-17:0:target-b:fixture-bank-17:p0007,RFIR,correct,target-b,fixture-bank-17,target-b:fixture-bank-17:p0007,3.733922135668533,77f381963070fc018381a77821f77648e53ca565f6a28ae2084291f6456c6390,fixture-base-17,ff963d85d64acc87d9746e75be8bdebfc2f1270f6df2973bbec8333c48c059de,23bc76fd36d1490877c3d533b77daa34101fee5b32e5371bb67f3a556051ad6d,1
fixture-bank-17:0:target-b:fixture-bank-17:p0007,RFIR,paired_active_alternative,target-b,fixture-bank-17,target-b:fixture-bank-17:p0007,4.364337025612274,77f381963070fc018381a77821f77648e53ca565f6a28ae2084291f6456c6390,fixture-base-17,951bcb74358e1e4e230d49916479269dba31a44b603453729743a4e281303dfc,5492e5d28505aa47172deba2c3d34393a12b275ce6a005157b638bc9dc6ff29f,1
fixture-bank-17:0:target-b:fixture-bank-17:p0007,RFIR,paired_null_alternative,target-b,fixture-bank-17,target-b:fixture-bank-17:p0007,4.364337025612274,77f381963070fc018381a77821f77648e53ca565f6a28ae2084291f6456c6390,fixture-base-17,d5562de0e2a83eb75a5283cc308d5029c8fdf9ff8641aa0a418d47978400e998,001759dc4c85eb3d880dc67f610f5efe56d770ebd1619d81f089c5439fd54906,1
fixture-bank-17:0:target-b:fixture-bank-17:p0007,RFIR,wrong_city,target-b,fixture-bank-17,target-b:fixture-bank-17:p0007,3.733922135668533,77f381963070fc018381a77821f77648e53ca565f6a28ae2084291f6456c6390,fixture-base-17,f5927760d3b1814b4517f2d4ec916c38c996cc08756aa052f486f1e0d64db008,cd6fbc5fb7763b3b83939b07a307c9a94efa49be29a928c55fe2712340b36782,1
fixture-bank-17:0:target-b:fixture-bank-17:p0007,RFIR,geometry_destroyed,target-b,fixture-bank-17,target-b:fixture-bank-17:p0007,3.733922135668533,77f381963070fc018381a77821f77648e53ca565f6a28ae2084291f6456c6390,fixture-base-17,822ba070e7365c87c44b18364f2fa5b3c1f9e49406d0c8e30d7a1099fa120513,668aa1e4b33d38df51f3c5dfb22b1d9eb0dd680eb50ff3d4ee2f3bea8587c66b,1
fixture-bank-17:0:target-b:fixture-bank-17:p0007,RFIR,empty,target-b,fixture-bank-17,target-b:fixture-bank-17:p0007,3.733922135668533,77f381963070fc018381a77821f77648e53ca565f6a28ae2084291f6456c6390,fixture-base-17,80422bc3d307b4a25bdafcc84ac7fb01cb55a09810e8b0f37bb12e0edb5c48ca,9e55c822c8873725352f0c67ef4fee4f2aaffcd3ca9f5ff0b09459833c18bb65,1
fixture-bank-17:1:target-b:fixture-bank-17:p0005,RFIR,correct,target-b,fixture-bank-17,target-b:fixture-bank-17:p0005,1.4672085165459374,115b58c538b7e1ae154f7b6927cac758a9a4afe0a28856aff193f0368541b706,fixture-base-17,d5562de0e2a83eb75a5283cc308d5029c8fdf9ff8641aa0a418d47978400e998,23bc76fd36d1490877c3d533b77daa34101fee5b32e5371bb67f3a556051ad6d,1
fixture-bank-17:1:target-b:fixture-bank-17:p0005,RFIR,paired_active_alternative,target-b,fixture-bank-17,target-b:fixture-bank-17:p0005,3.007895888013778,115b58c538b7e1ae154f7b6927cac758a9a4afe0a28856aff193f0368541b706,fixture-base-17,ff963d85d64acc87d9746e75be8bdebfc2f1270f6df2973bbec8333c48c059de,fb993d1f20d994685cb542c26f2f4d2682566ab8aec49d8a92e473b2f6ecc204,1
fixture-bank-17:1:target-b:fixture-bank-17:p0005,RFIR,paired_null_alternative,target-b,fixture-bank-17,target-b:fixture-bank-17:p0005,1.4672085165459374,115b58c538b7e1ae154f7b6927cac758a9a4afe0a28856aff193f0368541b706,fixture-base-17,73b7697b52607a165cb9ffaaa7e5afbfdfa002bc0fab1b1b612fc4d7517991ae,62d7305f77ded3a998ec5b0acdc984ac41047c78d79aa7accc173e097d8f5cb3,1
fixture-bank-17:1:target-b:fixture-bank-17:p0005,RFIR,wrong_city,target-b,fixture-bank-17,target-b:fixture-bank-17:p0005,3.007895888013778,115b58c538b7e1ae154f7b6927cac758a9a4afe0a28856aff193f0368541b706,fixture-base-17,f5927760d3b1814b4517f2d4ec916c38c996cc08756aa052f486f1e0d64db008,cd6fbc5fb7763b3b83939b07a307c9a94efa49be29a928c55fe2712340b36782,1
fixture-bank-17:1:target-b:fixture-bank-17:p0005,RFIR,geometry_destroyed,target-b,fixture-bank-17,target-b:fixture-bank-17:p0005,1.4672085165459374,115b58c538b7e1ae154f7b6927cac758a9a4afe0a28856aff193f0368541b706,fixture-base-17,1fc5242e3e4d0e1519f188095ee85fedbe86c05ca2f5de68a10acf8eef7aeafc,668aa1e4b33d38df51f3c5dfb22b1d9eb0dd680eb50ff3d4ee2f3bea8587c66b,1
fixture-bank-17:1:target-b:fixture-bank-17:p0005,RFIR,empty,target-b,fixture-bank-17,target-b:fixture-bank-17:p0005,3.007895888013778,115b58c538b7e1ae154f7b6927cac758a9a4afe0a28856aff193f0368541b706,fixture-base-17,80422bc3d307b4a25bdafcc84ac7fb01cb55a09810e8b0f37bb12e0edb5c48ca,9e55c822c8873725352f0c67ef4fee4f2aaffcd3ca9f5ff0b09459833c18bb65,1
fixture-bank-17:1:target-b:fixture-bank-17:p0006,RFIR,correct,target-b,fixture-bank-17,target-b:fixture-bank-17:p0006,1.0234440254015822,d72a93b53ebc738e92af3fa8e7781c251c0115edb87110e155f333cb543562f4,fixture-base-17,d5562de0e2a83eb75a5283cc308d5029c8fdf9ff8641aa0a418d47978400e998,23bc76fd36d1490877c3d533b77daa34101fee5b32e5371bb67f3a556051ad6d,1
fixture-bank-17:1:target-b:fixture-bank-17:p0006,RFIR,paired_active_alternative,target-b,fixture-bank-17,target-b:fixture-bank-17:p0006,1.0234440254015822,d72a93b53ebc738e92af3fa8e7781c251c0115edb87110e155f333cb543562f4,fixture-base-17,73b7697b52607a165cb9ffaaa7e5afbfdfa002bc0fab1b1b612fc4d7517991ae,eb6f3d8398dcc28c7b1b0b6e56a090a6b00388520f1fe0c728bcbad0f02c09fd,1
fixture-bank-17:1:target-b:fixture-bank-17:p0006,RFIR,paired_null_alternative,target-b,fixture-bank-17,target-b:fixture-bank-17:p0006,2.8181863875967212,d72a93b53ebc738e92af3fa8e7781c251c0115edb87110e155f333cb543562f4,fixture-base-17,ff963d85d64acc87d9746e75be8bdebfc2f1270f6df2973bbec8333c48c059de,0c3f8a7c10b57d102ecc75f1f5338d204d3b075da66df990e863e2b541992902,1
fixture-bank-17:1:target-b:fixture-bank-17:p0006,RFIR,wrong_city,target-b,fixture-bank-17,target-b:fixture-bank-17:p0006,2.8181863875967212,d72a93b53ebc738e92af3fa8e7781c251c0115edb87110e155f333cb543562f4,fixture-base-17,f5927760d3b1814b4517f2d4ec916c38c996cc08756aa052f486f1e0d64db008,cd6fbc5fb7763b3b83939b07a307c9a94efa49be29a928c55fe2712340b36782,1
fixture-bank-17:1:target-b:fixture-bank-17:p0006,RFIR,geometry_destroyed,target-b,fixture-bank-17,target-b:fixture-bank-17:p0006,1.4672085165459374,d72a93b53ebc738e92af3fa8e7781c251c0115edb87110e155f333cb543562f4,fixture-base-17,68788d889856e25d41af36914243e283ac08f853c4b6db0124a3c71847357bf5,668aa1e4b33d38df51f3c5dfb22b1d9eb0dd680eb50ff3d4ee2f3bea8587c66b,1
fixture-bank-17:1:target-b:fixture-bank-17:p0006,RFIR,empty,target-b,fixture-bank-17,target-b:fixture-bank-17:p0006,2.8181863875967212,d72a93b53ebc738e92af3fa8e7781c251c0115edb87110e155f333cb543562f4,fixture-base-17,80422bc3d307b4a25bdafcc84ac7fb01cb55a09810e8b0f37bb12e0edb5c48ca,9e55c822c8873725352f0c67ef4fee4f2aaffcd3ca9f5ff0b09459833c18bb65,1
fixture-bank-17:1:target-b:fixture-bank-17:p0007,RFIR,correct,target-b,fixture-bank-17,target-b:fixture-bank-17:p0007,4.364337025612274,9e23f67e65620ee7099f813af7f8aa13b587de469490478873c299624e22a9d9,fixture-base-17,d5562de0e2a83eb75a5283cc308d5029c8fdf9ff8641aa0a418d47978400e998,23bc76fd36d1490877c3d533b77daa34101fee5b32e5371bb67f3a556051ad6d,1
fixture-bank-17:1:target-b:fixture-bank-17:p0007,RFIR,paired_active_alternative,target-b,fixture-bank-17,target-b:fixture-bank-17:p0007,4.364337025612274,9e23f67e65620ee7099f813af7f8aa13b587de469490478873c299624e22a9d9,fixture-base-17,73b7697b52607a165cb9ffaaa7e5afbfdfa002bc0fab1b1b612fc4d7517991ae,eb6f3d8398dcc28c7b1b0b6e56a090a6b00388520f1fe0c728bcbad0f02c09fd,1
fixture-bank-17:1:target-b:fixture-bank-17:p0007,RFIR,paired_null_alternative,target-b,fixture-bank-17,target-b:fixture-bank-17:p0007,3.733922135668533,9e23f67e65620ee7099f813af7f8aa13b587de469490478873c299624e22a9d9,fixture-base-17,ff963d85d64acc87d9746e75be8bdebfc2f1270f6df2973bbec8333c48c059de,0c3f8a7c10b57d102ecc75f1f5338d204d3b075da66df990e863e2b541992902,1
fixture-bank-17:1:target-b:fixture-bank-17:p0007,RFIR,wrong_city,target-b,fixture-bank-17,target-b:fixture-bank-17:p0007,3.733922135668533,9e23f67e65620ee7099f813af7f8aa13b587de469490478873c299624e22a9d9,fixture-base-17,f5927760d3b1814b4517f2d4ec916c38c996cc08756aa052f486f1e0d64db008,cd6fbc5fb7763b3b83939b07a307c9a94efa49be29a928c55fe2712340b36782,1
fixture-bank-17:1:target-b:fixture-bank-17:p0007,RFIR,geometry_destroyed,target-b,fixture-bank-17,target-b:fixture-bank-17:p0007,2.8552934754635872,9e23f67e65620ee7099f813af7f8aa13b587de469490478873c299624e22a9d9,fixture-base-17,97c295a65d90040a864b337c27769334ce5ac02c79fc634555c865b7ab5f7b3b,668aa1e4b33d38df51f3c5dfb22b1d9eb0dd680eb50ff3d4ee2f3bea8587c66b,1
fixture-bank-17:1:target-b:fixture-bank-17:p0007,RFIR,empty,target-b,fixture-bank-17,target-b:fixture-bank-17:p0007,3.733922135668533,9e23f67e65620ee7099f813af7f8aa13b587de469490478873c299624e22a9d9,fixture-base-17,80422bc3d307b4a25bdafcc84ac7fb01cb55a09810e8b0f37bb12e0edb5c48ca,9e55c822c8873725352f0c67ef4fee4f2aaffcd3ca9f5ff0b09459833c18bb65,1
fixture-bank-17:2:target-b:fixture-bank-17:p0005,RFIR,correct,target-b,fixture-bank-17,target-b:fixture-bank-17:p0005,1.4672085165459374,ea351944f83c126c8fc8137617c43091597a6b9356239985fc57375ebb8c0700,fixture-base-17,951bcb74358e1e4e230d49916479269dba31a44b603453729743a4e281303dfc,23bc76fd36d1490877c3d533b77daa34101fee5b32e5371bb67f3a556051ad6d,1
fixture-bank-17:2:target-b:fixture-bank-17:p0005,RFIR,paired_active_alternative,target-b,fixture-bank-17,target-b:fixture-bank-17:p0005,1.4672085165459374,ea351944f83c126c8fc8137617c43091597a6b9356239985fc57375ebb8c0700,fixture-base-17,73b7697b52607a165cb9ffaaa7e5afbfdfa002bc0fab1b1b612fc4d7517991ae,9342cf861ca09ede8f2ad330b0a43fc44a87f29cd4b4f300a32223abbd8ff439,1
fixture-bank-17:2:target-b:fixture-bank-17:p0005,RFIR,paired_null_alternative,target-b,fixture-bank-17,target-b:fixture-bank-17:p0005,3.007895888013778,ea351944f83c126c8fc8137617c43091597a6b9356239985fc57375ebb8c0700,fixture-base-17,ff963d85d64acc87d9746e75be8bdebfc2f1270f6df2973bbec8333c48c059de,dc604e21f06e2238c055dda77df6b29500b87d1ccd6f1220d16d28e0132afd63,1
fixture-bank-17:2:target-b:fixture-bank-17:p0005,RFIR,wrong_city,target-b,fixture-bank-17,target-b:fixture-bank-17:p0005,3.007895888013778,ea351944f83c126c8fc8137617c43091597a6b9356239985fc57375ebb8c0700,fixture-base-17,f5927760d3b1814b4517f2d4ec916c38c996cc08756aa052f486f1e0d64db008,cd6fbc5fb7763b3b83939b07a307c9a94efa49be29a928c55fe2712340b36782,1
fixture-bank-17:2:target-b:fixture-bank-17:p0005,RFIR,geometry_destroyed,target-b,fixture-bank-17,target-b:fixture-bank-17:p0005,1.4672085165459374,ea351944f83c126c8fc8137617c43091597a6b9356239985fc57375ebb8c0700,fixture-base-17,d6fd2275b97e1933d7ebb3fe086aaf2cfe74c7a12d79d8deed6f9efcee9aaf1c,668aa1e4b33d38df51f3c5dfb22b1d9eb0dd680eb50ff3d4ee2f3bea8587c66b,1
fixture-bank-17:2:target-b:fixture-bank-17:p0005,RFIR,empty,target-b,fixture-bank-17,target-b:fixture-bank-17:p0005,3.007895888013778,ea351944f83c126c8fc8137617c43091597a6b9356239985fc57375ebb8c0700,fixture-base-17,80422bc3d307b4a25bdafcc84ac7fb01cb55a09810e8b0f37bb12e0edb5c48ca,9e55c822c8873725352f0c67ef4fee4f2aaffcd3ca9f5ff0b09459833c18bb65,1
fixture-bank-17:2:target-b:fixture-bank-17:p0006,RFIR,correct,target-b,fixture-bank-17,target-b:fixture-bank-17:p0006,1.0234440254015822,5fc991ba893e48a14dcb11b0d032a5ac84789d553efd64123ade9785c5d8779e,fixture-base-17,951bcb74358e1e4e230d49916479269dba31a44b603453729743a4e281303dfc,23bc76fd36d1490877c3d533b77daa34101fee5b32e5371bb67f3a556051ad6d,1
fixture-bank-17:2:target-b:fixture-bank-17:p0006,RFIR,paired_active_alternative,target-b,fixture-bank-17,target-b:fixture-bank-17:p0006,2.8181863875967212,5fc991ba893e48a14dcb11b0d032a5ac84789d553efd64123ade9785c5d8779e,fixture-base-17,ff963d85d64acc87d9746e75be8bdebfc2f1270f6df2973bbec8333c48c059de,0b31628d91747416d598239ad80b02ecfc0fae08307e393cee01fb056f795e98,1
fixture-bank-17:2:target-b:fixture-bank-17:p0006,RFIR,paired_null_alternative,target-b,fixture-bank-17,target-b:fixture-bank-17:p0006,1.0234440254015822,5fc991ba893e48a14dcb11b0d032a5ac84789d553efd64123ade9785c5d8779e,fixture-base-17,73b7697b52607a165cb9ffaaa7e5afbfdfa002bc0fab1b1b612fc4d7517991ae,5fc3415ed5103230b624481971a0a9602b76f4a7dd5023483aded77a1c493001,1
fixture-bank-17:2:target-b:fixture-bank-17:p0006,RFIR,wrong_city,target-b,fixture-bank-17,target-b:fixture-bank-17:p0006,2.8181863875967212,5fc991ba893e48a14dcb11b0d032a5ac84789d553efd64123ade9785c5d8779e,fixture-base-17,f5927760d3b1814b4517f2d4ec916c38c996cc08756aa052f486f1e0d64db008,cd6fbc5fb7763b3b83939b07a307c9a94efa49be29a928c55fe2712340b36782,1
fixture-bank-17:2:target-b:fixture-bank-17:p0006,RFIR,geometry_destroyed,target-b,fixture-bank-17,target-b:fixture-bank-17:p0006,2.8181863875967212,5fc991ba893e48a14dcb11b0d032a5ac84789d553efd64123ade9785c5d8779e,fixture-base-17,4c3839b87bff9d15cfa7a0644cbc27a54dc38526a909d109e22156aae771f51b,668aa1e4b33d38df51f3c5dfb22b1d9eb0dd680eb50ff3d4ee2f3bea8587c66b,1
fixture-bank-17:2:target-b:fixture-bank-17:p0006,RFIR,empty,target-b,fixture-bank-17,target-b:fixture-bank-17:p0006,2.8181863875967212,5fc991ba893e48a14dcb11b0d032a5ac84789d553efd64123ade9785c5d8779e,fixture-base-17,80422bc3d307b4a25bdafcc84ac7fb01cb55a09810e8b0f37bb12e0edb5c48ca,9e55c822c8873725352f0c67ef4fee4f2aaffcd3ca9f5ff0b09459833c18bb65,1
fixture-bank-17:2:target-b:fixture-bank-17:p0007,RFIR,correct,target-b,fixture-bank-17,target-b:fixture-bank-17:p0007,4.364337025612274,2d467c82e770482b4d44904b01759d638b7b10bc3a42e47f4a9c7c5261656ac4,fixture-base-17,951bcb74358e1e4e230d49916479269dba31a44b603453729743a4e281303dfc,23bc76fd36d1490877c3d533b77daa34101fee5b32e5371bb67f3a556051ad6d,1
fixture-bank-17:2:target-b:fixture-bank-17:p0007,RFIR,paired_active_alternative,target-b,fixture-bank-17,target-b:fixture-bank-17:p0007,3.733922135668533,2d467c82e770482b4d44904b01759d638b7b10bc3a42e47f4a9c7c5261656ac4,fixture-base-17,ff963d85d64acc87d9746e75be8bdebfc2f1270f6df2973bbec8333c48c059de,0b31628d91747416d598239ad80b02ecfc0fae08307e393cee01fb056f795e98,1
fixture-bank-17:2:target-b:fixture-bank-17:p0007,RFIR,paired_null_alternative,target-b,fixture-bank-17,target-b:fixture-bank-17:p0007,4.364337025612274,2d467c82e770482b4d44904b01759d638b7b10bc3a42e47f4a9c7c5261656ac4,fixture-base-17,73b7697b52607a165cb9ffaaa7e5afbfdfa002bc0fab1b1b612fc4d7517991ae,5fc3415ed5103230b624481971a0a9602b76f4a7dd5023483aded77a1c493001,1
fixture-bank-17:2:target-b:fixture-bank-17:p0007,RFIR,wrong_city,target-b,fixture-bank-17,target-b:fixture-bank-17:p0007,3.733922135668533,2d467c82e770482b4d44904b01759d638b7b10bc3a42e47f4a9c7c5261656ac4,fixture-base-17,f5927760d3b1814b4517f2d4ec916c38c996cc08756aa052f486f1e0d64db008,cd6fbc5fb7763b3b83939b07a307c9a94efa49be29a928c55fe2712340b36782,1
fixture-bank-17:2:target-b:fixture-bank-17:p0007,RFIR,geometry_destroyed,target-b,fixture-bank-17,target-b:fixture-bank-17:p0007,3.733922135668533,2d467c82e770482b4d44904b01759d638b7b10bc3a42e47f4a9c7c5261656ac4,fixture-base-17,dd0e3dbf3d85fac9f2460d5dbbed9494d97b66df95c301c7632a46c86a4e0d7e,668aa1e4b33d38df51f3c5dfb22b1d9eb0dd680eb50ff3d4ee2f3bea8587c66b,1
fixture-bank-17:2:target-b:fixture-bank-17:p0007,RFIR,empty,target-b,fixture-bank-17,target-b:fixture-bank-17:p0007,3.733922135668533,2d467c82e770482b4d44904b01759d638b7b10bc3a42e47f4a9c7c5261656ac4,fixture-base-17,80422bc3d307b4a25bdafcc84ac7fb01cb55a09810e8b0f37bb12e0edb5c48ca,9e55c822c8873725352f0c67ef4fee4f2aaffcd3ca9f5ff0b09459833c18bb65,1
fixture-bank-17:3:target-b:fixture-bank-17:p0005,RFIR,correct,target-b,fixture-bank-17,target-b:fixture-bank-17:p0005,1.4672085165459374,92b299488e2b37375456e3d511e6b3be7867fdec956df82dfbbba40cf37d2283,fixture-base-17,73b7697b52607a165cb9ffaaa7e5afbfdfa002bc0fab1b1b612fc4d7517991ae,23bc76fd36d1490877c3d533b77daa34101fee5b32e5371bb67f3a556051ad6d,1
fixture-bank-17:3:target-b:fixture-bank-17:p0005,RFIR,paired_active_alternative,target-b,fixture-bank-17,target-b:fixture-bank-17:p0005,1.4672085165459374,92b299488e2b37375456e3d511e6b3be7867fdec956df82dfbbba40cf37d2283,fixture-base-17,951bcb74358e1e4e230d49916479269dba31a44b603453729743a4e281303dfc,97b2eed7561b9b0b588bd3d6f9dddecdaffbb7108cdc42da9a790983014d7d96,1
fixture-bank-17:3:target-b:fixture-bank-17:p0005,RFIR,paired_null_alternative,target-b,fixture-bank-17,target-b:fixture-bank-17:p0005,1.4672085165459374,92b299488e2b37375456e3d511e6b3be7867fdec956df82dfbbba40cf37d2283,fixture-base-17,d5562de0e2a83eb75a5283cc308d5029c8fdf9ff8641aa0a418d47978400e998,14f7b4bb8939321a89fa1b1e75fc43492f4b38d1db765e75a0137c831a245f58,1
fixture-bank-17:3:target-b:fixture-bank-17:p0005,RFIR,wrong_city,target-b,fixture-bank-17,target-b:fixture-bank-17:p0005,3.007895888013778,92b299488e2b37375456e3d511e6b3be7867fdec956df82dfbbba40cf37d2283,fixture-base-17,f5927760d3b1814b4517f2d4ec916c38c996cc08756aa052f486f1e0d64db008,cd6fbc5fb7763b3b83939b07a307c9a94efa49be29a928c55fe2712340b36782,1
fixture-bank-17:3:target-b:fixture-bank-17:p0005,RFIR,geometry_destroyed,target-b,fixture-bank-17,target-b:fixture-bank-17:p0005,1.4672085165459374,92b299488e2b37375456e3d511e6b3be7867fdec956df82dfbbba40cf37d2283,fixture-base-17,6078334b41b4f87c08115429d57ff61a3ca9d912b2e8656836ed3359c849a2c2,668aa1e4b33d38df51f3c5dfb22b1d9eb0dd680eb50ff3d4ee2f3bea8587c66b,1
fixture-bank-17:3:target-b:fixture-bank-17:p0005,RFIR,empty,target-b,fixture-bank-17,target-b:fixture-bank-17:p0005,3.007895888013778,92b299488e2b37375456e3d511e6b3be7867fdec956df82dfbbba40cf37d2283,fixture-base-17,80422bc3d307b4a25bdafcc84ac7fb01cb55a09810e8b0f37bb12e0edb5c48ca,9e55c822c8873725352f0c67ef4fee4f2aaffcd3ca9f5ff0b09459833c18bb65,1
fixture-bank-17:3:target-b:fixture-bank-17:p0006,RFIR,correct,target-b,fixture-bank-17,target-b:fixture-bank-17:p0006,1.0234440254015822,50b06a79e7dc28938e677c3144b1b48558b680cb880b73d0feea33a12d1853b0,fixture-base-17,73b7697b52607a165cb9ffaaa7e5afbfdfa002bc0fab1b1b612fc4d7517991ae,23bc76fd36d1490877c3d533b77daa34101fee5b32e5371bb67f3a556051ad6d,1
fixture-bank-17:3:target-b:fixture-bank-17:p0006,RFIR,paired_active_alternative,target-b,fixture-bank-17,target-b:fixture-bank-17:p0006,1.0234440254015822,50b06a79e7dc28938e677c3144b1b48558b680cb880b73d0feea33a12d1853b0,fixture-base-17,d5562de0e2a83eb75a5283cc308d5029c8fdf9ff8641aa0a418d47978400e998,206068a1ce872629c58e270c88b151c7dfc3808ae0bfc81c287415931ac1ed09,1
fixture-bank-17:3:target-b:fixture-bank-17:p0006,RFIR,paired_null_alternative,target-b,fixture-bank-17,target-b:fixture-bank-17:p0006,1.0234440254015822,50b06a79e7dc28938e677c3144b1b48558b680cb880b73d0feea33a12d1853b0,fixture-base-17,951bcb74358e1e4e230d49916479269dba31a44b603453729743a4e281303dfc,6b8479198747206bea03ca2071f5f5cbe29025498fdebfd3077e6a17c27b5927,1
fixture-bank-17:3:target-b:fixture-bank-17:p0006,RFIR,wrong_city,target-b,fixture-bank-17,target-b:fixture-bank-17:p0006,2.8181863875967212,50b06a79e7dc28938e677c3144b1b48558b680cb880b73d0feea33a12d1853b0,fixture-base-17,f5927760d3b1814b4517f2d4ec916c38c996cc08756aa052f486f1e0d64db008,cd6fbc5fb7763b3b83939b07a307c9a94efa49be29a928c55fe2712340b36782,1
fixture-bank-17:3:target-b:fixture-bank-17:p0006,RFIR,geometry_destroyed,target-b,fixture-bank-17,target-b:fixture-bank-17:p0006,2.8181863875967212,50b06a79e7dc28938e677c3144b1b48558b680cb880b73d0feea33a12d1853b0,fixture-base-17,63f5c5a3f49f9d03250fb3864e414aecbe9214ae4a08bd62c205b6dd29f45fa6,668aa1e4b33d38df51f3c5dfb22b1d9eb0dd680eb50ff3d4ee2f3bea8587c66b,1
fixture-bank-17:3:target-b:fixture-bank-17:p0006,RFIR,empty,target-b,fixture-bank-17,target-b:fixture-bank-17:p0006,2.8181863875967212,50b06a79e7dc28938e677c3144b1b48558b680cb880b73d0feea33a12d1853b0,fixture-base-17,80422bc3d307b4a25bdafcc84ac7fb01cb55a09810e8b0f37bb12e0edb5c48ca,9e55c822c8873725352f0c67ef4fee4f2aaffcd3ca9f5ff0b09459833c18bb65,1
fixture-bank-17:3:target-b:fixture-bank-17:p0007,RFIR,correct,target-b,fixture-bank-17,target-b:fixture-bank-17:p0007,4.364337025612274,847d9e4d7cd6e3549cbd5e2919e0876f35d2d53984599f389cd95b94a0fd39c2,fixture-base-17,73b7697b52607a165cb9ffaaa7e5afbfdfa002bc0fab1b1b612fc4d7517991ae,23bc76fd36d1490877c3d533b77daa34101fee5b32e5371bb67f3a556051ad6d,1
fixture-bank-17:3:target-b:fixture-bank-17:p0007,RFIR,paired_active_alternative,target-b,fixture-bank-17,target-b:fixture-bank-17:p0007,4.364337025612274,847d9e4d7cd6e3549cbd5e2919e0876f35d2d53984599f389cd95b94a0fd39c2,fixture-base-17,d5562de0e2a83eb75a5283cc308d5029c8fdf9ff8641aa0a418d47978400e998,206068a1ce872629c58e270c88b151c7dfc3808ae0bfc81c287415931ac1ed09,1
fixture-bank-17:3:target-b:fixture-bank-17:p0007,RFIR,paired_null_alternative,target-b,fixture-bank-17,target-b:fixture-bank-17:p0007,4.364337025612274,847d9e4d7cd6e3549cbd5e2919e0876f35d2d53984599f389cd95b94a0fd39c2,fixture-base-17,951bcb74358e1e4e230d49916479269dba31a44b603453729743a4e281303dfc,6b8479198747206bea03ca2071f5f5cbe29025498fdebfd3077e6a17c27b5927,1
fixture-bank-17:3:target-b:fixture-bank-17:p0007,RFIR,wrong_city,target-b,fixture-bank-17,target-b:fixture-bank-17:p0007,3.733922135668533,847d9e4d7cd6e3549cbd5e2919e0876f35d2d53984599f389cd95b94a0fd39c2,fixture-base-17,f5927760d3b1814b4517f2d4ec916c38c996cc08756aa052f486f1e0d64db008,cd6fbc5fb7763b3b83939b07a307c9a94efa49be29a928c55fe2712340b36782,1
fixture-bank-17:3:target-b:fixture-bank-17:p0007,RFIR,geometry_destroyed,target-b,fixture-bank-17,target-b:fixture-bank-17:p0007,2.8552934754635872,847d9e4d7cd6e3549cbd5e2919e0876f35d2d53984599f389cd95b94a0fd39c2,fixture-base-17,77adc81107c281bafad96878b3fffb22c66ad7050f09711e81a47c76663ba3ee,668aa1e4b33d38df51f3c5dfb22b1d9eb0dd680eb50ff3d4ee2f3bea8587c66b,1
fixture-bank-17:3:target-b:fixture-bank-17:p0007,RFIR,empty,target-b,fixture-bank-17,target-b:fixture-bank-17:p0007,3.733922135668533,847d9e4d7cd6e3549cbd5e2919e0876f35d2d53984599f389cd95b94a0fd39c2,fixture-base-17,80422bc3d307b4a25bdafcc84ac7fb01cb55a09810e8b0f37bb12e0edb5c48ca,9e55c822c8873725352f0c67ef4fee4f2aaffcd3ca9f5ff0b09459833c18bb65,1
