unit_id,scene_id,city_id,bank_id,source_world,position_index,condition,prediction_x,prediction_y,true_x,true_y,localization_error_m,artifact_label,dataset_sha256,config_sha256,fixture,scientific_use,source_tree_sha256,requirements_lock_sha256,runtime_provenance_sha256
fixture-bank-02:0:3,fixture-scene-02,source-a,fixture-bank-02,0,3,correct,0.3803725160999445,-4.266754545578487,-1.6710526315789473,1.328947368421053,5.959884650466607,csi-pairs-v6-software-fixture,ded1ec639ff3e6fd5eba769d42db1ed36222a48af333a30a670254b30b164b74,620f300cbec1f56da4691882bc7dbe52593dc597fc62f6ae925c0f6ac72f1c6b,True,FORBIDDEN,0901433cbfe906073eae45118a1466e03afab04a766a3061a988ffe089ba4e01,9548a24a4faf5db17b5251df407b4402de033ae8648ec321c850fe6105002cf1,8128818d8ea8f5c3517d04da28955f010269df61e756429957a0a032386f6c51
fixture-bank-02:0:3,fixture-scene-02,source-a,fixture-bank-02,0,3,paired_active_alternative,0.25856732182729314,-4.240521034887704,-1.6710526315789473,1.328947368421053,5.8942693745737555,csi-pairs-v6-software-fixture,ded1ec639ff3e6fd5eba769d42db1ed36222a48af333a30a670254b30b164b74,620f300cbec1f56da4691882bc7dbe52593dc597fc62f6ae925c0f6ac72f1c6b,True,FORBIDDEN,0901433cbfe906073eae45118a1466e03afab04a766a3061a988ffe089ba4e01,9548a24a4faf5db17b5251df407b4402de033ae8648ec321c850fe6105002cf1,8128818d8ea8f5c3517d04da28955f010269df61e756429957a0a032386f6c51
fixture-bank-02:0:3,fixture-scene-02,source-a,fixture-bank-02,0,3,paired_null_alternative,0.7563641606774669,-3.854313548954036,-1.6710526315789473,1.328947368421053,5.723508191740138,csi-pairs-v6-software-fixture,ded1ec639ff3e6fd5eba769d42db1ed36222a48af333a30a670254b30b164b74,620f300cbec1f56da4691882bc7dbe52593dc597fc62f6ae925c0f6ac72f1c6b,True,FORBIDDEN,0901433cbfe906073eae45118a1466e03afab04a766a3061a988ffe089ba4e01,9548a24a4faf5db17b5251df407b4402de033ae8648ec321c850fe6105002cf1,8128818d8ea8f5c3517d04da28955f010269df61e756429957a0a032386f6c51
fixture-bank-02:0:3,fixture-scene-02,source-a,fixture-bank-02,0,3,wrong_city,0.3628444796539982,-4.323828239184078,-1.6710526315789473,1.328947368421053,6.007546048847006,csi-pairs-v6-software-fixture,ded1ec639ff3e6fd5eba769d42db1ed36222a48af333a30a670254b30b164b74,620f300cbec1f56da4691882bc7dbe52593dc597fc62f6ae925c0f6ac72f1c6b,True,FORBIDDEN,0901433cbfe906073eae45118a1466e03afab04a766a3061a988ffe089ba4e01,9548a24a4faf5db17b5251df407b4402de033ae8648ec321c850fe6105002cf1,8128818d8ea8f5c3517d04da28955f010269df61e756429957a0a032386f6c51
fixture-bank-02:0:3,fixture-scene-02,source-a,fixture-bank-02,0,3,geometry_destroyed,1.31471159795295,-3.1982462429067002,-1.6710526315789473,1.328947368421053,5.4231236412974235,csi-pairs-v6-software-fixture,ded1ec639ff3e6fd5eba769d42db1ed36222a48af333a30a670254b30b164b74,620f300cbec1f56da4691882bc7dbe52593dc597fc62f6ae925c0f6ac72f1c6b,True,FORBIDDEN,0901433cbfe906073eae45118a1466e03afab04a766a3061a988ffe089ba4e01,9548a24a4faf5db17b5251df407b4402de033ae8648ec321c850fe6105002cf1,8128818d8ea8f5c3517d04da28955f010269df61e756429957a0a032386f6c51
fixture-bank-02:0:3,fixture-scene-02,source-a,fixture-bank-02,0,3,empty,1.4914585684214146,-3.162313559746485,-1.6710526315789473,1.328947368421053,5.492986602478843,csi-pairs-v6-software-fixture,ded1ec639ff3e6fd5eba769d42db1ed36222a48af333a30a670254b30b164b74,620f300cbec1f56da4691882bc7dbe52593dc597fc62f6ae925c0f6ac72f1c6b,True,FORBIDDEN,0901433cbfe906073eae45118a1466e03afab04a766a3061a988ffe089ba4e01,9548a24a4faf5db17b5251df407b4402de033ae8648ec321c850fe6105002cf1,8128818d8ea8f5c3517d04da28955f010269df61e756429957a0a032386f6c51
fixture-bank-02:0:4,fixture-scene-02,source-a,fixture-bank-02,0,4,correct,1.5327278337015362,3.7154075591897624,0.3289473684210531,-2.6710526315789473,6.498920000805088,csi-pairs-v6-software-fixture,ded1ec639ff3e6fd5eba769d42db1ed36222a48af333a30a670254b30b164b74,620f300cbec1f56da4691882bc7dbe52593dc597fc62f6ae925c0f6ac72f1c6b,True,FORBIDDEN,0901433cbfe906073eae45118a1466e03afab04a766a3061a988ffe089ba4e01,9548a24a4faf5db17b5251df407b4402de033ae8648ec321c850fe6105002cf1,8128818d8ea8f5c3517d04da28955f010269df61e756429957a0a032386f6c51
fixture-bank-02:0:4,fixture-scene-02,source-a,fixture-bank-02,0,4,paired_active_alternative,1.9087194782790602,4.127848555814209,0.3289473684210531,-2.6710526315789473,6.980024160059998,csi-pairs-v6-software-fixture,ded1ec639ff3e6fd5eba769d42db1ed36222a48af333a30a670254b30b164b74,620f300cbec1f56da4691882bc7dbe52593dc597fc62f6ae925c0f6ac72f1c6b,True,FORBIDDEN,0901433cbfe906073eae45118a1466e03afab04a766a3061a988ffe089ba4e01,9548a24a4faf5db17b5251df407b4402de033ae8648ec321c850fe6105002cf1,8128818d8ea8f5c3517d04da28955f010269df61e756429957a0a032386f6c51
fixture-bank-02:0:4,fixture-scene-02,source-a,fixture-bank-02,0,4,paired_null_alternative,1.4109226394288852,3.7416410698805396,0.3289473684210531,-2.6710526315789473,6.503330761679791,csi-pairs-v6-software-fixture,ded1ec639ff3e6fd5eba769d42db1ed36222a48af333a30a670254b30b164b74,620f300cbec1f56da4691882bc7dbe52593dc597fc62f6ae925c0f6ac72f1c6b,True,FORBIDDEN,0901433cbfe906073eae45118a1466e03afab04a766a3061a988ffe089ba4e01,9548a24a4faf5db17b5251df407b4402de033ae8648ec321c850fe6105002cf1,8128818d8ea8f5c3517d04da28955f010269df61e756429957a0a032386f6c51
fixture-bank-02:0:4,fixture-scene-02,source-a,fixture-bank-02,0,4,wrong_city,1.5151997972555904,3.658333865584171,0.3289473684210531,-2.6710526315789473,6.439590690050622,csi-pairs-v6-software-fixture,ded1ec639ff3e6fd5eba769d42db1ed36222a48af333a30a670254b30b164b74,620f300cbec1f56da4691882bc7dbe52593dc597fc62f6ae925c0f6ac72f1c6b,True,FORBIDDEN,0901433cbfe906073eae45118a1466e03afab04a766a3061a988ffe089ba4e01,9548a24a4faf5db17b5251df407b4402de033ae8648ec321c850fe6105002cf1,8128818d8ea8f5c3517d04da28955f010269df61e756429957a0a032386f6c51
fixture-bank-02:0:4,fixture-scene-02,source-a,fixture-bank-02,0,4,geometry_destroyed,1.8693463496944331,4.1835207100077225,0.3289473684210531,-2.6710526315789473,7.0255252271057085,csi-pairs-v6-software-fixture,ded1ec639ff3e6fd5eba769d42db1ed36222a48af333a30a670254b30b164b74,620f300cbec1f56da4691882bc7dbe52593dc597fc62f6ae925c0f6ac72f1c6b,True,FORBIDDEN,0901433cbfe906073eae45118a1466e03afab04a766a3061a988ffe089ba4e01,9548a24a4faf5db17b5251df407b4402de033ae8648ec321c850fe6105002cf1,8128818d8ea8f5c3517d04da28955f010269df61e756429957a0a032386f6c51
fixture-bank-02:0:4,fixture-scene-02,source-a,fixture-bank-02,0,4,empty,2.6438138860230063,4.819848545021759,0.3289473684210531,-2.6710526315789473,7.84042138101725,csi-pairs-v6-software-fixture,ded1ec639ff3e6fd5eba769d42db1ed36222a48af333a30a670254b30b164b74,620f300cbec1f56da4691882bc7dbe52593dc597fc62f6ae925c0f6ac72f1c6b,True,FORBIDDEN,0901433cbfe906073eae45118a1466e03afab04a766a3061a988ffe089ba4e01,9548a24a4faf5db17b5251df407b4402de033ae8648ec321c850fe6105002cf1,8128818d8ea8f5c3517d04da28955f010269df61e756429957a0a032386f6c51
fixture-bank-02:0:6,fixture-scene-02,source-a,fixture-bank-02,0,6,correct,3.1680204332204527,0.09880391833279796,1.328947368421053,-0.6710526315789473,1.9937073117969628,csi-pairs-v6-software-fixture,ded1ec639ff3e6fd5eba769d42db1ed36222a48af333a30a670254b30b164b74,620f300cbec1f56da4691882bc7dbe52593dc597fc62f6ae925c0f6ac72f1c6b,True,FORBIDDEN,0901433cbfe906073eae45118a1466e03afab04a766a3061a988ffe089ba4e01,9548a24a4faf5db17b5251df407b4402de033ae8648ec321c850fe6105002cf1,8128818d8ea8f5c3517d04da28955f010269df61e756429957a0a032386f6c51
fixture-bank-02:0:6,fixture-scene-02,source-a,fixture-bank-02,0,6,paired_active_alternative,3.046215238947803,0.1250374290235776,1.328947368421053,-0.6710526315789473,1.892820203752488,csi-pairs-v6-software-fixture,ded1ec639ff3e6fd5eba769d42db1ed36222a48af333a30a670254b30b164b74,620f300cbec1f56da4691882bc7dbe52593dc597fc62f6ae925c0f6ac72f1c6b,True,FORBIDDEN,0901433cbfe906073eae45118a1466e03afab04a766a3061a988ffe089ba4e01,9548a24a4faf5db17b5251df407b4402de033ae8648ec321c850fe6105002cf1,8128818d8ea8f5c3517d04da28955f010269df61e756429957a0a032386f6c51
fixture-bank-02:0:6,fixture-scene-02,source-a,fixture-bank-02,0,6,paired_null_alternative,3.544012077797977,0.5112449149572462,1.328947368421053,-0.6710526315789473,2.510844311237274,csi-pairs-v6-software-fixture,ded1ec639ff3e6fd5eba769d42db1ed36222a48af333a30a670254b30b164b74,620f300cbec1f56da4691882bc7dbe52593dc597fc62f6ae925c0f6ac72f1c6b,True,FORBIDDEN,0901433cbfe906073eae45118a1466e03afab04a766a3061a988ffe089ba4e01,9548a24a4faf5db17b5251df407b4402de033ae8648ec321c850fe6105002cf1,8128818d8ea8f5c3517d04da28955f010269df61e756429957a0a032386f6c51
fixture-bank-02:0:6,fixture-scene-02,source-a,fixture-bank-02,0,6,wrong_city,3.150492396774507,0.041730224727205015,1.328947368421053,-0.6710526315789473,1.956038264084612,csi-pairs-v6-software-fixture,ded1ec639ff3e6fd5eba769d42db1ed36222a48af333a30a670254b30b164b74,620f300cbec1f56da4691882bc7dbe52593dc597fc62f6ae925c0f6ac72f1c6b,True,FORBIDDEN,0901433cbfe906073eae45118a1466e03afab04a766a3061a988ffe089ba4e01,9548a24a4faf5db17b5251df407b4402de033ae8648ec321c850fe6105002cf1,8128818d8ea8f5c3517d04da28955f010269df61e756429957a0a032386f6c51
fixture-bank-02:0:6,fixture-scene-02,source-a,fixture-bank-02,0,6,geometry_destroyed,3.6275550010117157,0.5155493757262098,1.328947368421053,-0.6710526315789473,2.586816841669444,csi-pairs-v6-software-fixture,ded1ec639ff3e6fd5eba769d42db1ed36222a48af333a30a670254b30b164b74,620f300cbec1f56da4691882bc7dbe52593dc597fc62f6ae925c0f6ac72f1c6b,True,FORBIDDEN,0901433cbfe906073eae45118a1466e03afab04a766a3061a988ffe089ba4e01,9548a24a4faf5db17b5251df407b4402de033ae8648ec321c850fe6105002cf1,8128818d8ea8f5c3517d04da28955f010269df61e756429957a0a032386f6c51
fixture-bank-02:0:6,fixture-scene-02,source-a,fixture-bank-02,0,6,empty,4.279106485541923,1.2032449041647961,1.328947368421053,-0.6710526315789473,3.495201005496888,csi-pairs-v6-software-fixture,ded1ec639ff3e6fd5eba769d42db1ed36222a48af333a30a670254b30b164b74,620f300cbec1f56da4691882bc7dbe52593dc597fc62f6ae925c0f6ac72f1c6b,True,FORBIDDEN,0901433cbfe906073eae45118a1466e03afab04a766a3061a988ffe089ba4e01,9548a24a4faf5db17b5251df407b4402de033ae8648ec321c850fe6105002cf1,8128818d8ea8f5c3517d04da28955f010269df61e756429957a0a032386f6c51
fixture-bank-02:0:7,fixture-scene-02,source-a,fixture-bank-02,0,7,correct,-1.6819851836412691,2.0436841213803563,-1.6710526315789473,2.328947368421053,0.2854726621005889,csi-pairs-v6-software-fixture,ded1ec639ff3e6fd5eba769d42db1ed36222a48af333a30a670254b30b164b74,620f300cbec1f56da4691882bc7dbe52593dc597fc62f6ae925c0f6ac72f1c6b,True,FORBIDDEN,0901433cbfe906073eae45118a1466e03afab04a766a3061a988ffe089ba4e01,9548a24a4faf5db17b5251df407b4402de033ae8648ec321c850fe6105002cf1,8128818d8ea8f5c3517d04da28955f010269df61e756429957a0a032386f6c51
fixture-bank-02:0:7,fixture-scene-02,source-a,fixture-bank-02,0,7,paired_active_alternative,-1.8037903779139202,2.069917632071136,-1.6710526315789473,2.328947368421053,0.29105963927620593,csi-pairs-v6-software-fixture,ded1ec639ff3e6fd5eba769d42db1ed36222a48af333a30a670254b30b164b74,620f300cbec1f56da4691882bc7dbe52593dc597fc62f6ae925c0f6ac72f1c6b,True,FORBIDDEN,0901433cbfe906073eae45118a1466e03afab04a766a3061a988ffe089ba4e01,9548a24a4faf5db17b5251df407b4402de033ae8648ec321c850fe6105002cf1,8128818d8ea8f5c3517d04da28955f010269df61e756429957a0a032386f6c51
fixture-bank-02:0:7,fixture-scene-02,source-a,fixture-bank-02,0,7,paired_null_alternative,-1.3059935390637458,2.456125118004806,-1.6710526315789473,2.328947368421053,0.3865777037248918,csi-pairs-v6-software-fixture,ded1ec639ff3e6fd5eba769d42db1ed36222a48af333a30a670254b30b164b74,620f300cbec1f56da4691882bc7dbe52593dc597fc62f6ae925c0f6ac72f1c6b,True,FORBIDDEN,0901433cbfe906073eae45118a1466e03afab04a766a3061a988ffe089ba4e01,9548a24a4faf5db17b5251df407b4402de033ae8648ec321c850fe6105002cf1,8128818d8ea8f5c3517d04da28955f010269df61e756429957a0a032386f6c51
fixture-bank-02:0:7,fixture-scene-02,source-a,fixture-bank-02,0,7,wrong_city,-1.6995132200872152,1.9866104277747647,-1.6710526315789473,2.328947368421053,0.3435179559052151,csi-pairs-v6-software-fixture,ded1ec639ff3e6fd5eba769d42db1ed36222a48af333a30a670254b30b164b74,620f300cbec1f56da4691882bc7dbe52593dc597fc62f6ae925c0f6ac72f1c6b,True,FORBIDDEN,0901433cbfe906073eae45118a1466e03afab04a766a3061a988ffe089ba4e01,9548a24a4faf5db17b5251df407b4402de033ae8648ec321c850fe6105002cf1,8128818d8ea8f5c3517d04da28955f010269df61e756429957a0a032386f6c51
fixture-bank-02:0:7,fixture-scene-02,source-a,fixture-bank-02,0,7,geometry_destroyed,-1.7363502079260646,1.9821339840533152,-1.6710526315789473,2.328947368421053,0.35290692406555574,csi-pairs-v6-software-fixture,ded1ec639ff3e6fd5eba769d42db1ed36222a48af333a30a670254b30b164b74,620f300cbec1f56da4691882bc7dbe52593dc597fc62f6ae925c0f6ac72f1c6b,True,FORBIDDEN,0901433cbfe906073eae45118a1466e03afab04a766a3061a988ffe089ba4e01,9548a24a4faf5db17b5251df407b4402de033ae8648ec321c850fe6105002cf1,8128818d8ea8f5c3517d04da28955f010269df61e756429957a0a032386f6c51
fixture-bank-02:0:7,fixture-scene-02,source-a,fixture-bank-02,0,7,empty,-0.5708991313197987,3.148125107212357,-1.6710526315789473,2.328947368421053,1.3716376678495272,csi-pairs-v6-software-fixture,ded1ec639ff3e6fd5eba769d42db1ed36222a48af333a30a670254b30b164b74,620f300cbec1f56da4691882bc7dbe52593dc597fc62f6ae925c0f6ac72f1c6b,True,FORBIDDEN,0901433cbfe906073eae45118a1466e03afab04a766a3061a988ffe089ba4e01,9548a24a4faf5db17b5251df407b4402de033ae8648ec321c850fe6105002cf1,8128818d8ea8f5c3517d04da28955f010269df61e756429957a0a032386f6c51
fixture-bank-02:1:3,fixture-scene-02,source-a,fixture-bank-02,1,3,correct,0.10645788582024945,-3.7208467302806114,-1.6710526315789473,1.328947368421053,5.353500170799186,csi-pairs-v6-software-fixture,ded1ec639ff3e6fd5eba769d42db1ed36222a48af333a30a670254b30b164b74,620f300cbec1f56da4691882bc7dbe52593dc597fc62f6ae925c0f6ac72f1c6b,True,FORBIDDEN,0901433cbfe906073eae45118a1466e03afab04a766a3061a988ffe089ba4e01,9548a24a4faf5db17b5251df407b4402de033ae8648ec321c850fe6105002cf1,8128818d8ea8f5c3517d04da28955f010269df61e756429957a0a032386f6c51
fixture-bank-02:1:3,fixture-scene-02,source-a,fixture-bank-02,1,3,paired_active_alternative,0.2282630800928999,-3.7470802409713917,-1.6710526315789473,1.328947368421053,5.419728449278424,csi-pairs-v6-software-fixture,ded1ec639ff3e6fd5eba769d42db1ed36222a48af333a30a670254b30b164b74,620f300cbec1f56da4691882bc7dbe52593dc597fc62f6ae925c0f6ac72f1c6b,True,FORBIDDEN,0901433cbfe906073eae45118a1466e03afab04a766a3061a988ffe089ba4e01,9548a24a4faf5db17b5251df407b4402de033ae8648ec321c850fe6105002cf1,8128818d8ea8f5c3517d04da28955f010269df61e756429957a0a032386f6c51
fixture-bank-02:1:3,fixture-scene-02,source-a,fixture-bank-02,1,3,paired_null_alternative,0.21686832422812205,-3.599692040038289,-1.6710526315789473,1.328947368421053,5.277852968205341,csi-pairs-v6-software-fixture,ded1ec639ff3e6fd5eba769d42db1ed36222a48af333a30a670254b30b164b74,620f300cbec1f56da4691882bc7dbe52593dc597fc62f6ae925c0f6ac72f1c6b,True,FORBIDDEN,0901433cbfe906073eae45118a1466e03afab04a766a3061a988ffe089ba4e01,9548a24a4faf5db17b5251df407b4402de033ae8648ec321c850fe6105002cf1,8128818d8ea8f5c3517d04da28955f010269df61e756429957a0a032386f6c51
fixture-bank-02:1:3,fixture-scene-02,source-a,fixture-bank-02,1,3,wrong_city,0.2107350436469544,-3.804153934576983,-1.6710526315789473,1.328947368421053,5.467161406202695,csi-pairs-v6-software-fixture,ded1ec639ff3e6fd5eba769d42db1ed36222a48af333a30a670254b30b164b74,620f300cbec1f56da4691882bc7dbe52593dc597fc62f6ae925c0f6ac72f1c6b,True,FORBIDDEN,0901433cbfe906073eae45118a1466e03afab04a766a3061a988ffe089ba4e01,9548a24a4faf5db17b5251df407b4402de033ae8648ec321c850fe6105002cf1,8128818d8ea8f5c3517d04da28955f010269df61e756429957a0a032386f6c51
fixture-bank-02:1:3,fixture-scene-02,source-a,fixture-bank-02,1,3,geometry_destroyed,0.5715174656677319,-3.2864103485465566,-1.6710526315789473,1.328947368421053,5.131339737011909,csi-pairs-v6-software-fixture,ded1ec639ff3e6fd5eba769d42db1ed36222a48af333a30a670254b30b164b74,620f300cbec1f56da4691882bc7dbe52593dc597fc62f6ae925c0f6ac72f1c6b,True,FORBIDDEN,0901433cbfe906073eae45118a1466e03afab04a766a3061a988ffe089ba4e01,9548a24a4faf5db17b5251df407b4402de033ae8648ec321c850fe6105002cf1,8128818d8ea8f5c3517d04da28955f010269df61e756429957a0a032386f6c51
fixture-bank-02:1:3,fixture-scene-02,source-a,fixture-bank-02,1,3,empty,1.3393491324143707,-2.642639255139391,-1.6710526315789473,1.328947368421053,4.983574930619417,csi-pairs-v6-software-fixture,ded1ec639ff3e6fd5eba769d42db1ed36222a48af333a30a670254b30b164b74,620f300cbec1f56da4691882bc7dbe52593dc597fc62f6ae925c0f6ac72f1c6b,True,FORBIDDEN,0901433cbfe906073eae45118a1466e03afab04a766a3061a988ffe089ba4e01,9548a24a4faf5db17b5251df407b4402de033ae8648ec321c850fe6105002cf1,8128818d8ea8f5c3517d04da28955f010269df61e756429957a0a032386f6c51
fixture-bank-02:1:4,fixture-scene-02,source-a,fixture-bank-02,1,4,correct,1.410894493303557,3.7417600482486937,0.3289473684210531,-2.6710526315789473,6.503443399277009,csi-pairs-v6-software-fixture,ded1ec639ff3e6fd5eba769d42db1ed36222a48af333a30a670254b30b164b74,620f300cbec1f56da4691882bc7dbe52593dc597fc62f6ae925c0f6ac72f1c6b,True,FORBIDDEN,0901433cbfe906073eae45118a1466e03afab04a766a3061a988ffe089ba4e01,9548a24a4faf5db17b5251df407b4402de033ae8648ec321c850fe6105002cf1,8128818d8ea8f5c3517d04da28955f010269df61e756429957a0a032386f6c51
fixture-bank-02:1:4,fixture-scene-02,source-a,fixture-bank-02,1,4,paired_active_alternative,1.5213049317114298,3.862914738491019,0.3289473684210531,-2.6710526315789473,6.641870681658504,csi-pairs-v6-software-fixture,ded1ec639ff3e6fd5eba769d42db1ed36222a48af333a30a670254b30b164b74,620f300cbec1f56da4691882bc7dbe52593dc597fc62f6ae925c0f6ac72f1c6b,True,FORBIDDEN,0901433cbfe906073eae45118a1466e03afab04a766a3061a988ffe089ba4e01,9548a24a4faf5db17b5251df407b4402de033ae8648ec321c850fe6105002cf1,8128818d8ea8f5c3517d04da28955f010269df61e756429957a0a032386f6c51
fixture-bank-02:1:4,fixture-scene-02,source-a,fixture-bank-02,1,4,paired_null_alternative,1.532699687576208,3.7155265375579174,0.3289473684210531,-2.6710526315789473,6.49903170707178,csi-pairs-v6-software-fixture,ded1ec639ff3e6fd5eba769d42db1ed36222a48af333a30a670254b30b164b74,620f300cbec1f56da4691882bc7dbe52593dc597fc62f6ae925c0f6ac72f1c6b,True,FORBIDDEN,0901433cbfe906073eae45118a1466e03afab04a766a3061a988ffe089ba4e01,9548a24a4faf5db17b5251df407b4402de033ae8648ec321c850fe6105002cf1,8128818d8ea8f5c3517d04da28955f010269df61e756429957a0a032386f6c51
fixture-bank-02:1:4,fixture-scene-02,source-a,fixture-bank-02,1,4,wrong_city,1.5151716511302622,3.658452843952324,0.3289473684210531,-2.6710526315789473,6.439702447603408,csi-pairs-v6-software-fixture,ded1ec639ff3e6fd5eba769d42db1ed36222a48af333a30a670254b30b164b74,620f300cbec1f56da4691882bc7dbe52593dc597fc62f6ae925c0f6ac72f1c6b,True,FORBIDDEN,0901433cbfe906073eae45118a1466e03afab04a766a3061a988ffe089ba4e01,9548a24a4faf5db17b5251df407b4402de033ae8648ec321c850fe6105002cf1,8128818d8ea8f5c3517d04da28955f010269df61e756429957a0a032386f6c51
fixture-bank-02:1:4,fixture-scene-02,source-a,fixture-bank-02,1,4,geometry_destroyed,2.5065921443486396,4.883803759227612,0.3289473684210531,-2.6710526315789473,7.862441850712501,csi-pairs-v6-software-fixture,ded1ec639ff3e6fd5eba769d42db1ed36222a48af333a30a670254b30b164b74,620f300cbec1f56da4691882bc7dbe52593dc597fc62f6ae925c0f6ac72f1c6b,True,FORBIDDEN,0901433cbfe906073eae45118a1466e03afab04a766a3061a988ffe089ba4e01,9548a24a4faf5db17b5251df407b4402de033ae8648ec321c850fe6105002cf1,8128818d8ea8f5c3517d04da28955f010269df61e756429957a0a032386f6c51
fixture-bank-02:1:4,fixture-scene-02,source-a,fixture-bank-02,1,4,empty,2.643785739897678,4.819967523389914,0.3289473684210531,-2.6710526315789473,7.840526745583504,csi-pairs-v6-software-fixture,ded1ec639ff3e6fd5eba769d42db1ed36222a48af333a30a670254b30b164b74,620f300cbec1f56da4691882bc7dbe52593dc597fc62f6ae925c0f6ac72f1c6b,True,FORBIDDEN,0901433cbfe906073eae45118a1466e03afab04a766a3061a988ffe089ba4e01,9548a24a4faf5db17b5251df407b4402de033ae8648ec321c850fe6105002cf1,8128818d8ea8f5c3517d04da28955f010269df61e756429957a0a032386f6c51
fixture-bank-02:1:6,fixture-scene-02,source-a,fixture-bank-02,1,6,correct,3.829208982651272,0.025040740090825367,1.328947368421053,-0.6710526315789473,2.595352407993121,csi-pairs-v6-software-fixture,ded1ec639ff3e6fd5eba769d42db1ed36222a48af333a30a670254b30b164b74,620f300cbec1f56da4691882bc7dbe52593dc597fc62f6ae925c0f6ac72f1c6b,True,FORBIDDEN,0901433cbfe906073eae45118a1466e03afab04a766a3061a988ffe089ba4e01,9548a24a4faf5db17b5251df407b4402de033ae8648ec321c850fe6105002cf1,8128818d8ea8f5c3517d04da28955f010269df61e756429957a0a032386f6c51
fixture-bank-02:1:6,fixture-scene-02,source-a,fixture-bank-02,1,6,paired_active_alternative,3.95101417692392,-0.001192770599954319,1.328947368421053,-0.6710526315789473,2.7062791026801367,csi-pairs-v6-software-fixture,ded1ec639ff3e6fd5eba769d42db1ed36222a48af333a30a670254b30b164b74,620f300cbec1f56da4691882bc7dbe52593dc597fc62f6ae925c0f6ac72f1c6b,True,FORBIDDEN,0901433cbfe906073eae45118a1466e03afab04a766a3061a988ffe089ba4e01,9548a24a4faf5db17b5251df407b4402de033ae8648ec321c850fe6105002cf1,8128818d8ea8f5c3517d04da28955f010269df61e756429957a0a032386f6c51
fixture-bank-02:1:6,fixture-scene-02,source-a,fixture-bank-02,1,6,paired_null_alternative,3.93961942105914,0.14619543033314972,1.328947368421053,-0.6710526315789473,2.7355991959942965,csi-pairs-v6-software-fixture,ded1ec639ff3e6fd5eba769d42db1ed36222a48af333a30a670254b30b164b74,620f300cbec1f56da4691882bc7dbe52593dc597fc62f6ae925c0f6ac72f1c6b,True,FORBIDDEN,0901433cbfe906073eae45118a1466e03afab04a766a3061a988ffe089ba4e01,9548a24a4faf5db17b5251df407b4402de033ae8648ec321c850fe6105002cf1,8128818d8ea8f5c3517d04da28955f010269df61e756429957a0a032386f6c51
fixture-bank-02:1:6,fixture-scene-02,source-a,fixture-bank-02,1,6,wrong_city,3.933486140477974,-0.058266464205547285,1.328947368421053,-0.6710526315789473,2.6756548921847068,csi-pairs-v6-software-fixture,ded1ec639ff3e6fd5eba769d42db1ed36222a48af333a30a670254b30b164b74,620f300cbec1f56da4691882bc7dbe52593dc597fc62f6ae925c0f6ac72f1c6b,True,FORBIDDEN,0901433cbfe906073eae45118a1466e03afab04a766a3061a988ffe089ba4e01,9548a24a4faf5db17b5251df407b4402de033ae8648ec321c850fe6105002cf1,8128818d8ea8f5c3517d04da28955f010269df61e756429957a0a032386f6c51
fixture-bank-02:1:6,fixture-scene-02,source-a,fixture-bank-02,1,6,geometry_destroyed,4.464731460064015,0.821211400826752,1.328947368421053,-0.6710526315789473,3.472750179873697,csi-pairs-v6-software-fixture,ded1ec639ff3e6fd5eba769d42db1ed36222a48af333a30a670254b30b164b74,620f300cbec1f56da4691882bc7dbe52593dc597fc62f6ae925c0f6ac72f1c6b,True,FORBIDDEN,0901433cbfe906073eae45118a1466e03afab04a766a3061a988ffe089ba4e01,9548a24a4faf5db17b5251df407b4402de033ae8648ec321c850fe6105002cf1,8128818d8ea8f5c3517d04da28955f010269df61e756429957a0a032386f6c51
fixture-bank-02:1:6,fixture-scene-02,source-a,fixture-bank-02,1,6,empty,5.062100229245396,1.103248215232044,1.328947368421053,-0.6710526315789473,4.133348978404216,csi-pairs-v6-software-fixture,ded1ec639ff3e6fd5eba769d42db1ed36222a48af333a30a670254b30b164b74,620f300cbec1f56da4691882bc7dbe52593dc597fc62f6ae925c0f6ac72f1c6b,True,FORBIDDEN,0901433cbfe906073eae45118a1466e03afab04a766a3061a988ffe089ba4e01,9548a24a4faf5db17b5251df407b4402de033ae8648ec321c850fe6105002cf1,8128818d8ea8f5c3517d04da28955f010269df61e756429957a0a032386f6c51
fixture-bank-02:1:7,fixture-scene-02,source-a,fixture-bank-02,1,7,correct,-1.0310155244123764,1.988246440395078,-1.6710526315789473,2.328947368421053,0.7250687008193867,csi-pairs-v6-software-fixture,ded1ec639ff3e6fd5eba769d42db1ed36222a48af333a30a670254b30b164b74,620f300cbec1f56da4691882bc7dbe52593dc597fc62f6ae925c0f6ac72f1c6b,True,FORBIDDEN,0901433cbfe906073eae45118a1466e03afab04a766a3061a988ffe089ba4e01,9548a24a4faf5db17b5251df407b4402de033ae8648ec321c850fe6105002cf1,8128818d8ea8f5c3517d04da28955f010269df61e756429957a0a032386f6c51
fixture-bank-02:1:7,fixture-scene-02,source-a,fixture-bank-02,1,7,paired_active_alternative,-0.9092103301397261,1.9620129297042972,-1.6710526315789473,2.328947368421053,0.845603083354472,csi-pairs-v6-software-fixture,ded1ec639ff3e6fd5eba769d42db1ed36222a48af333a30a670254b30b164b74,620f300cbec1f56da4691882bc7dbe52593dc597fc62f6ae925c0f6ac72f1c6b,True,FORBIDDEN,0901433cbfe906073eae45118a1466e03afab04a766a3061a988ffe089ba4e01,9548a24a4faf5db17b5251df407b4402de033ae8648ec321c850fe6105002cf1,8128818d8ea8f5c3517d04da28955f010269df61e756429957a0a032386f6c51
fixture-bank-02:1:7,fixture-scene-02,source-a,fixture-bank-02,1,7,paired_null_alternative,-0.9206050860045037,2.109401130637401,-1.6710526315789473,2.328947368421053,0.7819028514998922,csi-pairs-v6-software-fixture,ded1ec639ff3e6fd5eba769d42db1ed36222a48af333a30a670254b30b164b74,620f300cbec1f56da4691882bc7dbe52593dc597fc62f6ae925c0f6ac72f1c6b,True,FORBIDDEN,0901433cbfe906073eae45118a1466e03afab04a766a3061a988ffe089ba4e01,9548a24a4faf5db17b5251df407b4402de033ae8648ec321c850fe6105002cf1,8128818d8ea8f5c3517d04da28955f010269df61e756429957a0a032386f6c51
fixture-bank-02:1:7,fixture-scene-02,source-a,fixture-bank-02,1,7,wrong_city,-0.9267383665856728,1.9049392360987056,-1.6710526315789473,2.328947368421053,0.856613460872501,csi-pairs-v6-software-fixture,ded1ec639ff3e6fd5eba769d42db1ed36222a48af333a30a670254b30b164b74,620f300cbec1f56da4691882bc7dbe52593dc597fc62f6ae925c0f6ac72f1c6b,True,FORBIDDEN,0901433cbfe906073eae45118a1466e03afab04a766a3061a988ffe089ba4e01,9548a24a4faf5db17b5251df407b4402de033ae8648ec321c850fe6105002cf1,8128818d8ea8f5c3517d04da28955f010269df61e756429957a0a032386f6c51
fixture-bank-02:1:7,fixture-scene-02,source-a,fixture-bank-02,1,7,geometry_destroyed,-0.11993940243617446,2.888454912429422,-1.6710526315789473,2.328947368421053,1.6489393383093258,csi-pairs-v6-software-fixture,ded1ec639ff3e6fd5eba769d42db1ed36222a48af333a30a670254b30b164b74,620f300cbec1f56da4691882bc7dbe52593dc597fc62f6ae925c0f6ac72f1c6b,True,FORBIDDEN,0901433cbfe906073eae45118a1466e03afab04a766a3061a988ffe089ba4e01,9548a24a4faf5db17b5251df407b4402de033ae8648ec321c850fe6105002cf1,8128818d8ea8f5c3517d04da28955f010269df61e756429957a0a032386f6c51
fixture-bank-02:1:7,fixture-scene-02,source-a,fixture-bank-02,1,7,empty,0.20187572218174443,3.0664539155362984,-1.6710526315789473,2.328947368421053,2.0129025126315945,csi-pairs-v6-software-fixture,ded1ec639ff3e6fd5eba769d42db1ed36222a48af333a30a670254b30b164b74,620f300cbec1f56da4691882bc7dbe52593dc597fc62f6ae925c0f6ac72f1c6b,True,FORBIDDEN,0901433cbfe906073eae45118a1466e03afab04a766a3061a988ffe089ba4e01,9548a24a4faf5db17b5251df407b4402de033ae8648ec321c850fe6105002cf1,8128818d8ea8f5c3517d04da28955f010269df61e756429957a0a032386f6c51
fixture-bank-02:2:3,fixture-scene-02,source-a,fixture-bank-02,2,3,correct,0.7564104527645983,-3.8547746874516164,-1.6710526315789473,1.328947368421053,5.723945438103988,csi-pairs-v6-software-fixture,ded1ec639ff3e6fd5eba769d42db1ed36222a48af333a30a670254b30b164b74,620f300cbec1f56da4691882bc7dbe52593dc597fc62f6ae925c0f6ac72f1c6b,True,FORBIDDEN,0901433cbfe906073eae45118a1466e03afab04a766a3061a988ffe089ba4e01,9548a24a4faf5db17b5251df407b4402de033ae8648ec321c850fe6105002cf1,8128818d8ea8f5c3517d04da28955f010269df61e756429957a0a032386f6c51
fixture-bank-02:2:3,fixture-scene-02,source-a,fixture-bank-02,2,3,paired_active_alternative,0.36902405232229796,-4.119827483142963,-1.6710526315789473,1.328947368421053,5.8181664000983995,csi-pairs-v6-software-fixture,ded1ec639ff3e6fd5eba769d42db1ed36222a48af333a30a670254b30b164b74,620f300cbec1f56da4691882bc7dbe52593dc597fc62f6ae925c0f6ac72f1c6b,True,FORBIDDEN,0901433cbfe906073eae45118a1466e03afab04a766a3061a988ffe089ba4e01,9548a24a4faf5db17b5251df407b4402de033ae8648ec321c850fe6105002cf1,8128818d8ea8f5c3517d04da28955f010269df61e756429957a0a032386f6c51
fixture-bank-02:2:3,fixture-scene-02,source-a,fixture-bank-02,2,3,paired_null_alternative,0.38041880818707585,-4.267215684076067,-1.6710526315789473,1.328947368421053,5.960333545894019,csi-pairs-v6-software-fixture,ded1ec639ff3e6fd5eba769d42db1ed36222a48af333a30a670254b30b164b74,620f300cbec1f56da4691882bc7dbe52593dc597fc62f6ae925c0f6ac72f1c6b,True,FORBIDDEN,0901433cbfe906073eae45118a1466e03afab04a766a3061a988ffe089ba4e01,9548a24a4faf5db17b5251df407b4402de033ae8648ec321c850fe6105002cf1,8128818d8ea8f5c3517d04da28955f010269df61e756429957a0a032386f6c51
fixture-bank-02:2:3,fixture-scene-02,source-a,fixture-bank-02,2,3,wrong_city,0.36289077174112955,-4.324289377681658,-1.6710526315789473,1.328947368421053,6.007995628776308,csi-pairs-v6-software-fixture,ded1ec639ff3e6fd5eba769d42db1ed36222a48af333a30a670254b30b164b74,620f300cbec1f56da4691882bc7dbe52593dc597fc62f6ae925c0f6ac72f1c6b,True,FORBIDDEN,0901433cbfe906073eae45118a1466e03afab04a766a3061a988ffe089ba4e01,9548a24a4faf5db17b5251df407b4402de033ae8648ec321c850fe6105002cf1,8128818d8ea8f5c3517d04da28955f010269df61e756429957a0a032386f6c51
fixture-bank-02:2:3,fixture-scene-02,source-a,fixture-bank-02,2,3,geometry_destroyed,1.2749511377187712,-3.320228214642653,-1.6710526315789473,1.328947368421053,5.503977817076675,csi-pairs-v6-software-fixture,ded1ec639ff3e6fd5eba769d42db1ed36222a48af333a30a670254b30b164b74,620f300cbec1f56da4691882bc7dbe52593dc597fc62f6ae925c0f6ac72f1c6b,True,FORBIDDEN,0901433cbfe906073eae45118a1466e03afab04a766a3061a988ffe089ba4e01,9548a24a4faf5db17b5251df407b4402de033ae8648ec321c850fe6105002cf1,8128818d8ea8f5c3517d04da28955f010269df61e756429957a0a032386f6c51
fixture-bank-02:2:3,fixture-scene-02,source-a,fixture-bank-02,2,3,empty,1.491504860508546,-3.1627746982440654,-1.6710526315789473,1.328947368421053,5.493390302438477,csi-pairs-v6-software-fixture,ded1ec639ff3e6fd5eba769d42db1ed36222a48af333a30a670254b30b164b74,620f300cbec1f56da4691882bc7dbe52593dc597fc62f6ae925c0f6ac72f1c6b,True,FORBIDDEN,0901433cbfe906073eae45118a1466e03afab04a766a3061a988ffe089ba4e01,9548a24a4faf5db17b5251df407b4402de033ae8648ec321c850fe6105002cf1,8128818d8ea8f5c3517d04da28955f010269df61e756429957a0a032386f6c51
fixture-bank-02:2:4,fixture-scene-02,source-a,fixture-bank-02,2,4,correct,2.0024116468126016,3.2493239693850513,0.3289473684210531,-2.6710526315789473,6.152344413985174,csi-pairs-v6-software-fixture,ded1ec639ff3e6fd5eba769d42db1ed36222a48af333a30a670254b30b164b74,620f300cbec1f56da4691882bc7dbe52593dc597fc62f6ae925c0f6ac72f1c6b,True,FORBIDDEN,0901433cbfe906073eae45118a1466e03afab04a766a3061a988ffe089ba4e01,9548a24a4faf5db17b5251df407b4402de033ae8648ec321c850fe6105002cf1,8128818d8ea8f5c3517d04da28955f010269df61e756429957a0a032386f6c51
fixture-bank-02:2:4,fixture-scene-02,source-a,fixture-bank-02,2,4,paired_active_alternative,1.6264200022350772,2.8368829727606015,0.3289473684210531,-2.6710526315789473,5.658691532240256,csi-pairs-v6-software-fixture,ded1ec639ff3e6fd5eba769d42db1ed36222a48af333a30a670254b30b164b74,620f300cbec1f56da4691882bc7dbe52593dc597fc62f6ae925c0f6ac72f1c6b,True,FORBIDDEN,0901433cbfe906073eae45118a1466e03afab04a766a3061a988ffe089ba4e01,9548a24a4faf5db17b5251df407b4402de033ae8648ec321c850fe6105002cf1,8128818d8ea8f5c3517d04da28955f010269df61e756429957a0a032386f6c51
fixture-bank-02:2:4,fixture-scene-02,source-a,fixture-bank-02,2,4,paired_null_alternative,1.6150252463702988,2.9842711736937044,0.3289473684210531,-2.6710526315789473,5.799714100766862,csi-pairs-v6-software-fixture,ded1ec639ff3e6fd5eba769d42db1ed36222a48af333a30a670254b30b164b74,620f300cbec1f56da4691882bc7dbe52593dc597fc62f6ae925c0f6ac72f1c6b,True,FORBIDDEN,0901433cbfe906073eae45118a1466e03afab04a766a3061a988ffe089ba4e01,9548a24a4faf5db17b5251df407b4402de033ae8648ec321c850fe6105002cf1,8128818d8ea8f5c3517d04da28955f010269df61e756429957a0a032386f6c51
fixture-bank-02:2:4,fixture-scene-02,source-a,fixture-bank-02,2,4,wrong_city,1.608891965789132,2.77980927915501,0.3289473684210531,-2.6710526315789473,5.599120800824178,csi-pairs-v6-software-fixture,ded1ec639ff3e6fd5eba769d42db1ed36222a48af333a30a670254b30b164b74,620f300cbec1f56da4691882bc7dbe52593dc597fc62f6ae925c0f6ac72f1c6b,True,FORBIDDEN,0901433cbfe906073eae45118a1466e03afab04a766a3061a988ffe089ba4e01,9548a24a4faf5db17b5251df407b4402de033ae8648ec321c850fe6105002cf1,8128818d8ea8f5c3517d04da28955f010269df61e756429957a0a032386f6c51
fixture-bank-02:2:4,fixture-scene-02,source-a,fixture-bank-02,2,4,geometry_destroyed,1.9020151728100811,3.0477937248070384,0.3289473684210531,-2.6710526315789473,5.931251635629244,csi-pairs-v6-software-fixture,ded1ec639ff3e6fd5eba769d42db1ed36222a48af333a30a670254b30b164b74,620f300cbec1f56da4691882bc7dbe52593dc597fc62f6ae925c0f6ac72f1c6b,True,FORBIDDEN,0901433cbfe906073eae45118a1466e03afab04a766a3061a988ffe089ba4e01,9548a24a4faf5db17b5251df407b4402de033ae8648ec321c850fe6105002cf1,8128818d8ea8f5c3517d04da28955f010269df61e756429957a0a032386f6c51
fixture-bank-02:2:4,fixture-scene-02,source-a,fixture-bank-02,2,4,empty,2.7375060545565475,3.9413239585926023,0.3289473684210531,-2.6710526315789473,7.037377289502636,csi-pairs-v6-software-fixture,ded1ec639ff3e6fd5eba769d42db1ed36222a48af333a30a670254b30b164b74,620f300cbec1f56da4691882bc7dbe52593dc597fc62f6ae925c0f6ac72f1c6b,True,FORBIDDEN,0901433cbfe906073eae45118a1466e03afab04a766a3061a988ffe089ba4e01,9548a24a4faf5db17b5251df407b4402de033ae8648ec321c850fe6105002cf1,8128818d8ea8f5c3517d04da28955f010269df61e756429957a0a032386f6c51
fixture-bank-02:2:6,fixture-scene-02,source-a,fixture-bank-02,2,6,correct,3.5441144204638175,0.5113418006539852,1.328947368421053,-0.6710526315789473,2.510980219322978,csi-pairs-v6-software-fixture,ded1ec639ff3e6fd5eba769d42db1ed36222a48af333a30a670254b30b164b74,620f300cbec1f56da4691882bc7dbe52593dc597fc62f6ae925c0f6ac72f1c6b,True,FORBIDDEN,0901433cbfe906073eae45118a1466e03afab04a766a3061a988ffe089ba4e01,9548a24a4faf5db17b5251df407b4402de033ae8648ec321c850fe6105002cf1,8128818d8ea8f5c3517d04da28955f010269df61e756429957a0a032386f6c51
fixture-bank-02:2:6,fixture-scene-02,source-a,fixture-bank-02,2,6,paired_active_alternative,3.1567280200215175,0.2462890049626407,1.328947368421053,-0.6710526315789473,2.045066695366637,csi-pairs-v6-software-fixture,ded1ec639ff3e6fd5eba769d42db1ed36222a48af333a30a670254b30b164b74,620f300cbec1f56da4691882bc7dbe52593dc597fc62f6ae925c0f6ac72f1c6b,True,FORBIDDEN,0901433cbfe906073eae45118a1466e03afab04a766a3061a988ffe089ba4e01,9548a24a4faf5db17b5251df407b4402de033ae8648ec321c850fe6105002cf1,8128818d8ea8f5c3517d04da28955f010269df61e756429957a0a032386f6c51
fixture-bank-02:2:6,fixture-scene-02,source-a,fixture-bank-02,2,6,paired_null_alternative,3.1681227758862933,0.09890080402953667,1.328947368421053,-0.6710526315789473,1.9938391290247668,csi-pairs-v6-software-fixture,ded1ec639ff3e6fd5eba769d42db1ed36222a48af333a30a670254b30b164b74,620f300cbec1f56da4691882bc7dbe52593dc597fc62f6ae925c0f6ac72f1c6b,True,FORBIDDEN,0901433cbfe906073eae45118a1466e03afab04a766a3061a988ffe089ba4e01,9548a24a4faf5db17b5251df407b4402de033ae8648ec321c850fe6105002cf1,8128818d8ea8f5c3517d04da28955f010269df61e756429957a0a032386f6c51
fixture-bank-02:2:6,fixture-scene-02,source-a,fixture-bank-02,2,6,wrong_city,3.1505947394403475,0.04182711042394395,1.328947368421053,-0.6710526315789473,1.956168875864151,csi-pairs-v6-software-fixture,ded1ec639ff3e6fd5eba769d42db1ed36222a48af333a30a670254b30b164b74,620f300cbec1f56da4691882bc7dbe52593dc597fc62f6ae925c0f6ac72f1c6b,True,FORBIDDEN,0901433cbfe906073eae45118a1466e03afab04a766a3061a988ffe089ba4e01,9548a24a4faf5db17b5251df407b4402de033ae8648ec321c850fe6105002cf1,8128818d8ea8f5c3517d04da28955f010269df61e756429957a0a032386f6c51
fixture-bank-02:2:6,fixture-scene-02,source-a,fixture-bank-02,2,6,geometry_destroyed,3.195421799066613,0.2726928016254686,1.328947368421053,-0.6710526315789473,2.0915023889414655,csi-pairs-v6-software-fixture,ded1ec639ff3e6fd5eba769d42db1ed36222a48af333a30a670254b30b164b74,620f300cbec1f56da4691882bc7dbe52593dc597fc62f6ae925c0f6ac72f1c6b,True,FORBIDDEN,0901433cbfe906073eae45118a1466e03afab04a766a3061a988ffe089ba4e01,9548a24a4faf5db17b5251df407b4402de033ae8648ec321c850fe6105002cf1,8128818d8ea8f5c3517d04da28955f010269df61e756429957a0a032386f6c51
fixture-bank-02:2:6,fixture-scene-02,source-a,fixture-bank-02,2,6,empty,4.279208828207763,1.2033417898615348,1.328947368421053,-0.6710526315789473,3.495339343787669,csi-pairs-v6-software-fixture,ded1ec639ff3e6fd5eba769d42db1ed36222a48af333a30a670254b30b164b74,620f300cbec1f56da4691882bc7dbe52593dc597fc62f6ae925c0f6ac72f1c6b,True,FORBIDDEN,0901433cbfe906073eae45118a1466e03afab04a766a3061a988ffe089ba4e01,9548a24a4faf5db17b5251df407b4402de033ae8648ec321c850fe6105002cf1,8128818d8ea8f5c3517d04da28955f010269df61e756429957a0a032386f6c51
fixture-bank-02:2:7,fixture-scene-02,source-a,fixture-bank-02,2,7,correct,-1.3058894940043324,2.4561978543908625,-1.6710526315789473,2.328947368421053,0.3866998877978759,csi-pairs-v6-software-fixture,ded1ec639ff3e6fd5eba769d42db1ed36222a48af333a30a670254b30b164b74,620f300cbec1f56da4691882bc7dbe52593dc597fc62f6ae925c0f6ac72f1c6b,True,FORBIDDEN,0901433cbfe906073eae45118a1466e03afab04a766a3061a988ffe089ba4e01,9548a24a4faf5db17b5251df407b4402de033ae8648ec321c850fe6105002cf1,8128818d8ea8f5c3517d04da28955f010269df61e756429957a0a032386f6c51
fixture-bank-02:2:7,fixture-scene-02,source-a,fixture-bank-02,2,7,paired_active_alternative,-1.6932758944466342,2.191145058699515,-1.6710526315789473,2.328947368421053,0.13958277106103384,csi-pairs-v6-software-fixture,ded1ec639ff3e6fd5eba769d42db1ed36222a48af333a30a670254b30b164b74,620f300cbec1f56da4691882bc7dbe52593dc597fc62f6ae925c0f6ac72f1c6b,True,FORBIDDEN,0901433cbfe906073eae45118a1466e03afab04a766a3061a988ffe089ba4e01,9548a24a4faf5db17b5251df407b4402de033ae8648ec321c850fe6105002cf1,8128818d8ea8f5c3517d04da28955f010269df61e756429957a0a032386f6c51
fixture-bank-02:2:7,fixture-scene-02,source-a,fixture-bank-02,2,7,paired_null_alternative,-1.6818811385818562,2.0437568577664122,-1.6710526315789473,2.328947368421053,0.2853960124657786,csi-pairs-v6-software-fixture,ded1ec639ff3e6fd5eba769d42db1ed36222a48af333a30a670254b30b164b74,620f300cbec1f56da4691882bc7dbe52593dc597fc62f6ae925c0f6ac72f1c6b,True,FORBIDDEN,0901433cbfe906073eae45118a1466e03afab04a766a3061a988ffe089ba4e01,9548a24a4faf5db17b5251df407b4402de033ae8648ec321c850fe6105002cf1,8128818d8ea8f5c3517d04da28955f010269df61e756429957a0a032386f6c51
fixture-bank-02:2:7,fixture-scene-02,source-a,fixture-bank-02,2,7,wrong_city,-1.6994091750278018,1.986683164160821,-1.6710526315789473,2.328947368421053,0.3434368633013304,csi-pairs-v6-software-fixture,ded1ec639ff3e6fd5eba769d42db1ed36222a48af333a30a670254b30b164b74,620f300cbec1f56da4691882bc7dbe52593dc597fc62f6ae925c0f6ac72f1c6b,True,FORBIDDEN,0901433cbfe906073eae45118a1466e03afab04a766a3061a988ffe089ba4e01,9548a24a4faf5db17b5251df407b4402de033ae8648ec321c850fe6105002cf1,8128818d8ea8f5c3517d04da28955f010269df61e756429957a0a032386f6c51
fixture-bank-02:2:7,fixture-scene-02,source-a,fixture-bank-02,2,7,geometry_destroyed,-1.0686218438618995,2.662897602220256,-1.6710526315789473,2.328947368421053,0.6888001253222338,csi-pairs-v6-software-fixture,ded1ec639ff3e6fd5eba769d42db1ed36222a48af333a30a670254b30b164b74,620f300cbec1f56da4691882bc7dbe52593dc597fc62f6ae925c0f6ac72f1c6b,True,FORBIDDEN,0901433cbfe906073eae45118a1466e03afab04a766a3061a988ffe089ba4e01,9548a24a4faf5db17b5251df407b4402de033ae8648ec321c850fe6105002cf1,8128818d8ea8f5c3517d04da28955f010269df61e756429957a0a032386f6c51
fixture-bank-02:2:7,fixture-scene-02,source-a,fixture-bank-02,2,7,empty,-0.5707950862603858,3.148197843598413,-1.6710526315789473,2.328947368421053,1.3717645596489059,csi-pairs-v6-software-fixture,ded1ec639ff3e6fd5eba769d42db1ed36222a48af333a30a670254b30b164b74,620f300cbec1f56da4691882bc7dbe52593dc597fc62f6ae925c0f6ac72f1c6b,True,FORBIDDEN,0901433cbfe906073eae45118a1466e03afab04a766a3061a988ffe089ba4e01,9548a24a4faf5db17b5251df407b4402de033ae8648ec321c850fe6105002cf1,8128818d8ea8f5c3517d04da28955f010269df61e756429957a0a032386f6c51
fixture-bank-02:3:3,fixture-scene-02,source-a,fixture-bank-02,3,3,correct,0.21691461631525308,-3.6001531785358685,-1.6710526315789473,1.328947368421053,5.2783001554602995,csi-pairs-v6-software-fixture,ded1ec639ff3e6fd5eba769d42db1ed36222a48af333a30a670254b30b164b74,620f300cbec1f56da4691882bc7dbe52593dc597fc62f6ae925c0f6ac72f1c6b,True,FORBIDDEN,0901433cbfe906073eae45118a1466e03afab04a766a3061a988ffe089ba4e01,9548a24a4faf5db17b5251df407b4402de033ae8648ec321c850fe6105002cf1,8128818d8ea8f5c3517d04da28955f010269df61e756429957a0a032386f6c51
fixture-bank-02:3:3,fixture-scene-02,source-a,fixture-bank-02,3,3,paired_active_alternative,0.6043010167575547,-3.3351003828445216,-1.6710526315789473,1.328947368421053,5.189467761831042,csi-pairs-v6-software-fixture,ded1ec639ff3e6fd5eba769d42db1ed36222a48af333a30a670254b30b164b74,620f300cbec1f56da4691882bc7dbe52593dc597fc62f6ae925c0f6ac72f1c6b,True,FORBIDDEN,0901433cbfe906073eae45118a1466e03afab04a766a3061a988ffe089ba4e01,9548a24a4faf5db17b5251df407b4402de033ae8648ec321c850fe6105002cf1,8128818d8ea8f5c3517d04da28955f010269df61e756429957a0a032386f6c51
fixture-bank-02:3:3,fixture-scene-02,source-a,fixture-bank-02,3,3,paired_null_alternative,0.10650417790738059,-3.721307868778191,-1.6710526315789473,1.328947368421053,5.353950520112192,csi-pairs-v6-software-fixture,ded1ec639ff3e6fd5eba769d42db1ed36222a48af333a30a670254b30b164b74,620f300cbec1f56da4691882bc7dbe52593dc597fc62f6ae925c0f6ac72f1c6b,True,FORBIDDEN,0901433cbfe906073eae45118a1466e03afab04a766a3061a988ffe089ba4e01,9548a24a4faf5db17b5251df407b4402de033ae8648ec321c850fe6105002cf1,8128818d8ea8f5c3517d04da28955f010269df61e756429957a0a032386f6c51
fixture-bank-02:3:3,fixture-scene-02,source-a,fixture-bank-02,3,3,wrong_city,0.21078133573408542,-3.804615073074563,-1.6710526315789473,1.328947368421053,5.467610302615535,csi-pairs-v6-software-fixture,ded1ec639ff3e6fd5eba769d42db1ed36222a48af333a30a670254b30b164b74,620f300cbec1f56da4691882bc7dbe52593dc597fc62f6ae925c0f6ac72f1c6b,True,FORBIDDEN,0901433cbfe906073eae45118a1466e03afab04a766a3061a988ffe089ba4e01,9548a24a4faf5db17b5251df407b4402de033ae8648ec321c850fe6105002cf1,8128818d8ea8f5c3517d04da28955f010269df61e756429957a0a032386f6c51
fixture-bank-02:3:3,fixture-scene-02,source-a,fixture-bank-02,3,3,geometry_destroyed,0.9533479384299773,-2.9220074136764107,-1.6710526315789473,1.328947368421053,4.995807733620307,csi-pairs-v6-software-fixture,ded1ec639ff3e6fd5eba769d42db1ed36222a48af333a30a670254b30b164b74,620f300cbec1f56da4691882bc7dbe52593dc597fc62f6ae925c0f6ac72f1c6b,True,FORBIDDEN,0901433cbfe906073eae45118a1466e03afab04a766a3061a988ffe089ba4e01,9548a24a4faf5db17b5251df407b4402de033ae8648ec321c850fe6105002cf1,8128818d8ea8f5c3517d04da28955f010269df61e756429957a0a032386f6c51
fixture-bank-02:3:3,fixture-scene-02,source-a,fixture-bank-02,3,3,empty,1.3393954245015018,-2.6431003936369706,-1.6710526315789473,1.328947368421053,4.983970397427006,csi-pairs-v6-software-fixture,ded1ec639ff3e6fd5eba769d42db1ed36222a48af333a30a670254b30b164b74,620f300cbec1f56da4691882bc7dbe52593dc597fc62f6ae925c0f6ac72f1c6b,True,FORBIDDEN,0901433cbfe906073eae45118a1466e03afab04a766a3061a988ffe089ba4e01,9548a24a4faf5db17b5251df407b4402de033ae8648ec321c850fe6105002cf1,8128818d8ea8f5c3517d04da28955f010269df61e756429957a0a032386f6c51
fixture-bank-02:3:4,fixture-scene-02,source-a,fixture-bank-02,3,4,correct,1.6149971002449706,2.9843901520618576,0.3289473684210531,-2.6710526315789473,5.799823875925822,csi-pairs-v6-software-fixture,ded1ec639ff3e6fd5eba769d42db1ed36222a48af333a30a670254b30b164b74,620f300cbec1f56da4691882bc7dbe52593dc597fc62f6ae925c0f6ac72f1c6b,True,FORBIDDEN,0901433cbfe906073eae45118a1466e03afab04a766a3061a988ffe089ba4e01,9548a24a4faf5db17b5251df407b4402de033ae8648ec321c850fe6105002cf1,8128818d8ea8f5c3517d04da28955f010269df61e756429957a0a032386f6c51
fixture-bank-02:3:4,fixture-scene-02,source-a,fixture-bank-02,3,4,paired_active_alternative,1.5045866618370973,2.8632354618195346,0.3289473684210531,-2.6710526315789473,5.65777981623145,csi-pairs-v6-software-fixture,ded1ec639ff3e6fd5eba769d42db1ed36222a48af333a30a670254b30b164b74,620f300cbec1f56da4691882bc7dbe52593dc597fc62f6ae925c0f6ac72f1c6b,True,FORBIDDEN,0901433cbfe906073eae45118a1466e03afab04a766a3061a988ffe089ba4e01,9548a24a4faf5db17b5251df407b4402de033ae8648ec321c850fe6105002cf1,8128818d8ea8f5c3517d04da28955f010269df61e756429957a0a032386f6c51
fixture-bank-02:3:4,fixture-scene-02,source-a,fixture-bank-02,3,4,paired_null_alternative,2.0023835006872726,3.2494429477532045,0.3289473684210531,-2.6710526315789473,6.152451250815863,csi-pairs-v6-software-fixture,ded1ec639ff3e6fd5eba769d42db1ed36222a48af333a30a670254b30b164b74,620f300cbec1f56da4691882bc7dbe52593dc597fc62f6ae925c0f6ac72f1c6b,True,FORBIDDEN,0901433cbfe906073eae45118a1466e03afab04a766a3061a988ffe089ba4e01,9548a24a4faf5db17b5251df407b4402de033ae8648ec321c850fe6105002cf1,8128818d8ea8f5c3517d04da28955f010269df61e756429957a0a032386f6c51
fixture-bank-02:3:4,fixture-scene-02,source-a,fixture-bank-02,3,4,wrong_city,1.608863819663803,2.779928257523163,0.3289473684210531,-2.6710526315789473,5.599230194903427,csi-pairs-v6-software-fixture,ded1ec639ff3e6fd5eba769d42db1ed36222a48af333a30a670254b30b164b74,620f300cbec1f56da4691882bc7dbe52593dc597fc62f6ae925c0f6ac72f1c6b,True,FORBIDDEN,0901433cbfe906073eae45118a1466e03afab04a766a3061a988ffe089ba4e01,9548a24a4faf5db17b5251df407b4402de033ae8648ec321c850fe6105002cf1,8128818d8ea8f5c3517d04da28955f010269df61e756429957a0a032386f6c51
fixture-bank-02:3:4,fixture-scene-02,source-a,fixture-bank-02,3,4,geometry_destroyed,2.288975298284496,3.78222481837906,0.3289473684210531,-2.6710526315789473,6.744367971276573,csi-pairs-v6-software-fixture,ded1ec639ff3e6fd5eba769d42db1ed36222a48af333a30a670254b30b164b74,620f300cbec1f56da4691882bc7dbe52593dc597fc62f6ae925c0f6ac72f1c6b,True,FORBIDDEN,0901433cbfe906073eae45118a1466e03afab04a766a3061a988ffe089ba4e01,9548a24a4faf5db17b5251df407b4402de033ae8648ec321c850fe6105002cf1,8128818d8ea8f5c3517d04da28955f010269df61e756429957a0a032386f6c51
fixture-bank-02:3:4,fixture-scene-02,source-a,fixture-bank-02,3,4,empty,2.7374779084312184,3.9414429369607547,0.3289473684210531,-2.6710526315789473,7.037479449783058,csi-pairs-v6-software-fixture,ded1ec639ff3e6fd5eba769d42db1ed36222a48af333a30a670254b30b164b74,620f300cbec1f56da4691882bc7dbe52593dc597fc62f6ae925c0f6ac72f1c6b,True,FORBIDDEN,0901433cbfe906073eae45118a1466e03afab04a766a3061a988ffe089ba4e01,9548a24a4faf5db17b5251df407b4402de033ae8648ec321c850fe6105002cf1,8128818d8ea8f5c3517d04da28955f010269df61e756429957a0a032386f6c51
fixture-bank-02:3:6,fixture-scene-02,source-a,fixture-bank-02,3,6,correct,3.9397217637249806,0.1462923160298892,1.328947368421053,-0.6710526315789473,2.735725809827491,csi-pairs-v6-software-fixture,ded1ec639ff3e6fd5eba769d42db1ed36222a48af333a30a670254b30b164b74,620f300cbec1f56da4691882bc7dbe52593dc597fc62f6ae925c0f6ac72f1c6b,True,FORBIDDEN,0901433cbfe906073eae45118a1466e03afab04a766a3061a988ffe089ba4e01,9548a24a4faf5db17b5251df407b4402de033ae8648ec321c850fe6105002cf1,8128818d8ea8f5c3517d04da28955f010269df61e756429957a0a032386f6c51
fixture-bank-02:3:6,fixture-scene-02,source-a,fixture-bank-02,3,6,paired_active_alternative,4.327108164167284,0.41134511172123356,1.328947368421053,-0.6710526315789473,3.187562239682701,csi-pairs-v6-software-fixture,ded1ec639ff3e6fd5eba769d42db1ed36222a48af333a30a670254b30b164b74,620f300cbec1f56da4691882bc7dbe52593dc597fc62f6ae925c0f6ac72f1c6b,True,FORBIDDEN,0901433cbfe906073eae45118a1466e03afab04a766a3061a988ffe089ba4e01,9548a24a4faf5db17b5251df407b4402de033ae8648ec321c850fe6105002cf1,8128818d8ea8f5c3517d04da28955f010269df61e756429957a0a032386f6c51
fixture-bank-02:3:6,fixture-scene-02,source-a,fixture-bank-02,3,6,paired_null_alternative,3.8293113253171125,0.02513762578756497,1.328947368421053,-0.6710526315789473,2.5954769872601395,csi-pairs-v6-software-fixture,ded1ec639ff3e6fd5eba769d42db1ed36222a48af333a30a670254b30b164b74,620f300cbec1f56da4691882bc7dbe52593dc597fc62f6ae925c0f6ac72f1c6b,True,FORBIDDEN,0901433cbfe906073eae45118a1466e03afab04a766a3061a988ffe089ba4e01,9548a24a4faf5db17b5251df407b4402de033ae8648ec321c850fe6105002cf1,8128818d8ea8f5c3517d04da28955f010269df61e756429957a0a032386f6c51
fixture-bank-02:3:6,fixture-scene-02,source-a,fixture-bank-02,3,6,wrong_city,3.9335884831438146,-0.058169578508807766,1.328947368421053,-0.6710526315789473,2.6757767046681615,csi-pairs-v6-software-fixture,ded1ec639ff3e6fd5eba769d42db1ed36222a48af333a30a670254b30b164b74,620f300cbec1f56da4691882bc7dbe52593dc597fc62f6ae925c0f6ac72f1c6b,True,FORBIDDEN,0901433cbfe906073eae45118a1466e03afab04a766a3061a988ffe089ba4e01,9548a24a4faf5db17b5251df407b4402de033ae8648ec321c850fe6105002cf1,8128818d8ea8f5c3517d04da28955f010269df61e756429957a0a032386f6c51
fixture-bank-02:3:6,fixture-scene-02,source-a,fixture-bank-02,3,6,geometry_destroyed,4.431176105931056,0.727218471476401,1.328947368421053,-0.6710526315789473,3.402790798370144,csi-pairs-v6-software-fixture,ded1ec639ff3e6fd5eba769d42db1ed36222a48af333a30a670254b30b164b74,620f300cbec1f56da4691882bc7dbe52593dc597fc62f6ae925c0f6ac72f1c6b,True,FORBIDDEN,0901433cbfe906073eae45118a1466e03afab04a766a3061a988ffe089ba4e01,9548a24a4faf5db17b5251df407b4402de033ae8648ec321c850fe6105002cf1,8128818d8ea8f5c3517d04da28955f010269df61e756429957a0a032386f6c51
fixture-bank-02:3:6,fixture-scene-02,source-a,fixture-bank-02,3,6,empty,5.062202571911237,1.1033451009287836,1.328947368421053,-0.6710526315789473,4.133483001962765,csi-pairs-v6-software-fixture,ded1ec639ff3e6fd5eba769d42db1ed36222a48af333a30a670254b30b164b74,620f300cbec1f56da4691882bc7dbe52593dc597fc62f6ae925c0f6ac72f1c6b,True,FORBIDDEN,0901433cbfe906073eae45118a1466e03afab04a766a3061a988ffe089ba4e01,9548a24a4faf5db17b5251df407b4402de033ae8648ec321c850fe6105002cf1,8128818d8ea8f5c3517d04da28955f010269df61e756429957a0a032386f6c51
fixture-bank-02:3:7,fixture-scene-02,source-a,fixture-bank-02,3,7,correct,-0.9205010409450908,2.109473867023456,-1.6710526315789473,2.328947368421053,0.7819822939291741,csi-pairs-v6-software-fixture,ded1ec639ff3e6fd5eba769d42db1ed36222a48af333a30a670254b30b164b74,620f300cbec1f56da4691882bc7dbe52593dc597fc62f6ae925c0f6ac72f1c6b,True,FORBIDDEN,0901433cbfe906073eae45118a1466e03afab04a766a3061a988ffe089ba4e01,9548a24a4faf5db17b5251df407b4402de033ae8648ec321c850fe6105002cf1,8128818d8ea8f5c3517d04da28955f010269df61e756429957a0a032386f6c51
fixture-bank-02:3:7,fixture-scene-02,source-a,fixture-bank-02,3,7,paired_active_alternative,-0.53311464050279,2.374526662714803,-1.6710526315789473,2.328947368421053,1.138850448304235,csi-pairs-v6-software-fixture,ded1ec639ff3e6fd5eba769d42db1ed36222a48af333a30a670254b30b164b74,620f300cbec1f56da4691882bc7dbe52593dc597fc62f6ae925c0f6ac72f1c6b,True,FORBIDDEN,0901433cbfe906073eae45118a1466e03afab04a766a3061a988ffe089ba4e01,9548a24a4faf5db17b5251df407b4402de033ae8648ec321c850fe6105002cf1,8128818d8ea8f5c3517d04da28955f010269df61e756429957a0a032386f6c51
fixture-bank-02:3:7,fixture-scene-02,source-a,fixture-bank-02,3,7,paired_null_alternative,-1.0309114793529632,1.988319176781133,-1.6710526315789473,2.328947368421053,0.7251263749947954,csi-pairs-v6-software-fixture,ded1ec639ff3e6fd5eba769d42db1ed36222a48af333a30a670254b30b164b74,620f300cbec1f56da4691882bc7dbe52593dc597fc62f6ae925c0f6ac72f1c6b,True,FORBIDDEN,0901433cbfe906073eae45118a1466e03afab04a766a3061a988ffe089ba4e01,9548a24a4faf5db17b5251df407b4402de033ae8648ec321c850fe6105002cf1,8128818d8ea8f5c3517d04da28955f010269df61e756429957a0a032386f6c51
fixture-bank-02:3:7,fixture-scene-02,source-a,fixture-bank-02,3,7,wrong_city,-0.9266343215262596,1.9050119724847607,-1.6710526315789473,2.328947368421053,0.8566678704546824,csi-pairs-v6-software-fixture,ded1ec639ff3e6fd5eba769d42db1ed36222a48af333a30a670254b30b164b74,620f300cbec1f56da4691882bc7dbe52593dc597fc62f6ae925c0f6ac72f1c6b,True,FORBIDDEN,0901433cbfe906073eae45118a1466e03afab04a766a3061a988ffe089ba4e01,9548a24a4faf5db17b5251df407b4402de033ae8648ec321c850fe6105002cf1,8128818d8ea8f5c3517d04da28955f010269df61e756429957a0a032386f6c51
fixture-bank-02:3:7,fixture-scene-02,source-a,fixture-bank-02,3,7,geometry_destroyed,-1.027337279086925,1.971570942067654,-1.6710526315789473,2.328947368421053,0.7362658250571291,csi-pairs-v6-software-fixture,ded1ec639ff3e6fd5eba769d42db1ed36222a48af333a30a670254b30b164b74,620f300cbec1f56da4691882bc7dbe52593dc597fc62f6ae925c0f6ac72f1c6b,True,FORBIDDEN,0901433cbfe906073eae45118a1466e03afab04a766a3061a988ffe089ba4e01,9548a24a4faf5db17b5251df407b4402de033ae8648ec321c850fe6105002cf1,8128818d8ea8f5c3517d04da28955f010269df61e756429957a0a032386f6c51
fixture-bank-02:3:7,fixture-scene-02,source-a,fixture-bank-02,3,7,empty,0.20197976724115763,3.0665266519223535,-1.6710526315789473,2.328947368421053,2.013025972629287,csi-pairs-v6-software-fixture,ded1ec639ff3e6fd5eba769d42db1ed36222a48af333a30a670254b30b164b74,620f300cbec1f56da4691882bc7dbe52593dc597fc62f6ae925c0f6ac72f1c6b,True,FORBIDDEN,0901433cbfe906073eae45118a1466e03afab04a766a3061a988ffe089ba4e01,9548a24a4faf5db17b5251df407b4402de033ae8648ec321c850fe6105002cf1,8128818d8ea8f5c3517d04da28955f010269df61e756429957a0a032386f6c51
fixture-bank-03:0:0,fixture-scene-03,source-b,fixture-bank-03,0,0,correct,1.26106350450897,2.6928870479559452,-2.6447368421052633,-1.6447368421052633,5.836973304653842,csi-pairs-v6-software-fixture,ded1ec639ff3e6fd5eba769d42db1ed36222a48af333a30a670254b30b164b74,620f300cbec1f56da4691882bc7dbe52593dc597fc62f6ae925c0f6ac72f1c6b,True,FORBIDDEN,0901433cbfe906073eae45118a1466e03afab04a766a3061a988ffe089ba4e01,9548a24a4faf5db17b5251df407b4402de033ae8648ec321c850fe6105002cf1,8128818d8ea8f5c3517d04da28955f010269df61e756429957a0a032386f6c51
fixture-bank-03:0:0,fixture-scene-03,source-b,fixture-bank-03,0,0,paired_active_alternative,0.7387090803073586,2.091077094875584,-2.6447368421052633,-1.6447368421052633,5.040239288132155,csi-pairs-v6-software-fixture,ded1ec639ff3e6fd5eba769d42db1ed36222a48af333a30a670254b30b164b74,620f300cbec1f56da4691882bc7dbe52593dc597fc62f6ae925c0f6ac72f1c6b,True,FORBIDDEN,0901433cbfe906073eae45118a1466e03afab04a766a3061a988ffe089ba4e01,9548a24a4faf5db17b5251df407b4402de033ae8648ec321c850fe6105002cf1,8128818d8ea8f5c3517d04da28955f010269df61e756429957a0a032386f6c51
fixture-bank-03:0:0,fixture-scene-03,source-b,fixture-bank-03,0,0,paired_null_alternative,1.0113018074707956,2.7949565227022073,-2.6447368421052633,-1.6447368421052633,5.751303833106839,csi-pairs-v6-software-fixture,ded1ec639ff3e6fd5eba769d42db1ed36222a48af333a30a670254b30b164b74,620f300cbec1f56da4691882bc7dbe52593dc597fc62f6ae925c0f6ac72f1c6b,True,FORBIDDEN,0901433cbfe906073eae45118a1466e03afab04a766a3061a988ffe089ba4e01,9548a24a4faf5db17b5251df407b4402de033ae8648ec321c850fe6105002cf1,8128818d8ea8f5c3517d04da28955f010269df61e756429957a0a032386f6c51
fixture-bank-03:0:0,fixture-scene-03,source-b,fixture-bank-03,0,0,wrong_city,1.26106350450897,2.6928870479559452,-2.6447368421052633,-1.6447368421052633,5.836973304653842,csi-pairs-v6-software-fixture,ded1ec639ff3e6fd5eba769d42db1ed36222a48af333a30a670254b30b164b74,620f300cbec1f56da4691882bc7dbe52593dc597fc62f6ae925c0f6ac72f1c6b,True,FORBIDDEN,0901433cbfe906073eae45118a1466e03afab04a766a3061a988ffe089ba4e01,9548a24a4faf5db17b5251df407b4402de033ae8648ec321c850fe6105002cf1,8128818d8ea8f5c3517d04da28955f010269df61e756429957a0a032386f6c51
fixture-bank-03:0:0,fixture-scene-03,source-b,fixture-bank-03,0,0,geometry_destroyed,0.44083299833355544,1.6435045959211032,-2.6447368421052633,-1.6447368421052633,4.509243062308722,csi-pairs-v6-software-fixture,ded1ec639ff3e6fd5eba769d42db1ed36222a48af333a30a670254b30b164b74,620f300cbec1f56da4691882bc7dbe52593dc597fc62f6ae925c0f6ac72f1c6b,True,FORBIDDEN,0901433cbfe906073eae45118a1466e03afab04a766a3061a988ffe089ba4e01,9548a24a4faf5db17b5251df407b4402de033ae8648ec321c850fe6105002cf1,8128818d8ea8f5c3517d04da28955f010269df61e756429957a0a032386f6c51
fixture-bank-03:0:0,fixture-scene-03,source-b,fixture-bank-03,0,0,empty,0.7998027783170454,2.080890608510545,-2.6447368421052633,-1.6447368421052633,5.0739681805704215,csi-pairs-v6-software-fixture,ded1ec639ff3e6fd5eba769d42db1ed36222a48af333a30a670254b30b164b74,620f300cbec1f56da4691882bc7dbe52593dc597fc62f6ae925c0f6ac72f1c6b,True,FORBIDDEN,0901433cbfe906073eae45118a1466e03afab04a766a3061a988ffe089ba4e01,9548a24a4faf5db17b5251df407b4402de033ae8648ec321c850fe6105002cf1,8128818d8ea8f5c3517d04da28955f010269df61e756429957a0a032386f6c51
fixture-bank-03:0:1,fixture-scene-03,source-b,fixture-bank-03,0,1,correct,-0.5666359594561076,0.7665369596693299,-2.6447368421052633,-2.6447368421052633,3.994407619302377,csi-pairs-v6-software-fixture,ded1ec639ff3e6fd5eba769d42db1ed36222a48af333a30a670254b30b164b74,620f300cbec1f56da4691882bc7dbe52593dc597fc62f6ae925c0f6ac72f1c6b,True,FORBIDDEN,0901433cbfe906073eae45118a1466e03afab04a766a3061a988ffe089ba4e01,9548a24a4faf5db17b5251df407b4402de033ae8648ec321c850fe6105002cf1,8128818d8ea8f5c3517d04da28955f010269df61e756429957a0a032386f6c51
fixture-bank-03:0:1,fixture-scene-03,source-b,fixture-bank-03,0,1,paired_active_alternative,-1.0889903836577195,0.16472700658896566,-2.6447368421052633,-2.6447368421052633,3.2114535899015983,csi-pairs-v6-software-fixture,ded1ec639ff3e6fd5eba769d42db1ed36222a48af333a30a670254b30b164b74,620f300cbec1f56da4691882bc7dbe52593dc597fc62f6ae925c0f6ac72f1c6b,True,FORBIDDEN,0901433cbfe906073eae45118a1466e03afab04a766a3061a988ffe089ba4e01,9548a24a4faf5db17b5251df407b4402de033ae8648ec321c850fe6105002cf1,8128818d8ea8f5c3517d04da28955f010269df61e756429957a0a032386f6c51
fixture-bank-03:0:1,fixture-scene-03,source-b,fixture-bank-03,0,1,paired_null_alternative,-0.8163976564942833,0.8686064344155896,-2.6447368421052633,-2.6447368421052633,3.9606066651858907,csi-pairs-v6-software-fixture,ded1ec639ff3e6fd5eba769d42db1ed36222a48af333a30a670254b30b164b74,620f300cbec1f56da4691882bc7dbe52593dc597fc62f6ae925c0f6ac72f1c6b,True,FORBIDDEN,0901433cbfe906073eae45118a1466e03afab04a766a3061a988ffe089ba4e01,9548a24a4faf5db17b5251df407b4402de033ae8648ec321c850fe6105002cf1,8128818d8ea8f5c3517d04da28955f010269df61e756429957a0a032386f6c51
fixture-bank-03:0:1,fixture-scene-03,source-b,fixture-bank-03,0,1,wrong_city,-0.5666359594561076,0.7665369596693299,-2.6447368421052633,-2.6447368421052633,3.994407619302377,csi-pairs-v6-software-fixture,ded1ec639ff3e6fd5eba769d42db1ed36222a48af333a30a670254b30b164b74,620f300cbec1f56da4691882bc7dbe52593dc597fc62f6ae925c0f6ac72f1c6b,True,FORBIDDEN,0901433cbfe906073eae45118a1466e03afab04a766a3061a988ffe089ba4e01,9548a24a4faf5db17b5251df407b4402de033ae8648ec321c850fe6105002cf1,8128818d8ea8f5c3517d04da28955f010269df61e756429957a0a032386f6c51
fixture-bank-03:0:1,fixture-scene-03,source-b,fixture-bank-03,0,1,geometry_destroyed,-1.1901554185715983,0.034328353185644575,-2.6447368421052633,-2.6447368421052633,3.048474608440807,csi-pairs-v6-software-fixture,ded1ec639ff3e6fd5eba769d42db1ed36222a48af333a30a670254b30b164b74,620f300cbec1f56da4691882bc7dbe52593dc597fc62f6ae925c0f6ac72f1c6b,True,FORBIDDEN,0901433cbfe906073eae45118a1466e03afab04a766a3061a988ffe089ba4e01,9548a24a4faf5db17b5251df407b4402de033ae8648ec321c850fe6105002cf1,8128818d8ea8f5c3517d04da28955f010269df61e756429957a0a032386f6c51
fixture-bank-03:0:1,fixture-scene-03,source-b,fixture-bank-03,0,1,empty,-1.027896685648033,0.15454052022392784,-2.6447368421052633,-2.6447368421052633,3.2326654393520706,csi-pairs-v6-software-fixture,ded1ec639ff3e6fd5eba769d42db1ed36222a48af333a30a670254b30b164b74,620f300cbec1f56da4691882bc7dbe52593dc597fc62f6ae925c0f6ac72f1c6b,True,FORBIDDEN,0901433cbfe906073eae45118a1466e03afab04a766a3061a988ffe089ba4e01,9548a24a4faf5db17b5251df407b4402de033ae8648ec321c850fe6105002cf1,8128818d8ea8f5c3517d04da28955f010269df61e756429957a0a032386f6c51
fixture-bank-03:0:3,fixture-scene-03,source-b,fixture-bank-03,0,3,correct,-0.3393706731523506,-1.7098064964997417,-0.6447368421052633,1.3552631578947372,3.080243575341221,csi-pairs-v6-software-fixture,ded1ec639ff3e6fd5eba769d42db1ed36222a48af333a30a670254b30b164b74,620f300cbec1f56da4691882bc7dbe52593dc597fc62f6ae925c0f6ac72f1c6b,True,FORBIDDEN,0901433cbfe906073eae45118a1466e03afab04a766a3061a988ffe089ba4e01,9548a24a4faf5db17b5251df407b4402de033ae8648ec321c850fe6105002cf1,8128818d8ea8f5c3517d04da28955f010269df61e756429957a0a032386f6c51
fixture-bank-03:0:3,fixture-scene-03,source-b,fixture-bank-03,0,3,paired_active_alternative,-0.5891323701905252,-1.6077370217534808,-0.6447368421052633,1.3552631578947372,2.9635218780856487,csi-pairs-v6-software-fixture,ded1ec639ff3e6fd5eba769d42db1ed36222a48af333a30a670254b30b164b74,620f300cbec1f56da4691882bc7dbe52593dc597fc62f6ae925c0f6ac72f1c6b,True,FORBIDDEN,0901433cbfe906073eae45118a1466e03afab04a766a3061a988ffe089ba4e01,9548a24a4faf5db17b5251df407b4402de033ae8648ec321c850fe6105002cf1,8128818d8ea8f5c3517d04da28955f010269df61e756429957a0a032386f6c51
fixture-bank-03:0:3,fixture-scene-03,source-b,fixture-bank-03,0,3,paired_null_alternative,-0.8617250973539629,-2.311616449580105,-0.6447368421052633,1.3552631578947372,3.673294156289519,csi-pairs-v6-software-fixture,ded1ec639ff3e6fd5eba769d42db1ed36222a48af333a30a670254b30b164b74,620f300cbec1f56da4691882bc7dbe52593dc597fc62f6ae925c0f6ac72f1c6b,True,FORBIDDEN,0901433cbfe906073eae45118a1466e03afab04a766a3061a988ffe089ba4e01,9548a24a4faf5db17b5251df407b4402de033ae8648ec321c850fe6105002cf1,8128818d8ea8f5c3517d04da28955f010269df61e756429957a0a032386f6c51
fixture-bank-03:0:3,fixture-scene-03,source-b,fixture-bank-03,0,3,wrong_city,-0.3393706731523506,-1.7098064964997417,-0.6447368421052633,1.3552631578947372,3.080243575341221,csi-pairs-v6-software-fixture,ded1ec639ff3e6fd5eba769d42db1ed36222a48af333a30a670254b30b164b74,620f300cbec1f56da4691882bc7dbe52593dc597fc62f6ae925c0f6ac72f1c6b,True,FORBIDDEN,0901433cbfe906073eae45118a1466e03afab04a766a3061a988ffe089ba4e01,9548a24a4faf5db17b5251df407b4402de033ae8648ec321c850fe6105002cf1,8128818d8ea8f5c3517d04da28955f010269df61e756429957a0a032386f6c51
fixture-bank-03:0:3,fixture-scene-03,source-b,fixture-bank-03,0,3,geometry_destroyed,-1.40804637692516,-2.7975016410454696,-0.6447368421052633,1.3552631578947372,4.222333113488781,csi-pairs-v6-software-fixture,ded1ec639ff3e6fd5eba769d42db1ed36222a48af333a30a670254b30b164b74,620f300cbec1f56da4691882bc7dbe52593dc597fc62f6ae925c0f6ac72f1c6b,True,FORBIDDEN,0901433cbfe906073eae45118a1466e03afab04a766a3061a988ffe089ba4e01,9548a24a4faf5db17b5251df407b4402de033ae8648ec321c850fe6105002cf1,8128818d8ea8f5c3517d04da28955f010269df61e756429957a0a032386f6c51
fixture-bank-03:0:3,fixture-scene-03,source-b,fixture-bank-03,0,3,empty,-0.8006313993442753,-2.321802935945142,-0.6447368421052633,1.3552631578947372,3.680369298242177,csi-pairs-v6-software-fixture,ded1ec639ff3e6fd5eba769d42db1ed36222a48af333a30a670254b30b164b74,620f300cbec1f56da4691882bc7dbe52593dc597fc62f6ae925c0f6ac72f1c6b,True,FORBIDDEN,0901433cbfe906073eae45118a1466e03afab04a766a3061a988ffe089ba4e01,9548a24a4faf5db17b5251df407b4402de033ae8648ec321c850fe6105002cf1,8128818d8ea8f5c3517d04da28955f010269df61e756429957a0a032386f6c51
fixture-bank-03:0:4,fixture-scene-03,source-b,fixture-bank-03,0,4,correct,-2.7450823805548707,-0.9044401267293825,-2.6447368421052633,-0.6447368421052633,0.27841519917435886,csi-pairs-v6-software-fixture,ded1ec639ff3e6fd5eba769d42db1ed36222a48af333a30a670254b30b164b74,620f300cbec1f56da4691882bc7dbe52593dc597fc62f6ae925c0f6ac72f1c6b,True,FORBIDDEN,0901433cbfe906073eae45118a1466e03afab04a766a3061a988ffe089ba4e01,9548a24a4faf5db17b5251df407b4402de033ae8648ec321c850fe6105002cf1,8128818d8ea8f5c3517d04da28955f010269df61e756429957a0a032386f6c51
fixture-bank-03:0:4,fixture-scene-03,source-b,fixture-bank-03,0,4,paired_active_alternative,-3.267436804756481,-1.506250079809747,-2.6447368421052633,-0.6447368421052633,1.0629959088472025,csi-pairs-v6-software-fixture,ded1ec639ff3e6fd5eba769d42db1ed36222a48af333a30a670254b30b164b74,620f300cbec1f56da4691882bc7dbe52593dc597fc62f6ae925c0f6ac72f1c6b,True,FORBIDDEN,0901433cbfe906073eae45118a1466e03afab04a766a3061a988ffe089ba4e01,9548a24a4faf5db17b5251df407b4402de033ae8648ec321c850fe6105002cf1,8128818d8ea8f5c3517d04da28955f010269df61e756429957a0a032386f6c51
fixture-bank-03:0:4,fixture-scene-03,source-b,fixture-bank-03,0,4,paired_null_alternative,-2.9948440775930463,-0.8023706519831237,-2.6447368421052633,-0.6447368421052633,0.38395767261184843,csi-pairs-v6-software-fixture,ded1ec639ff3e6fd5eba769d42db1ed36222a48af333a30a670254b30b164b74,620f300cbec1f56da4691882bc7dbe52593dc597fc62f6ae925c0f6ac72f1c6b,True,FORBIDDEN,0901433cbfe906073eae45118a1466e03afab04a766a3061a988ffe089ba4e01,9548a24a4faf5db17b5251df407b4402de033ae8648ec321c850fe6105002cf1,8128818d8ea8f5c3517d04da28955f010269df61e756429957a0a032386f6c51
fixture-bank-03:0:4,fixture-scene-03,source-b,fixture-bank-03,0,4,wrong_city,-2.7450823805548707,-0.9044401267293825,-2.6447368421052633,-0.6447368421052633,0.27841519917435886,csi-pairs-v6-software-fixture,ded1ec639ff3e6fd5eba769d42db1ed36222a48af333a30a670254b30b164b74,620f300cbec1f56da4691882bc7dbe52593dc597fc62f6ae925c0f6ac72f1c6b,True,FORBIDDEN,0901433cbfe906073eae45118a1466e03afab04a766a3061a988ffe089ba4e01,9548a24a4faf5db17b5251df407b4402de033ae8648ec321c850fe6105002cf1,8128818d8ea8f5c3517d04da28955f010269df61e756429957a0a032386f6c51
fixture-bank-03:0:4,fixture-scene-03,source-b,fixture-bank-03,0,4,geometry_destroyed,-4.144551646948282,-2.4541992175012144,-2.6447368421052633,-0.6447368421052633,2.350233719611703,csi-pairs-v6-software-fixture,ded1ec639ff3e6fd5eba769d42db1ed36222a48af333a30a670254b30b164b74,620f300cbec1f56da4691882bc7dbe52593dc597fc62f6ae925c0f6ac72f1c6b,True,FORBIDDEN,0901433cbfe906073eae45118a1466e03afab04a766a3061a988ffe089ba4e01,9548a24a4faf5db17b5251df407b4402de033ae8648ec321c850fe6105002cf1,8128818d8ea8f5c3517d04da28955f010269df61e756429957a0a032386f6c51
fixture-bank-03:0:4,fixture-scene-03,source-b,fixture-bank-03,0,4,empty,-3.206343106746794,-1.5164365661747845,-2.6447368421052633,-0.6447368421052633,1.0369484102053934,csi-pairs-v6-software-fixture,ded1ec639ff3e6fd5eba769d42db1ed36222a48af333a30a670254b30b164b74,620f300cbec1f56da4691882bc7dbe52593dc597fc62f6ae925c0f6ac72f1c6b,True,FORBIDDEN,0901433cbfe906073eae45118a1466e03afab04a766a3061a988ffe089ba4e01,9548a24a4faf5db17b5251df407b4402de033ae8648ec321c850fe6105002cf1,8128818d8ea8f5c3517d04da28955f010269df61e756429957a0a032386f6c51
fixture-bank-03:0:7,fixture-scene-03,source-b,fixture-bank-03,0,7,correct,-3.8291682772308273,1.6536790358994258,2.355263157894737,-0.6447368421052633,6.597719888266954,csi-pairs-v6-software-fixture,ded1ec639ff3e6fd5eba769d42db1ed36222a48af333a30a670254b30b164b74,620f300cbec1f56da4691882bc7dbe52593dc597fc62f6ae925c0f6ac72f1c6b,True,FORBIDDEN,0901433cbfe906073eae45118a1466e03afab04a766a3061a988ffe089ba4e01,9548a24a4faf5db17b5251df407b4402de033ae8648ec321c850fe6105002cf1,8128818d8ea8f5c3517d04da28955f010269df61e756429957a0a032386f6c51
fixture-bank-03:0:7,fixture-scene-03,source-b,fixture-bank-03,0,7,paired_active_alternative,-4.078929974268998,1.7557485106456847,2.355263157894737,-0.6447368421052633,6.867399157669141,csi-pairs-v6-software-fixture,ded1ec639ff3e6fd5eba769d42db1ed36222a48af333a30a670254b30b164b74,620f300cbec1f56da4691882bc7dbe52593dc597fc62f6ae925c0f6ac72f1c6b,True,FORBIDDEN,0901433cbfe906073eae45118a1466e03afab04a766a3061a988ffe089ba4e01,9548a24a4faf5db17b5251df407b4402de033ae8648ec321c850fe6105002cf1,8128818d8ea8f5c3517d04da28955f010269df61e756429957a0a032386f6c51
fixture-bank-03:0:7,fixture-scene-03,source-b,fixture-bank-03,0,7,paired_null_alternative,-4.351522701432437,1.0518690828190607,2.355263157894737,-0.6447368421052633,6.918052343496633,csi-pairs-v6-software-fixture,ded1ec639ff3e6fd5eba769d42db1ed36222a48af333a30a670254b30b164b74,620f300cbec1f56da4691882bc7dbe52593dc597fc62f6ae925c0f6ac72f1c6b,True,FORBIDDEN,0901433cbfe906073eae45118a1466e03afab04a766a3061a988ffe089ba4e01,9548a24a4faf5db17b5251df407b4402de033ae8648ec321c850fe6105002cf1,8128818d8ea8f5c3517d04da28955f010269df61e756429957a0a032386f6c51
fixture-bank-03:0:7,fixture-scene-03,source-b,fixture-bank-03,0,7,wrong_city,-3.8291682772308273,1.6536790358994258,2.355263157894737,-0.6447368421052633,6.597719888266954,csi-pairs-v6-software-fixture,ded1ec639ff3e6fd5eba769d42db1ed36222a48af333a30a670254b30b164b74,620f300cbec1f56da4691882bc7dbe52593dc597fc62f6ae925c0f6ac72f1c6b,True,FORBIDDEN,0901433cbfe906073eae45118a1466e03afab04a766a3061a988ffe089ba4e01,9548a24a4faf5db17b5251df407b4402de033ae8648ec321c850fe6105002cf1,8128818d8ea8f5c3517d04da28955f010269df61e756429957a0a032386f6c51
fixture-bank-03:0:7,fixture-scene-03,source-b,fixture-bank-03,0,7,geometry_destroyed,-4.535722623430794,0.9521529943688236,2.355263157894737,-0.6447368421052633,7.073594714730614,csi-pairs-v6-software-fixture,ded1ec639ff3e6fd5eba769d42db1ed36222a48af333a30a670254b30b164b74,620f300cbec1f56da4691882bc7dbe52593dc597fc62f6ae925c0f6ac72f1c6b,True,FORBIDDEN,0901433cbfe906073eae45118a1466e03afab04a766a3061a988ffe089ba4e01,9548a24a4faf5db17b5251df407b4402de033ae8648ec321c850fe6105002cf1,8128818d8ea8f5c3517d04da28955f010269df61e756429957a0a032386f6c51
fixture-bank-03:0:7,fixture-scene-03,source-b,fixture-bank-03,0,7,empty,-4.290429003422747,1.041682596454023,2.355263157894737,-0.6447368421052633,6.85632808620965,csi-pairs-v6-software-fixture,ded1ec639ff3e6fd5eba769d42db1ed36222a48af333a30a670254b30b164b74,620f300cbec1f56da4691882bc7dbe52593dc597fc62f6ae925c0f6ac72f1c6b,True,FORBIDDEN,0901433cbfe906073eae45118a1466e03afab04a766a3061a988ffe089ba4e01,9548a24a4faf5db17b5251df407b4402de033ae8648ec321c850fe6105002cf1,8128818d8ea8f5c3517d04da28955f010269df61e756429957a0a032386f6c51
fixture-bank-03:1:0,fixture-scene-03,source-b,fixture-bank-03,1,0,correct,0.5236723801024161,4.097830516526045,-2.6447368421052633,-1.6447368421052633,6.558650537098957,csi-pairs-v6-software-fixture,ded1ec639ff3e6fd5eba769d42db1ed36222a48af333a30a670254b30b164b74,620f300cbec1f56da4691882bc7dbe52593dc597fc62f6ae925c0f6ac72f1c6b,True,FORBIDDEN,0901433cbfe906073eae45118a1466e03afab04a766a3061a988ffe089ba4e01,9548a24a4faf5db17b5251df407b4402de033ae8648ec321c850fe6105002cf1,8128818d8ea8f5c3517d04da28955f010269df61e756429957a0a032386f6c51
fixture-bank-03:1:0,fixture-scene-03,source-b,fixture-bank-03,1,0,paired_active_alternative,1.0460268043040277,4.699640469606408,-2.6447368421052633,-1.6447368421052633,7.339813333254343,csi-pairs-v6-software-fixture,ded1ec639ff3e6fd5eba769d42db1ed36222a48af333a30a670254b30b164b74,620f300cbec1f56da4691882bc7dbe52593dc597fc62f6ae925c0f6ac72f1c6b,True,FORBIDDEN,0901433cbfe906073eae45118a1466e03afab04a766a3061a988ffe089ba4e01,9548a24a4faf5db17b5251df407b4402de033ae8648ec321c850fe6105002cf1,8128818d8ea8f5c3517d04da28955f010269df61e756429957a0a032386f6c51
fixture-bank-03:1:0,fixture-scene-03,source-b,fixture-bank-03,1,0,paired_null_alternative,0.539541237115177,4.490535082372689,-2.6447368421052633,-1.6447368421052633,6.912393830873007,csi-pairs-v6-software-fixture,ded1ec639ff3e6fd5eba769d42db1ed36222a48af333a30a670254b30b164b74,620f300cbec1f56da4691882bc7dbe52593dc597fc62f6ae925c0f6ac72f1c6b,True,FORBIDDEN,0901433cbfe906073eae45118a1466e03afab04a766a3061a988ffe089ba4e01,9548a24a4faf5db17b5251df407b4402de033ae8648ec321c850fe6105002cf1,8128818d8ea8f5c3517d04da28955f010269df61e756429957a0a032386f6c51
fixture-bank-03:1:0,fixture-scene-03,source-b,fixture-bank-03,1,0,wrong_city,1.0460268043040277,4.699640469606408,-2.6447368421052633,-1.6447368421052633,7.339813333254343,csi-pairs-v6-software-fixture,ded1ec639ff3e6fd5eba769d42db1ed36222a48af333a30a670254b30b164b74,620f300cbec1f56da4691882bc7dbe52593dc597fc62f6ae925c0f6ac72f1c6b,True,FORBIDDEN,0901433cbfe906073eae45118a1466e03afab04a766a3061a988ffe089ba4e01,9548a24a4faf5db17b5251df407b4402de033ae8648ec321c850fe6105002cf1,8128818d8ea8f5c3517d04da28955f010269df61e756429957a0a032386f6c51
fixture-bank-03:1:0,fixture-scene-03,source-b,fixture-bank-03,1,0,geometry_destroyed,0.016632078480508843,3.468473711690452,-2.6447368421052633,-1.6447368421052633,5.764356572845556,csi-pairs-v6-software-fixture,ded1ec639ff3e6fd5eba769d42db1ed36222a48af333a30a670254b30b164b74,620f300cbec1f56da4691882bc7dbe52593dc597fc62f6ae925c0f6ac72f1c6b,True,FORBIDDEN,0901433cbfe906073eae45118a1466e03afab04a766a3061a988ffe089ba4e01,9548a24a4faf5db17b5251df407b4402de033ae8648ec321c850fe6105002cf1,8128818d8ea8f5c3517d04da28955f010269df61e756429957a0a032386f6c51
fixture-bank-03:1:0,fixture-scene-03,source-b,fixture-bank-03,1,0,empty,0.5847660781121031,4.087644030161009,-2.6447368421052633,-1.6447368421052633,6.579504508427418,csi-pairs-v6-software-fixture,ded1ec639ff3e6fd5eba769d42db1ed36222a48af333a30a670254b30b164b74,620f300cbec1f56da4691882bc7dbe52593dc597fc62f6ae925c0f6ac72f1c6b,True,FORBIDDEN,0901433cbfe906073eae45118a1466e03afab04a766a3061a988ffe089ba4e01,9548a24a4faf5db17b5251df407b4402de033ae8648ec321c850fe6105002cf1,8128818d8ea8f5c3517d04da28955f010269df61e756429957a0a032386f6c51
fixture-bank-03:1:1,fixture-scene-03,source-b,fixture-bank-03,1,1,correct,-1.4747068726280277,-0.5892142054366051,-2.6447368421052633,-2.6447368421052633,2.3651941652499002,csi-pairs-v6-software-fixture,ded1ec639ff3e6fd5eba769d42db1ed36222a48af333a30a670254b30b164b74,620f300cbec1f56da4691882bc7dbe52593dc597fc62f6ae925c0f6ac72f1c6b,True,FORBIDDEN,0901433cbfe906073eae45118a1466e03afab04a766a3061a988ffe089ba4e01,9548a24a4faf5db17b5251df407b4402de033ae8648ec321c850fe6105002cf1,8128818d8ea8f5c3517d04da28955f010269df61e756429957a0a032386f6c51
fixture-bank-03:1:1,fixture-scene-03,source-b,fixture-bank-03,1,1,paired_active_alternative,-0.9523524484264155,0.012595747643758847,-2.6447368421052633,-2.6447368421052633,3.1504890776687304,csi-pairs-v6-software-fixture,ded1ec639ff3e6fd5eba769d42db1ed36222a48af333a30a670254b30b164b74,620f300cbec1f56da4691882bc7dbe52593dc597fc62f6ae925c0f6ac72f1c6b,True,FORBIDDEN,0901433cbfe906073eae45118a1466e03afab04a766a3061a988ffe089ba4e01,9548a24a4faf5db17b5251df407b4402de033ae8648ec321c850fe6105002cf1,8128818d8ea8f5c3517d04da28955f010269df61e756429957a0a032386f6c51
fixture-bank-03:1:1,fixture-scene-03,source-b,fixture-bank-03,1,1,paired_null_alternative,-1.458838015615267,-0.19650963958996118,-2.6447368421052633,-2.6447368421052633,2.720325800672826,csi-pairs-v6-software-fixture,ded1ec639ff3e6fd5eba769d42db1ed36222a48af333a30a670254b30b164b74,620f300cbec1f56da4691882bc7dbe52593dc597fc62f6ae925c0f6ac72f1c6b,True,FORBIDDEN,0901433cbfe906073eae45118a1466e03afab04a766a3061a988ffe089ba4e01,9548a24a4faf5db17b5251df407b4402de033ae8648ec321c850fe6105002cf1,8128818d8ea8f5c3517d04da28955f010269df61e756429957a0a032386f6c51
fixture-bank-03:1:1,fixture-scene-03,source-b,fixture-bank-03,1,1,wrong_city,-0.9523524484264155,0.012595747643758847,-2.6447368421052633,-2.6447368421052633,3.1504890776687304,csi-pairs-v6-software-fixture,ded1ec639ff3e6fd5eba769d42db1ed36222a48af333a30a670254b30b164b74,620f300cbec1f56da4691882bc7dbe52593dc597fc62f6ae925c0f6ac72f1c6b,True,FORBIDDEN,0901433cbfe906073eae45118a1466e03afab04a766a3061a988ffe089ba4e01,9548a24a4faf5db17b5251df407b4402de033ae8648ec321c850fe6105002cf1,8128818d8ea8f5c3517d04da28955f010269df61e756429957a0a032386f6c51
fixture-bank-03:1:1,fixture-scene-03,source-b,fixture-bank-03,1,1,geometry_destroyed,-2.269299305843713,-1.4325387223371602,-2.6447368421052633,-2.6447368421052633,1.2690065504966739,csi-pairs-v6-software-fixture,ded1ec639ff3e6fd5eba769d42db1ed36222a48af333a30a670254b30b164b74,620f300cbec1f56da4691882bc7dbe52593dc597fc62f6ae925c0f6ac72f1c6b,True,FORBIDDEN,0901433cbfe906073eae45118a1466e03afab04a766a3061a988ffe089ba4e01,9548a24a4faf5db17b5251df407b4402de033ae8648ec321c850fe6105002cf1,8128818d8ea8f5c3517d04da28955f010269df61e756429957a0a032386f6c51
fixture-bank-03:1:1,fixture-scene-03,source-b,fixture-bank-03,1,1,empty,-1.4136131746183433,-0.5994006918016433,-2.6447368421052633,-2.6447368421052633,2.3872715497792196,csi-pairs-v6-software-fixture,ded1ec639ff3e6fd5eba769d42db1ed36222a48af333a30a670254b30b164b74,620f300cbec1f56da4691882bc7dbe52593dc597fc62f6ae925c0f6ac72f1c6b,True,FORBIDDEN,0901433cbfe906073eae45118a1466e03afab04a766a3061a988ffe089ba4e01,9548a24a4faf5db17b5251df407b4402de033ae8648ec321c850fe6105002cf1,8128818d8ea8f5c3517d04da28955f010269df61e756429957a0a032386f6c51
fixture-bank-03:1:3,fixture-scene-03,source-b,fixture-bank-03,1,3,correct,-0.8616547545607233,-2.3120238651060827,-0.6447368421052633,1.3552631578947372,3.6736967062911234,csi-pairs-v6-software-fixture,ded1ec639ff3e6fd5eba769d42db1ed36222a48af333a30a670254b30b164b74,620f300cbec1f56da4691882bc7dbe52593dc597fc62f6ae925c0f6ac72f1c6b,True,FORBIDDEN,0901433cbfe906073eae45118a1466e03afab04a766a3061a988ffe089ba4e01,9548a24a4faf5db17b5251df407b4402de033ae8648ec321c850fe6105002cf1,8128818d8ea8f5c3517d04da28955f010269df61e756429957a0a032386f6c51
fixture-bank-03:1:3,fixture-scene-03,source-b,fixture-bank-03,1,3,paired_active_alternative,-0.845785897547963,-1.9193192992594388,-0.6447368421052633,1.3552631578947372,3.2807485413235016,csi-pairs-v6-software-fixture,ded1ec639ff3e6fd5eba769d42db1ed36222a48af333a30a670254b30b164b74,620f300cbec1f56da4691882bc7dbe52593dc597fc62f6ae925c0f6ac72f1c6b,True,FORBIDDEN,0901433cbfe906073eae45118a1466e03afab04a766a3061a988ffe089ba4e01,9548a24a4faf5db17b5251df407b4402de033ae8648ec321c850fe6105002cf1,8128818d8ea8f5c3517d04da28955f010269df61e756429957a0a032386f6c51
fixture-bank-03:1:3,fixture-scene-03,source-b,fixture-bank-03,1,3,paired_null_alternative,-0.339300330359111,-1.7102139120257194,-0.6447368421052633,1.3552631578947372,3.080655957570687,csi-pairs-v6-software-fixture,ded1ec639ff3e6fd5eba769d42db1ed36222a48af333a30a670254b30b164b74,620f300cbec1f56da4691882bc7dbe52593dc597fc62f6ae925c0f6ac72f1c6b,True,FORBIDDEN,0901433cbfe906073eae45118a1466e03afab04a766a3061a988ffe089ba4e01,9548a24a4faf5db17b5251df407b4402de033ae8648ec321c850fe6105002cf1,8128818d8ea8f5c3517d04da28955f010269df61e756429957a0a032386f6c51
fixture-bank-03:1:3,fixture-scene-03,source-b,fixture-bank-03,1,3,wrong_city,-0.339300330359111,-1.7102139120257194,-0.6447368421052633,1.3552631578947372,3.080655957570687,csi-pairs-v6-software-fixture,ded1ec639ff3e6fd5eba769d42db1ed36222a48af333a30a670254b30b164b74,620f300cbec1f56da4691882bc7dbe52593dc597fc62f6ae925c0f6ac72f1c6b,True,FORBIDDEN,0901433cbfe906073eae45118a1466e03afab04a766a3061a988ffe089ba4e01,9548a24a4faf5db17b5251df407b4402de033ae8648ec321c850fe6105002cf1,8128818d8ea8f5c3517d04da28955f010269df61e756429957a0a032386f6c51
fixture-bank-03:1:3,fixture-scene-03,source-b,fixture-bank-03,1,3,geometry_destroyed,-2.0240436393413583,-3.3841634293362426,-0.6447368421052633,1.3552631578947372,4.93605628175506,csi-pairs-v6-software-fixture,ded1ec639ff3e6fd5eba769d42db1ed36222a48af333a30a670254b30b164b74,620f300cbec1f56da4691882bc7dbe52593dc597fc62f6ae925c0f6ac72f1c6b,True,FORBIDDEN,0901433cbfe906073eae45118a1466e03afab04a766a3061a988ffe089ba4e01,9548a24a4faf5db17b5251df407b4402de033ae8648ec321c850fe6105002cf1,8128818d8ea8f5c3517d04da28955f010269df61e756429957a0a032386f6c51
fixture-bank-03:1:3,fixture-scene-03,source-b,fixture-bank-03,1,3,empty,-0.8005610565510357,-2.3222103514711203,-0.6447368421052633,1.3552631578947372,3.680773369537342,csi-pairs-v6-software-fixture,ded1ec639ff3e6fd5eba769d42db1ed36222a48af333a30a670254b30b164b74,620f300cbec1f56da4691882bc7dbe52593dc597fc62f6ae925c0f6ac72f1c6b,True,FORBIDDEN,0901433cbfe906073eae45118a1466e03afab04a766a3061a988ffe089ba4e01,9548a24a4faf5db17b5251df407b4402de033ae8648ec321c850fe6105002cf1,8128818d8ea8f5c3517d04da28955f010269df61e756429957a0a032386f6c51
fixture-bank-03:1:4,fixture-scene-03,source-b,fixture-bank-03,1,4,correct,-2.953486622056578,-1.6296706900935014,-2.6447368421052633,-0.6447368421052633,1.032192381067068,csi-pairs-v6-software-fixture,ded1ec639ff3e6fd5eba769d42db1ed36222a48af333a30a670254b30b164b74,620f300cbec1f56da4691882bc7dbe52593dc597fc62f6ae925c0f6ac72f1c6b,True,FORBIDDEN,0901433cbfe906073eae45118a1466e03afab04a766a3061a988ffe089ba4e01,9548a24a4faf5db17b5251df407b4402de033ae8648ec321c850fe6105002cf1,8128818d8ea8f5c3517d04da28955f010269df61e756429957a0a032386f6c51
fixture-bank-03:1:4,fixture-scene-03,source-b,fixture-bank-03,1,4,paired_active_alternative,-2.4311321978549674,-1.027860737013137,-2.6447368421052633,-0.6447368421052633,0.4386466264485285,csi-pairs-v6-software-fixture,ded1ec639ff3e6fd5eba769d42db1ed36222a48af333a30a670254b30b164b74,620f300cbec1f56da4691882bc7dbe52593dc597fc62f6ae925c0f6ac72f1c6b,True,FORBIDDEN,0901433cbfe906073eae45118a1466e03afab04a766a3061a988ffe089ba4e01,9548a24a4faf5db17b5251df407b4402de033ae8648ec321c850fe6105002cf1,8128818d8ea8f5c3517d04da28955f010269df61e756429957a0a032386f6c51
fixture-bank-03:1:4,fixture-scene-03,source-b,fixture-bank-03,1,4,paired_null_alternative,-2.937617765043819,-1.2369661242468581,-2.6447368421052633,-0.6447368421052633,0.6606926347760272,csi-pairs-v6-software-fixture,ded1ec639ff3e6fd5eba769d42db1ed36222a48af333a30a670254b30b164b74,620f300cbec1f56da4691882bc7dbe52593dc597fc62f6ae925c0f6ac72f1c6b,True,FORBIDDEN,0901433cbfe906073eae45118a1466e03afab04a766a3061a988ffe089ba4e01,9548a24a4faf5db17b5251df407b4402de033ae8648ec321c850fe6105002cf1,8128818d8ea8f5c3517d04da28955f010269df61e756429957a0a032386f6c51
fixture-bank-03:1:4,fixture-scene-03,source-b,fixture-bank-03,1,4,wrong_city,-2.4311321978549674,-1.027860737013137,-2.6447368421052633,-0.6447368421052633,0.4386466264485285,csi-pairs-v6-software-fixture,ded1ec639ff3e6fd5eba769d42db1ed36222a48af333a30a670254b30b164b74,620f300cbec1f56da4691882bc7dbe52593dc597fc62f6ae925c0f6ac72f1c6b,True,FORBIDDEN,0901433cbfe906073eae45118a1466e03afab04a766a3061a988ffe089ba4e01,9548a24a4faf5db17b5251df407b4402de033ae8648ec321c850fe6105002cf1,8128818d8ea8f5c3517d04da28955f010269df61e756429957a0a032386f6c51
fixture-bank-03:1:4,fixture-scene-03,source-b,fixture-bank-03,1,4,geometry_destroyed,-3.731901096056953,-2.4049307114497434,-2.6447368421052633,-0.6447368421052633,2.068866494665189,csi-pairs-v6-software-fixture,ded1ec639ff3e6fd5eba769d42db1ed36222a48af333a30a670254b30b164b74,620f300cbec1f56da4691882bc7dbe52593dc597fc62f6ae925c0f6ac72f1c6b,True,FORBIDDEN,0901433cbfe906073eae45118a1466e03afab04a766a3061a988ffe089ba4e01,9548a24a4faf5db17b5251df407b4402de033ae8648ec321c850fe6105002cf1,8128818d8ea8f5c3517d04da28955f010269df61e756429957a0a032386f6c51
fixture-bank-03:1:4,fixture-scene-03,source-b,fixture-bank-03,1,4,empty,-2.8923929240468933,-1.639857176458539,-2.6447368421052633,-0.6447368421052633,1.0254745315053195,csi-pairs-v6-software-fixture,ded1ec639ff3e6fd5eba769d42db1ed36222a48af333a30a670254b30b164b74,620f300cbec1f56da4691882bc7dbe52593dc597fc62f6ae925c0f6ac72f1c6b,True,FORBIDDEN,0901433cbfe906073eae45118a1466e03afab04a766a3061a988ffe089ba4e01,9548a24a4faf5db17b5251df407b4402de033ae8648ec321c850fe6105002cf1,8128818d8ea8f5c3517d04da28955f010269df61e756429957a0a032386f6c51
fixture-bank-03:1:7,fixture-scene-03,source-b,fixture-bank-03,1,7,correct,-4.351490095819119,1.051392691473884,2.355263157894737,-0.6447368421052633,6.91790391671356,csi-pairs-v6-software-fixture,ded1ec639ff3e6fd5eba769d42db1ed36222a48af333a30a670254b30b164b74,620f300cbec1f56da4691882bc7dbe52593dc597fc62f6ae925c0f6ac72f1c6b,True,FORBIDDEN,0901433cbfe906073eae45118a1466e03afab04a766a3061a988ffe089ba4e01,9548a24a4faf5db17b5251df407b4402de033ae8648ec321c850fe6105002cf1,8128818d8ea8f5c3517d04da28955f010269df61e756429957a0a032386f6c51
fixture-bank-03:1:7,fixture-scene-03,source-b,fixture-bank-03,1,7,paired_active_alternative,-4.335621238806359,1.444097257320528,2.355263157894737,-0.6447368421052633,7.009362446395689,csi-pairs-v6-software-fixture,ded1ec639ff3e6fd5eba769d42db1ed36222a48af333a30a670254b30b164b74,620f300cbec1f56da4691882bc7dbe52593dc597fc62f6ae925c0f6ac72f1c6b,True,FORBIDDEN,0901433cbfe906073eae45118a1466e03afab04a766a3061a988ffe089ba4e01,9548a24a4faf5db17b5251df407b4402de033ae8648ec321c850fe6105002cf1,8128818d8ea8f5c3517d04da28955f010269df61e756429957a0a032386f6c51
fixture-bank-03:1:7,fixture-scene-03,source-b,fixture-bank-03,1,7,paired_null_alternative,-3.8291356716175105,1.6532026445542491,2.355263157894737,-0.6447368421052633,6.5975233813016105,csi-pairs-v6-software-fixture,ded1ec639ff3e6fd5eba769d42db1ed36222a48af333a30a670254b30b164b74,620f300cbec1f56da4691882bc7dbe52593dc597fc62f6ae925c0f6ac72f1c6b,True,FORBIDDEN,0901433cbfe906073eae45118a1466e03afab04a766a3061a988ffe089ba4e01,9548a24a4faf5db17b5251df407b4402de033ae8648ec321c850fe6105002cf1,8128818d8ea8f5c3517d04da28955f010269df61e756429957a0a032386f6c51
fixture-bank-03:1:7,fixture-scene-03,source-b,fixture-bank-03,1,7,wrong_city,-3.8291356716175105,1.6532026445542491,2.355263157894737,-0.6447368421052633,6.5975233813016105,csi-pairs-v6-software-fixture,ded1ec639ff3e6fd5eba769d42db1ed36222a48af333a30a670254b30b164b74,620f300cbec1f56da4691882bc7dbe52593dc597fc62f6ae925c0f6ac72f1c6b,True,FORBIDDEN,0901433cbfe906073eae45118a1466e03afab04a766a3061a988ffe089ba4e01,9548a24a4faf5db17b5251df407b4402de033ae8648ec321c850fe6105002cf1,8128818d8ea8f5c3517d04da28955f010269df61e756429957a0a032386f6c51
fixture-bank-03:1:7,fixture-scene-03,source-b,fixture-bank-03,1,7,geometry_destroyed,-4.6738360760851,0.7628620120905033,2.355263157894737,-0.6447368421052633,7.168651935717703,csi-pairs-v6-software-fixture,ded1ec639ff3e6fd5eba769d42db1ed36222a48af333a30a670254b30b164b74,620f300cbec1f56da4691882bc7dbe52593dc597fc62f6ae925c0f6ac72f1c6b,True,FORBIDDEN,0901433cbfe906073eae45118a1466e03afab04a766a3061a988ffe089ba4e01,9548a24a4faf5db17b5251df407b4402de033ae8648ec321c850fe6105002cf1,8128818d8ea8f5c3517d04da28955f010269df61e756429957a0a032386f6c51
fixture-bank-03:1:7,fixture-scene-03,source-b,fixture-bank-03,1,7,empty,-4.29039639780943,1.0412062051088464,2.355263157894737,-0.6447368421052633,6.856179321515133,csi-pairs-v6-software-fixture,ded1ec639ff3e6fd5eba769d42db1ed36222a48af333a30a670254b30b164b74,620f300cbec1f56da4691882bc7dbe52593dc597fc62f6ae925c0f6ac72f1c6b,True,FORBIDDEN,0901433cbfe906073eae45118a1466e03afab04a766a3061a988ffe089ba4e01,9548a24a4faf5db17b5251df407b4402de033ae8648ec321c850fe6105002cf1,8128818d8ea8f5c3517d04da28955f010269df61e756429957a0a032386f6c51
fixture-bank-03:2:0,fixture-scene-03,source-b,fixture-bank-03,2,0,correct,1.011329385157396,2.7948376472662084,-2.6447368421052633,-1.6447368421052633,5.751229599382082,csi-pairs-v6-software-fixture,ded1ec639ff3e6fd5eba769d42db1ed36222a48af333a30a670254b30b164b74,620f300cbec1f56da4691882bc7dbe52593dc597fc62f6ae925c0f6ac72f1c6b,True,FORBIDDEN,0901433cbfe906073eae45118a1466e03afab04a766a3061a988ffe089ba4e01,9548a24a4faf5db17b5251df407b4402de033ae8648ec321c850fe6105002cf1,8128818d8ea8f5c3517d04da28955f010269df61e756429957a0a032386f6c51
fixture-bank-03:2:0,fixture-scene-03,source-b,fixture-bank-03,2,0,paired_active_alternative,0.7546055150067194,2.4836627852862283,-2.6447368421052633,-1.6447368421052633,5.347823103310529,csi-pairs-v6-software-fixture,ded1ec639ff3e6fd5eba769d42db1ed36222a48af333a30a670254b30b164b74,620f300cbec1f56da4691882bc7dbe52593dc597fc62f6ae925c0f6ac72f1c6b,True,FORBIDDEN,0901433cbfe906073eae45118a1466e03afab04a766a3061a988ffe089ba4e01,9548a24a4faf5db17b5251df407b4402de033ae8648ec321c850fe6105002cf1,8128818d8ea8f5c3517d04da28955f010269df61e756429957a0a032386f6c51
fixture-bank-03:2:0,fixture-scene-03,source-b,fixture-bank-03,2,0,paired_null_alternative,1.2610910821955705,2.692768172519947,-2.6447368421052633,-1.6447368421052633,5.836903419292373,csi-pairs-v6-software-fixture,ded1ec639ff3e6fd5eba769d42db1ed36222a48af333a30a670254b30b164b74,620f300cbec1f56da4691882bc7dbe52593dc597fc62f6ae925c0f6ac72f1c6b,True,FORBIDDEN,0901433cbfe906073eae45118a1466e03afab04a766a3061a988ffe089ba4e01,9548a24a4faf5db17b5251df407b4402de033ae8648ec321c850fe6105002cf1,8128818d8ea8f5c3517d04da28955f010269df61e756429957a0a032386f6c51
fixture-bank-03:2:0,fixture-scene-03,source-b,fixture-bank-03,2,0,wrong_city,1.2610910821955705,2.692768172519947,-2.6447368421052633,-1.6447368421052633,5.836903419292373,csi-pairs-v6-software-fixture,ded1ec639ff3e6fd5eba769d42db1ed36222a48af333a30a670254b30b164b74,620f300cbec1f56da4691882bc7dbe52593dc597fc62f6ae925c0f6ac72f1c6b,True,FORBIDDEN,0901433cbfe906073eae45118a1466e03afab04a766a3061a988ffe089ba4e01,9548a24a4faf5db17b5251df407b4402de033ae8648ec321c850fe6105002cf1,8128818d8ea8f5c3517d04da28955f010269df61e756429957a0a032386f6c51
fixture-bank-03:2:0,fixture-scene-03,source-b,fixture-bank-03,2,0,geometry_destroyed,0.020776545477411687,1.5414480561557429,-2.6447368421052633,-1.6447368421052633,4.154122750387735,csi-pairs-v6-software-fixture,ded1ec639ff3e6fd5eba769d42db1ed36222a48af333a30a670254b30b164b74,620f300cbec1f56da4691882bc7dbe52593dc597fc62f6ae925c0f6ac72f1c6b,True,FORBIDDEN,0901433cbfe906073eae45118a1466e03afab04a766a3061a988ffe089ba4e01,9548a24a4faf5db17b5251df407b4402de033ae8648ec321c850fe6105002cf1,8128818d8ea8f5c3517d04da28955f010269df61e756429957a0a032386f6c51
fixture-bank-03:2:0,fixture-scene-03,source-b,fixture-bank-03,2,0,empty,0.7998303560036457,2.0807717330745468,-2.6447368421052633,-1.6447368421052633,5.073899617259506,csi-pairs-v6-software-fixture,ded1ec639ff3e6fd5eba769d42db1ed36222a48af333a30a670254b30b164b74,620f300cbec1f56da4691882bc7dbe52593dc597fc62f6ae925c0f6ac72f1c6b,True,FORBIDDEN,0901433cbfe906073eae45118a1466e03afab04a766a3061a988ffe089ba4e01,9548a24a4faf5db17b5251df407b4402de033ae8648ec321c850fe6105002cf1,8128818d8ea8f5c3517d04da28955f010269df61e756429957a0a032386f6c51
fixture-bank-03:2:1,fixture-scene-03,source-b,fixture-bank-03,2,1,correct,-0.8166762074200445,0.8686636793823607,-2.6447368421052633,-2.6447368421052633,3.960528867269526,csi-pairs-v6-software-fixture,ded1ec639ff3e6fd5eba769d42db1ed36222a48af333a30a670254b30b164b74,620f300cbec1f56da4691882bc7dbe52593dc597fc62f6ae925c0f6ac72f1c6b,True,FORBIDDEN,0901433cbfe906073eae45118a1466e03afab04a766a3061a988ffe089ba4e01,9548a24a4faf5db17b5251df407b4402de033ae8648ec321c850fe6105002cf1,8128818d8ea8f5c3517d04da28955f010269df61e756429957a0a032386f6c51
fixture-bank-03:2:1,fixture-scene-03,source-b,fixture-bank-03,2,1,paired_active_alternative,-1.0734000775707204,0.5574888174023804,-2.6447368421052633,-2.6447368421052633,3.566980291785623,csi-pairs-v6-software-fixture,ded1ec639ff3e6fd5eba769d42db1ed36222a48af333a30a670254b30b164b74,620f300cbec1f56da4691882bc7dbe52593dc597fc62f6ae925c0f6ac72f1c6b,True,FORBIDDEN,0901433cbfe906073eae45118a1466e03afab04a766a3061a988ffe089ba4e01,9548a24a4faf5db17b5251df407b4402de033ae8648ec321c850fe6105002cf1,8128818d8ea8f5c3517d04da28955f010269df61e756429957a0a032386f6c51
fixture-bank-03:2:1,fixture-scene-03,source-b,fixture-bank-03,2,1,paired_null_alternative,-0.566914510381869,0.7665942046361007,-2.6447368421052633,-2.6447368421052633,3.994311599345997,csi-pairs-v6-software-fixture,ded1ec639ff3e6fd5eba769d42db1ed36222a48af333a30a670254b30b164b74,620f300cbec1f56da4691882bc7dbe52593dc597fc62f6ae925c0f6ac72f1c6b,True,FORBIDDEN,0901433cbfe906073eae45118a1466e03afab04a766a3061a988ffe089ba4e01,9548a24a4faf5db17b5251df407b4402de033ae8648ec321c850fe6105002cf1,8128818d8ea8f5c3517d04da28955f010269df61e756429957a0a032386f6c51
fixture-bank-03:2:1,fixture-scene-03,source-b,fixture-bank-03,2,1,wrong_city,-0.566914510381869,0.7665942046361007,-2.6447368421052633,-2.6447368421052633,3.994311599345997,csi-pairs-v6-software-fixture,ded1ec639ff3e6fd5eba769d42db1ed36222a48af333a30a670254b30b164b74,620f300cbec1f56da4691882bc7dbe52593dc597fc62f6ae925c0f6ac72f1c6b,True,FORBIDDEN,0901433cbfe906073eae45118a1466e03afab04a766a3061a988ffe089ba4e01,9548a24a4faf5db17b5251df407b4402de033ae8648ec321c850fe6105002cf1,8128818d8ea8f5c3517d04da28955f010269df61e756429957a0a032386f6c51
fixture-bank-03:2:1,fixture-scene-03,source-b,fixture-bank-03,2,1,geometry_destroyed,-1.6337269148019653,-0.18248047728897596,-2.6447368421052633,-2.6447368421052633,2.6617376803855293,csi-pairs-v6-software-fixture,ded1ec639ff3e6fd5eba769d42db1ed36222a48af333a30a670254b30b164b74,620f300cbec1f56da4691882bc7dbe52593dc597fc62f6ae925c0f6ac72f1c6b,True,FORBIDDEN,0901433cbfe906073eae45118a1466e03afab04a766a3061a988ffe089ba4e01,9548a24a4faf5db17b5251df407b4402de033ae8648ec321c850fe6105002cf1,8128818d8ea8f5c3517d04da28955f010269df61e756429957a0a032386f6c51
fixture-bank-03:2:1,fixture-scene-03,source-b,fixture-bank-03,2,1,empty,-1.0281752365737942,0.1545977651906989,-2.6447368421052633,-2.6447368421052633,3.2325757018333414,csi-pairs-v6-software-fixture,ded1ec639ff3e6fd5eba769d42db1ed36222a48af333a30a670254b30b164b74,620f300cbec1f56da4691882bc7dbe52593dc597fc62f6ae925c0f6ac72f1c6b,True,FORBIDDEN,0901433cbfe906073eae45118a1466e03afab04a766a3061a988ffe089ba4e01,9548a24a4faf5db17b5251df407b4402de033ae8648ec321c850fe6105002cf1,8128818d8ea8f5c3517d04da28955f010269df61e756429957a0a032386f6c51
fixture-bank-03:2:3,fixture-scene-03,source-b,fixture-bank-03,2,3,correct,-0.4208543992486942,-1.1522392811548514,-0.6447368421052633,1.3552631578947372,2.517477274983641,csi-pairs-v6-software-fixture,ded1ec639ff3e6fd5eba769d42db1ed36222a48af333a30a670254b30b164b74,620f300cbec1f56da4691882bc7dbe52593dc597fc62f6ae925c0f6ac72f1c6b,True,FORBIDDEN,0901433cbfe906073eae45118a1466e03afab04a766a3061a988ffe089ba4e01,9548a24a4faf5db17b5251df407b4402de033ae8648ec321c850fe6105002cf1,8128818d8ea8f5c3517d04da28955f010269df61e756429957a0a032386f6c51
fixture-bank-03:2:3,fixture-scene-03,source-b,fixture-bank-03,2,3,paired_active_alternative,-0.17109270221051914,-1.2543087559011126,-0.6447368421052633,1.3552631578947372,2.6522074474913846,csi-pairs-v6-software-fixture,ded1ec639ff3e6fd5eba769d42db1ed36222a48af333a30a670254b30b164b74,620f300cbec1f56da4691882bc7dbe52593dc597fc62f6ae925c0f6ac72f1c6b,True,FORBIDDEN,0901433cbfe906073eae45118a1466e03afab04a766a3061a988ffe089ba4e01,9548a24a4faf5db17b5251df407b4402de033ae8648ec321c850fe6105002cf1,8128818d8ea8f5c3517d04da28955f010269df61e756429957a0a032386f6c51
fixture-bank-03:2:3,fixture-scene-03,source-b,fixture-bank-03,2,3,paired_null_alternative,-0.6775782693993705,-1.4634141431348329,-0.6447368421052633,1.3552631578947372,2.8188686182023557,csi-pairs-v6-software-fixture,ded1ec639ff3e6fd5eba769d42db1ed36222a48af333a30a670254b30b164b74,620f300cbec1f56da4691882bc7dbe52593dc597fc62f6ae925c0f6ac72f1c6b,True,FORBIDDEN,0901433cbfe906073eae45118a1466e03afab04a766a3061a988ffe089ba4e01,9548a24a4faf5db17b5251df407b4402de033ae8648ec321c850fe6105002cf1,8128818d8ea8f5c3517d04da28955f010269df61e756429957a0a032386f6c51
fixture-bank-03:2:3,fixture-scene-03,source-b,fixture-bank-03,2,3,wrong_city,-0.17109270221051914,-1.2543087559011126,-0.6447368421052633,1.3552631578947372,2.6522074474913846,csi-pairs-v6-software-fixture,ded1ec639ff3e6fd5eba769d42db1ed36222a48af333a30a670254b30b164b74,620f300cbec1f56da4691882bc7dbe52593dc597fc62f6ae925c0f6ac72f1c6b,True,FORBIDDEN,0901433cbfe906073eae45118a1466e03afab04a766a3061a988ffe089ba4e01,9548a24a4faf5db17b5251df407b4402de033ae8648ec321c850fe6105002cf1,8128818d8ea8f5c3517d04da28955f010269df61e756429957a0a032386f6c51
fixture-bank-03:2:3,fixture-scene-03,source-b,fixture-bank-03,2,3,geometry_destroyed,-1.3033644595351523,-2.3545077459657437,-0.6447368421052633,1.3552631578947372,3.7677832338884865,csi-pairs-v6-software-fixture,ded1ec639ff3e6fd5eba769d42db1ed36222a48af333a30a670254b30b164b74,620f300cbec1f56da4691882bc7dbe52593dc597fc62f6ae925c0f6ac72f1c6b,True,FORBIDDEN,0901433cbfe906073eae45118a1466e03afab04a766a3061a988ffe089ba4e01,9548a24a4faf5db17b5251df407b4402de033ae8648ec321c850fe6105002cf1,8128818d8ea8f5c3517d04da28955f010269df61e756429957a0a032386f6c51
fixture-bank-03:2:3,fixture-scene-03,source-b,fixture-bank-03,2,3,empty,-0.6323534284024442,-1.8663051953465142,-0.6447368421052633,1.3552631578947372,3.2215921535074057,csi-pairs-v6-software-fixture,ded1ec639ff3e6fd5eba769d42db1ed36222a48af333a30a670254b30b164b74,620f300cbec1f56da4691882bc7dbe52593dc597fc62f6ae925c0f6ac72f1c6b,True,FORBIDDEN,0901433cbfe906073eae45118a1466e03afab04a766a3061a988ffe089ba4e01,9548a24a4faf5db17b5251df407b4402de033ae8648ec321c850fe6105002cf1,8128818d8ea8f5c3517d04da28955f010269df61e756429957a0a032386f6c51
fixture-bank-03:2:4,fixture-scene-03,source-b,fixture-bank-03,2,4,correct,-2.9946018642179153,-0.8023683010651705,-2.6447368421052633,-0.6447368421052633,0.38373586039320773,csi-pairs-v6-software-fixture,ded1ec639ff3e6fd5eba769d42db1ed36222a48af333a30a670254b30b164b74,620f300cbec1f56da4691882bc7dbe52593dc597fc62f6ae925c0f6ac72f1c6b,True,FORBIDDEN,0901433cbfe906073eae45118a1466e03afab04a766a3061a988ffe089ba4e01,9548a24a4faf5db17b5251df407b4402de033ae8648ec321c850fe6105002cf1,8128818d8ea8f5c3517d04da28955f010269df61e756429957a0a032386f6c51
fixture-bank-03:2:4,fixture-scene-03,source-b,fixture-bank-03,2,4,paired_active_alternative,-3.2513257343685913,-1.1135431630451504,-2.6447368421052633,-0.6447368421052633,0.7666351484053179,csi-pairs-v6-software-fixture,ded1ec639ff3e6fd5eba769d42db1ed36222a48af333a30a670254b30b164b74,620f300cbec1f56da4691882bc7dbe52593dc597fc62f6ae925c0f6ac72f1c6b,True,FORBIDDEN,0901433cbfe906073eae45118a1466e03afab04a766a3061a988ffe089ba4e01,9548a24a4faf5db17b5251df407b4402de033ae8648ec321c850fe6105002cf1,8128818d8ea8f5c3517d04da28955f010269df61e756429957a0a032386f6c51
fixture-bank-03:2:4,fixture-scene-03,source-b,fixture-bank-03,2,4,paired_null_alternative,-2.7448401671797398,-0.9044377758114293,-2.6447368421052633,-0.6447368421052633,0.27832579948474184,csi-pairs-v6-software-fixture,ded1ec639ff3e6fd5eba769d42db1ed36222a48af333a30a670254b30b164b74,620f300cbec1f56da4691882bc7dbe52593dc597fc62f6ae925c0f6ac72f1c6b,True,FORBIDDEN,0901433cbfe906073eae45118a1466e03afab04a766a3061a988ffe089ba4e01,9548a24a4faf5db17b5251df407b4402de033ae8648ec321c850fe6105002cf1,8128818d8ea8f5c3517d04da28955f010269df61e756429957a0a032386f6c51
fixture-bank-03:2:4,fixture-scene-03,source-b,fixture-bank-03,2,4,wrong_city,-2.7448401671797398,-0.9044377758114293,-2.6447368421052633,-0.6447368421052633,0.27832579948474184,csi-pairs-v6-software-fixture,ded1ec639ff3e6fd5eba769d42db1ed36222a48af333a30a670254b30b164b74,620f300cbec1f56da4691882bc7dbe52593dc597fc62f6ae925c0f6ac72f1c6b,True,FORBIDDEN,0901433cbfe906073eae45118a1466e03afab04a766a3061a988ffe089ba4e01,9548a24a4faf5db17b5251df407b4402de033ae8648ec321c850fe6105002cf1,8128818d8ea8f5c3517d04da28955f010269df61e756429957a0a032386f6c51
fixture-bank-03:2:4,fixture-scene-03,source-b,fixture-bank-03,2,4,geometry_destroyed,-3.7433472274761583,-1.8997045573268094,-2.6447368421052633,-0.6447368421052633,1.6678995008972135,csi-pairs-v6-software-fixture,ded1ec639ff3e6fd5eba769d42db1ed36222a48af333a30a670254b30b164b74,620f300cbec1f56da4691882bc7dbe52593dc597fc62f6ae925c0f6ac72f1c6b,True,FORBIDDEN,0901433cbfe906073eae45118a1466e03afab04a766a3061a988ffe089ba4e01,9548a24a4faf5db17b5251df407b4402de033ae8648ec321c850fe6105002cf1,8128818d8ea8f5c3517d04da28955f010269df61e756429957a0a032386f6c51
fixture-bank-03:2:4,fixture-scene-03,source-b,fixture-bank-03,2,4,empty,-3.206100893371663,-1.5164342152568313,-2.6447368421052633,-0.6447368421052633,1.0368152720777069,csi-pairs-v6-software-fixture,ded1ec639ff3e6fd5eba769d42db1ed36222a48af333a30a670254b30b164b74,620f300cbec1f56da4691882bc7dbe52593dc597fc62f6ae925c0f6ac72f1c6b,True,FORBIDDEN,0901433cbfe906073eae45118a1466e03afab04a766a3061a988ffe089ba4e01,9548a24a4faf5db17b5251df407b4402de033ae8648ec321c850fe6105002cf1,8128818d8ea8f5c3517d04da28955f010269df61e756429957a0a032386f6c51
fixture-bank-03:2:7,fixture-scene-03,source-b,fixture-bank-03,2,7,correct,-4.288097680603725,2.1191203763238624,2.355263157894737,-0.6447368421052633,7.195356138118375,csi-pairs-v6-software-fixture,ded1ec639ff3e6fd5eba769d42db1ed36222a48af333a30a670254b30b164b74,620f300cbec1f56da4691882bc7dbe52593dc597fc62f6ae925c0f6ac72f1c6b,True,FORBIDDEN,0901433cbfe906073eae45118a1466e03afab04a766a3061a988ffe089ba4e01,9548a24a4faf5db17b5251df407b4402de033ae8648ec321c850fe6105002cf1,8128818d8ea8f5c3517d04da28955f010269df61e756429957a0a032386f6c51
fixture-bank-03:2:7,fixture-scene-03,source-b,fixture-bank-03,2,7,paired_active_alternative,-4.038335983565552,2.0170509015776026,2.355263157894737,-0.6447368421052633,6.925548640656715,csi-pairs-v6-software-fixture,ded1ec639ff3e6fd5eba769d42db1ed36222a48af333a30a670254b30b164b74,620f300cbec1f56da4691882bc7dbe52593dc597fc62f6ae925c0f6ac72f1c6b,True,FORBIDDEN,0901433cbfe906073eae45118a1466e03afab04a766a3061a988ffe089ba4e01,9548a24a4faf5db17b5251df407b4402de033ae8648ec321c850fe6105002cf1,8128818d8ea8f5c3517d04da28955f010269df61e756429957a0a032386f6c51
fixture-bank-03:2:7,fixture-scene-03,source-b,fixture-bank-03,2,7,paired_null_alternative,-4.544821550754403,1.807945514343882,2.355263157894737,-0.6447368421052633,7.323033505875186,csi-pairs-v6-software-fixture,ded1ec639ff3e6fd5eba769d42db1ed36222a48af333a30a670254b30b164b74,620f300cbec1f56da4691882bc7dbe52593dc597fc62f6ae925c0f6ac72f1c6b,True,FORBIDDEN,0901433cbfe906073eae45118a1466e03afab04a766a3061a988ffe089ba4e01,9548a24a4faf5db17b5251df407b4402de033ae8648ec321c850fe6105002cf1,8128818d8ea8f5c3517d04da28955f010269df61e756429957a0a032386f6c51
fixture-bank-03:2:7,fixture-scene-03,source-b,fixture-bank-03,2,7,wrong_city,-4.038335983565552,2.0170509015776026,2.355263157894737,-0.6447368421052633,6.925548640656715,csi-pairs-v6-software-fixture,ded1ec639ff3e6fd5eba769d42db1ed36222a48af333a30a670254b30b164b74,620f300cbec1f56da4691882bc7dbe52593dc597fc62f6ae925c0f6ac72f1c6b,True,FORBIDDEN,0901433cbfe906073eae45118a1466e03afab04a766a3061a988ffe089ba4e01,9548a24a4faf5db17b5251df407b4402de033ae8648ec321c850fe6105002cf1,8128818d8ea8f5c3517d04da28955f010269df61e756429957a0a032386f6c51
fixture-bank-03:2:7,fixture-scene-03,source-b,fixture-bank-03,2,7,geometry_destroyed,-4.8195965711722755,1.3277572420508013,2.355263157894737,-0.6447368421052633,7.441058059430677,csi-pairs-v6-software-fixture,ded1ec639ff3e6fd5eba769d42db1ed36222a48af333a30a670254b30b164b74,620f300cbec1f56da4691882bc7dbe52593dc597fc62f6ae925c0f6ac72f1c6b,True,FORBIDDEN,0901433cbfe906073eae45118a1466e03afab04a766a3061a988ffe089ba4e01,9548a24a4faf5db17b5251df407b4402de033ae8648ec321c850fe6105002cf1,8128818d8ea8f5c3517d04da28955f010269df61e756429957a0a032386f6c51
fixture-bank-03:2:7,fixture-scene-03,source-b,fixture-bank-03,2,7,empty,-4.499596709757475,1.4050544621322008,2.355263157894737,-0.6447368421052633,7.154771009338904,csi-pairs-v6-software-fixture,ded1ec639ff3e6fd5eba769d42db1ed36222a48af333a30a670254b30b164b74,620f300cbec1f56da4691882bc7dbe52593dc597fc62f6ae925c0f6ac72f1c6b,True,FORBIDDEN,0901433cbfe906073eae45118a1466e03afab04a766a3061a988ffe089ba4e01,9548a24a4faf5db17b5251df407b4402de033ae8648ec321c850fe6105002cf1,8128818d8ea8f5c3517d04da28955f010269df61e756429957a0a032386f6c51
fixture-bank-03:3:0,fixture-scene-03,source-b,fixture-bank-03,3,0,correct,0.5395688148017769,4.49041620693669,-2.6447368421052633,-1.6447368421052633,6.912301024389704,csi-pairs-v6-software-fixture,ded1ec639ff3e6fd5eba769d42db1ed36222a48af333a30a670254b30b164b74,620f300cbec1f56da4691882bc7dbe52593dc597fc62f6ae925c0f6ac72f1c6b,True,FORBIDDEN,0901433cbfe906073eae45118a1466e03afab04a766a3061a988ffe089ba4e01,9548a24a4faf5db17b5251df407b4402de033ae8648ec321c850fe6105002cf1,8128818d8ea8f5c3517d04da28955f010269df61e756429957a0a032386f6c51
fixture-bank-03:3:0,fixture-scene-03,source-b,fixture-bank-03,3,0,paired_active_alternative,0.7962926849524531,4.801591068916671,-2.6447368421052633,-1.6447368421052633,7.307244880425416,csi-pairs-v6-software-fixture,ded1ec639ff3e6fd5eba769d42db1ed36222a48af333a30a670254b30b164b74,620f300cbec1f56da4691882bc7dbe52593dc597fc62f6ae925c0f6ac72f1c6b,True,FORBIDDEN,0901433cbfe906073eae45118a1466e03afab04a766a3061a988ffe089ba4e01,9548a24a4faf5db17b5251df407b4402de033ae8648ec321c850fe6105002cf1,8128818d8ea8f5c3517d04da28955f010269df61e756429957a0a032386f6c51
fixture-bank-03:3:0,fixture-scene-03,source-b,fixture-bank-03,3,0,paired_null_alternative,0.523699957789016,4.097711641090046,-2.6447368421052633,-1.6447368421052633,6.558559776130458,csi-pairs-v6-software-fixture,ded1ec639ff3e6fd5eba769d42db1ed36222a48af333a30a670254b30b164b74,620f300cbec1f56da4691882bc7dbe52593dc597fc62f6ae925c0f6ac72f1c6b,True,FORBIDDEN,0901433cbfe906073eae45118a1466e03afab04a766a3061a988ffe089ba4e01,9548a24a4faf5db17b5251df407b4402de033ae8648ec321c850fe6105002cf1,8128818d8ea8f5c3517d04da28955f010269df61e756429957a0a032386f6c51
fixture-bank-03:3:0,fixture-scene-03,source-b,fixture-bank-03,3,0,wrong_city,1.0460543819906276,4.699521594170409,-2.6447368421052633,-1.6447368421052633,7.339724447560568,csi-pairs-v6-software-fixture,ded1ec639ff3e6fd5eba769d42db1ed36222a48af333a30a670254b30b164b74,620f300cbec1f56da4691882bc7dbe52593dc597fc62f6ae925c0f6ac72f1c6b,True,FORBIDDEN,0901433cbfe906073eae45118a1466e03afab04a766a3061a988ffe089ba4e01,9548a24a4faf5db17b5251df407b4402de033ae8648ec321c850fe6105002cf1,8128818d8ea8f5c3517d04da28955f010269df61e756429957a0a032386f6c51
fixture-bank-03:3:0,fixture-scene-03,source-b,fixture-bank-03,3,0,geometry_destroyed,0.045272493888740224,3.71064139640685,-2.6447368421052633,-1.6447368421052633,5.993014792678557,csi-pairs-v6-software-fixture,ded1ec639ff3e6fd5eba769d42db1ed36222a48af333a30a670254b30b164b74,620f300cbec1f56da4691882bc7dbe52593dc597fc62f6ae925c0f6ac72f1c6b,True,FORBIDDEN,0901433cbfe906073eae45118a1466e03afab04a766a3061a988ffe089ba4e01,9548a24a4faf5db17b5251df407b4402de033ae8648ec321c850fe6105002cf1,8128818d8ea8f5c3517d04da28955f010269df61e756429957a0a032386f6c51
fixture-bank-03:3:0,fixture-scene-03,source-b,fixture-bank-03,3,0,empty,0.584793655798703,4.08752515472501,-2.6447368421052633,-1.6447368421052633,6.579414475255106,csi-pairs-v6-software-fixture,ded1ec639ff3e6fd5eba769d42db1ed36222a48af333a30a670254b30b164b74,620f300cbec1f56da4691882bc7dbe52593dc597fc62f6ae925c0f6ac72f1c6b,True,FORBIDDEN,0901433cbfe906073eae45118a1466e03afab04a766a3061a988ffe089ba4e01,9548a24a4faf5db17b5251df407b4402de033ae8648ec321c850fe6105002cf1,8128818d8ea8f5c3517d04da28955f010269df61e756429957a0a032386f6c51
fixture-bank-03:3:1,fixture-scene-03,source-b,fixture-bank-03,3,1,correct,-1.4591165665410268,-0.19645239462318945,-2.6447368421052633,-2.6447368421052633,2.720255902228983,csi-pairs-v6-software-fixture,ded1ec639ff3e6fd5eba769d42db1ed36222a48af333a30a670254b30b164b74,620f300cbec1f56da4691882bc7dbe52593dc597fc62f6ae925c0f6ac72f1c6b,True,FORBIDDEN,0901433cbfe906073eae45118a1466e03afab04a766a3061a988ffe089ba4e01,9548a24a4faf5db17b5251df407b4402de033ae8648ec321c850fe6105002cf1,8128818d8ea8f5c3517d04da28955f010269df61e756429957a0a032386f6c51
fixture-bank-03:3:1,fixture-scene-03,source-b,fixture-bank-03,3,1,paired_active_alternative,-1.202392696390351,0.11472246735679041,-2.6447368421052633,-2.6447368421052633,3.1136750497209684,csi-pairs-v6-software-fixture,ded1ec639ff3e6fd5eba769d42db1ed36222a48af333a30a670254b30b164b74,620f300cbec1f56da4691882bc7dbe52593dc597fc62f6ae925c0f6ac72f1c6b,True,FORBIDDEN,0901433cbfe906073eae45118a1466e03afab04a766a3061a988ffe089ba4e01,9548a24a4faf5db17b5251df407b4402de033ae8648ec321c850fe6105002cf1,8128818d8ea8f5c3517d04da28955f010269df61e756429957a0a032386f6c51
fixture-bank-03:3:1,fixture-scene-03,source-b,fixture-bank-03,3,1,paired_null_alternative,-1.4749854235537871,-0.5891569604698336,-2.6447368421052633,-2.6447368421052633,2.365106135247955,csi-pairs-v6-software-fixture,ded1ec639ff3e6fd5eba769d42db1ed36222a48af333a30a670254b30b164b74,620f300cbec1f56da4691882bc7dbe52593dc597fc62f6ae925c0f6ac72f1c6b,True,FORBIDDEN,0901433cbfe906073eae45118a1466e03afab04a766a3061a988ffe089ba4e01,9548a24a4faf5db17b5251df407b4402de033ae8648ec321c850fe6105002cf1,8128818d8ea8f5c3517d04da28955f010269df61e756429957a0a032386f6c51
fixture-bank-03:3:1,fixture-scene-03,source-b,fixture-bank-03,3,1,wrong_city,-0.952630999352175,0.012652992610530578,-2.6447368421052633,-2.6447368421052633,3.1503877406963694,csi-pairs-v6-software-fixture,ded1ec639ff3e6fd5eba769d42db1ed36222a48af333a30a670254b30b164b74,620f300cbec1f56da4691882bc7dbe52593dc597fc62f6ae925c0f6ac72f1c6b,True,FORBIDDEN,0901433cbfe906073eae45118a1466e03afab04a766a3061a988ffe089ba4e01,9548a24a4faf5db17b5251df407b4402de033ae8648ec321c850fe6105002cf1,8128818d8ea8f5c3517d04da28955f010269df61e756429957a0a032386f6c51
fixture-bank-03:3:1,fixture-scene-03,source-b,fixture-bank-03,3,1,geometry_destroyed,-2.4665968826137967,-1.5222504293231711,-2.6447368421052633,-2.6447368421052633,1.136534025908609,csi-pairs-v6-software-fixture,ded1ec639ff3e6fd5eba769d42db1ed36222a48af333a30a670254b30b164b74,620f300cbec1f56da4691882bc7dbe52593dc597fc62f6ae925c0f6ac72f1c6b,True,FORBIDDEN,0901433cbfe906073eae45118a1466e03afab04a766a3061a988ffe089ba4e01,9548a24a4faf5db17b5251df407b4402de033ae8648ec321c850fe6105002cf1,8128818d8ea8f5c3517d04da28955f010269df61e756429957a0a032386f6c51
fixture-bank-03:3:1,fixture-scene-03,source-b,fixture-bank-03,3,1,empty,-1.4138917255441033,-0.5993434468348718,-2.6447368421052633,-2.6447368421052633,2.387176960842701,csi-pairs-v6-software-fixture,ded1ec639ff3e6fd5eba769d42db1ed36222a48af333a30a670254b30b164b74,620f300cbec1f56da4691882bc7dbe52593dc597fc62f6ae925c0f6ac72f1c6b,True,FORBIDDEN,0901433cbfe906073eae45118a1466e03afab04a766a3061a988ffe089ba4e01,9548a24a4faf5db17b5251df407b4402de033ae8648ec321c850fe6105002cf1,8128818d8ea8f5c3517d04da28955f010269df61e756429957a0a032386f6c51
fixture-bank-03:3:3,fixture-scene-03,source-b,fixture-bank-03,3,3,correct,-0.6775079266061296,-1.46382155866081,-0.6447368421052633,1.3552631578947372,2.8192751875431448,csi-pairs-v6-software-fixture,ded1ec639ff3e6fd5eba769d42db1ed36222a48af333a30a670254b30b164b74,620f300cbec1f56da4691882bc7dbe52593dc597fc62f6ae925c0f6ac72f1c6b,True,FORBIDDEN,0901433cbfe906073eae45118a1466e03afab04a766a3061a988ffe089ba4e01,9548a24a4faf5db17b5251df407b4402de033ae8648ec321c850fe6105002cf1,8128818d8ea8f5c3517d04da28955f010269df61e756429957a0a032386f6c51
fixture-bank-03:3:3,fixture-scene-03,source-b,fixture-bank-03,3,3,paired_active_alternative,-0.6933767836188904,-1.8565261245074545,-0.6447368421052633,1.3552631578947372,3.212157567502571,csi-pairs-v6-software-fixture,ded1ec639ff3e6fd5eba769d42db1ed36222a48af333a30a670254b30b164b74,620f300cbec1f56da4691882bc7dbe52593dc597fc62f6ae925c0f6ac72f1c6b,True,FORBIDDEN,0901433cbfe906073eae45118a1466e03afab04a766a3061a988ffe089ba4e01,9548a24a4faf5db17b5251df407b4402de033ae8648ec321c850fe6105002cf1,8128818d8ea8f5c3517d04da28955f010269df61e756429957a0a032386f6c51
fixture-bank-03:3:3,fixture-scene-03,source-b,fixture-bank-03,3,3,paired_null_alternative,-0.42078405645545286,-1.1526466966808295,-0.6447368421052633,1.3552631578947372,2.517889332134665,csi-pairs-v6-software-fixture,ded1ec639ff3e6fd5eba769d42db1ed36222a48af333a30a670254b30b164b74,620f300cbec1f56da4691882bc7dbe52593dc597fc62f6ae925c0f6ac72f1c6b,True,FORBIDDEN,0901433cbfe906073eae45118a1466e03afab04a766a3061a988ffe089ba4e01,9548a24a4faf5db17b5251df407b4402de033ae8648ec321c850fe6105002cf1,8128818d8ea8f5c3517d04da28955f010269df61e756429957a0a032386f6c51
fixture-bank-03:3:3,fixture-scene-03,source-b,fixture-bank-03,3,3,wrong_city,-0.171022359417278,-1.2547161714270898,-0.6447368421052633,1.3552631578947372,2.6526208757746663,csi-pairs-v6-software-fixture,ded1ec639ff3e6fd5eba769d42db1ed36222a48af333a30a670254b30b164b74,620f300cbec1f56da4691882bc7dbe52593dc597fc62f6ae925c0f6ac72f1c6b,True,FORBIDDEN,0901433cbfe906073eae45118a1466e03afab04a766a3061a988ffe089ba4e01,9548a24a4faf5db17b5251df407b4402de033ae8648ec321c850fe6105002cf1,8128818d8ea8f5c3517d04da28955f010269df61e756429957a0a032386f6c51
fixture-bank-03:3:3,fixture-scene-03,source-b,fixture-bank-03,3,3,geometry_destroyed,-1.2692448796038798,-2.2458388773494726,-0.6447368421052633,1.3552631578947372,3.654852412497714,csi-pairs-v6-software-fixture,ded1ec639ff3e6fd5eba769d42db1ed36222a48af333a30a670254b30b164b74,620f300cbec1f56da4691882bc7dbe52593dc597fc62f6ae925c0f6ac72f1c6b,True,FORBIDDEN,0901433cbfe906073eae45118a1466e03afab04a766a3061a988ffe089ba4e01,9548a24a4faf5db17b5251df407b4402de033ae8648ec321c850fe6105002cf1,8128818d8ea8f5c3517d04da28955f010269df61e756429957a0a032386f6c51
fixture-bank-03:3:3,fixture-scene-03,source-b,fixture-bank-03,3,3,empty,-0.6322830856092029,-1.8667126108724919,-0.6447368421052633,1.3552631578947372,3.221999837146805,csi-pairs-v6-software-fixture,ded1ec639ff3e6fd5eba769d42db1ed36222a48af333a30a670254b30b164b74,620f300cbec1f56da4691882bc7dbe52593dc597fc62f6ae925c0f6ac72f1c6b,True,FORBIDDEN,0901433cbfe906073eae45118a1466e03afab04a766a3061a988ffe089ba4e01,9548a24a4faf5db17b5251df407b4402de033ae8648ec321c850fe6105002cf1,8128818d8ea8f5c3517d04da28955f010269df61e756429957a0a032386f6c51
fixture-bank-03:3:4,fixture-scene-03,source-b,fixture-bank-03,3,4,correct,-2.9373755516686875,-1.236963773328904,-2.6447368421052633,-0.6447368421052633,0.6605831911285036,csi-pairs-v6-software-fixture,ded1ec639ff3e6fd5eba769d42db1ed36222a48af333a30a670254b30b164b74,620f300cbec1f56da4691882bc7dbe52593dc597fc62f6ae925c0f6ac72f1c6b,True,FORBIDDEN,0901433cbfe906073eae45118a1466e03afab04a766a3061a988ffe089ba4e01,9548a24a4faf5db17b5251df407b4402de033ae8648ec321c850fe6105002cf1,8128818d8ea8f5c3517d04da28955f010269df61e756429957a0a032386f6c51
fixture-bank-03:3:4,fixture-scene-03,source-b,fixture-bank-03,3,4,paired_active_alternative,-2.6806516815180115,-0.9257889113489242,-2.6447368421052633,-0.6447368421052633,0.2833375042527675,csi-pairs-v6-software-fixture,ded1ec639ff3e6fd5eba769d42db1ed36222a48af333a30a670254b30b164b74,620f300cbec1f56da4691882bc7dbe52593dc597fc62f6ae925c0f6ac72f1c6b,True,FORBIDDEN,0901433cbfe906073eae45118a1466e03afab04a766a3061a988ffe089ba4e01,9548a24a4faf5db17b5251df407b4402de033ae8648ec321c850fe6105002cf1,8128818d8ea8f5c3517d04da28955f010269df61e756429957a0a032386f6c51
fixture-bank-03:3:4,fixture-scene-03,source-b,fixture-bank-03,3,4,paired_null_alternative,-2.9532444086814467,-1.6296683391755478,-2.6447368421052633,-0.6447368421052633,1.0321177125482686,csi-pairs-v6-software-fixture,ded1ec639ff3e6fd5eba769d42db1ed36222a48af333a30a670254b30b164b74,620f300cbec1f56da4691882bc7dbe52593dc597fc62f6ae925c0f6ac72f1c6b,True,FORBIDDEN,0901433cbfe906073eae45118a1466e03afab04a766a3061a988ffe089ba4e01,9548a24a4faf5db17b5251df407b4402de033ae8648ec321c850fe6105002cf1,8128818d8ea8f5c3517d04da28955f010269df61e756429957a0a032386f6c51
fixture-bank-03:3:4,fixture-scene-03,source-b,fixture-bank-03,3,4,wrong_city,-2.4308899844798364,-1.027858386095183,-2.6447368421052633,-0.6447368421052633,0.4387625735924723,csi-pairs-v6-software-fixture,ded1ec639ff3e6fd5eba769d42db1ed36222a48af333a30a670254b30b164b74,620f300cbec1f56da4691882bc7dbe52593dc597fc62f6ae925c0f6ac72f1c6b,True,FORBIDDEN,0901433cbfe906073eae45118a1466e03afab04a766a3061a988ffe089ba4e01,9548a24a4faf5db17b5251df407b4402de033ae8648ec321c850fe6105002cf1,8128818d8ea8f5c3517d04da28955f010269df61e756429957a0a032386f6c51
fixture-bank-03:3:4,fixture-scene-03,source-b,fixture-bank-03,3,4,geometry_destroyed,-4.006216223040658,-2.6370354200545525,-2.6447368421052633,-0.6447368421052633,2.4130643854673637,csi-pairs-v6-software-fixture,ded1ec639ff3e6fd5eba769d42db1ed36222a48af333a30a670254b30b164b74,620f300cbec1f56da4691882bc7dbe52593dc597fc62f6ae925c0f6ac72f1c6b,True,FORBIDDEN,0901433cbfe906073eae45118a1466e03afab04a766a3061a988ffe089ba4e01,9548a24a4faf5db17b5251df407b4402de033ae8648ec321c850fe6105002cf1,8128818d8ea8f5c3517d04da28955f010269df61e756429957a0a032386f6c51
fixture-bank-03:3:4,fixture-scene-03,source-b,fixture-bank-03,3,4,empty,-2.8921507106717623,-1.639854825540585,-2.6447368421052633,-0.6447368421052633,1.0254137815123328,csi-pairs-v6-software-fixture,ded1ec639ff3e6fd5eba769d42db1ed36222a48af333a30a670254b30b164b74,620f300cbec1f56da4691882bc7dbe52593dc597fc62f6ae925c0f6ac72f1c6b,True,FORBIDDEN,0901433cbfe906073eae45118a1466e03afab04a766a3061a988ffe089ba4e01,9548a24a4faf5db17b5251df407b4402de033ae8648ec321c850fe6105002cf1,8128818d8ea8f5c3517d04da28955f010269df61e756429957a0a032386f6c51
fixture-bank-03:3:7,fixture-scene-03,source-b,fixture-bank-03,3,7,correct,-4.544788945141086,1.8074691229987059,2.355263157894737,-0.6447368421052633,7.322843240156146,csi-pairs-v6-software-fixture,ded1ec639ff3e6fd5eba769d42db1ed36222a48af333a30a670254b30b164b74,620f300cbec1f56da4691882bc7dbe52593dc597fc62f6ae925c0f6ac72f1c6b,True,FORBIDDEN,0901433cbfe906073eae45118a1466e03afab04a766a3061a988ffe089ba4e01,9548a24a4faf5db17b5251df407b4402de033ae8648ec321c850fe6105002cf1,8128818d8ea8f5c3517d04da28955f010269df61e756429957a0a032386f6c51
fixture-bank-03:3:7,fixture-scene-03,source-b,fixture-bank-03,3,7,paired_active_alternative,-4.560657802153846,1.4147645571520624,2.355263157894737,-0.6447368421052633,7.21605908645309,csi-pairs-v6-software-fixture,ded1ec639ff3e6fd5eba769d42db1ed36222a48af333a30a670254b30b164b74,620f300cbec1f56da4691882bc7dbe52593dc597fc62f6ae925c0f6ac72f1c6b,True,FORBIDDEN,0901433cbfe906073eae45118a1466e03afab04a766a3061a988ffe089ba4e01,9548a24a4faf5db17b5251df407b4402de033ae8648ec321c850fe6105002cf1,8128818d8ea8f5c3517d04da28955f010269df61e756429957a0a032386f6c51
fixture-bank-03:3:7,fixture-scene-03,source-b,fixture-bank-03,3,7,paired_null_alternative,-4.288065074990406,2.1186439849786862,2.355263157894737,-0.6447368421052633,7.195143056628132,csi-pairs-v6-software-fixture,ded1ec639ff3e6fd5eba769d42db1ed36222a48af333a30a670254b30b164b74,620f300cbec1f56da4691882bc7dbe52593dc597fc62f6ae925c0f6ac72f1c6b,True,FORBIDDEN,0901433cbfe906073eae45118a1466e03afab04a766a3061a988ffe089ba4e01,9548a24a4faf5db17b5251df407b4402de033ae8648ec321c850fe6105002cf1,8128818d8ea8f5c3517d04da28955f010269df61e756429957a0a032386f6c51
fixture-bank-03:3:7,fixture-scene-03,source-b,fixture-bank-03,3,7,wrong_city,-4.038303377952235,2.0165745102324264,2.355263157894737,-0.6447368421052633,6.925335454863086,csi-pairs-v6-software-fixture,ded1ec639ff3e6fd5eba769d42db1ed36222a48af333a30a670254b30b164b74,620f300cbec1f56da4691882bc7dbe52593dc597fc62f6ae925c0f6ac72f1c6b,True,FORBIDDEN,0901433cbfe906073eae45118a1466e03afab04a766a3061a988ffe089ba4e01,9548a24a4faf5db17b5251df407b4402de033ae8648ec321c850fe6105002cf1,8128818d8ea8f5c3517d04da28955f010269df61e756429957a0a032386f6c51
fixture-bank-03:3:7,fixture-scene-03,source-b,fixture-bank-03,3,7,geometry_destroyed,-4.962859696669633,1.084128403346786,2.355263157894737,-0.6447368421052633,7.5195676173187875,csi-pairs-v6-software-fixture,ded1ec639ff3e6fd5eba769d42db1ed36222a48af333a30a670254b30b164b74,620f300cbec1f56da4691882bc7dbe52593dc597fc62f6ae925c0f6ac72f1c6b,True,FORBIDDEN,0901433cbfe906073eae45118a1466e03afab04a766a3061a988ffe089ba4e01,9548a24a4faf5db17b5251df407b4402de033ae8648ec321c850fe6105002cf1,8128818d8ea8f5c3517d04da28955f010269df61e756429957a0a032386f6c51
fixture-bank-03:3:7,fixture-scene-03,source-b,fixture-bank-03,3,7,empty,-4.499564104144157,1.4045780707870246,2.355263157894737,-0.6447368421052633,7.154603301692859,csi-pairs-v6-software-fixture,ded1ec639ff3e6fd5eba769d42db1ed36222a48af333a30a670254b30b164b74,620f300cbec1f56da4691882bc7dbe52593dc597fc62f6ae925c0f6ac72f1c6b,True,FORBIDDEN,0901433cbfe906073eae45118a1466e03afab04a766a3061a988ffe089ba4e01,9548a24a4faf5db17b5251df407b4402de033ae8648ec321c850fe6105002cf1,8128818d8ea8f5c3517d04da28955f010269df61e756429957a0a032386f6c51
fixture-bank-14:0:6,fixture-scene-14,target-a,fixture-bank-14,0,6,correct,-2.2618149332037776,-0.24799057533655183,1.6447368421052628,-0.3552631578947367,3.9080243320812267,csi-pairs-v6-software-fixture,ded1ec639ff3e6fd5eba769d42db1ed36222a48af333a30a670254b30b164b74,620f300cbec1f56da4691882bc7dbe52593dc597fc62f6ae925c0f6ac72f1c6b,True,FORBIDDEN,0901433cbfe906073eae45118a1466e03afab04a766a3061a988ffe089ba4e01,9548a24a4faf5db17b5251df407b4402de033ae8648ec321c850fe6105002cf1,8128818d8ea8f5c3517d04da28955f010269df61e756429957a0a032386f6c51
fixture-bank-14:0:6,fixture-scene-14,target-a,fixture-bank-14,0,6,paired_active_alternative,-2.383620127476428,-0.2217570646457724,1.6447368421052628,-0.3552631578947367,4.030568663515359,csi-pairs-v6-software-fixture,ded1ec639ff3e6fd5eba769d42db1ed36222a48af333a30a670254b30b164b74,620f300cbec1f56da4691882bc7dbe52593dc597fc62f6ae925c0f6ac72f1c6b,True,FORBIDDEN,0901433cbfe906073eae45118a1466e03afab04a766a3061a988ffe089ba4e01,9548a24a4faf5db17b5251df407b4402de033ae8648ec321c850fe6105002cf1,8128818d8ea8f5c3517d04da28955f010269df61e756429957a0a032386f6c51
fixture-bank-14:0:6,fixture-scene-14,target-a,fixture-bank-14,0,6,paired_null_alternative,-1.885823288626254,0.1644504212878966,1.6447368421052628,-0.3552631578947367,3.568607157014872,csi-pairs-v6-software-fixture,ded1ec639ff3e6fd5eba769d42db1ed36222a48af333a30a670254b30b164b74,620f300cbec1f56da4691882bc7dbe52593dc597fc62f6ae925c0f6ac72f1c6b,True,FORBIDDEN,0901433cbfe906073eae45118a1466e03afab04a766a3061a988ffe089ba4e01,9548a24a4faf5db17b5251df407b4402de033ae8648ec321c850fe6105002cf1,8128818d8ea8f5c3517d04da28955f010269df61e756429957a0a032386f6c51
fixture-bank-14:0:6,fixture-scene-14,target-a,fixture-bank-14,0,6,wrong_city,-0.6894681546903815,1.4684468499408485,1.6447368421052628,-0.3552631578947367,2.9621666326770724,csi-pairs-v6-software-fixture,ded1ec639ff3e6fd5eba769d42db1ed36222a48af333a30a670254b30b164b74,620f300cbec1f56da4691882bc7dbe52593dc597fc62f6ae925c0f6ac72f1c6b,True,FORBIDDEN,0901433cbfe906073eae45118a1466e03afab04a766a3061a988ffe089ba4e01,9548a24a4faf5db17b5251df407b4402de033ae8648ec321c850fe6105002cf1,8128818d8ea8f5c3517d04da28955f010269df61e756429957a0a032386f6c51
fixture-bank-14:0:6,fixture-scene-14,target-a,fixture-bank-14,0,6,geometry_destroyed,-1.075942272595603,0.8958408546036811,1.6447368421052628,-0.3552631578947367,2.99455440679563,csi-pairs-v6-software-fixture,ded1ec639ff3e6fd5eba769d42db1ed36222a48af333a30a670254b30b164b74,620f300cbec1f56da4691882bc7dbe52593dc597fc62f6ae925c0f6ac72f1c6b,True,FORBIDDEN,0901433cbfe906073eae45118a1466e03afab04a766a3061a988ffe089ba4e01,9548a24a4faf5db17b5251df407b4402de033ae8648ec321c850fe6105002cf1,8128818d8ea8f5c3517d04da28955f010269df61e756429957a0a032386f6c51
fixture-bank-14:0:6,fixture-scene-14,target-a,fixture-bank-14,0,6,empty,-1.1507288808823073,0.8564504104954463,1.6447368421052628,-0.3552631578947367,3.0467816430160024,csi-pairs-v6-software-fixture,ded1ec639ff3e6fd5eba769d42db1ed36222a48af333a30a670254b30b164b74,620f300cbec1f56da4691882bc7dbe52593dc597fc62f6ae925c0f6ac72f1c6b,True,FORBIDDEN,0901433cbfe906073eae45118a1466e03afab04a766a3061a988ffe089ba4e01,9548a24a4faf5db17b5251df407b4402de033ae8648ec321c850fe6105002cf1,8128818d8ea8f5c3517d04da28955f010269df61e756429957a0a032386f6c51
fixture-bank-14:0:7,fixture-scene-14,target-a,fixture-bank-14,0,7,correct,0.055127190141835224,-0.30000956309506355,-1.3552631578947367,2.644736842105263,3.2650776904654153,csi-pairs-v6-software-fixture,ded1ec639ff3e6fd5eba769d42db1ed36222a48af333a30a670254b30b164b74,620f300cbec1f56da4691882bc7dbe52593dc597fc62f6ae925c0f6ac72f1c6b,True,FORBIDDEN,0901433cbfe906073eae45118a1466e03afab04a766a3061a988ffe089ba4e01,9548a24a4faf5db17b5251df407b4402de033ae8648ec321c850fe6105002cf1,8128818d8ea8f5c3517d04da28955f010269df61e756429957a0a032386f6c51
fixture-bank-14:0:7,fixture-scene-14,target-a,fixture-bank-14,0,7,paired_active_alternative,-0.06667800413081507,-0.2737760524042838,-1.3552631578947367,2.644736842105263,3.190324311714921,csi-pairs-v6-software-fixture,ded1ec639ff3e6fd5eba769d42db1ed36222a48af333a30a670254b30b164b74,620f300cbec1f56da4691882bc7dbe52593dc597fc62f6ae925c0f6ac72f1c6b,True,FORBIDDEN,0901433cbfe906073eae45118a1466e03afab04a766a3061a988ffe089ba4e01,9548a24a4faf5db17b5251df407b4402de033ae8648ec321c850fe6105002cf1,8128818d8ea8f5c3517d04da28955f010269df61e756429957a0a032386f6c51
fixture-bank-14:0:7,fixture-scene-14,target-a,fixture-bank-14,0,7,paired_null_alternative,0.431118834719359,0.11243143352938514,-1.3552631578947367,2.644736842105263,3.09898875535852,csi-pairs-v6-software-fixture,ded1ec639ff3e6fd5eba769d42db1ed36222a48af333a30a670254b30b164b74,620f300cbec1f56da4691882bc7dbe52593dc597fc62f6ae925c0f6ac72f1c6b,True,FORBIDDEN,0901433cbfe906073eae45118a1466e03afab04a766a3061a988ffe089ba4e01,9548a24a4faf5db17b5251df407b4402de033ae8648ec321c850fe6105002cf1,8128818d8ea8f5c3517d04da28955f010269df61e756429957a0a032386f6c51
fixture-bank-14:0:7,fixture-scene-14,target-a,fixture-bank-14,0,7,wrong_city,1.6274739686552315,1.4164278621823367,-1.3552631578947367,2.644736842105263,3.2257501013343948,csi-pairs-v6-software-fixture,ded1ec639ff3e6fd5eba769d42db1ed36222a48af333a30a670254b30b164b74,620f300cbec1f56da4691882bc7dbe52593dc597fc62f6ae925c0f6ac72f1c6b,True,FORBIDDEN,0901433cbfe906073eae45118a1466e03afab04a766a3061a988ffe089ba4e01,9548a24a4faf5db17b5251df407b4402de033ae8648ec321c850fe6105002cf1,8128818d8ea8f5c3517d04da28955f010269df61e756429957a0a032386f6c51
fixture-bank-14:0:7,fixture-scene-14,target-a,fixture-bank-14,0,7,geometry_destroyed,0.4280299977942804,0.06683768665775344,-1.3552631578947367,2.644736842105263,3.1345970290907053,csi-pairs-v6-software-fixture,ded1ec639ff3e6fd5eba769d42db1ed36222a48af333a30a670254b30b164b74,620f300cbec1f56da4691882bc7dbe52593dc597fc62f6ae925c0f6ac72f1c6b,True,FORBIDDEN,0901433cbfe906073eae45118a1466e03afab04a766a3061a988ffe089ba4e01,9548a24a4faf5db17b5251df407b4402de033ae8648ec321c850fe6105002cf1,8128818d8ea8f5c3517d04da28955f010269df61e756429957a0a032386f6c51
fixture-bank-14:0:7,fixture-scene-14,target-a,fixture-bank-14,0,7,empty,1.166213242463306,0.804431422736935,-1.3552631578947367,2.644736842105263,3.1216289456178146,csi-pairs-v6-software-fixture,ded1ec639ff3e6fd5eba769d42db1ed36222a48af333a30a670254b30b164b74,620f300cbec1f56da4691882bc7dbe52593dc597fc62f6ae925c0f6ac72f1c6b,True,FORBIDDEN,0901433cbfe906073eae45118a1466e03afab04a766a3061a988ffe089ba4e01,9548a24a4faf5db17b5251df407b4402de033ae8648ec321c850fe6105002cf1,8128818d8ea8f5c3517d04da28955f010269df61e756429957a0a032386f6c51
fixture-bank-14:1:6,fixture-scene-14,target-a,fixture-bank-14,1,6,correct,-2.579445671039001,-0.496663649506998,1.6447368421052628,-0.3552631578947367,4.2265484740367025,csi-pairs-v6-software-fixture,ded1ec639ff3e6fd5eba769d42db1ed36222a48af333a30a670254b30b164b74,620f300cbec1f56da4691882bc7dbe52593dc597fc62f6ae925c0f6ac72f1c6b,True,FORBIDDEN,0901433cbfe906073eae45118a1466e03afab04a766a3061a988ffe089ba4e01,9548a24a4faf5db17b5251df407b4402de033ae8648ec321c850fe6105002cf1,8128818d8ea8f5c3517d04da28955f010269df61e756429957a0a032386f6c51
fixture-bank-14:1:6,fixture-scene-14,target-a,fixture-bank-14,1,6,paired_active_alternative,-2.4576404767663504,-0.5228971601977775,1.6447368421052628,-0.3552631578947367,4.1058008749963,csi-pairs-v6-software-fixture,ded1ec639ff3e6fd5eba769d42db1ed36222a48af333a30a670254b30b164b74,620f300cbec1f56da4691882bc7dbe52593dc597fc62f6ae925c0f6ac72f1c6b,True,FORBIDDEN,0901433cbfe906073eae45118a1466e03afab04a766a3061a988ffe089ba4e01,9548a24a4faf5db17b5251df407b4402de033ae8648ec321c850fe6105002cf1,8128818d8ea8f5c3517d04da28955f010269df61e756429957a0a032386f6c51
fixture-bank-14:1:6,fixture-scene-14,target-a,fixture-bank-14,1,6,paired_null_alternative,-2.469035232631127,-0.3755089592646739,1.6447368421052628,-0.3552631578947367,4.11382189397573,csi-pairs-v6-software-fixture,ded1ec639ff3e6fd5eba769d42db1ed36222a48af333a30a670254b30b164b74,620f300cbec1f56da4691882bc7dbe52593dc597fc62f6ae925c0f6ac72f1c6b,True,FORBIDDEN,0901433cbfe906073eae45118a1466e03afab04a766a3061a988ffe089ba4e01,9548a24a4faf5db17b5251df407b4402de033ae8648ec321c850fe6105002cf1,8128818d8ea8f5c3517d04da28955f010269df61e756429957a0a032386f6c51
fixture-bank-14:1:6,fixture-scene-14,target-a,fixture-bank-14,1,6,wrong_city,-0.8852936982529543,1.1935402650796227,1.6447368421052628,-0.3552631578947367,2.9664535354801003,csi-pairs-v6-software-fixture,ded1ec639ff3e6fd5eba769d42db1ed36222a48af333a30a670254b30b164b74,620f300cbec1f56da4691882bc7dbe52593dc597fc62f6ae925c0f6ac72f1c6b,True,FORBIDDEN,0901433cbfe906073eae45118a1466e03afab04a766a3061a988ffe089ba4e01,9548a24a4faf5db17b5251df407b4402de033ae8648ec321c850fe6105002cf1,8128818d8ea8f5c3517d04da28955f010269df61e756429957a0a032386f6c51
fixture-bank-14:1:6,fixture-scene-14,target-a,fixture-bank-14,1,6,geometry_destroyed,-2.5107715852305588,-0.537927584186218,1.6447368421052628,-0.3552631578947367,4.159521196278656,csi-pairs-v6-software-fixture,ded1ec639ff3e6fd5eba769d42db1ed36222a48af333a30a670254b30b164b74,620f300cbec1f56da4691882bc7dbe52593dc597fc62f6ae925c0f6ac72f1c6b,True,FORBIDDEN,0901433cbfe906073eae45118a1466e03afab04a766a3061a988ffe089ba4e01,9548a24a4faf5db17b5251df407b4402de033ae8648ec321c850fe6105002cf1,8128818d8ea8f5c3517d04da28955f010269df61e756429957a0a032386f6c51
fixture-bank-14:1:6,fixture-scene-14,target-a,fixture-bank-14,1,6,empty,-1.346554424444881,0.5815438256342206,1.6447368421052628,-0.3552631578947367,3.134554316920954,csi-pairs-v6-software-fixture,ded1ec639ff3e6fd5eba769d42db1ed36222a48af333a30a670254b30b164b74,620f300cbec1f56da4691882bc7dbe52593dc597fc62f6ae925c0f6ac72f1c6b,True,FORBIDDEN,0901433cbfe906073eae45118a1466e03afab04a766a3061a988ffe089ba4e01,9548a24a4faf5db17b5251df407b4402de033ae8648ec321c850fe6105002cf1,8128818d8ea8f5c3517d04da28955f010269df61e756429957a0a032386f6c51
fixture-bank-14:1:7,fixture-scene-14,target-a,fixture-bank-14,1,7,correct,0.6102346851618182,-0.6028414479559239,-1.3552631578947367,2.644736842105263,3.7960435352003947,csi-pairs-v6-software-fixture,ded1ec639ff3e6fd5eba769d42db1ed36222a48af333a30a670254b30b164b74,620f300cbec1f56da4691882bc7dbe52593dc597fc62f6ae925c0f6ac72f1c6b,True,FORBIDDEN,0901433cbfe906073eae45118a1466e03afab04a766a3061a988ffe089ba4e01,9548a24a4faf5db17b5251df407b4402de033ae8648ec321c850fe6105002cf1,8128818d8ea8f5c3517d04da28955f010269df61e756429957a0a032386f6c51
fixture-bank-14:1:7,fixture-scene-14,target-a,fixture-bank-14,1,7,paired_active_alternative,0.7320398794344687,-0.6290749586467036,-1.3552631578947367,2.644736842105263,3.8826122232829996,csi-pairs-v6-software-fixture,ded1ec639ff3e6fd5eba769d42db1ed36222a48af333a30a670254b30b164b74,620f300cbec1f56da4691882bc7dbe52593dc597fc62f6ae925c0f6ac72f1c6b,True,FORBIDDEN,0901433cbfe906073eae45118a1466e03afab04a766a3061a988ffe089ba4e01,9548a24a4faf5db17b5251df407b4402de033ae8648ec321c850fe6105002cf1,8128818d8ea8f5c3517d04da28955f010269df61e756429957a0a032386f6c51
fixture-bank-14:1:7,fixture-scene-14,target-a,fixture-bank-14,1,7,paired_null_alternative,0.7206451235696911,-0.48168675771359976,-1.3552631578947367,2.644736842105263,3.7528548757655056,csi-pairs-v6-software-fixture,ded1ec639ff3e6fd5eba769d42db1ed36222a48af333a30a670254b30b164b74,620f300cbec1f56da4691882bc7dbe52593dc597fc62f6ae925c0f6ac72f1c6b,True,FORBIDDEN,0901433cbfe906073eae45118a1466e03afab04a766a3061a988ffe089ba4e01,9548a24a4faf5db17b5251df407b4402de033ae8648ec321c850fe6105002cf1,8128818d8ea8f5c3517d04da28955f010269df61e756429957a0a032386f6c51
fixture-bank-14:1:7,fixture-scene-14,target-a,fixture-bank-14,1,7,wrong_city,2.304386657947864,1.087362466630697,-1.3552631578947367,2.644736842105263,3.977241722598914,csi-pairs-v6-software-fixture,ded1ec639ff3e6fd5eba769d42db1ed36222a48af333a30a670254b30b164b74,620f300cbec1f56da4691882bc7dbe52593dc597fc62f6ae925c0f6ac72f1c6b,True,FORBIDDEN,0901433cbfe906073eae45118a1466e03afab04a766a3061a988ffe089ba4e01,9548a24a4faf5db17b5251df407b4402de033ae8648ec321c850fe6105002cf1,8128818d8ea8f5c3517d04da28955f010269df61e756429957a0a032386f6c51
fixture-bank-14:1:7,fixture-scene-14,target-a,fixture-bank-14,1,7,geometry_destroyed,1.1795127844691617,-0.04251639170727028,-1.3552631578947367,2.644736842105263,3.6941059839456023,csi-pairs-v6-software-fixture,ded1ec639ff3e6fd5eba769d42db1ed36222a48af333a30a670254b30b164b74,620f300cbec1f56da4691882bc7dbe52593dc597fc62f6ae925c0f6ac72f1c6b,True,FORBIDDEN,0901433cbfe906073eae45118a1466e03afab04a766a3061a988ffe089ba4e01,9548a24a4faf5db17b5251df407b4402de033ae8648ec321c850fe6105002cf1,8128818d8ea8f5c3517d04da28955f010269df61e756429957a0a032386f6c51
fixture-bank-14:1:7,fixture-scene-14,target-a,fixture-bank-14,1,7,empty,1.8431259317559394,0.47536602718529475,-1.3552631578947367,2.644736842105263,3.864694360673688,csi-pairs-v6-software-fixture,ded1ec639ff3e6fd5eba769d42db1ed36222a48af333a30a670254b30b164b74,620f300cbec1f56da4691882bc7dbe52593dc597fc62f6ae925c0f6ac72f1c6b,True,FORBIDDEN,0901433cbfe906073eae45118a1466e03afab04a766a3061a988ffe089ba4e01,9548a24a4faf5db17b5251df407b4402de033ae8648ec321c850fe6105002cf1,8128818d8ea8f5c3517d04da28955f010269df61e756429957a0a032386f6c51
fixture-bank-14:2:6,fixture-scene-14,target-a,fixture-bank-14,2,6,correct,-1.8859020631701295,0.16482774274457007,1.6447368421052628,-0.3552631578947367,3.5687400611941498,csi-pairs-v6-software-fixture,ded1ec639ff3e6fd5eba769d42db1ed36222a48af333a30a670254b30b164b74,620f300cbec1f56da4691882bc7dbe52593dc597fc62f6ae925c0f6ac72f1c6b,True,FORBIDDEN,0901433cbfe906073eae45118a1466e03afab04a766a3061a988ffe089ba4e01,9548a24a4faf5db17b5251df407b4402de033ae8648ec321c850fe6105002cf1,8128818d8ea8f5c3517d04da28955f010269df61e756429957a0a032386f6c51
fixture-bank-14:2:6,fixture-scene-14,target-a,fixture-bank-14,2,6,paired_active_alternative,-2.273288463612429,-0.10022505294677463,1.6447368421052628,-0.3552631578947367,3.9263171969696566,csi-pairs-v6-software-fixture,ded1ec639ff3e6fd5eba769d42db1ed36222a48af333a30a670254b30b164b74,620f300cbec1f56da4691882bc7dbe52593dc597fc62f6ae925c0f6ac72f1c6b,True,FORBIDDEN,0901433cbfe906073eae45118a1466e03afab04a766a3061a988ffe089ba4e01,9548a24a4faf5db17b5251df407b4402de033ae8648ec321c850fe6105002cf1,8128818d8ea8f5c3517d04da28955f010269df61e756429957a0a032386f6c51
fixture-bank-14:2:6,fixture-scene-14,target-a,fixture-bank-14,2,6,paired_null_alternative,-2.261893707747653,-0.24761325387987837,1.6447368421052628,-0.3552631578947367,3.9081134521503476,csi-pairs-v6-software-fixture,ded1ec639ff3e6fd5eba769d42db1ed36222a48af333a30a670254b30b164b74,620f300cbec1f56da4691882bc7dbe52593dc597fc62f6ae925c0f6ac72f1c6b,True,FORBIDDEN,0901433cbfe906073eae45118a1466e03afab04a766a3061a988ffe089ba4e01,9548a24a4faf5db17b5251df407b4402de033ae8648ec321c850fe6105002cf1,8128818d8ea8f5c3517d04da28955f010269df61e756429957a0a032386f6c51
fixture-bank-14:2:6,fixture-scene-14,target-a,fixture-bank-14,2,6,wrong_city,-0.689546929234257,1.4688241713975219,1.6447368421052628,-0.3552631578947367,2.9624610225323837,csi-pairs-v6-software-fixture,ded1ec639ff3e6fd5eba769d42db1ed36222a48af333a30a670254b30b164b74,620f300cbec1f56da4691882bc7dbe52593dc597fc62f6ae925c0f6ac72f1c6b,True,FORBIDDEN,0901433cbfe906073eae45118a1466e03afab04a766a3061a988ffe089ba4e01,9548a24a4faf5db17b5251df407b4402de033ae8648ec321c850fe6105002cf1,8128818d8ea8f5c3517d04da28955f010269df61e756429957a0a032386f6c51
fixture-bank-14:2:6,fixture-scene-14,target-a,fixture-bank-14,2,6,geometry_destroyed,-1.7130292447993467,0.36758581489306386,1.6447368421052628,-0.3552631578947367,3.4346912134611274,csi-pairs-v6-software-fixture,ded1ec639ff3e6fd5eba769d42db1ed36222a48af333a30a670254b30b164b74,620f300cbec1f56da4691882bc7dbe52593dc597fc62f6ae925c0f6ac72f1c6b,True,FORBIDDEN,0901433cbfe906073eae45118a1466e03afab04a766a3061a988ffe089ba4e01,9548a24a4faf5db17b5251df407b4402de033ae8648ec321c850fe6105002cf1,8128818d8ea8f5c3517d04da28955f010269df61e756429957a0a032386f6c51
fixture-bank-14:2:6,fixture-scene-14,target-a,fixture-bank-14,2,6,empty,-1.1508076554261828,0.8568277319521199,1.6447368421052628,-0.3552631578947367,3.047003997852331,csi-pairs-v6-software-fixture,ded1ec639ff3e6fd5eba769d42db1ed36222a48af333a30a670254b30b164b74,620f300cbec1f56da4691882bc7dbe52593dc597fc62f6ae925c0f6ac72f1c6b,True,FORBIDDEN,0901433cbfe906073eae45118a1466e03afab04a766a3061a988ffe089ba4e01,9548a24a4faf5db17b5251df407b4402de033ae8648ec321c850fe6105002cf1,8128818d8ea8f5c3517d04da28955f010269df61e756429957a0a032386f6c51
fixture-bank-14:2:7,fixture-scene-14,target-a,fixture-bank-14,2,7,correct,0.43116380335677323,0.11283956493344308,-1.3552631578947367,2.644736842105263,3.0986811888344334,csi-pairs-v6-software-fixture,ded1ec639ff3e6fd5eba769d42db1ed36222a48af333a30a670254b30b164b74,620f300cbec1f56da4691882bc7dbe52593dc597fc62f6ae925c0f6ac72f1c6b,True,FORBIDDEN,0901433cbfe906073eae45118a1466e03afab04a766a3061a988ffe089ba4e01,9548a24a4faf5db17b5251df407b4402de033ae8648ec321c850fe6105002cf1,8128818d8ea8f5c3517d04da28955f010269df61e756429957a0a032386f6c51
fixture-bank-14:2:7,fixture-scene-14,target-a,fixture-bank-14,2,7,paired_active_alternative,0.04377740291447175,-0.15221323075790172,-1.3552631578947367,2.644736842105263,3.1273381973938483,csi-pairs-v6-software-fixture,ded1ec639ff3e6fd5eba769d42db1ed36222a48af333a30a670254b30b164b74,620f300cbec1f56da4691882bc7dbe52593dc597fc62f6ae925c0f6ac72f1c6b,True,FORBIDDEN,0901433cbfe906073eae45118a1466e03afab04a766a3061a988ffe089ba4e01,9548a24a4faf5db17b5251df407b4402de033ae8648ec321c850fe6105002cf1,8128818d8ea8f5c3517d04da28955f010269df61e756429957a0a032386f6c51
fixture-bank-14:2:7,fixture-scene-14,target-a,fixture-bank-14,2,7,paired_null_alternative,0.055172158779249435,-0.2996014316910056,-1.3552631578947367,2.644736842105263,3.264729032104018,csi-pairs-v6-software-fixture,ded1ec639ff3e6fd5eba769d42db1ed36222a48af333a30a670254b30b164b74,620f300cbec1f56da4691882bc7dbe52593dc597fc62f6ae925c0f6ac72f1c6b,True,FORBIDDEN,0901433cbfe906073eae45118a1466e03afab04a766a3061a988ffe089ba4e01,9548a24a4faf5db17b5251df407b4402de033ae8648ec321c850fe6105002cf1,8128818d8ea8f5c3517d04da28955f010269df61e756429957a0a032386f6c51
fixture-bank-14:2:7,fixture-scene-14,target-a,fixture-bank-14,2,7,wrong_city,1.6275189372926457,1.4168359935863948,-1.3552631578947367,2.644736842105263,3.2256362970991925,csi-pairs-v6-software-fixture,ded1ec639ff3e6fd5eba769d42db1ed36222a48af333a30a670254b30b164b74,620f300cbec1f56da4691882bc7dbe52593dc597fc62f6ae925c0f6ac72f1c6b,True,FORBIDDEN,0901433cbfe906073eae45118a1466e03afab04a766a3061a988ffe089ba4e01,9548a24a4faf5db17b5251df407b4402de033ae8648ec321c850fe6105002cf1,8128818d8ea8f5c3517d04da28955f010269df61e756429957a0a032386f6c51
fixture-bank-14:2:7,fixture-scene-14,target-a,fixture-bank-14,2,7,geometry_destroyed,0.41330453015507657,0.17524188255922218,-1.3552631578947367,2.644736842105263,3.0374721434833214,csi-pairs-v6-software-fixture,ded1ec639ff3e6fd5eba769d42db1ed36222a48af333a30a670254b30b164b74,620f300cbec1f56da4691882bc7dbe52593dc597fc62f6ae925c0f6ac72f1c6b,True,FORBIDDEN,0901433cbfe906073eae45118a1466e03afab04a766a3061a988ffe089ba4e01,9548a24a4faf5db17b5251df407b4402de033ae8648ec321c850fe6105002cf1,8128818d8ea8f5c3517d04da28955f010269df61e756429957a0a032386f6c51
fixture-bank-14:2:7,fixture-scene-14,target-a,fixture-bank-14,2,7,empty,1.1662582111007203,0.8048395541409928,-1.3552631578947367,2.644736842105263,3.121424681865478,csi-pairs-v6-software-fixture,ded1ec639ff3e6fd5eba769d42db1ed36222a48af333a30a670254b30b164b74,620f300cbec1f56da4691882bc7dbe52593dc597fc62f6ae925c0f6ac72f1c6b,True,FORBIDDEN,0901433cbfe906073eae45118a1466e03afab04a766a3061a988ffe089ba4e01,9548a24a4faf5db17b5251df407b4402de033ae8648ec321c850fe6105002cf1,8128818d8ea8f5c3517d04da28955f010269df61e756429957a0a032386f6c51
fixture-bank-14:3:6,fixture-scene-14,target-a,fixture-bank-14,3,6,correct,-2.4691140071750026,-0.3751316378080008,1.6447368421052628,-0.3552631578947367,4.1138988279511715,csi-pairs-v6-software-fixture,ded1ec639ff3e6fd5eba769d42db1ed36222a48af333a30a670254b30b164b74,620f300cbec1f56da4691882bc7dbe52593dc597fc62f6ae925c0f6ac72f1c6b,True,FORBIDDEN,0901433cbfe906073eae45118a1466e03afab04a766a3061a988ffe089ba4e01,9548a24a4faf5db17b5251df407b4402de033ae8648ec321c850fe6105002cf1,8128818d8ea8f5c3517d04da28955f010269df61e756429957a0a032386f6c51
fixture-bank-14:3:6,fixture-scene-14,target-a,fixture-bank-14,3,6,paired_active_alternative,-2.0817276067327026,-0.11007884211665651,1.6447368421052628,-0.3552631578947367,3.7345217414224283,csi-pairs-v6-software-fixture,ded1ec639ff3e6fd5eba769d42db1ed36222a48af333a30a670254b30b164b74,620f300cbec1f56da4691882bc7dbe52593dc597fc62f6ae925c0f6ac72f1c6b,True,FORBIDDEN,0901433cbfe906073eae45118a1466e03afab04a766a3061a988ffe089ba4e01,9548a24a4faf5db17b5251df407b4402de033ae8648ec321c850fe6105002cf1,8128818d8ea8f5c3517d04da28955f010269df61e756429957a0a032386f6c51
fixture-bank-14:3:6,fixture-scene-14,target-a,fixture-bank-14,3,6,paired_null_alternative,-2.5795244455828765,-0.49628632805032474,1.6447368421052628,-0.3552631578947367,4.226614598136597,csi-pairs-v6-software-fixture,ded1ec639ff3e6fd5eba769d42db1ed36222a48af333a30a670254b30b164b74,620f300cbec1f56da4691882bc7dbe52593dc597fc62f6ae925c0f6ac72f1c6b,True,FORBIDDEN,0901433cbfe906073eae45118a1466e03afab04a766a3061a988ffe089ba4e01,9548a24a4faf5db17b5251df407b4402de033ae8648ec321c850fe6105002cf1,8128818d8ea8f5c3517d04da28955f010269df61e756429957a0a032386f6c51
fixture-bank-14:3:6,fixture-scene-14,target-a,fixture-bank-14,3,6,wrong_city,-0.8853724727968298,1.1939175865362959,1.6447368421052628,-0.3552631578947367,2.966717735860664,csi-pairs-v6-software-fixture,ded1ec639ff3e6fd5eba769d42db1ed36222a48af333a30a670254b30b164b74,620f300cbec1f56da4691882bc7dbe52593dc597fc62f6ae925c0f6ac72f1c6b,True,FORBIDDEN,0901433cbfe906073eae45118a1466e03afab04a766a3061a988ffe089ba4e01,9548a24a4faf5db17b5251df407b4402de033ae8648ec321c850fe6105002cf1,8128818d8ea8f5c3517d04da28955f010269df61e756429957a0a032386f6c51
fixture-bank-14:3:6,fixture-scene-14,target-a,fixture-bank-14,3,6,geometry_destroyed,-1.95141080300243,0.2013029434347294,1.6447368421052628,-0.3552631578947367,3.6389619001251834,csi-pairs-v6-software-fixture,ded1ec639ff3e6fd5eba769d42db1ed36222a48af333a30a670254b30b164b74,620f300cbec1f56da4691882bc7dbe52593dc597fc62f6ae925c0f6ac72f1c6b,True,FORBIDDEN,0901433cbfe906073eae45118a1466e03afab04a766a3061a988ffe089ba4e01,9548a24a4faf5db17b5251df407b4402de033ae8648ec321c850fe6105002cf1,8128818d8ea8f5c3517d04da28955f010269df61e756429957a0a032386f6c51
fixture-bank-14:3:6,fixture-scene-14,target-a,fixture-bank-14,3,6,empty,-1.3466331989887566,0.5819211470908937,1.6447368421052628,-0.3552631578947367,3.13474227716829,csi-pairs-v6-software-fixture,ded1ec639ff3e6fd5eba769d42db1ed36222a48af333a30a670254b30b164b74,620f300cbec1f56da4691882bc7dbe52593dc597fc62f6ae925c0f6ac72f1c6b,True,FORBIDDEN,0901433cbfe906073eae45118a1466e03afab04a766a3061a988ffe089ba4e01,9548a24a4faf5db17b5251df407b4402de033ae8648ec321c850fe6105002cf1,8128818d8ea8f5c3517d04da28955f010269df61e756429957a0a032386f6c51
fixture-bank-14:3:7,fixture-scene-14,target-a,fixture-bank-14,3,7,correct,0.7206900922071058,-0.48127862630954094,-1.3552631578947367,2.644736842105263,3.7525397540035503,csi-pairs-v6-software-fixture,ded1ec639ff3e6fd5eba769d42db1ed36222a48af333a30a670254b30b164b74,620f300cbec1f56da4691882bc7dbe52593dc597fc62f6ae925c0f6ac72f1c6b,True,FORBIDDEN,0901433cbfe906073eae45118a1466e03afab04a766a3061a988ffe089ba4e01,9548a24a4faf5db17b5251df407b4402de033ae8648ec321c850fe6105002cf1,8128818d8ea8f5c3517d04da28955f010269df61e756429957a0a032386f6c51
fixture-bank-14:3:7,fixture-scene-14,target-a,fixture-bank-14,3,7,paired_active_alternative,1.1080764926494064,-0.21622583061819664,-1.3552631578947367,2.644736842105263,3.775334375742088,csi-pairs-v6-software-fixture,ded1ec639ff3e6fd5eba769d42db1ed36222a48af333a30a670254b30b164b74,620f300cbec1f56da4691882bc7dbe52593dc597fc62f6ae925c0f6ac72f1c6b,True,FORBIDDEN,0901433cbfe906073eae45118a1466e03afab04a766a3061a988ffe089ba4e01,9548a24a4faf5db17b5251df407b4402de033ae8648ec321c850fe6105002cf1,8128818d8ea8f5c3517d04da28955f010269df61e756429957a0a032386f6c51
fixture-bank-14:3:7,fixture-scene-14,target-a,fixture-bank-14,3,7,paired_null_alternative,0.6102796537992329,-0.602433316551865,-1.3552631578947367,2.644736842105263,3.7957176638779644,csi-pairs-v6-software-fixture,ded1ec639ff3e6fd5eba769d42db1ed36222a48af333a30a670254b30b164b74,620f300cbec1f56da4691882bc7dbe52593dc597fc62f6ae925c0f6ac72f1c6b,True,FORBIDDEN,0901433cbfe906073eae45118a1466e03afab04a766a3061a988ffe089ba4e01,9548a24a4faf5db17b5251df407b4402de033ae8648ec321c850fe6105002cf1,8128818d8ea8f5c3517d04da28955f010269df61e756429957a0a032386f6c51
fixture-bank-14:3:7,fixture-scene-14,target-a,fixture-bank-14,3,7,wrong_city,2.3044316265852784,1.0877705980347556,-1.3552631578947367,2.644736842105263,3.9771233072065098,csi-pairs-v6-software-fixture,ded1ec639ff3e6fd5eba769d42db1ed36222a48af333a30a670254b30b164b74,620f300cbec1f56da4691882bc7dbe52593dc597fc62f6ae925c0f6ac72f1c6b,True,FORBIDDEN,0901433cbfe906073eae45118a1466e03afab04a766a3061a988ffe089ba4e01,9548a24a4faf5db17b5251df407b4402de033ae8648ec321c850fe6105002cf1,8128818d8ea8f5c3517d04da28955f010269df61e756429957a0a032386f6c51
fixture-bank-14:3:7,fixture-scene-14,target-a,fixture-bank-14,3,7,geometry_destroyed,1.1635290672082526,-0.1868883130244142,-1.3552631578947367,2.644736842105263,3.789777736543719,csi-pairs-v6-software-fixture,ded1ec639ff3e6fd5eba769d42db1ed36222a48af333a30a670254b30b164b74,620f300cbec1f56da4691882bc7dbe52593dc597fc62f6ae925c0f6ac72f1c6b,True,FORBIDDEN,0901433cbfe906073eae45118a1466e03afab04a766a3061a988ffe089ba4e01,9548a24a4faf5db17b5251df407b4402de033ae8648ec321c850fe6105002cf1,8128818d8ea8f5c3517d04da28955f010269df61e756429957a0a032386f6c51
fixture-bank-14:3:7,fixture-scene-14,target-a,fixture-bank-14,3,7,empty,1.843170900393354,0.4757741585893537,-1.3552631578947367,2.644736842105263,3.8645024967907267,csi-pairs-v6-software-fixture,ded1ec639ff3e6fd5eba769d42db1ed36222a48af333a30a670254b30b164b74,620f300cbec1f56da4691882bc7dbe52593dc597fc62f6ae925c0f6ac72f1c6b,True,FORBIDDEN,0901433cbfe906073eae45118a1466e03afab04a766a3061a988ffe089ba4e01,9548a24a4faf5db17b5251df407b4402de033ae8648ec321c850fe6105002cf1,8128818d8ea8f5c3517d04da28955f010269df61e756429957a0a032386f6c51
fixture-bank-15:0:4,fixture-scene-15,target-b,fixture-bank-15,0,4,correct,2.2389106845495443,2.340453963641383,-2.3289473684210527,-0.32894736842105265,5.290655031629358,csi-pairs-v6-software-fixture,ded1ec639ff3e6fd5eba769d42db1ed36222a48af333a30a670254b30b164b74,620f300cbec1f56da4691882bc7dbe52593dc597fc62f6ae925c0f6ac72f1c6b,True,FORBIDDEN,0901433cbfe906073eae45118a1466e03afab04a766a3061a988ffe089ba4e01,9548a24a4faf5db17b5251df407b4402de033ae8648ec321c850fe6105002cf1,8128818d8ea8f5c3517d04da28955f010269df61e756429957a0a032386f6c51
fixture-bank-15:0:4,fixture-scene-15,target-b,fixture-bank-15,0,4,paired_active_alternative,1.7165562603479325,1.7386440105610201,-2.3289473684210527,-0.32894736842105265,4.543240442770338,csi-pairs-v6-software-fixture,ded1ec639ff3e6fd5eba769d42db1ed36222a48af333a30a670254b30b164b74,620f300cbec1f56da4691882bc7dbe52593dc597fc62f6ae925c0f6ac72f1c6b,True,FORBIDDEN,0901433cbfe906073eae45118a1466e03afab04a766a3061a988ffe089ba4e01,9548a24a4faf5db17b5251df407b4402de033ae8648ec321c850fe6105002cf1,8128818d8ea8f5c3517d04da28955f010269df61e756429957a0a032386f6c51
fixture-bank-15:0:4,fixture-scene-15,target-b,fixture-bank-15,0,4,paired_null_alternative,1.9891489875113686,2.4425234383876444,-2.3289473684210527,-0.32894736842105265,5.1309849514600705,csi-pairs-v6-software-fixture,ded1ec639ff3e6fd5eba769d42db1ed36222a48af333a30a670254b30b164b74,620f300cbec1f56da4691882bc7dbe52593dc597fc62f6ae925c0f6ac72f1c6b,True,FORBIDDEN,0901433cbfe906073eae45118a1466e03afab04a766a3061a988ffe089ba4e01,9548a24a4faf5db17b5251df407b4402de033ae8648ec321c850fe6105002cf1,8128818d8ea8f5c3517d04da28955f010269df61e756429957a0a032386f6c51
fixture-bank-15:0:4,fixture-scene-15,target-b,fixture-bank-15,0,4,wrong_city,2.2389106845495443,2.340453963641383,-2.3289473684210527,-0.32894736842105265,5.290655031629358,csi-pairs-v6-software-fixture,ded1ec639ff3e6fd5eba769d42db1ed36222a48af333a30a670254b30b164b74,620f300cbec1f56da4691882bc7dbe52593dc597fc62f6ae925c0f6ac72f1c6b,True,FORBIDDEN,0901433cbfe906073eae45118a1466e03afab04a766a3061a988ffe089ba4e01,9548a24a4faf5db17b5251df407b4402de033ae8648ec321c850fe6105002cf1,8128818d8ea8f5c3517d04da28955f010269df61e756429957a0a032386f6c51
fixture-bank-15:0:4,fixture-scene-15,target-b,fixture-bank-15,0,4,geometry_destroyed,1.3619436934348779,1.2841752077279673,-2.3289473684210527,-0.32894736842105265,4.028007109746661,csi-pairs-v6-software-fixture,ded1ec639ff3e6fd5eba769d42db1ed36222a48af333a30a670254b30b164b74,620f300cbec1f56da4691882bc7dbe52593dc597fc62f6ae925c0f6ac72f1c6b,True,FORBIDDEN,0901433cbfe906073eae45118a1466e03afab04a766a3061a988ffe089ba4e01,9548a24a4faf5db17b5251df407b4402de033ae8648ec321c850fe6105002cf1,8128818d8ea8f5c3517d04da28955f010269df61e756429957a0a032386f6c51
fixture-bank-15:0:4,fixture-scene-15,target-b,fixture-bank-15,0,4,empty,1.777649958357619,1.7284575241959819,-2.3289473684210527,-0.32894736842105265,4.593153219354896,csi-pairs-v6-software-fixture,ded1ec639ff3e6fd5eba769d42db1ed36222a48af333a30a670254b30b164b74,620f300cbec1f56da4691882bc7dbe52593dc597fc62f6ae925c0f6ac72f1c6b,True,FORBIDDEN,0901433cbfe906073eae45118a1466e03afab04a766a3061a988ffe089ba4e01,9548a24a4faf5db17b5251df407b4402de033ae8648ec321c850fe6105002cf1,8128818d8ea8f5c3517d04da28955f010269df61e756429957a0a032386f6c51
fixture-bank-15:0:5,fixture-scene-15,target-b,fixture-bank-15,0,5,correct,-5.147250034307082,-2.5712276508088032,1.671052631578947,-2.3289473684210527,6.822605878904513,csi-pairs-v6-software-fixture,ded1ec639ff3e6fd5eba769d42db1ed36222a48af333a30a670254b30b164b74,620f300cbec1f56da4691882bc7dbe52593dc597fc62f6ae925c0f6ac72f1c6b,True,FORBIDDEN,0901433cbfe906073eae45118a1466e03afab04a766a3061a988ffe089ba4e01,9548a24a4faf5db17b5251df407b4402de033ae8648ec321c850fe6105002cf1,8128818d8ea8f5c3517d04da28955f010269df61e756429957a0a032386f6c51
fixture-bank-15:0:5,fixture-scene-15,target-b,fixture-bank-15,0,5,paired_active_alternative,-5.669604458508694,-3.173037603889165,1.671052631578947,-2.3289473684210527,7.389028003727321,csi-pairs-v6-software-fixture,ded1ec639ff3e6fd5eba769d42db1ed36222a48af333a30a670254b30b164b74,620f300cbec1f56da4691882bc7dbe52593dc597fc62f6ae925c0f6ac72f1c6b,True,FORBIDDEN,0901433cbfe906073eae45118a1466e03afab04a766a3061a988ffe089ba4e01,9548a24a4faf5db17b5251df407b4402de033ae8648ec321c850fe6105002cf1,8128818d8ea8f5c3517d04da28955f010269df61e756429957a0a032386f6c51
fixture-bank-15:0:5,fixture-scene-15,target-b,fixture-bank-15,0,5,paired_null_alternative,-5.3970117313452555,-2.4691581760625394,1.671052631578947,-2.3289473684210527,7.069454923048777,csi-pairs-v6-software-fixture,ded1ec639ff3e6fd5eba769d42db1ed36222a48af333a30a670254b30b164b74,620f300cbec1f56da4691882bc7dbe52593dc597fc62f6ae925c0f6ac72f1c6b,True,FORBIDDEN,0901433cbfe906073eae45118a1466e03afab04a766a3061a988ffe089ba4e01,9548a24a4faf5db17b5251df407b4402de033ae8648ec321c850fe6105002cf1,8128818d8ea8f5c3517d04da28955f010269df61e756429957a0a032386f6c51
fixture-bank-15:0:5,fixture-scene-15,target-b,fixture-bank-15,0,5,wrong_city,-5.147250034307082,-2.5712276508088032,1.671052631578947,-2.3289473684210527,6.822605878904513,csi-pairs-v6-software-fixture,ded1ec639ff3e6fd5eba769d42db1ed36222a48af333a30a670254b30b164b74,620f300cbec1f56da4691882bc7dbe52593dc597fc62f6ae925c0f6ac72f1c6b,True,FORBIDDEN,0901433cbfe906073eae45118a1466e03afab04a766a3061a988ffe089ba4e01,9548a24a4faf5db17b5251df407b4402de033ae8648ec321c850fe6105002cf1,8128818d8ea8f5c3517d04da28955f010269df61e756429957a0a032386f6c51
fixture-bank-15:0:5,fixture-scene-15,target-b,fixture-bank-15,0,5,geometry_destroyed,-6.086222287551619,-3.5782207429748656,1.671052631578947,-2.3289473684210527,7.857225854927501,csi-pairs-v6-software-fixture,ded1ec639ff3e6fd5eba769d42db1ed36222a48af333a30a670254b30b164b74,620f300cbec1f56da4691882bc7dbe52593dc597fc62f6ae925c0f6ac72f1c6b,True,FORBIDDEN,0901433cbfe906073eae45118a1466e03afab04a766a3061a988ffe089ba4e01,9548a24a4faf5db17b5251df407b4402de033ae8648ec321c850fe6105002cf1,8128818d8ea8f5c3517d04da28955f010269df61e756429957a0a032386f6c51
fixture-bank-15:0:5,fixture-scene-15,target-b,fixture-bank-15,0,5,empty,-5.608510760499004,-3.183224090254202,1.671052631578947,-2.3289473684210527,7.329517848859326,csi-pairs-v6-software-fixture,ded1ec639ff3e6fd5eba769d42db1ed36222a48af333a30a670254b30b164b74,620f300cbec1f56da4691882bc7dbe52593dc597fc62f6ae925c0f6ac72f1c6b,True,FORBIDDEN,0901433cbfe906073eae45118a1466e03afab04a766a3061a988ffe089ba4e01,9548a24a4faf5db17b5251df407b4402de033ae8648ec321c850fe6105002cf1,8128818d8ea8f5c3517d04da28955f010269df61e756429957a0a032386f6c51
fixture-bank-15:0:6,fixture-scene-15,target-b,fixture-bank-15,0,6,correct,-1.3886482520002785,3.019027787769553,-0.32894736842105265,1.671052631578947,1.7146436902067093,csi-pairs-v6-software-fixture,ded1ec639ff3e6fd5eba769d42db1ed36222a48af333a30a670254b30b164b74,620f300cbec1f56da4691882bc7dbe52593dc597fc62f6ae925c0f6ac72f1c6b,True,FORBIDDEN,0901433cbfe906073eae45118a1466e03afab04a766a3061a988ffe089ba4e01,9548a24a4faf5db17b5251df407b4402de033ae8648ec321c850fe6105002cf1,8128818d8ea8f5c3517d04da28955f010269df61e756429957a0a032386f6c51
fixture-bank-15:0:6,fixture-scene-15,target-b,fixture-bank-15,0,6,paired_active_alternative,-1.6384099490384532,3.1210972625158164,-0.32894736842105265,1.671052631578947,1.9537967350126328,csi-pairs-v6-software-fixture,ded1ec639ff3e6fd5eba769d42db1ed36222a48af333a30a670254b30b164b74,620f300cbec1f56da4691882bc7dbe52593dc597fc62f6ae925c0f6ac72f1c6b,True,FORBIDDEN,0901433cbfe906073eae45118a1466e03afab04a766a3061a988ffe089ba4e01,9548a24a4faf5db17b5251df407b4402de033ae8648ec321c850fe6105002cf1,8128818d8ea8f5c3517d04da28955f010269df61e756429957a0a032386f6c51
fixture-bank-15:0:6,fixture-scene-15,target-b,fixture-bank-15,0,6,paired_null_alternative,-1.911002676201891,2.4172178346891915,-0.32894736842105265,1.671052631578947,1.7491888140535532,csi-pairs-v6-software-fixture,ded1ec639ff3e6fd5eba769d42db1ed36222a48af333a30a670254b30b164b74,620f300cbec1f56da4691882bc7dbe52593dc597fc62f6ae925c0f6ac72f1c6b,True,FORBIDDEN,0901433cbfe906073eae45118a1466e03afab04a766a3061a988ffe089ba4e01,9548a24a4faf5db17b5251df407b4402de033ae8648ec321c850fe6105002cf1,8128818d8ea8f5c3517d04da28955f010269df61e756429957a0a032386f6c51
fixture-bank-15:0:6,fixture-scene-15,target-b,fixture-bank-15,0,6,wrong_city,-1.3886482520002785,3.019027787769553,-0.32894736842105265,1.671052631578947,1.7146436902067093,csi-pairs-v6-software-fixture,ded1ec639ff3e6fd5eba769d42db1ed36222a48af333a30a670254b30b164b74,620f300cbec1f56da4691882bc7dbe52593dc597fc62f6ae925c0f6ac72f1c6b,True,FORBIDDEN,0901433cbfe906073eae45118a1466e03afab04a766a3061a988ffe089ba4e01,9548a24a4faf5db17b5251df407b4402de033ae8648ec321c850fe6105002cf1,8128818d8ea8f5c3517d04da28955f010269df61e756429957a0a032386f6c51
fixture-bank-15:0:6,fixture-scene-15,target-b,fixture-bank-15,0,6,geometry_destroyed,-3.0761972782359313,1.36051010891999,-0.32894736842105265,1.671052631578947,2.7647456890928046,csi-pairs-v6-software-fixture,ded1ec639ff3e6fd5eba769d42db1ed36222a48af333a30a670254b30b164b74,620f300cbec1f56da4691882bc7dbe52593dc597fc62f6ae925c0f6ac72f1c6b,True,FORBIDDEN,0901433cbfe906073eae45118a1466e03afab04a766a3061a988ffe089ba4e01,9548a24a4faf5db17b5251df407b4402de033ae8648ec321c850fe6105002cf1,8128818d8ea8f5c3517d04da28955f010269df61e756429957a0a032386f6c51
fixture-bank-15:0:6,fixture-scene-15,target-b,fixture-bank-15,0,6,empty,-1.8499089781922062,2.407031348324153,-0.32894736842105265,1.671052631578947,1.689671237223259,csi-pairs-v6-software-fixture,ded1ec639ff3e6fd5eba769d42db1ed36222a48af333a30a670254b30b164b74,620f300cbec1f56da4691882bc7dbe52593dc597fc62f6ae925c0f6ac72f1c6b,True,FORBIDDEN,0901433cbfe906073eae45118a1466e03afab04a766a3061a988ffe089ba4e01,9548a24a4faf5db17b5251df407b4402de033ae8648ec321c850fe6105002cf1,8128818d8ea8f5c3517d04da28955f010269df61e756429957a0a032386f6c51
fixture-bank-15:0:7,fixture-scene-15,target-b,fixture-bank-15,0,7,correct,9.079935428327314,2.379143531456853,2.671052631578947,-0.32894736842105265,6.957552373102103,csi-pairs-v6-software-fixture,ded1ec639ff3e6fd5eba769d42db1ed36222a48af333a30a670254b30b164b74,620f300cbec1f56da4691882bc7dbe52593dc597fc62f6ae925c0f6ac72f1c6b,True,FORBIDDEN,0901433cbfe906073eae45118a1466e03afab04a766a3061a988ffe089ba4e01,9548a24a4faf5db17b5251df407b4402de033ae8648ec321c850fe6105002cf1,8128818d8ea8f5c3517d04da28955f010269df61e756429957a0a032386f6c51
fixture-bank-15:0:7,fixture-scene-15,target-b,fixture-bank-15,0,7,paired_active_alternative,8.830173731289145,2.4812130062031144,2.671052631578947,-0.32894736842105265,6.769916842325554,csi-pairs-v6-software-fixture,ded1ec639ff3e6fd5eba769d42db1ed36222a48af333a30a670254b30b164b74,620f300cbec1f56da4691882bc7dbe52593dc597fc62f6ae925c0f6ac72f1c6b,True,FORBIDDEN,0901433cbfe906073eae45118a1466e03afab04a766a3061a988ffe089ba4e01,9548a24a4faf5db17b5251df407b4402de033ae8648ec321c850fe6105002cf1,8128818d8ea8f5c3517d04da28955f010269df61e756429957a0a032386f6c51
fixture-bank-15:0:7,fixture-scene-15,target-b,fixture-bank-15,0,7,paired_null_alternative,8.557581004125703,1.77733357837649,2.671052631578947,-0.32894736842105265,6.252010533231715,csi-pairs-v6-software-fixture,ded1ec639ff3e6fd5eba769d42db1ed36222a48af333a30a670254b30b164b74,620f300cbec1f56da4691882bc7dbe52593dc597fc62f6ae925c0f6ac72f1c6b,True,FORBIDDEN,0901433cbfe906073eae45118a1466e03afab04a766a3061a988ffe089ba4e01,9548a24a4faf5db17b5251df407b4402de033ae8648ec321c850fe6105002cf1,8128818d8ea8f5c3517d04da28955f010269df61e756429957a0a032386f6c51
fixture-bank-15:0:7,fixture-scene-15,target-b,fixture-bank-15,0,7,wrong_city,9.079935428327314,2.379143531456853,2.671052631578947,-0.32894736842105265,6.957552373102103,csi-pairs-v6-software-fixture,ded1ec639ff3e6fd5eba769d42db1ed36222a48af333a30a670254b30b164b74,620f300cbec1f56da4691882bc7dbe52593dc597fc62f6ae925c0f6ac72f1c6b,True,FORBIDDEN,0901433cbfe906073eae45118a1466e03afab04a766a3061a988ffe089ba4e01,9548a24a4faf5db17b5251df407b4402de033ae8648ec321c850fe6105002cf1,8128818d8ea8f5c3517d04da28955f010269df61e756429957a0a032386f6c51
fixture-bank-15:0:7,fixture-scene-15,target-b,fixture-bank-15,0,7,geometry_destroyed,9.224501863278578,2.3792910536343284,2.671052631578947,-0.32894736842105265,7.090997968069199,csi-pairs-v6-software-fixture,ded1ec639ff3e6fd5eba769d42db1ed36222a48af333a30a670254b30b164b74,620f300cbec1f56da4691882bc7dbe52593dc597fc62f6ae925c0f6ac72f1c6b,True,FORBIDDEN,0901433cbfe906073eae45118a1466e03afab04a766a3061a988ffe089ba4e01,9548a24a4faf5db17b5251df407b4402de033ae8648ec321c850fe6105002cf1,8128818d8ea8f5c3517d04da28955f010269df61e756429957a0a032386f6c51
fixture-bank-15:0:7,fixture-scene-15,target-b,fixture-bank-15,0,7,empty,8.618674702135396,1.7671470920114518,2.671052631578947,-0.32894736842105265,6.3061731883310985,csi-pairs-v6-software-fixture,ded1ec639ff3e6fd5eba769d42db1ed36222a48af333a30a670254b30b164b74,620f300cbec1f56da4691882bc7dbe52593dc597fc62f6ae925c0f6ac72f1c6b,True,FORBIDDEN,0901433cbfe906073eae45118a1466e03afab04a766a3061a988ffe089ba4e01,9548a24a4faf5db17b5251df407b4402de033ae8648ec321c850fe6105002cf1,8128818d8ea8f5c3517d04da28955f010269df61e756429957a0a032386f6c51
fixture-bank-15:1:4,fixture-scene-15,target-b,fixture-bank-15,1,4,correct,1.4053159241654554,2.0714974053467747,-2.3289473684210527,-0.32894736842105265,4.439240638923318,csi-pairs-v6-software-fixture,ded1ec639ff3e6fd5eba769d42db1ed36222a48af333a30a670254b30b164b74,620f300cbec1f56da4691882bc7dbe52593dc597fc62f6ae925c0f6ac72f1c6b,True,FORBIDDEN,0901433cbfe906073eae45118a1466e03afab04a766a3061a988ffe089ba4e01,9548a24a4faf5db17b5251df407b4402de033ae8648ec321c850fe6105002cf1,8128818d8ea8f5c3517d04da28955f010269df61e756429957a0a032386f6c51
fixture-bank-15:1:4,fixture-scene-15,target-b,fixture-bank-15,1,4,paired_active_alternative,1.9276703483670674,2.6733073584271363,-2.3289473684210527,-0.32894736842105265,5.208870110854829,csi-pairs-v6-software-fixture,ded1ec639ff3e6fd5eba769d42db1ed36222a48af333a30a670254b30b164b74,620f300cbec1f56da4691882bc7dbe52593dc597fc62f6ae925c0f6ac72f1c6b,True,FORBIDDEN,0901433cbfe906073eae45118a1466e03afab04a766a3061a988ffe089ba4e01,9548a24a4faf5db17b5251df407b4402de033ae8648ec321c850fe6105002cf1,8128818d8ea8f5c3517d04da28955f010269df61e756429957a0a032386f6c51
fixture-bank-15:1:4,fixture-scene-15,target-b,fixture-bank-15,1,4,paired_null_alternative,1.4211847811782157,2.4642019711934178,-2.3289473684210527,-0.32894736842105265,4.676021211761852,csi-pairs-v6-software-fixture,ded1ec639ff3e6fd5eba769d42db1ed36222a48af333a30a670254b30b164b74,620f300cbec1f56da4691882bc7dbe52593dc597fc62f6ae925c0f6ac72f1c6b,True,FORBIDDEN,0901433cbfe906073eae45118a1466e03afab04a766a3061a988ffe089ba4e01,9548a24a4faf5db17b5251df407b4402de033ae8648ec321c850fe6105002cf1,8128818d8ea8f5c3517d04da28955f010269df61e756429957a0a032386f6c51
fixture-bank-15:1:4,fixture-scene-15,target-b,fixture-bank-15,1,4,wrong_city,1.9276703483670674,2.6733073584271363,-2.3289473684210527,-0.32894736842105265,5.208870110854829,csi-pairs-v6-software-fixture,ded1ec639ff3e6fd5eba769d42db1ed36222a48af333a30a670254b30b164b74,620f300cbec1f56da4691882bc7dbe52593dc597fc62f6ae925c0f6ac72f1c6b,True,FORBIDDEN,0901433cbfe906073eae45118a1466e03afab04a766a3061a988ffe089ba4e01,9548a24a4faf5db17b5251df407b4402de033ae8648ec321c850fe6105002cf1,8128818d8ea8f5c3517d04da28955f010269df61e756429957a0a032386f6c51
fixture-bank-15:1:4,fixture-scene-15,target-b,fixture-bank-15,1,4,geometry_destroyed,0.8078164168826871,1.6027060063720302,-2.3289473684210527,-0.32894736842105265,3.68382570232938,csi-pairs-v6-software-fixture,ded1ec639ff3e6fd5eba769d42db1ed36222a48af333a30a670254b30b164b74,620f300cbec1f56da4691882bc7dbe52593dc597fc62f6ae925c0f6ac72f1c6b,True,FORBIDDEN,0901433cbfe906073eae45118a1466e03afab04a766a3061a988ffe089ba4e01,9548a24a4faf5db17b5251df407b4402de033ae8648ec321c850fe6105002cf1,8128818d8ea8f5c3517d04da28955f010269df61e756429957a0a032386f6c51
fixture-bank-15:1:4,fixture-scene-15,target-b,fixture-bank-15,1,4,empty,1.4664096221751417,2.0613109189817362,-2.3289473684210527,-0.32894736842105265,4.485317086512961,csi-pairs-v6-software-fixture,ded1ec639ff3e6fd5eba769d42db1ed36222a48af333a30a670254b30b164b74,620f300cbec1f56da4691882bc7dbe52593dc597fc62f6ae925c0f6ac72f1c6b,True,FORBIDDEN,0901433cbfe906073eae45118a1466e03afab04a766a3061a988ffe089ba4e01,9548a24a4faf5db17b5251df407b4402de033ae8648ec321c850fe6105002cf1,8128818d8ea8f5c3517d04da28955f010269df61e756429957a0a032386f6c51
fixture-bank-15:1:5,fixture-scene-15,target-b,fixture-bank-15,1,5,correct,-5.777422037948366,-2.9783439869494988,1.671052631578947,-2.3289473684210527,7.47672995839399,csi-pairs-v6-software-fixture,ded1ec639ff3e6fd5eba769d42db1ed36222a48af333a30a670254b30b164b74,620f300cbec1f56da4691882bc7dbe52593dc597fc62f6ae925c0f6ac72f1c6b,True,FORBIDDEN,0901433cbfe906073eae45118a1466e03afab04a766a3061a988ffe089ba4e01,9548a24a4faf5db17b5251df407b4402de033ae8648ec321c850fe6105002cf1,8128818d8ea8f5c3517d04da28955f010269df61e756429957a0a032386f6c51
fixture-bank-15:1:5,fixture-scene-15,target-b,fixture-bank-15,1,5,paired_active_alternative,-5.255067613746754,-2.376534033869137,1.671052631578947,-2.3289473684210527,6.926283718087141,csi-pairs-v6-software-fixture,ded1ec639ff3e6fd5eba769d42db1ed36222a48af333a30a670254b30b164b74,620f300cbec1f56da4691882bc7dbe52593dc597fc62f6ae925c0f6ac72f1c6b,True,FORBIDDEN,0901433cbfe906073eae45118a1466e03afab04a766a3061a988ffe089ba4e01,9548a24a4faf5db17b5251df407b4402de033ae8648ec321c850fe6105002cf1,8128818d8ea8f5c3517d04da28955f010269df61e756429957a0a032386f6c51
fixture-bank-15:1:5,fixture-scene-15,target-b,fixture-bank-15,1,5,paired_null_alternative,-5.761553180935605,-2.585639421102855,1.671052631578947,-2.3289473684210527,7.437037042676008,csi-pairs-v6-software-fixture,ded1ec639ff3e6fd5eba769d42db1ed36222a48af333a30a670254b30b164b74,620f300cbec1f56da4691882bc7dbe52593dc597fc62f6ae925c0f6ac72f1c6b,True,FORBIDDEN,0901433cbfe906073eae45118a1466e03afab04a766a3061a988ffe089ba4e01,9548a24a4faf5db17b5251df407b4402de033ae8648ec321c850fe6105002cf1,8128818d8ea8f5c3517d04da28955f010269df61e756429957a0a032386f6c51
fixture-bank-15:1:5,fixture-scene-15,target-b,fixture-bank-15,1,5,wrong_city,-5.255067613746754,-2.376534033869137,1.671052631578947,-2.3289473684210527,6.926283718087141,csi-pairs-v6-software-fixture,ded1ec639ff3e6fd5eba769d42db1ed36222a48af333a30a670254b30b164b74,620f300cbec1f56da4691882bc7dbe52593dc597fc62f6ae925c0f6ac72f1c6b,True,FORBIDDEN,0901433cbfe906073eae45118a1466e03afab04a766a3061a988ffe089ba4e01,9548a24a4faf5db17b5251df407b4402de033ae8648ec321c850fe6105002cf1,8128818d8ea8f5c3517d04da28955f010269df61e756429957a0a032386f6c51
fixture-bank-15:1:5,fixture-scene-15,target-b,fixture-bank-15,1,5,geometry_destroyed,-6.935612418073395,-4.1759099670196616,1.671052631578947,-2.3289473684210527,8.802610642163453,csi-pairs-v6-software-fixture,ded1ec639ff3e6fd5eba769d42db1ed36222a48af333a30a670254b30b164b74,620f300cbec1f56da4691882bc7dbe52593dc597fc62f6ae925c0f6ac72f1c6b,True,FORBIDDEN,0901433cbfe906073eae45118a1466e03afab04a766a3061a988ffe089ba4e01,9548a24a4faf5db17b5251df407b4402de033ae8648ec321c850fe6105002cf1,8128818d8ea8f5c3517d04da28955f010269df61e756429957a0a032386f6c51
fixture-bank-15:1:5,fixture-scene-15,target-b,fixture-bank-15,1,5,empty,-5.716328339938676,-2.988530473314536,1.671052631578947,-2.3289473684210527,7.416767994928896,csi-pairs-v6-software-fixture,ded1ec639ff3e6fd5eba769d42db1ed36222a48af333a30a670254b30b164b74,620f300cbec1f56da4691882bc7dbe52593dc597fc62f6ae925c0f6ac72f1c6b,True,FORBIDDEN,0901433cbfe906073eae45118a1466e03afab04a766a3061a988ffe089ba4e01,9548a24a4faf5db17b5251df407b4402de033ae8648ec321c850fe6105002cf1,8128818d8ea8f5c3517d04da28955f010269df61e756429957a0a032386f6c51
fixture-bank-15:1:6,fixture-scene-15,target-b,fixture-bank-15,1,6,correct,-1.9110356119584757,2.4176939665101957,-0.32894736842105265,1.671052631578947,1.7494217597158341,csi-pairs-v6-software-fixture,ded1ec639ff3e6fd5eba769d42db1ed36222a48af333a30a670254b30b164b74,620f300cbec1f56da4691882bc7dbe52593dc597fc62f6ae925c0f6ac72f1c6b,True,FORBIDDEN,0901433cbfe906073eae45118a1466e03afab04a766a3061a988ffe089ba4e01,9548a24a4faf5db17b5251df407b4402de033ae8648ec321c850fe6105002cf1,8128818d8ea8f5c3517d04da28955f010269df61e756429957a0a032386f6c51
fixture-bank-15:1:6,fixture-scene-15,target-b,fixture-bank-15,1,6,paired_active_alternative,-1.895166754945716,2.8103985323568397,-0.32894736842105265,1.671052631578947,1.9367891594969961,csi-pairs-v6-software-fixture,ded1ec639ff3e6fd5eba769d42db1ed36222a48af333a30a670254b30b164b74,620f300cbec1f56da4691882bc7dbe52593dc597fc62f6ae925c0f6ac72f1c6b,True,FORBIDDEN,0901433cbfe906073eae45118a1466e03afab04a766a3061a988ffe089ba4e01,9548a24a4faf5db17b5251df407b4402de033ae8648ec321c850fe6105002cf1,8128818d8ea8f5c3517d04da28955f010269df61e756429957a0a032386f6c51
fixture-bank-15:1:6,fixture-scene-15,target-b,fixture-bank-15,1,6,paired_null_alternative,-1.3886811877568632,3.0195039195905573,-0.32894736842105265,1.671052631578947,1.7150383797408837,csi-pairs-v6-software-fixture,ded1ec639ff3e6fd5eba769d42db1ed36222a48af333a30a670254b30b164b74,620f300cbec1f56da4691882bc7dbe52593dc597fc62f6ae925c0f6ac72f1c6b,True,FORBIDDEN,0901433cbfe906073eae45118a1466e03afab04a766a3061a988ffe089ba4e01,9548a24a4faf5db17b5251df407b4402de033ae8648ec321c850fe6105002cf1,8128818d8ea8f5c3517d04da28955f010269df61e756429957a0a032386f6c51
fixture-bank-15:1:6,fixture-scene-15,target-b,fixture-bank-15,1,6,wrong_city,-1.3886811877568632,3.0195039195905573,-0.32894736842105265,1.671052631578947,1.7150383797408837,csi-pairs-v6-software-fixture,ded1ec639ff3e6fd5eba769d42db1ed36222a48af333a30a670254b30b164b74,620f300cbec1f56da4691882bc7dbe52593dc597fc62f6ae925c0f6ac72f1c6b,True,FORBIDDEN,0901433cbfe906073eae45118a1466e03afab04a766a3061a988ffe089ba4e01,9548a24a4faf5db17b5251df407b4402de033ae8648ec321c850fe6105002cf1,8128818d8ea8f5c3517d04da28955f010269df61e756429957a0a032386f6c51
fixture-bank-15:1:6,fixture-scene-15,target-b,fixture-bank-15,1,6,geometry_destroyed,-2.1579207762355193,2.1552810048115716,-0.32894736842105265,1.671052631578947,1.8919885950861273,csi-pairs-v6-software-fixture,ded1ec639ff3e6fd5eba769d42db1ed36222a48af333a30a670254b30b164b74,620f300cbec1f56da4691882bc7dbe52593dc597fc62f6ae925c0f6ac72f1c6b,True,FORBIDDEN,0901433cbfe906073eae45118a1466e03afab04a766a3061a988ffe089ba4e01,9548a24a4faf5db17b5251df407b4402de033ae8648ec321c850fe6105002cf1,8128818d8ea8f5c3517d04da28955f010269df61e756429957a0a032386f6c51
fixture-bank-15:1:6,fixture-scene-15,target-b,fixture-bank-15,1,6,empty,-1.8499419139487914,2.4075074801451573,-0.32894736842105265,1.671052631578947,1.6899083263602828,csi-pairs-v6-software-fixture,ded1ec639ff3e6fd5eba769d42db1ed36222a48af333a30a670254b30b164b74,620f300cbec1f56da4691882bc7dbe52593dc597fc62f6ae925c0f6ac72f1c6b,True,FORBIDDEN,0901433cbfe906073eae45118a1466e03afab04a766a3061a988ffe089ba4e01,9548a24a4faf5db17b5251df407b4402de033ae8648ec321c850fe6105002cf1,8128818d8ea8f5c3517d04da28955f010269df61e756429957a0a032386f6c51
fixture-bank-15:1:7,fixture-scene-15,target-b,fixture-bank-15,1,7,correct,8.557653724866677,1.7776444688213233,2.671052631578947,-0.32894736842105265,6.252183746518692,csi-pairs-v6-software-fixture,ded1ec639ff3e6fd5eba769d42db1ed36222a48af333a30a670254b30b164b74,620f300cbec1f56da4691882bc7dbe52593dc597fc62f6ae925c0f6ac72f1c6b,True,FORBIDDEN,0901433cbfe906073eae45118a1466e03afab04a766a3061a988ffe089ba4e01,9548a24a4faf5db17b5251df407b4402de033ae8648ec321c850fe6105002cf1,8128818d8ea8f5c3517d04da28955f010269df61e756429957a0a032386f6c51
fixture-bank-15:1:7,fixture-scene-15,target-b,fixture-bank-15,1,7,paired_active_alternative,8.573522581879443,2.170349034667967,2.671052631578947,-0.32894736842105265,6.409807643345785,csi-pairs-v6-software-fixture,ded1ec639ff3e6fd5eba769d42db1ed36222a48af333a30a670254b30b164b74,620f300cbec1f56da4691882bc7dbe52593dc597fc62f6ae925c0f6ac72f1c6b,True,FORBIDDEN,0901433cbfe906073eae45118a1466e03afab04a766a3061a988ffe089ba4e01,9548a24a4faf5db17b5251df407b4402de033ae8648ec321c850fe6105002cf1,8128818d8ea8f5c3517d04da28955f010269df61e756429957a0a032386f6c51
fixture-bank-15:1:7,fixture-scene-15,target-b,fixture-bank-15,1,7,paired_null_alternative,9.080008149068288,2.3794544219016864,2.671052631578947,-0.32894736842105265,6.957740371915331,csi-pairs-v6-software-fixture,ded1ec639ff3e6fd5eba769d42db1ed36222a48af333a30a670254b30b164b74,620f300cbec1f56da4691882bc7dbe52593dc597fc62f6ae925c0f6ac72f1c6b,True,FORBIDDEN,0901433cbfe906073eae45118a1466e03afab04a766a3061a988ffe089ba4e01,9548a24a4faf5db17b5251df407b4402de033ae8648ec321c850fe6105002cf1,8128818d8ea8f5c3517d04da28955f010269df61e756429957a0a032386f6c51
fixture-bank-15:1:7,fixture-scene-15,target-b,fixture-bank-15,1,7,wrong_city,9.080008149068288,2.3794544219016864,2.671052631578947,-0.32894736842105265,6.957740371915331,csi-pairs-v6-software-fixture,ded1ec639ff3e6fd5eba769d42db1ed36222a48af333a30a670254b30b164b74,620f300cbec1f56da4691882bc7dbe52593dc597fc62f6ae925c0f6ac72f1c6b,True,FORBIDDEN,0901433cbfe906073eae45118a1466e03afab04a766a3061a988ffe089ba4e01,9548a24a4faf5db17b5251df407b4402de033ae8648ec321c850fe6105002cf1,8128818d8ea8f5c3517d04da28955f010269df61e756429957a0a032386f6c51
fixture-bank-15:1:7,fixture-scene-15,target-b,fixture-bank-15,1,7,geometry_destroyed,7.301602593817605,0.6175611569859091,2.671052631578947,-0.32894736842105265,4.726295731485335,csi-pairs-v6-software-fixture,ded1ec639ff3e6fd5eba769d42db1ed36222a48af333a30a670254b30b164b74,620f300cbec1f56da4691882bc7dbe52593dc597fc62f6ae925c0f6ac72f1c6b,True,FORBIDDEN,0901433cbfe906073eae45118a1466e03afab04a766a3061a988ffe089ba4e01,9548a24a4faf5db17b5251df407b4402de033ae8648ec321c850fe6105002cf1,8128818d8ea8f5c3517d04da28955f010269df61e756429957a0a032386f6c51
fixture-bank-15:1:7,fixture-scene-15,target-b,fixture-bank-15,1,7,empty,8.618747422876368,1.767457982456285,2.671052631578947,-0.32894736842105265,6.30634511627881,csi-pairs-v6-software-fixture,ded1ec639ff3e6fd5eba769d42db1ed36222a48af333a30a670254b30b164b74,620f300cbec1f56da4691882bc7dbe52593dc597fc62f6ae925c0f6ac72f1c6b,True,FORBIDDEN,0901433cbfe906073eae45118a1466e03afab04a766a3061a988ffe089ba4e01,9548a24a4faf5db17b5251df407b4402de033ae8648ec321c850fe6105002cf1,8128818d8ea8f5c3517d04da28955f010269df61e756429957a0a032386f6c51
fixture-bank-15:2:4,fixture-scene-15,target-b,fixture-bank-15,2,4,correct,1.9889306321426472,2.4425014476525573,-2.3289473684210527,-0.32894736842105265,5.130789312363916,csi-pairs-v6-software-fixture,ded1ec639ff3e6fd5eba769d42db1ed36222a48af333a30a670254b30b164b74,620f300cbec1f56da4691882bc7dbe52593dc597fc62f6ae925c0f6ac72f1c6b,True,FORBIDDEN,0901433cbfe906073eae45118a1466e03afab04a766a3061a988ffe089ba4e01,9548a24a4faf5db17b5251df407b4402de033ae8648ec321c850fe6105002cf1,8128818d8ea8f5c3517d04da28955f010269df61e756429957a0a032386f6c51
fixture-bank-15:2:4,fixture-scene-15,target-b,fixture-bank-15,2,4,paired_active_alternative,1.7322067619919714,2.131326585672577,-2.3289473684210527,-0.32894736842105265,4.748254500357186,csi-pairs-v6-software-fixture,ded1ec639ff3e6fd5eba769d42db1ed36222a48af333a30a670254b30b164b74,620f300cbec1f56da4691882bc7dbe52593dc597fc62f6ae925c0f6ac72f1c6b,True,FORBIDDEN,0901433cbfe906073eae45118a1466e03afab04a766a3061a988ffe089ba4e01,9548a24a4faf5db17b5251df407b4402de033ae8648ec321c850fe6105002cf1,8128818d8ea8f5c3517d04da28955f010269df61e756429957a0a032386f6c51
fixture-bank-15:2:4,fixture-scene-15,target-b,fixture-bank-15,2,4,paired_null_alternative,2.238692329180823,2.3404319729062957,-2.3289473684210527,-0.32894736842105265,5.290455412817859,csi-pairs-v6-software-fixture,ded1ec639ff3e6fd5eba769d42db1ed36222a48af333a30a670254b30b164b74,620f300cbec1f56da4691882bc7dbe52593dc597fc62f6ae925c0f6ac72f1c6b,True,FORBIDDEN,0901433cbfe906073eae45118a1466e03afab04a766a3061a988ffe089ba4e01,9548a24a4faf5db17b5251df407b4402de033ae8648ec321c850fe6105002cf1,8128818d8ea8f5c3517d04da28955f010269df61e756429957a0a032386f6c51
fixture-bank-15:2:4,fixture-scene-15,target-b,fixture-bank-15,2,4,wrong_city,2.238692329180823,2.3404319729062957,-2.3289473684210527,-0.32894736842105265,5.290455412817859,csi-pairs-v6-software-fixture,ded1ec639ff3e6fd5eba769d42db1ed36222a48af333a30a670254b30b164b74,620f300cbec1f56da4691882bc7dbe52593dc597fc62f6ae925c0f6ac72f1c6b,True,FORBIDDEN,0901433cbfe906073eae45118a1466e03afab04a766a3061a988ffe089ba4e01,9548a24a4faf5db17b5251df407b4402de033ae8648ec321c850fe6105002cf1,8128818d8ea8f5c3517d04da28955f010269df61e756429957a0a032386f6c51
fixture-bank-15:2:4,fixture-scene-15,target-b,fixture-bank-15,2,4,geometry_destroyed,1.2700058320629184,1.4133437970999505,-2.3289473684210527,-0.32894736842105265,3.9985050512318168,csi-pairs-v6-software-fixture,ded1ec639ff3e6fd5eba769d42db1ed36222a48af333a30a670254b30b164b74,620f300cbec1f56da4691882bc7dbe52593dc597fc62f6ae925c0f6ac72f1c6b,True,FORBIDDEN,0901433cbfe906073eae45118a1466e03afab04a766a3061a988ffe089ba4e01,9548a24a4faf5db17b5251df407b4402de033ae8648ec321c850fe6105002cf1,8128818d8ea8f5c3517d04da28955f010269df61e756429957a0a032386f6c51
fixture-bank-15:2:4,fixture-scene-15,target-b,fixture-bank-15,2,4,empty,1.7774316029888977,1.7284355334608947,-2.3289473684210527,-0.32894736842105265,4.592948144905843,csi-pairs-v6-software-fixture,ded1ec639ff3e6fd5eba769d42db1ed36222a48af333a30a670254b30b164b74,620f300cbec1f56da4691882bc7dbe52593dc597fc62f6ae925c0f6ac72f1c6b,True,FORBIDDEN,0901433cbfe906073eae45118a1466e03afab04a766a3061a988ffe089ba4e01,9548a24a4faf5db17b5251df407b4402de033ae8648ec321c850fe6105002cf1,8128818d8ea8f5c3517d04da28955f010269df61e756429957a0a032386f6c51
fixture-bank-15:2:5,fixture-scene-15,target-b,fixture-bank-15,2,5,correct,-5.39719948006678,-2.469200274898587,1.671052631578947,-2.3289473684210527,7.069643469904241,csi-pairs-v6-software-fixture,ded1ec639ff3e6fd5eba769d42db1ed36222a48af333a30a670254b30b164b74,620f300cbec1f56da4691882bc7dbe52593dc597fc62f6ae925c0f6ac72f1c6b,True,FORBIDDEN,0901433cbfe906073eae45118a1466e03afab04a766a3061a988ffe089ba4e01,9548a24a4faf5db17b5251df407b4402de033ae8648ec321c850fe6105002cf1,8128818d8ea8f5c3517d04da28955f010269df61e756429957a0a032386f6c51
fixture-bank-15:2:5,fixture-scene-15,target-b,fixture-bank-15,2,5,paired_active_alternative,-5.653923350217459,-2.7803751368785683,1.671052631578947,-2.3289473684210527,7.338873221689332,csi-pairs-v6-software-fixture,ded1ec639ff3e6fd5eba769d42db1ed36222a48af333a30a670254b30b164b74,620f300cbec1f56da4691882bc7dbe52593dc597fc62f6ae925c0f6ac72f1c6b,True,FORBIDDEN,0901433cbfe906073eae45118a1466e03afab04a766a3061a988ffe089ba4e01,9548a24a4faf5db17b5251df407b4402de033ae8648ec321c850fe6105002cf1,8128818d8ea8f5c3517d04da28955f010269df61e756429957a0a032386f6c51
fixture-bank-15:2:5,fixture-scene-15,target-b,fixture-bank-15,2,5,paired_null_alternative,-5.147437783028608,-2.571269749644851,1.671052631578947,-2.3289473684210527,6.822795004287984,csi-pairs-v6-software-fixture,ded1ec639ff3e6fd5eba769d42db1ed36222a48af333a30a670254b30b164b74,620f300cbec1f56da4691882bc7dbe52593dc597fc62f6ae925c0f6ac72f1c6b,True,FORBIDDEN,0901433cbfe906073eae45118a1466e03afab04a766a3061a988ffe089ba4e01,9548a24a4faf5db17b5251df407b4402de033ae8648ec321c850fe6105002cf1,8128818d8ea8f5c3517d04da28955f010269df61e756429957a0a032386f6c51
fixture-bank-15:2:5,fixture-scene-15,target-b,fixture-bank-15,2,5,wrong_city,-5.147437783028608,-2.571269749644851,1.671052631578947,-2.3289473684210527,6.822795004287984,csi-pairs-v6-software-fixture,ded1ec639ff3e6fd5eba769d42db1ed36222a48af333a30a670254b30b164b74,620f300cbec1f56da4691882bc7dbe52593dc597fc62f6ae925c0f6ac72f1c6b,True,FORBIDDEN,0901433cbfe906073eae45118a1466e03afab04a766a3061a988ffe089ba4e01,9548a24a4faf5db17b5251df407b4402de033ae8648ec321c850fe6105002cf1,8128818d8ea8f5c3517d04da28955f010269df61e756429957a0a032386f6c51
fixture-bank-15:2:5,fixture-scene-15,target-b,fixture-bank-15,2,5,geometry_destroyed,-6.18911052853582,-3.6017558906944593,1.671052631578947,-2.3289473684210527,7.962550247125425,csi-pairs-v6-software-fixture,ded1ec639ff3e6fd5eba769d42db1ed36222a48af333a30a670254b30b164b74,620f300cbec1f56da4691882bc7dbe52593dc597fc62f6ae925c0f6ac72f1c6b,True,FORBIDDEN,0901433cbfe906073eae45118a1466e03afab04a766a3061a988ffe089ba4e01,9548a24a4faf5db17b5251df407b4402de033ae8648ec321c850fe6105002cf1,8128818d8ea8f5c3517d04da28955f010269df61e756429957a0a032386f6c51
fixture-bank-15:2:5,fixture-scene-15,target-b,fixture-bank-15,2,5,empty,-5.60869850922053,-3.18326618909025,1.671052631578947,-2.3289473684210527,7.329709224745611,csi-pairs-v6-software-fixture,ded1ec639ff3e6fd5eba769d42db1ed36222a48af333a30a670254b30b164b74,620f300cbec1f56da4691882bc7dbe52593dc597fc62f6ae925c0f6ac72f1c6b,True,FORBIDDEN,0901433cbfe906073eae45118a1466e03afab04a766a3061a988ffe089ba4e01,9548a24a4faf5db17b5251df407b4402de033ae8648ec321c850fe6105002cf1,8128818d8ea8f5c3517d04da28955f010269df61e756429957a0a032386f6c51
fixture-bank-15:2:6,fixture-scene-15,target-b,fixture-bank-15,2,6,correct,-1.278913321936684,2.4895400544498094,-0.32894736842105265,1.671052631578947,1.253936590995194,csi-pairs-v6-software-fixture,ded1ec639ff3e6fd5eba769d42db1ed36222a48af333a30a670254b30b164b74,620f300cbec1f56da4691882bc7dbe52593dc597fc62f6ae925c0f6ac72f1c6b,True,FORBIDDEN,0901433cbfe906073eae45118a1466e03afab04a766a3061a988ffe089ba4e01,9548a24a4faf5db17b5251df407b4402de033ae8648ec321c850fe6105002cf1,8128818d8ea8f5c3517d04da28955f010269df61e756429957a0a032386f6c51
fixture-bank-15:2:6,fixture-scene-15,target-b,fixture-bank-15,2,6,paired_active_alternative,-1.0291516248985078,2.387470579703548,-0.32894736842105265,1.671052631578947,1.0017687743108232,csi-pairs-v6-software-fixture,ded1ec639ff3e6fd5eba769d42db1ed36222a48af333a30a670254b30b164b74,620f300cbec1f56da4691882bc7dbe52593dc597fc62f6ae925c0f6ac72f1c6b,True,FORBIDDEN,0901433cbfe906073eae45118a1466e03afab04a766a3061a988ffe089ba4e01,9548a24a4faf5db17b5251df407b4402de033ae8648ec321c850fe6105002cf1,8128818d8ea8f5c3517d04da28955f010269df61e756429957a0a032386f6c51
fixture-bank-15:2:6,fixture-scene-15,target-b,fixture-bank-15,2,6,paired_null_alternative,-1.5356371920873597,2.178365192469829,-0.32894736842105265,1.671052631578947,1.3089944098343156,csi-pairs-v6-software-fixture,ded1ec639ff3e6fd5eba769d42db1ed36222a48af333a30a670254b30b164b74,620f300cbec1f56da4691882bc7dbe52593dc597fc62f6ae925c0f6ac72f1c6b,True,FORBIDDEN,0901433cbfe906073eae45118a1466e03afab04a766a3061a988ffe089ba4e01,9548a24a4faf5db17b5251df407b4402de033ae8648ec321c850fe6105002cf1,8128818d8ea8f5c3517d04da28955f010269df61e756429957a0a032386f6c51
fixture-bank-15:2:6,fixture-scene-15,target-b,fixture-bank-15,2,6,wrong_city,-1.0291516248985078,2.387470579703548,-0.32894736842105265,1.671052631578947,1.0017687743108232,csi-pairs-v6-software-fixture,ded1ec639ff3e6fd5eba769d42db1ed36222a48af333a30a670254b30b164b74,620f300cbec1f56da4691882bc7dbe52593dc597fc62f6ae925c0f6ac72f1c6b,True,FORBIDDEN,0901433cbfe906073eae45118a1466e03afab04a766a3061a988ffe089ba4e01,9548a24a4faf5db17b5251df407b4402de033ae8648ec321c850fe6105002cf1,8128818d8ea8f5c3517d04da28955f010269df61e756429957a0a032386f6c51
fixture-bank-15:2:6,fixture-scene-15,target-b,fixture-bank-15,2,6,geometry_destroyed,-2.521544035371676,0.8529277602168406,-0.32894736842105265,1.671052631578947,2.3402582013667304,csi-pairs-v6-software-fixture,ded1ec639ff3e6fd5eba769d42db1ed36222a48af333a30a670254b30b164b74,620f300cbec1f56da4691882bc7dbe52593dc597fc62f6ae925c0f6ac72f1c6b,True,FORBIDDEN,0901433cbfe906073eae45118a1466e03afab04a766a3061a988ffe089ba4e01,9548a24a4faf5db17b5251df407b4402de033ae8648ec321c850fe6105002cf1,8128818d8ea8f5c3517d04da28955f010269df61e756429957a0a032386f6c51
fixture-bank-15:2:6,fixture-scene-15,target-b,fixture-bank-15,2,6,empty,-1.4904123510904357,1.7754741402581464,-0.32894736842105265,1.671052631578947,1.1661495433442617,csi-pairs-v6-software-fixture,ded1ec639ff3e6fd5eba769d42db1ed36222a48af333a30a670254b30b164b74,620f300cbec1f56da4691882bc7dbe52593dc597fc62f6ae925c0f6ac72f1c6b,True,FORBIDDEN,0901433cbfe906073eae45118a1466e03afab04a766a3061a988ffe089ba4e01,9548a24a4faf5db17b5251df407b4402de033ae8648ec321c850fe6105002cf1,8128818d8ea8f5c3517d04da28955f010269df61e756429957a0a032386f6c51
fixture-bank-15:2:7,fixture-scene-15,target-b,fixture-bank-15,2,7,correct,9.604931583177276,2.222345767840537,2.671052631578947,-0.32894736842105265,7.388353942696156,csi-pairs-v6-software-fixture,ded1ec639ff3e6fd5eba769d42db1ed36222a48af333a30a670254b30b164b74,620f300cbec1f56da4691882bc7dbe52593dc597fc62f6ae925c0f6ac72f1c6b,True,FORBIDDEN,0901433cbfe906073eae45118a1466e03afab04a766a3061a988ffe089ba4e01,9548a24a4faf5db17b5251df407b4402de033ae8648ec321c850fe6105002cf1,8128818d8ea8f5c3517d04da28955f010269df61e756429957a0a032386f6c51
fixture-bank-15:2:7,fixture-scene-15,target-b,fixture-bank-15,2,7,paired_active_alternative,9.854693280215445,2.1202762930942756,2.671052631578947,-0.32894736842105265,7.589689684886277,csi-pairs-v6-software-fixture,ded1ec639ff3e6fd5eba769d42db1ed36222a48af333a30a670254b30b164b74,620f300cbec1f56da4691882bc7dbe52593dc597fc62f6ae925c0f6ac72f1c6b,True,FORBIDDEN,0901433cbfe906073eae45118a1466e03afab04a766a3061a988ffe089ba4e01,9548a24a4faf5db17b5251df407b4402de033ae8648ec321c850fe6105002cf1,8128818d8ea8f5c3517d04da28955f010269df61e756429957a0a032386f6c51
fixture-bank-15:2:7,fixture-scene-15,target-b,fixture-bank-15,2,7,paired_null_alternative,9.348207713026602,1.9111709058605564,2.671052631578947,-0.32894736842105265,7.042906350681702,csi-pairs-v6-software-fixture,ded1ec639ff3e6fd5eba769d42db1ed36222a48af333a30a670254b30b164b74,620f300cbec1f56da4691882bc7dbe52593dc597fc62f6ae925c0f6ac72f1c6b,True,FORBIDDEN,0901433cbfe906073eae45118a1466e03afab04a766a3061a988ffe089ba4e01,9548a24a4faf5db17b5251df407b4402de033ae8648ec321c850fe6105002cf1,8128818d8ea8f5c3517d04da28955f010269df61e756429957a0a032386f6c51
fixture-bank-15:2:7,fixture-scene-15,target-b,fixture-bank-15,2,7,wrong_city,9.854693280215445,2.1202762930942756,2.671052631578947,-0.32894736842105265,7.589689684886277,csi-pairs-v6-software-fixture,ded1ec639ff3e6fd5eba769d42db1ed36222a48af333a30a670254b30b164b74,620f300cbec1f56da4691882bc7dbe52593dc597fc62f6ae925c0f6ac72f1c6b,True,FORBIDDEN,0901433cbfe906073eae45118a1466e03afab04a766a3061a988ffe089ba4e01,9548a24a4faf5db17b5251df407b4402de033ae8648ec321c850fe6105002cf1,8128818d8ea8f5c3517d04da28955f010269df61e756429957a0a032386f6c51
fixture-bank-15:2:7,fixture-scene-15,target-b,fixture-bank-15,2,7,geometry_destroyed,8.747412583805303,1.2796709304712381,2.671052631578947,-0.32894736842105265,6.2856823894109874,csi-pairs-v6-software-fixture,ded1ec639ff3e6fd5eba769d42db1ed36222a48af333a30a670254b30b164b74,620f300cbec1f56da4691882bc7dbe52593dc597fc62f6ae925c0f6ac72f1c6b,True,FORBIDDEN,0901433cbfe906073eae45118a1466e03afab04a766a3061a988ffe089ba4e01,9548a24a4faf5db17b5251df407b4402de033ae8648ec321c850fe6105002cf1,8128818d8ea8f5c3517d04da28955f010269df61e756429957a0a032386f6c51
fixture-bank-15:2:7,fixture-scene-15,target-b,fixture-bank-15,2,7,empty,9.393432554023521,1.5082798536488746,2.671052631578947,-0.32894736842105265,6.968916392610884,csi-pairs-v6-software-fixture,ded1ec639ff3e6fd5eba769d42db1ed36222a48af333a30a670254b30b164b74,620f300cbec1f56da4691882bc7dbe52593dc597fc62f6ae925c0f6ac72f1c6b,True,FORBIDDEN,0901433cbfe906073eae45118a1466e03afab04a766a3061a988ffe089ba4e01,9548a24a4faf5db17b5251df407b4402de033ae8648ec321c850fe6105002cf1,8128818d8ea8f5c3517d04da28955f010269df61e756429957a0a032386f6c51
fixture-bank-15:3:4,fixture-scene-15,target-b,fixture-bank-15,3,4,correct,1.4209664258094938,2.464179980458331,-2.3289473684210527,-0.32894736842105265,4.675832958010638,csi-pairs-v6-software-fixture,ded1ec639ff3e6fd5eba769d42db1ed36222a48af333a30a670254b30b164b74,620f300cbec1f56da4691882bc7dbe52593dc597fc62f6ae925c0f6ac72f1c6b,True,FORBIDDEN,0901433cbfe906073eae45118a1466e03afab04a766a3061a988ffe089ba4e01,9548a24a4faf5db17b5251df407b4402de033ae8648ec321c850fe6105002cf1,8128818d8ea8f5c3517d04da28955f010269df61e756429957a0a032386f6c51
fixture-bank-15:3:4,fixture-scene-15,target-b,fixture-bank-15,3,4,paired_active_alternative,1.6776902959601696,2.7753548424383108,-2.3289473684210527,-0.32894736842105265,5.068514337553417,csi-pairs-v6-software-fixture,ded1ec639ff3e6fd5eba769d42db1ed36222a48af333a30a670254b30b164b74,620f300cbec1f56da4691882bc7dbe52593dc597fc62f6ae925c0f6ac72f1c6b,True,FORBIDDEN,0901433cbfe906073eae45118a1466e03afab04a766a3061a988ffe089ba4e01,9548a24a4faf5db17b5251df407b4402de033ae8648ec321c850fe6105002cf1,8128818d8ea8f5c3517d04da28955f010269df61e756429957a0a032386f6c51
fixture-bank-15:3:4,fixture-scene-15,target-b,fixture-bank-15,3,4,paired_null_alternative,1.4050975687967335,2.071475414611688,-2.3289473684210527,-0.32894736842105265,4.439045069659062,csi-pairs-v6-software-fixture,ded1ec639ff3e6fd5eba769d42db1ed36222a48af333a30a670254b30b164b74,620f300cbec1f56da4691882bc7dbe52593dc597fc62f6ae925c0f6ac72f1c6b,True,FORBIDDEN,0901433cbfe906073eae45118a1466e03afab04a766a3061a988ffe089ba4e01,9548a24a4faf5db17b5251df407b4402de033ae8648ec321c850fe6105002cf1,8128818d8ea8f5c3517d04da28955f010269df61e756429957a0a032386f6c51
fixture-bank-15:3:4,fixture-scene-15,target-b,fixture-bank-15,3,4,wrong_city,1.9274519929983456,2.6732853676920496,-2.3289473684210527,-0.32894736842105265,5.2086790000614,csi-pairs-v6-software-fixture,ded1ec639ff3e6fd5eba769d42db1ed36222a48af333a30a670254b30b164b74,620f300cbec1f56da4691882bc7dbe52593dc597fc62f6ae925c0f6ac72f1c6b,True,FORBIDDEN,0901433cbfe906073eae45118a1466e03afab04a766a3061a988ffe089ba4e01,9548a24a4faf5db17b5251df407b4402de033ae8648ec321c850fe6105002cf1,8128818d8ea8f5c3517d04da28955f010269df61e756429957a0a032386f6c51
fixture-bank-15:3:4,fixture-scene-15,target-b,fixture-bank-15,3,4,geometry_destroyed,0.9856904146383032,1.8009270796423602,-2.3289473684210527,-0.32894736842105265,3.9399478165831168,csi-pairs-v6-software-fixture,ded1ec639ff3e6fd5eba769d42db1ed36222a48af333a30a670254b30b164b74,620f300cbec1f56da4691882bc7dbe52593dc597fc62f6ae925c0f6ac72f1c6b,True,FORBIDDEN,0901433cbfe906073eae45118a1466e03afab04a766a3061a988ffe089ba4e01,9548a24a4faf5db17b5251df407b4402de033ae8648ec321c850fe6105002cf1,8128818d8ea8f5c3517d04da28955f010269df61e756429957a0a032386f6c51
fixture-bank-15:3:4,fixture-scene-15,target-b,fixture-bank-15,3,4,empty,1.4661912668064196,2.061288928246649,-2.3289473684210527,-0.32894736842105265,4.485120602002132,csi-pairs-v6-software-fixture,ded1ec639ff3e6fd5eba769d42db1ed36222a48af333a30a670254b30b164b74,620f300cbec1f56da4691882bc7dbe52593dc597fc62f6ae925c0f6ac72f1c6b,True,FORBIDDEN,0901433cbfe906073eae45118a1466e03afab04a766a3061a988ffe089ba4e01,9548a24a4faf5db17b5251df407b4402de033ae8648ec321c850fe6105002cf1,8128818d8ea8f5c3517d04da28955f010269df61e756429957a0a032386f6c51
fixture-bank-15:3:5,fixture-scene-15,target-b,fixture-bank-15,3,5,correct,-5.76174092965713,-2.5856815199389036,1.671052631578947,-2.3289473684210527,7.437226132672588,csi-pairs-v6-software-fixture,ded1ec639ff3e6fd5eba769d42db1ed36222a48af333a30a670254b30b164b74,620f300cbec1f56da4691882bc7dbe52593dc597fc62f6ae925c0f6ac72f1c6b,True,FORBIDDEN,0901433cbfe906073eae45118a1466e03afab04a766a3061a988ffe089ba4e01,9548a24a4faf5db17b5251df407b4402de033ae8648ec321c850fe6105002cf1,8128818d8ea8f5c3517d04da28955f010269df61e756429957a0a032386f6c51
fixture-bank-15:3:5,fixture-scene-15,target-b,fixture-bank-15,3,5,paired_active_alternative,-5.505017059506452,-2.274506657958922,1.671052631578947,-2.3289473684210527,7.176276193282287,csi-pairs-v6-software-fixture,ded1ec639ff3e6fd5eba769d42db1ed36222a48af333a30a670254b30b164b74,620f300cbec1f56da4691882bc7dbe52593dc597fc62f6ae925c0f6ac72f1c6b,True,FORBIDDEN,0901433cbfe906073eae45118a1466e03afab04a766a3061a988ffe089ba4e01,9548a24a4faf5db17b5251df407b4402de033ae8648ec321c850fe6105002cf1,8128818d8ea8f5c3517d04da28955f010269df61e756429957a0a032386f6c51
fixture-bank-15:3:5,fixture-scene-15,target-b,fixture-bank-15,3,5,paired_null_alternative,-5.77760978666989,-2.978386085785547,1.671052631578947,-2.3289473684210527,7.476920654162692,csi-pairs-v6-software-fixture,ded1ec639ff3e6fd5eba769d42db1ed36222a48af333a30a670254b30b164b74,620f300cbec1f56da4691882bc7dbe52593dc597fc62f6ae925c0f6ac72f1c6b,True,FORBIDDEN,0901433cbfe906073eae45118a1466e03afab04a766a3061a988ffe089ba4e01,9548a24a4faf5db17b5251df407b4402de033ae8648ec321c850fe6105002cf1,8128818d8ea8f5c3517d04da28955f010269df61e756429957a0a032386f6c51
fixture-bank-15:3:5,fixture-scene-15,target-b,fixture-bank-15,3,5,wrong_city,-5.2552553624682785,-2.376576132705186,1.671052631578947,-2.3289473684210527,6.926471751735492,csi-pairs-v6-software-fixture,ded1ec639ff3e6fd5eba769d42db1ed36222a48af333a30a670254b30b164b74,620f300cbec1f56da4691882bc7dbe52593dc597fc62f6ae925c0f6ac72f1c6b,True,FORBIDDEN,0901433cbfe906073eae45118a1466e03afab04a766a3061a988ffe089ba4e01,9548a24a4faf5db17b5251df407b4402de033ae8648ec321c850fe6105002cf1,8128818d8ea8f5c3517d04da28955f010269df61e756429957a0a032386f6c51
fixture-bank-15:3:5,fixture-scene-15,target-b,fixture-bank-15,3,5,geometry_destroyed,-6.868584726698267,-4.1196735191443405,1.671052631578947,-2.3289473684210527,8.72537141660847,csi-pairs-v6-software-fixture,ded1ec639ff3e6fd5eba769d42db1ed36222a48af333a30a670254b30b164b74,620f300cbec1f56da4691882bc7dbe52593dc597fc62f6ae925c0f6ac72f1c6b,True,FORBIDDEN,0901433cbfe906073eae45118a1466e03afab04a766a3061a988ffe089ba4e01,9548a24a4faf5db17b5251df407b4402de033ae8648ec321c850fe6105002cf1,8128818d8ea8f5c3517d04da28955f010269df61e756429957a0a032386f6c51
fixture-bank-15:3:5,fixture-scene-15,target-b,fixture-bank-15,3,5,empty,-5.7165160886602004,-2.9885725721505847,1.671052631578947,-2.3289473684210527,7.416958743693476,csi-pairs-v6-software-fixture,ded1ec639ff3e6fd5eba769d42db1ed36222a48af333a30a670254b30b164b74,620f300cbec1f56da4691882bc7dbe52593dc597fc62f6ae925c0f6ac72f1c6b,True,FORBIDDEN,0901433cbfe906073eae45118a1466e03afab04a766a3061a988ffe089ba4e01,9548a24a4faf5db17b5251df407b4402de033ae8648ec321c850fe6105002cf1,8128818d8ea8f5c3517d04da28955f010269df61e756429957a0a032386f6c51
fixture-bank-15:3:6,fixture-scene-15,target-b,fixture-bank-15,3,6,correct,-1.5356701278439453,2.1788413242908313,-0.32894736842105265,1.671052631578947,1.3092093700227039,csi-pairs-v6-software-fixture,ded1ec639ff3e6fd5eba769d42db1ed36222a48af333a30a670254b30b164b74,620f300cbec1f56da4691882bc7dbe52593dc597fc62f6ae925c0f6ac72f1c6b,True,FORBIDDEN,0901433cbfe906073eae45118a1466e03afab04a766a3061a988ffe089ba4e01,9548a24a4faf5db17b5251df407b4402de033ae8648ec321c850fe6105002cf1,8128818d8ea8f5c3517d04da28955f010269df61e756429957a0a032386f6c51
fixture-bank-15:3:6,fixture-scene-15,target-b,fixture-bank-15,3,6,paired_active_alternative,-1.5515389848567056,1.786136758444187,-0.32894736842105265,1.671052631578947,1.2279961794871666,csi-pairs-v6-software-fixture,ded1ec639ff3e6fd5eba769d42db1ed36222a48af333a30a670254b30b164b74,620f300cbec1f56da4691882bc7dbe52593dc597fc62f6ae925c0f6ac72f1c6b,True,FORBIDDEN,0901433cbfe906073eae45118a1466e03afab04a766a3061a988ffe089ba4e01,9548a24a4faf5db17b5251df407b4402de033ae8648ec321c850fe6105002cf1,8128818d8ea8f5c3517d04da28955f010269df61e756429957a0a032386f6c51
fixture-bank-15:3:6,fixture-scene-15,target-b,fixture-bank-15,3,6,paired_null_alternative,-1.2789462576932695,2.4900161862708114,-0.32894736842105265,1.671052631578947,1.2542723761336612,csi-pairs-v6-software-fixture,ded1ec639ff3e6fd5eba769d42db1ed36222a48af333a30a670254b30b164b74,620f300cbec1f56da4691882bc7dbe52593dc597fc62f6ae925c0f6ac72f1c6b,True,FORBIDDEN,0901433cbfe906073eae45118a1466e03afab04a766a3061a988ffe089ba4e01,9548a24a4faf5db17b5251df407b4402de033ae8648ec321c850fe6105002cf1,8128818d8ea8f5c3517d04da28955f010269df61e756429957a0a032386f6c51
fixture-bank-15:3:6,fixture-scene-15,target-b,fixture-bank-15,3,6,wrong_city,-1.0291845606550933,2.3879467115245503,-0.32894736842105265,1.671052631578947,1.0021323501658181,csi-pairs-v6-software-fixture,ded1ec639ff3e6fd5eba769d42db1ed36222a48af333a30a670254b30b164b74,620f300cbec1f56da4691882bc7dbe52593dc597fc62f6ae925c0f6ac72f1c6b,True,FORBIDDEN,0901433cbfe906073eae45118a1466e03afab04a766a3061a988ffe089ba4e01,9548a24a4faf5db17b5251df407b4402de033ae8648ec321c850fe6105002cf1,8128818d8ea8f5c3517d04da28955f010269df61e756429957a0a032386f6c51
fixture-bank-15:3:6,fixture-scene-15,target-b,fixture-bank-15,3,6,geometry_destroyed,-1.933403327361955,1.4445324247002818,-0.32894736842105265,1.671052631578947,1.6203673436308583,csi-pairs-v6-software-fixture,ded1ec639ff3e6fd5eba769d42db1ed36222a48af333a30a670254b30b164b74,620f300cbec1f56da4691882bc7dbe52593dc597fc62f6ae925c0f6ac72f1c6b,True,FORBIDDEN,0901433cbfe906073eae45118a1466e03afab04a766a3061a988ffe089ba4e01,9548a24a4faf5db17b5251df407b4402de033ae8648ec321c850fe6105002cf1,8128818d8ea8f5c3517d04da28955f010269df61e756429957a0a032386f6c51
fixture-bank-15:3:6,fixture-scene-15,target-b,fixture-bank-15,3,6,empty,-1.4904452868470217,1.775950272079149,-0.32894736842105265,1.671052631578947,1.166225076685615,csi-pairs-v6-software-fixture,ded1ec639ff3e6fd5eba769d42db1ed36222a48af333a30a670254b30b164b74,620f300cbec1f56da4691882bc7dbe52593dc597fc62f6ae925c0f6ac72f1c6b,True,FORBIDDEN,0901433cbfe906073eae45118a1466e03afab04a766a3061a988ffe089ba4e01,9548a24a4faf5db17b5251df407b4402de033ae8648ec321c850fe6105002cf1,8128818d8ea8f5c3517d04da28955f010269df61e756429957a0a032386f6c51
fixture-bank-15:3:7,fixture-scene-15,target-b,fixture-bank-15,3,7,correct,9.348280433767576,1.9114817963053896,2.671052631578947,-0.32894736842105265,7.043074184223649,csi-pairs-v6-software-fixture,ded1ec639ff3e6fd5eba769d42db1ed36222a48af333a30a670254b30b164b74,620f300cbec1f56da4691882bc7dbe52593dc597fc62f6ae925c0f6ac72f1c6b,True,FORBIDDEN,0901433cbfe906073eae45118a1466e03afab04a766a3061a988ffe089ba4e01,9548a24a4faf5db17b5251df407b4402de033ae8648ec321c850fe6105002cf1,8128818d8ea8f5c3517d04da28955f010269df61e756429957a0a032386f6c51
fixture-bank-15:3:7,fixture-scene-15,target-b,fixture-bank-15,3,7,paired_active_alternative,9.332411576754808,1.518777230458746,2.671052631578947,-0.32894736842105265,6.912871269579665,csi-pairs-v6-software-fixture,ded1ec639ff3e6fd5eba769d42db1ed36222a48af333a30a670254b30b164b74,620f300cbec1f56da4691882bc7dbe52593dc597fc62f6ae925c0f6ac72f1c6b,True,FORBIDDEN,0901433cbfe906073eae45118a1466e03afab04a766a3061a988ffe089ba4e01,9548a24a4faf5db17b5251df407b4402de033ae8648ec321c850fe6105002cf1,8128818d8ea8f5c3517d04da28955f010269df61e756429957a0a032386f6c51
fixture-bank-15:3:7,fixture-scene-15,target-b,fixture-bank-15,3,7,paired_null_alternative,9.60500430391825,2.22265665828537,2.671052631578947,-0.32894736842105265,7.38852954947339,csi-pairs-v6-software-fixture,ded1ec639ff3e6fd5eba769d42db1ed36222a48af333a30a670254b30b164b74,620f300cbec1f56da4691882bc7dbe52593dc597fc62f6ae925c0f6ac72f1c6b,True,FORBIDDEN,0901433cbfe906073eae45118a1466e03afab04a766a3061a988ffe089ba4e01,9548a24a4faf5db17b5251df407b4402de033ae8648ec321c850fe6105002cf1,8128818d8ea8f5c3517d04da28955f010269df61e756429957a0a032386f6c51
fixture-bank-15:3:7,fixture-scene-15,target-b,fixture-bank-15,3,7,wrong_city,9.854766000956419,2.1205871835391092,2.671052631578947,-0.32894736842105265,7.589858845500309,csi-pairs-v6-software-fixture,ded1ec639ff3e6fd5eba769d42db1ed36222a48af333a30a670254b30b164b74,620f300cbec1f56da4691882bc7dbe52593dc597fc62f6ae925c0f6ac72f1c6b,True,FORBIDDEN,0901433cbfe906073eae45118a1466e03afab04a766a3061a988ffe089ba4e01,9548a24a4faf5db17b5251df407b4402de033ae8648ec321c850fe6105002cf1,8128818d8ea8f5c3517d04da28955f010269df61e756429957a0a032386f6c51
fixture-bank-15:3:7,fixture-scene-15,target-b,fixture-bank-15,3,7,geometry_destroyed,8.679292025068248,0.8666109527693291,2.671052631578947,-0.32894736842105265,6.126034631704611,csi-pairs-v6-software-fixture,ded1ec639ff3e6fd5eba769d42db1ed36222a48af333a30a670254b30b164b74,620f300cbec1f56da4691882bc7dbe52593dc597fc62f6ae925c0f6ac72f1c6b,True,FORBIDDEN,0901433cbfe906073eae45118a1466e03afab04a766a3061a988ffe089ba4e01,9548a24a4faf5db17b5251df407b4402de033ae8648ec321c850fe6105002cf1,8128818d8ea8f5c3517d04da28955f010269df61e756429957a0a032386f6c51
fixture-bank-15:3:7,fixture-scene-15,target-b,fixture-bank-15,3,7,empty,9.393505274764497,1.5085907440937074,2.671052631578947,-0.32894736842105265,6.969068506968251,csi-pairs-v6-software-fixture,ded1ec639ff3e6fd5eba769d42db1ed36222a48af333a30a670254b30b164b74,620f300cbec1f56da4691882bc7dbe52593dc597fc62f6ae925c0f6ac72f1c6b,True,FORBIDDEN,0901433cbfe906073eae45118a1466e03afab04a766a3061a988ffe089ba4e01,9548a24a4faf5db17b5251df407b4402de033ae8648ec321c850fe6105002cf1,8128818d8ea8f5c3517d04da28955f010269df61e756429957a0a032386f6c51
fixture-bank-16:0:6,fixture-scene-16,target-a,fixture-bank-16,0,6,correct,3.6397356949800383,1.274011495116548,1.6973684210526319,-0.30263157894736814,2.501718211513419,csi-pairs-v6-software-fixture,ded1ec639ff3e6fd5eba769d42db1ed36222a48af333a30a670254b30b164b74,620f300cbec1f56da4691882bc7dbe52593dc597fc62f6ae925c0f6ac72f1c6b,True,FORBIDDEN,0901433cbfe906073eae45118a1466e03afab04a766a3061a988ffe089ba4e01,9548a24a4faf5db17b5251df407b4402de033ae8648ec321c850fe6105002cf1,8128818d8ea8f5c3517d04da28955f010269df61e756429957a0a032386f6c51
fixture-bank-16:0:6,fixture-scene-16,target-a,fixture-bank-16,0,6,paired_active_alternative,3.389973997941863,1.3760809698628076,1.6973684210526319,-0.30263157894736814,2.3839021499317634,csi-pairs-v6-software-fixture,ded1ec639ff3e6fd5eba769d42db1ed36222a48af333a30a670254b30b164b74,620f300cbec1f56da4691882bc7dbe52593dc597fc62f6ae925c0f6ac72f1c6b,True,FORBIDDEN,0901433cbfe906073eae45118a1466e03afab04a766a3061a988ffe089ba4e01,9548a24a4faf5db17b5251df407b4402de033ae8648ec321c850fe6105002cf1,8128818d8ea8f5c3517d04da28955f010269df61e756429957a0a032386f6c51
fixture-bank-16:0:6,fixture-scene-16,target-a,fixture-bank-16,0,6,paired_null_alternative,3.515276712441821,1.147713201401192,1.6973684210526319,-0.30263157894736814,2.3255731632838117,csi-pairs-v6-software-fixture,ded1ec639ff3e6fd5eba769d42db1ed36222a48af333a30a670254b30b164b74,620f300cbec1f56da4691882bc7dbe52593dc597fc62f6ae925c0f6ac72f1c6b,True,FORBIDDEN,0901433cbfe906073eae45118a1466e03afab04a766a3061a988ffe089ba4e01,9548a24a4faf5db17b5251df407b4402de033ae8648ec321c850fe6105002cf1,8128818d8ea8f5c3517d04da28955f010269df61e756429957a0a032386f6c51
fixture-bank-16:0:6,fixture-scene-16,target-a,fixture-bank-16,0,6,wrong_city,3.6397356949800383,1.274011495116548,1.6973684210526319,-0.30263157894736814,2.501718211513419,csi-pairs-v6-software-fixture,ded1ec639ff3e6fd5eba769d42db1ed36222a48af333a30a670254b30b164b74,620f300cbec1f56da4691882bc7dbe52593dc597fc62f6ae925c0f6ac72f1c6b,True,FORBIDDEN,0901433cbfe906073eae45118a1466e03afab04a766a3061a988ffe089ba4e01,9548a24a4faf5db17b5251df407b4402de033ae8648ec321c850fe6105002cf1,8128818d8ea8f5c3517d04da28955f010269df61e756429957a0a032386f6c51
fixture-bank-16:0:6,fixture-scene-16,target-a,fixture-bank-16,0,6,geometry_destroyed,2.508169533015961,-0.06126899655803034,1.6973684210526319,-0.30263157894736814,0.8459635567438,csi-pairs-v6-software-fixture,ded1ec639ff3e6fd5eba769d42db1ed36222a48af333a30a670254b30b164b74,620f300cbec1f56da4691882bc7dbe52593dc597fc62f6ae925c0f6ac72f1c6b,True,FORBIDDEN,0901433cbfe906073eae45118a1466e03afab04a766a3061a988ffe089ba4e01,9548a24a4faf5db17b5251df407b4402de033ae8648ec321c850fe6105002cf1,8128818d8ea8f5c3517d04da28955f010269df61e756429957a0a032386f6c51
fixture-bank-16:0:6,fixture-scene-16,target-a,fixture-bank-16,0,6,empty,3.1784749687881124,0.6620150556711458,1.6973684210526319,-0.30263157894736814,1.7675462470401555,csi-pairs-v6-software-fixture,ded1ec639ff3e6fd5eba769d42db1ed36222a48af333a30a670254b30b164b74,620f300cbec1f56da4691882bc7dbe52593dc597fc62f6ae925c0f6ac72f1c6b,True,FORBIDDEN,0901433cbfe906073eae45118a1466e03afab04a766a3061a988ffe089ba4e01,9548a24a4faf5db17b5251df407b4402de033ae8648ec321c850fe6105002cf1,8128818d8ea8f5c3517d04da28955f010269df61e756429957a0a032386f6c51
fixture-bank-16:0:7,fixture-scene-16,target-a,fixture-bank-16,0,7,correct,-0.5001401027712293,0.39201565497812985,-0.30263157894736814,1.6973684210526319,1.3202103850831635,csi-pairs-v6-software-fixture,ded1ec639ff3e6fd5eba769d42db1ed36222a48af333a30a670254b30b164b74,620f300cbec1f56da4691882bc7dbe52593dc597fc62f6ae925c0f6ac72f1c6b,True,FORBIDDEN,0901433cbfe906073eae45118a1466e03afab04a766a3061a988ffe089ba4e01,9548a24a4faf5db17b5251df407b4402de033ae8648ec321c850fe6105002cf1,8128818d8ea8f5c3517d04da28955f010269df61e756429957a0a032386f6c51
fixture-bank-16:0:7,fixture-scene-16,target-a,fixture-bank-16,0,7,paired_active_alternative,-0.7499017998094051,0.49408512972438945,-0.30263157894736814,1.6973684210526319,1.2837216714146813,csi-pairs-v6-software-fixture,ded1ec639ff3e6fd5eba769d42db1ed36222a48af333a30a670254b30b164b74,620f300cbec1f56da4691882bc7dbe52593dc597fc62f6ae925c0f6ac72f1c6b,True,FORBIDDEN,0901433cbfe906073eae45118a1466e03afab04a766a3061a988ffe089ba4e01,9548a24a4faf5db17b5251df407b4402de033ae8648ec321c850fe6105002cf1,8128818d8ea8f5c3517d04da28955f010269df61e756429957a0a032386f6c51
fixture-bank-16:0:7,fixture-scene-16,target-a,fixture-bank-16,0,7,paired_null_alternative,-0.6245990853094473,0.2657173612627732,-0.30263157894736814,1.6973684210526319,1.4674085430276194,csi-pairs-v6-software-fixture,ded1ec639ff3e6fd5eba769d42db1ed36222a48af333a30a670254b30b164b74,620f300cbec1f56da4691882bc7dbe52593dc597fc62f6ae925c0f6ac72f1c6b,True,FORBIDDEN,0901433cbfe906073eae45118a1466e03afab04a766a3061a988ffe089ba4e01,9548a24a4faf5db17b5251df407b4402de033ae8648ec321c850fe6105002cf1,8128818d8ea8f5c3517d04da28955f010269df61e756429957a0a032386f6c51
fixture-bank-16:0:7,fixture-scene-16,target-a,fixture-bank-16,0,7,wrong_city,-0.5001401027712293,0.39201565497812985,-0.30263157894736814,1.6973684210526319,1.3202103850831635,csi-pairs-v6-software-fixture,ded1ec639ff3e6fd5eba769d42db1ed36222a48af333a30a670254b30b164b74,620f300cbec1f56da4691882bc7dbe52593dc597fc62f6ae925c0f6ac72f1c6b,True,FORBIDDEN,0901433cbfe906073eae45118a1466e03afab04a766a3061a988ffe089ba4e01,9548a24a4faf5db17b5251df407b4402de033ae8648ec321c850fe6105002cf1,8128818d8ea8f5c3517d04da28955f010269df61e756429957a0a032386f6c51
fixture-bank-16:0:7,fixture-scene-16,target-a,fixture-bank-16,0,7,geometry_destroyed,-1.0348771249715145,-0.18263834912765387,-0.30263157894736814,1.6973684210526319,2.0175750284923506,csi-pairs-v6-software-fixture,ded1ec639ff3e6fd5eba769d42db1ed36222a48af333a30a670254b30b164b74,620f300cbec1f56da4691882bc7dbe52593dc597fc62f6ae925c0f6ac72f1c6b,True,FORBIDDEN,0901433cbfe906073eae45118a1466e03afab04a766a3061a988ffe089ba4e01,9548a24a4faf5db17b5251df407b4402de033ae8648ec321c850fe6105002cf1,8128818d8ea8f5c3517d04da28955f010269df61e756429957a0a032386f6c51
fixture-bank-16:0:7,fixture-scene-16,target-a,fixture-bank-16,0,7,empty,-0.9614008289631539,-0.21998078446727248,-0.30263157894736814,1.6973684210526319,2.0273640276660156,csi-pairs-v6-software-fixture,ded1ec639ff3e6fd5eba769d42db1ed36222a48af333a30a670254b30b164b74,620f300cbec1f56da4691882bc7dbe52593dc597fc62f6ae925c0f6ac72f1c6b,True,FORBIDDEN,0901433cbfe906073eae45118a1466e03afab04a766a3061a988ffe089ba4e01,9548a24a4faf5db17b5251df407b4402de033ae8648ec321c850fe6105002cf1,8128818d8ea8f5c3517d04da28955f010269df61e756429957a0a032386f6c51
fixture-bank-16:1:6,fixture-scene-16,target-a,fixture-bank-16,1,6,correct,4.439760276828949,1.5286096705971997,1.6973684210526319,-0.30263157894736814,3.2975987634431543,csi-pairs-v6-software-fixture,ded1ec639ff3e6fd5eba769d42db1ed36222a48af333a30a670254b30b164b74,620f300cbec1f56da4691882bc7dbe52593dc597fc62f6ae925c0f6ac72f1c6b,True,FORBIDDEN,0901433cbfe906073eae45118a1466e03afab04a766a3061a988ffe089ba4e01,9548a24a4faf5db17b5251df407b4402de033ae8648ec321c850fe6105002cf1,8128818d8ea8f5c3517d04da28955f010269df61e756429957a0a032386f6c51
fixture-bank-16:1:6,fixture-scene-16,target-a,fixture-bank-16,1,6,paired_active_alternative,4.689521973867122,1.4265401958509403,1.6973684210526319,-0.30263157894736814,3.4558671719815144,csi-pairs-v6-software-fixture,ded1ec639ff3e6fd5eba769d42db1ed36222a48af333a30a670254b30b164b74,620f300cbec1f56da4691882bc7dbe52593dc597fc62f6ae925c0f6ac72f1c6b,True,FORBIDDEN,0901433cbfe906073eae45118a1466e03afab04a766a3061a988ffe089ba4e01,9548a24a4faf5db17b5251df407b4402de033ae8648ec321c850fe6105002cf1,8128818d8ea8f5c3517d04da28955f010269df61e756429957a0a032386f6c51
fixture-bank-16:1:6,fixture-scene-16,target-a,fixture-bank-16,1,6,paired_null_alternative,4.3292496920767585,1.417781357767245,1.6973684210526319,-0.30263157894736814,3.144299555955598,csi-pairs-v6-software-fixture,ded1ec639ff3e6fd5eba769d42db1ed36222a48af333a30a670254b30b164b74,620f300cbec1f56da4691882bc7dbe52593dc597fc62f6ae925c0f6ac72f1c6b,True,FORBIDDEN,0901433cbfe906073eae45118a1466e03afab04a766a3061a988ffe089ba4e01,9548a24a4faf5db17b5251df407b4402de033ae8648ec321c850fe6105002cf1,8128818d8ea8f5c3517d04da28955f010269df61e756429957a0a032386f6c51
fixture-bank-16:1:6,fixture-scene-16,target-a,fixture-bank-16,1,6,wrong_city,4.689521973867122,1.4265401958509403,1.6973684210526319,-0.30263157894736814,3.4558671719815144,csi-pairs-v6-software-fixture,ded1ec639ff3e6fd5eba769d42db1ed36222a48af333a30a670254b30b164b74,620f300cbec1f56da4691882bc7dbe52593dc597fc62f6ae925c0f6ac72f1c6b,True,FORBIDDEN,0901433cbfe906073eae45118a1466e03afab04a766a3061a988ffe089ba4e01,9548a24a4faf5db17b5251df407b4402de033ae8648ec321c850fe6105002cf1,8128818d8ea8f5c3517d04da28955f010269df61e756429957a0a032386f6c51
fixture-bank-16:1:6,fixture-scene-16,target-a,fixture-bank-16,1,6,geometry_destroyed,3.361254294693795,0.17175050032620798,1.6973684210526319,-0.30263157894736814,1.7301891681658794,csi-pairs-v6-software-fixture,ded1ec639ff3e6fd5eba769d42db1ed36222a48af333a30a670254b30b164b74,620f300cbec1f56da4691882bc7dbe52593dc597fc62f6ae925c0f6ac72f1c6b,True,FORBIDDEN,0901433cbfe906073eae45118a1466e03afab04a766a3061a988ffe089ba4e01,9548a24a4faf5db17b5251df407b4402de033ae8648ec321c850fe6105002cf1,8128818d8ea8f5c3517d04da28955f010269df61e756429957a0a032386f6c51
fixture-bank-16:1:6,fixture-scene-16,target-a,fixture-bank-16,1,6,empty,4.228261247675193,0.8145437564055386,1.6973684210526319,-0.30263157894736814,2.7664958394637824,csi-pairs-v6-software-fixture,ded1ec639ff3e6fd5eba769d42db1ed36222a48af333a30a670254b30b164b74,620f300cbec1f56da4691882bc7dbe52593dc597fc62f6ae925c0f6ac72f1c6b,True,FORBIDDEN,0901433cbfe906073eae45118a1466e03afab04a766a3061a988ffe089ba4e01,9548a24a4faf5db17b5251df407b4402de033ae8648ec321c850fe6105002cf1,8128818d8ea8f5c3517d04da28955f010269df61e756429957a0a032386f6c51
fixture-bank-16:1:7,fixture-scene-16,target-a,fixture-bank-16,1,7,correct,-1.991677732081852,1.0451641403142737,-0.30263157894736814,1.6973684210526319,1.8105930882536354,csi-pairs-v6-software-fixture,ded1ec639ff3e6fd5eba769d42db1ed36222a48af333a30a670254b30b164b74,620f300cbec1f56da4691882bc7dbe52593dc597fc62f6ae925c0f6ac72f1c6b,True,FORBIDDEN,0901433cbfe906073eae45118a1466e03afab04a766a3061a988ffe089ba4e01,9548a24a4faf5db17b5251df407b4402de033ae8648ec321c850fe6105002cf1,8128818d8ea8f5c3517d04da28955f010269df61e756429957a0a032386f6c51
fixture-bank-16:1:7,fixture-scene-16,target-a,fixture-bank-16,1,7,paired_active_alternative,-1.7419160350436758,0.9430946655680137,-0.30263157894736814,1.6973684210526319,1.6249518896796034,csi-pairs-v6-software-fixture,ded1ec639ff3e6fd5eba769d42db1ed36222a48af333a30a670254b30b164b74,620f300cbec1f56da4691882bc7dbe52593dc597fc62f6ae925c0f6ac72f1c6b,True,FORBIDDEN,0901433cbfe906073eae45118a1466e03afab04a766a3061a988ffe089ba4e01,9548a24a4faf5db17b5251df407b4402de033ae8648ec321c850fe6105002cf1,8128818d8ea8f5c3517d04da28955f010269df61e756429957a0a032386f6c51
fixture-bank-16:1:7,fixture-scene-16,target-a,fixture-bank-16,1,7,paired_null_alternative,-2.102188316834037,0.9343358274843186,-0.30263157894736814,1.6973684210526319,1.9546414483789338,csi-pairs-v6-software-fixture,ded1ec639ff3e6fd5eba769d42db1ed36222a48af333a30a670254b30b164b74,620f300cbec1f56da4691882bc7dbe52593dc597fc62f6ae925c0f6ac72f1c6b,True,FORBIDDEN,0901433cbfe906073eae45118a1466e03afab04a766a3061a988ffe089ba4e01,9548a24a4faf5db17b5251df407b4402de033ae8648ec321c850fe6105002cf1,8128818d8ea8f5c3517d04da28955f010269df61e756429957a0a032386f6c51
fixture-bank-16:1:7,fixture-scene-16,target-a,fixture-bank-16,1,7,wrong_city,-1.7419160350436758,0.9430946655680137,-0.30263157894736814,1.6973684210526319,1.6249518896796034,csi-pairs-v6-software-fixture,ded1ec639ff3e6fd5eba769d42db1ed36222a48af333a30a670254b30b164b74,620f300cbec1f56da4691882bc7dbe52593dc597fc62f6ae925c0f6ac72f1c6b,True,FORBIDDEN,0901433cbfe906073eae45118a1466e03afab04a766a3061a988ffe089ba4e01,9548a24a4faf5db17b5251df407b4402de033ae8648ec321c850fe6105002cf1,8128818d8ea8f5c3517d04da28955f010269df61e756429957a0a032386f6c51
fixture-bank-16:1:7,fixture-scene-16,target-a,fixture-bank-16,1,7,geometry_destroyed,-2.09234466481427,0.6380192818438316,-0.30263157894736814,1.6973684210526319,2.079734004257673,csi-pairs-v6-software-fixture,ded1ec639ff3e6fd5eba769d42db1ed36222a48af333a30a670254b30b164b74,620f300cbec1f56da4691882bc7dbe52593dc597fc62f6ae925c0f6ac72f1c6b,True,FORBIDDEN,0901433cbfe906073eae45118a1466e03afab04a766a3061a988ffe089ba4e01,9548a24a4faf5db17b5251df407b4402de033ae8648ec321c850fe6105002cf1,8128818d8ea8f5c3517d04da28955f010269df61e756429957a0a032386f6c51
fixture-bank-16:1:7,fixture-scene-16,target-a,fixture-bank-16,1,7,empty,-2.2031767612356026,0.33109822612261197,-0.30263157894736814,1.6973684210526319,2.340676448267281,csi-pairs-v6-software-fixture,ded1ec639ff3e6fd5eba769d42db1ed36222a48af333a30a670254b30b164b74,620f300cbec1f56da4691882bc7dbe52593dc597fc62f6ae925c0f6ac72f1c6b,True,FORBIDDEN,0901433cbfe906073eae45118a1466e03afab04a766a3061a988ffe089ba4e01,9548a24a4faf5db17b5251df407b4402de033ae8648ec321c850fe6105002cf1,8128818d8ea8f5c3517d04da28955f010269df61e756429957a0a032386f6c51
fixture-bank-16:2:6,fixture-scene-16,target-a,fixture-bank-16,2,6,correct,3.5153837296677173,1.1475680765742111,1.6973684210526319,-0.30263157894736814,2.3255663188207967,csi-pairs-v6-software-fixture,ded1ec639ff3e6fd5eba769d42db1ed36222a48af333a30a670254b30b164b74,620f300cbec1f56da4691882bc7dbe52593dc597fc62f6ae925c0f6ac72f1c6b,True,FORBIDDEN,0901433cbfe906073eae45118a1466e03afab04a766a3061a988ffe089ba4e01,9548a24a4faf5db17b5251df407b4402de033ae8648ec321c850fe6105002cf1,8128818d8ea8f5c3517d04da28955f010269df61e756429957a0a032386f6c51
fixture-bank-16:2:6,fixture-scene-16,target-a,fixture-bank-16,2,6,paired_active_alternative,3.279570430415573,1.2651075322058718,1.6973684210526319,-0.30263157894736814,2.2273682046468384,csi-pairs-v6-software-fixture,ded1ec639ff3e6fd5eba769d42db1ed36222a48af333a30a670254b30b164b74,620f300cbec1f56da4691882bc7dbe52593dc597fc62f6ae925c0f6ac72f1c6b,True,FORBIDDEN,0901433cbfe906073eae45118a1466e03afab04a766a3061a988ffe089ba4e01,9548a24a4faf5db17b5251df407b4402de033ae8648ec321c850fe6105002cf1,8128818d8ea8f5c3517d04da28955f010269df61e756429957a0a032386f6c51
fixture-bank-16:2:6,fixture-scene-16,target-a,fixture-bank-16,2,6,paired_null_alternative,3.6398427122059345,1.2738663702895672,1.6973684210526319,-0.30263157894736814,2.5017098464329925,csi-pairs-v6-software-fixture,ded1ec639ff3e6fd5eba769d42db1ed36222a48af333a30a670254b30b164b74,620f300cbec1f56da4691882bc7dbe52593dc597fc62f6ae925c0f6ac72f1c6b,True,FORBIDDEN,0901433cbfe906073eae45118a1466e03afab04a766a3061a988ffe089ba4e01,9548a24a4faf5db17b5251df407b4402de033ae8648ec321c850fe6105002cf1,8128818d8ea8f5c3517d04da28955f010269df61e756429957a0a032386f6c51
fixture-bank-16:2:6,fixture-scene-16,target-a,fixture-bank-16,2,6,wrong_city,3.6398427122059345,1.2738663702895672,1.6973684210526319,-0.30263157894736814,2.5017098464329925,csi-pairs-v6-software-fixture,ded1ec639ff3e6fd5eba769d42db1ed36222a48af333a30a670254b30b164b74,620f300cbec1f56da4691882bc7dbe52593dc597fc62f6ae925c0f6ac72f1c6b,True,FORBIDDEN,0901433cbfe906073eae45118a1466e03afab04a766a3061a988ffe089ba4e01,9548a24a4faf5db17b5251df407b4402de033ae8648ec321c850fe6105002cf1,8128818d8ea8f5c3517d04da28955f010269df61e756429957a0a032386f6c51
fixture-bank-16:2:6,fixture-scene-16,target-a,fixture-bank-16,2,6,geometry_destroyed,2.2661883689098286,0.006660811910478655,1.6973684210526319,-0.30263157894736814,0.6474703978737769,csi-pairs-v6-software-fixture,ded1ec639ff3e6fd5eba769d42db1ed36222a48af333a30a670254b30b164b74,620f300cbec1f56da4691882bc7dbe52593dc597fc62f6ae925c0f6ac72f1c6b,True,FORBIDDEN,0901433cbfe906073eae45118a1466e03afab04a766a3061a988ffe089ba4e01,9548a24a4faf5db17b5251df407b4402de033ae8648ec321c850fe6105002cf1,8128818d8ea8f5c3517d04da28955f010269df61e756429957a0a032386f6c51
fixture-bank-16:2:6,fixture-scene-16,target-a,fixture-bank-16,2,6,empty,3.1785819860140085,0.661869930844165,1.6973684210526319,-0.30263157894736814,1.7675567282030122,csi-pairs-v6-software-fixture,ded1ec639ff3e6fd5eba769d42db1ed36222a48af333a30a670254b30b164b74,620f300cbec1f56da4691882bc7dbe52593dc597fc62f6ae925c0f6ac72f1c6b,True,FORBIDDEN,0901433cbfe906073eae45118a1466e03afab04a766a3061a988ffe089ba4e01,9548a24a4faf5db17b5251df407b4402de033ae8648ec321c850fe6105002cf1,8128818d8ea8f5c3517d04da28955f010269df61e756429957a0a032386f6c51
fixture-bank-16:2:7,fixture-scene-16,target-a,fixture-bank-16,2,7,correct,-0.62465149483646,0.26533025629385404,-0.30263157894736814,1.6973684210526319,1.4677977147941423,csi-pairs-v6-software-fixture,ded1ec639ff3e6fd5eba769d42db1ed36222a48af333a30a670254b30b164b74,620f300cbec1f56da4691882bc7dbe52593dc597fc62f6ae925c0f6ac72f1c6b,True,FORBIDDEN,0901433cbfe906073eae45118a1466e03afab04a766a3061a988ffe089ba4e01,9548a24a4faf5db17b5251df407b4402de033ae8648ec321c850fe6105002cf1,8128818d8ea8f5c3517d04da28955f010269df61e756429957a0a032386f6c51
fixture-bank-16:2:7,fixture-scene-16,target-a,fixture-bank-16,2,7,paired_active_alternative,-0.860464794088604,0.38286971192551544,-0.30263157894736814,1.6973684210526319,1.4279652489509904,csi-pairs-v6-software-fixture,ded1ec639ff3e6fd5eba769d42db1ed36222a48af333a30a670254b30b164b74,620f300cbec1f56da4691882bc7dbe52593dc597fc62f6ae925c0f6ac72f1c6b,True,FORBIDDEN,0901433cbfe906073eae45118a1466e03afab04a766a3061a988ffe089ba4e01,9548a24a4faf5db17b5251df407b4402de033ae8648ec321c850fe6105002cf1,8128818d8ea8f5c3517d04da28955f010269df61e756429957a0a032386f6c51
fixture-bank-16:2:7,fixture-scene-16,target-a,fixture-bank-16,2,7,paired_null_alternative,-0.500192512298242,0.3916285500092108,-0.30263157894736814,1.6973684210526319,1.3206009742609452,csi-pairs-v6-software-fixture,ded1ec639ff3e6fd5eba769d42db1ed36222a48af333a30a670254b30b164b74,620f300cbec1f56da4691882bc7dbe52593dc597fc62f6ae925c0f6ac72f1c6b,True,FORBIDDEN,0901433cbfe906073eae45118a1466e03afab04a766a3061a988ffe089ba4e01,9548a24a4faf5db17b5251df407b4402de033ae8648ec321c850fe6105002cf1,8128818d8ea8f5c3517d04da28955f010269df61e756429957a0a032386f6c51
fixture-bank-16:2:7,fixture-scene-16,target-a,fixture-bank-16,2,7,wrong_city,-0.500192512298242,0.3916285500092108,-0.30263157894736814,1.6973684210526319,1.3206009742609452,csi-pairs-v6-software-fixture,ded1ec639ff3e6fd5eba769d42db1ed36222a48af333a30a670254b30b164b74,620f300cbec1f56da4691882bc7dbe52593dc597fc62f6ae925c0f6ac72f1c6b,True,FORBIDDEN,0901433cbfe906073eae45118a1466e03afab04a766a3061a988ffe089ba4e01,9548a24a4faf5db17b5251df407b4402de033ae8648ec321c850fe6105002cf1,8128818d8ea8f5c3517d04da28955f010269df61e756429957a0a032386f6c51
fixture-bank-16:2:7,fixture-scene-16,target-a,fixture-bank-16,2,7,geometry_destroyed,-1.410564662961348,-0.5134825722510052,-0.30263157894736814,1.6973684210526319,2.4729289988279906,csi-pairs-v6-software-fixture,ded1ec639ff3e6fd5eba769d42db1ed36222a48af333a30a670254b30b164b74,620f300cbec1f56da4691882bc7dbe52593dc597fc62f6ae925c0f6ac72f1c6b,True,FORBIDDEN,0901433cbfe906073eae45118a1466e03afab04a766a3061a988ffe089ba4e01,9548a24a4faf5db17b5251df407b4402de033ae8648ec321c850fe6105002cf1,8128818d8ea8f5c3517d04da28955f010269df61e756429957a0a032386f6c51
fixture-bank-16:2:7,fixture-scene-16,target-a,fixture-bank-16,2,7,empty,-0.9614532384901668,-0.2203678894361915,-0.30263157894736814,1.6973684210526319,2.0277471577220894,csi-pairs-v6-software-fixture,ded1ec639ff3e6fd5eba769d42db1ed36222a48af333a30a670254b30b164b74,620f300cbec1f56da4691882bc7dbe52593dc597fc62f6ae925c0f6ac72f1c6b,True,FORBIDDEN,0901433cbfe906073eae45118a1466e03afab04a766a3061a988ffe089ba4e01,9548a24a4faf5db17b5251df407b4402de033ae8648ec321c850fe6105002cf1,8128818d8ea8f5c3517d04da28955f010269df61e756429957a0a032386f6c51
fixture-bank-16:3:6,fixture-scene-16,target-a,fixture-bank-16,3,6,correct,4.3293567093026555,1.4176362329402643,1.6973684210526319,-0.30263157894736814,3.1443097325330327,csi-pairs-v6-software-fixture,ded1ec639ff3e6fd5eba769d42db1ed36222a48af333a30a670254b30b164b74,620f300cbec1f56da4691882bc7dbe52593dc597fc62f6ae925c0f6ac72f1c6b,True,FORBIDDEN,0901433cbfe906073eae45118a1466e03afab04a766a3061a988ffe089ba4e01,9548a24a4faf5db17b5251df407b4402de033ae8648ec321c850fe6105002cf1,8128818d8ea8f5c3517d04da28955f010269df61e756429957a0a032386f6c51
fixture-bank-16:3:6,fixture-scene-16,target-a,fixture-bank-16,3,6,paired_active_alternative,4.5651700085548,1.3000967773086043,1.6973684210526319,-0.30263157894736814,3.285273828652176,csi-pairs-v6-software-fixture,ded1ec639ff3e6fd5eba769d42db1ed36222a48af333a30a670254b30b164b74,620f300cbec1f56da4691882bc7dbe52593dc597fc62f6ae925c0f6ac72f1c6b,True,FORBIDDEN,0901433cbfe906073eae45118a1466e03afab04a766a3061a988ffe089ba4e01,9548a24a4faf5db17b5251df407b4402de033ae8648ec321c850fe6105002cf1,8128818d8ea8f5c3517d04da28955f010269df61e756429957a0a032386f6c51
fixture-bank-16:3:6,fixture-scene-16,target-a,fixture-bank-16,3,6,paired_null_alternative,4.439867294054846,1.5284645457702195,1.6973684210526319,-0.30263157894736814,3.29760717587377,csi-pairs-v6-software-fixture,ded1ec639ff3e6fd5eba769d42db1ed36222a48af333a30a670254b30b164b74,620f300cbec1f56da4691882bc7dbe52593dc597fc62f6ae925c0f6ac72f1c6b,True,FORBIDDEN,0901433cbfe906073eae45118a1466e03afab04a766a3061a988ffe089ba4e01,9548a24a4faf5db17b5251df407b4402de033ae8648ec321c850fe6105002cf1,8128818d8ea8f5c3517d04da28955f010269df61e756429957a0a032386f6c51
fixture-bank-16:3:6,fixture-scene-16,target-a,fixture-bank-16,3,6,wrong_city,4.689628991093019,1.4263950710239601,1.6973684210526319,-0.30263157894736814,3.4558872197063226,csi-pairs-v6-software-fixture,ded1ec639ff3e6fd5eba769d42db1ed36222a48af333a30a670254b30b164b74,620f300cbec1f56da4691882bc7dbe52593dc597fc62f6ae925c0f6ac72f1c6b,True,FORBIDDEN,0901433cbfe906073eae45118a1466e03afab04a766a3061a988ffe089ba4e01,9548a24a4faf5db17b5251df407b4402de033ae8648ec321c850fe6105002cf1,8128818d8ea8f5c3517d04da28955f010269df61e756429957a0a032386f6c51
fixture-bank-16:3:6,fixture-scene-16,target-a,fixture-bank-16,3,6,geometry_destroyed,3.383868704562325,0.22445550692484892,1.6973684210526319,-0.30263157894736814,1.76694765128216,csi-pairs-v6-software-fixture,ded1ec639ff3e6fd5eba769d42db1ed36222a48af333a30a670254b30b164b74,620f300cbec1f56da4691882bc7dbe52593dc597fc62f6ae925c0f6ac72f1c6b,True,FORBIDDEN,0901433cbfe906073eae45118a1466e03afab04a766a3061a988ffe089ba4e01,9548a24a4faf5db17b5251df407b4402de033ae8648ec321c850fe6105002cf1,8128818d8ea8f5c3517d04da28955f010269df61e756429957a0a032386f6c51
fixture-bank-16:3:6,fixture-scene-16,target-a,fixture-bank-16,3,6,empty,4.228368264901088,0.8143986315785582,1.6973684210526319,-0.30263157894736814,2.7665351436026446,csi-pairs-v6-software-fixture,ded1ec639ff3e6fd5eba769d42db1ed36222a48af333a30a670254b30b164b74,620f300cbec1f56da4691882bc7dbe52593dc597fc62f6ae925c0f6ac72f1c6b,True,FORBIDDEN,0901433cbfe906073eae45118a1466e03afab04a766a3061a988ffe089ba4e01,9548a24a4faf5db17b5251df407b4402de033ae8648ec321c850fe6105002cf1,8128818d8ea8f5c3517d04da28955f010269df61e756429957a0a032386f6c51
fixture-bank-16:3:7,fixture-scene-16,target-a,fixture-bank-16,3,7,correct,-2.102240726361049,0.9339487225153996,-0.30263157894736814,1.6973684210526319,1.9548408425162582,csi-pairs-v6-software-fixture,ded1ec639ff3e6fd5eba769d42db1ed36222a48af333a30a670254b30b164b74,620f300cbec1f56da4691882bc7dbe52593dc597fc62f6ae925c0f6ac72f1c6b,True,FORBIDDEN,0901433cbfe906073eae45118a1466e03afab04a766a3061a988ffe089ba4e01,9548a24a4faf5db17b5251df407b4402de033ae8648ec321c850fe6105002cf1,8128818d8ea8f5c3517d04da28955f010269df61e756429957a0a032386f6c51
fixture-bank-16:3:7,fixture-scene-16,target-a,fixture-bank-16,3,7,paired_active_alternative,-1.8664274271089027,0.8164092668837384,-0.30263157894736814,1.6973684210526319,1.7948667042544484,csi-pairs-v6-software-fixture,ded1ec639ff3e6fd5eba769d42db1ed36222a48af333a30a670254b30b164b74,620f300cbec1f56da4691882bc7dbe52593dc597fc62f6ae925c0f6ac72f1c6b,True,FORBIDDEN,0901433cbfe906073eae45118a1466e03afab04a766a3061a988ffe089ba4e01,9548a24a4faf5db17b5251df407b4402de033ae8648ec321c850fe6105002cf1,8128818d8ea8f5c3517d04da28955f010269df61e756429957a0a032386f6c51
fixture-bank-16:3:7,fixture-scene-16,target-a,fixture-bank-16,3,7,paired_null_alternative,-1.9917301416088635,1.0447770353453547,-0.30263157894736814,1.6973684210526319,1.8107814531534372,csi-pairs-v6-software-fixture,ded1ec639ff3e6fd5eba769d42db1ed36222a48af333a30a670254b30b164b74,620f300cbec1f56da4691882bc7dbe52593dc597fc62f6ae925c0f6ac72f1c6b,True,FORBIDDEN,0901433cbfe906073eae45118a1466e03afab04a766a3061a988ffe089ba4e01,9548a24a4faf5db17b5251df407b4402de033ae8648ec321c850fe6105002cf1,8128818d8ea8f5c3517d04da28955f010269df61e756429957a0a032386f6c51
fixture-bank-16:3:7,fixture-scene-16,target-a,fixture-bank-16,3,7,wrong_city,-1.7419684445706878,0.9427075605990947,-0.30263157894736814,1.6973684210526319,1.625178029337966,csi-pairs-v6-software-fixture,ded1ec639ff3e6fd5eba769d42db1ed36222a48af333a30a670254b30b164b74,620f300cbec1f56da4691882bc7dbe52593dc597fc62f6ae925c0f6ac72f1c6b,True,FORBIDDEN,0901433cbfe906073eae45118a1466e03afab04a766a3061a988ffe089ba4e01,9548a24a4faf5db17b5251df407b4402de033ae8648ec321c850fe6105002cf1,8128818d8ea8f5c3517d04da28955f010269df61e756429957a0a032386f6c51
fixture-bank-16:3:7,fixture-scene-16,target-a,fixture-bank-16,3,7,geometry_destroyed,-2.7533616303214385,-0.1457047811870332,-0.30263157894736814,1.6973684210526319,3.0664305981909856,csi-pairs-v6-software-fixture,ded1ec639ff3e6fd5eba769d42db1ed36222a48af333a30a670254b30b164b74,620f300cbec1f56da4691882bc7dbe52593dc597fc62f6ae925c0f6ac72f1c6b,True,FORBIDDEN,0901433cbfe906073eae45118a1466e03afab04a766a3061a988ffe089ba4e01,9548a24a4faf5db17b5251df407b4402de033ae8648ec321c850fe6105002cf1,8128818d8ea8f5c3517d04da28955f010269df61e756429957a0a032386f6c51
fixture-bank-16:3:7,fixture-scene-16,target-a,fixture-bank-16,3,7,empty,-2.203229170762614,0.33071112115369294,-0.30263157894736814,1.6973684210526319,2.340944976154068,csi-pairs-v6-software-fixture,ded1ec639ff3e6fd5eba769d42db1ed36222a48af333a30a670254b30b164b74,620f300cbec1f56da4691882bc7dbe52593dc597fc62f6ae925c0f6ac72f1c6b,True,FORBIDDEN,0901433cbfe906073eae45118a1466e03afab04a766a3061a988ffe089ba4e01,9548a24a4faf5db17b5251df407b4402de033ae8648ec321c850fe6105002cf1,8128818d8ea8f5c3517d04da28955f010269df61e756429957a0a032386f6c51
fixture-bank-17:0:5,fixture-scene-17,target-b,fixture-bank-17,0,5,correct,0.45467015940128763,2.6154417935642265,1.723684210526316,-2.276315789473684,5.053680729246917,csi-pairs-v6-software-fixture,ded1ec639ff3e6fd5eba769d42db1ed36222a48af333a30a670254b30b164b74,620f300cbec1f56da4691882bc7dbe52593dc597fc62f6ae925c0f6ac72f1c6b,True,FORBIDDEN,0901433cbfe906073eae45118a1466e03afab04a766a3061a988ffe089ba4e01,9548a24a4faf5db17b5251df407b4402de033ae8648ec321c850fe6105002cf1,8128818d8ea8f5c3517d04da28955f010269df61e756429957a0a032386f6c51
fixture-bank-17:0:5,fixture-scene-17,target-b,fixture-bank-17,0,5,paired_active_alternative,0.43714212295534133,2.558368099958635,1.723684210526316,-2.276315789473684,5.002935023946233,csi-pairs-v6-software-fixture,ded1ec639ff3e6fd5eba769d42db1ed36222a48af333a30a670254b30b164b74,620f300cbec1f56da4691882bc7dbe52593dc597fc62f6ae925c0f6ac72f1c6b,True,FORBIDDEN,0901433cbfe906073eae45118a1466e03afab04a766a3061a988ffe089ba4e01,9548a24a4faf5db17b5251df407b4402de033ae8648ec321c850fe6105002cf1,8128818d8ea8f5c3517d04da28955f010269df61e756429957a0a032386f6c51
fixture-bank-17:0:5,fixture-scene-17,target-b,fixture-bank-17,0,5,paired_null_alternative,0.33286496512863656,2.6416753042550063,1.723684210526316,-2.276315789473684,5.1108721928222085,csi-pairs-v6-software-fixture,ded1ec639ff3e6fd5eba769d42db1ed36222a48af333a30a670254b30b164b74,620f300cbec1f56da4691882bc7dbe52593dc597fc62f6ae925c0f6ac72f1c6b,True,FORBIDDEN,0901433cbfe906073eae45118a1466e03afab04a766a3061a988ffe089ba4e01,9548a24a4faf5db17b5251df407b4402de033ae8648ec321c850fe6105002cf1,8128818d8ea8f5c3517d04da28955f010269df61e756429957a0a032386f6c51
fixture-bank-17:0:5,fixture-scene-17,target-b,fixture-bank-17,0,5,wrong_city,2.027016937914683,4.331879218841627,1.723684210526316,-2.276315789473684,6.615153211485601,csi-pairs-v6-software-fixture,ded1ec639ff3e6fd5eba769d42db1ed36222a48af333a30a670254b30b164b74,620f300cbec1f56da4691882bc7dbe52593dc597fc62f6ae925c0f6ac72f1c6b,True,FORBIDDEN,0901433cbfe906073eae45118a1466e03afab04a766a3061a988ffe089ba4e01,9548a24a4faf5db17b5251df407b4402de033ae8648ec321c850fe6105002cf1,8128818d8ea8f5c3517d04da28955f010269df61e756429957a0a032386f6c51
fixture-bank-17:0:5,fixture-scene-17,target-b,fixture-bank-17,0,5,geometry_destroyed,1.2595454303309392,3.4641377543564693,1.723684210526316,-2.276315789473684,5.759186721764924,csi-pairs-v6-software-fixture,ded1ec639ff3e6fd5eba769d42db1ed36222a48af333a30a670254b30b164b74,620f300cbec1f56da4691882bc7dbe52593dc597fc62f6ae925c0f6ac72f1c6b,True,FORBIDDEN,0901433cbfe906073eae45118a1466e03afab04a766a3061a988ffe089ba4e01,9548a24a4faf5db17b5251df407b4402de033ae8648ec321c850fe6105002cf1,8128818d8ea8f5c3517d04da28955f010269df61e756429957a0a032386f6c51
fixture-bank-17:0:5,fixture-scene-17,target-b,fixture-bank-17,0,5,empty,1.5657562117227573,3.719882779396227,1.723684210526316,-2.276315789473684,5.998277963726228,csi-pairs-v6-software-fixture,ded1ec639ff3e6fd5eba769d42db1ed36222a48af333a30a670254b30b164b74,620f300cbec1f56da4691882bc7dbe52593dc597fc62f6ae925c0f6ac72f1c6b,True,FORBIDDEN,0901433cbfe906073eae45118a1466e03afab04a766a3061a988ffe089ba4e01,9548a24a4faf5db17b5251df407b4402de033ae8648ec321c850fe6105002cf1,8128818d8ea8f5c3517d04da28955f010269df61e756429957a0a032386f6c51
fixture-bank-17:0:6,fixture-scene-17,target-b,fixture-bank-17,0,6,correct,-8.97602865117099,-2.770440663275567,1.723684210526316,-0.27631578947368407,10.986560617813385,csi-pairs-v6-software-fixture,ded1ec639ff3e6fd5eba769d42db1ed36222a48af333a30a670254b30b164b74,620f300cbec1f56da4691882bc7dbe52593dc597fc62f6ae925c0f6ac72f1c6b,True,FORBIDDEN,0901433cbfe906073eae45118a1466e03afab04a766a3061a988ffe089ba4e01,9548a24a4faf5db17b5251df407b4402de033ae8648ec321c850fe6105002cf1,8128818d8ea8f5c3517d04da28955f010269df61e756429957a0a032386f6c51
fixture-bank-17:0:6,fixture-scene-17,target-b,fixture-bank-17,0,6,paired_active_alternative,-9.097833845443636,-2.744207152584788,1.723684210526316,-0.27631578947368407,11.0993576758208,csi-pairs-v6-software-fixture,ded1ec639ff3e6fd5eba769d42db1ed36222a48af333a30a670254b30b164b74,620f300cbec1f56da4691882bc7dbe52593dc597fc62f6ae925c0f6ac72f1c6b,True,FORBIDDEN,0901433cbfe906073eae45118a1466e03afab04a766a3061a988ffe089ba4e01,9548a24a4faf5db17b5251df407b4402de033ae8648ec321c850fe6105002cf1,8128818d8ea8f5c3517d04da28955f010269df61e756429957a0a032386f6c51
fixture-bank-17:0:6,fixture-scene-17,target-b,fixture-bank-17,0,6,paired_null_alternative,-8.993556687616934,-2.827514356881159,1.723684210526316,-0.27631578947368407,11.016708519298142,csi-pairs-v6-software-fixture,ded1ec639ff3e6fd5eba769d42db1ed36222a48af333a30a670254b30b164b74,620f300cbec1f56da4691882bc7dbe52593dc597fc62f6ae925c0f6ac72f1c6b,True,FORBIDDEN,0901433cbfe906073eae45118a1466e03afab04a766a3061a988ffe089ba4e01,9548a24a4faf5db17b5251df407b4402de033ae8648ec321c850fe6105002cf1,8128818d8ea8f5c3517d04da28955f010269df61e756429957a0a032386f6c51
fixture-bank-17:0:6,fixture-scene-17,target-b,fixture-bank-17,0,6,wrong_city,-7.403681872657587,-1.0540032379981654,1.723684210526316,-0.27631578947368407,9.160437183019617,csi-pairs-v6-software-fixture,ded1ec639ff3e6fd5eba769d42db1ed36222a48af333a30a670254b30b164b74,620f300cbec1f56da4691882bc7dbe52593dc597fc62f6ae925c0f6ac72f1c6b,True,FORBIDDEN,0901433cbfe906073eae45118a1466e03afab04a766a3061a988ffe089ba4e01,9548a24a4faf5db17b5251df407b4402de033ae8648ec321c850fe6105002cf1,8128818d8ea8f5c3517d04da28955f010269df61e756429957a0a032386f6c51
fixture-bank-17:0:6,fixture-scene-17,target-b,fixture-bank-17,0,6,geometry_destroyed,-8.3197471693283,-1.9610153099887808,1.723684210526316,-0.27631578947368407,10.183748148705968,csi-pairs-v6-software-fixture,ded1ec639ff3e6fd5eba769d42db1ed36222a48af333a30a670254b30b164b74,620f300cbec1f56da4691882bc7dbe52593dc597fc62f6ae925c0f6ac72f1c6b,True,FORBIDDEN,0901433cbfe906073eae45118a1466e03afab04a766a3061a988ffe089ba4e01,9548a24a4faf5db17b5251df407b4402de033ae8648ec321c850fe6105002cf1,8128818d8ea8f5c3517d04da28955f010269df61e756429957a0a032386f6c51
fixture-bank-17:0:6,fixture-scene-17,target-b,fixture-bank-17,0,6,empty,-7.864942598849519,-1.6659996774435677,1.723684210526316,-0.27631578947368407,9.688807222664929,csi-pairs-v6-software-fixture,ded1ec639ff3e6fd5eba769d42db1ed36222a48af333a30a670254b30b164b74,620f300cbec1f56da4691882bc7dbe52593dc597fc62f6ae925c0f6ac72f1c6b,True,FORBIDDEN,0901433cbfe906073eae45118a1466e03afab04a766a3061a988ffe089ba4e01,9548a24a4faf5db17b5251df407b4402de033ae8648ec321c850fe6105002cf1,8128818d8ea8f5c3517d04da28955f010269df61e756429957a0a032386f6c51
fixture-bank-17:0:7,fixture-scene-17,target-b,fixture-bank-17,0,7,correct,-0.02520921670637127,3.0563582338801316,-1.276315789473684,2.723684210526316,1.294580882848185,csi-pairs-v6-software-fixture,ded1ec639ff3e6fd5eba769d42db1ed36222a48af333a30a670254b30b164b74,620f300cbec1f56da4691882bc7dbe52593dc597fc62f6ae925c0f6ac72f1c6b,True,FORBIDDEN,0901433cbfe906073eae45118a1466e03afab04a766a3061a988ffe089ba4e01,9548a24a4faf5db17b5251df407b4402de033ae8648ec321c850fe6105002cf1,8128818d8ea8f5c3517d04da28955f010269df61e756429957a0a032386f6c51
fixture-bank-17:0:7,fixture-scene-17,target-b,fixture-bank-17,0,7,paired_active_alternative,-0.14701441097902146,3.082591744570912,-1.276315789473684,2.723684210526316,1.1849625401099895,csi-pairs-v6-software-fixture,ded1ec639ff3e6fd5eba769d42db1ed36222a48af333a30a670254b30b164b74,620f300cbec1f56da4691882bc7dbe52593dc597fc62f6ae925c0f6ac72f1c6b,True,FORBIDDEN,0901433cbfe906073eae45118a1466e03afab04a766a3061a988ffe089ba4e01,9548a24a4faf5db17b5251df407b4402de033ae8648ec321c850fe6105002cf1,8128818d8ea8f5c3517d04da28955f010269df61e756429957a0a032386f6c51
fixture-bank-17:0:7,fixture-scene-17,target-b,fixture-bank-17,0,7,paired_null_alternative,-0.04273725315231672,2.9992845402745405,-1.276315789473684,2.723684210526316,1.26399032711097,csi-pairs-v6-software-fixture,ded1ec639ff3e6fd5eba769d42db1ed36222a48af333a30a670254b30b164b74,620f300cbec1f56da4691882bc7dbe52593dc597fc62f6ae925c0f6ac72f1c6b,True,FORBIDDEN,0901433cbfe906073eae45118a1466e03afab04a766a3061a988ffe089ba4e01,9548a24a4faf5db17b5251df407b4402de033ae8648ec321c850fe6105002cf1,8128818d8ea8f5c3517d04da28955f010269df61e756429957a0a032386f6c51
fixture-bank-17:0:7,fixture-scene-17,target-b,fixture-bank-17,0,7,wrong_city,1.5471375618070249,4.772795659157532,-1.276315789473684,2.723684210526316,3.4886597076484525,csi-pairs-v6-software-fixture,ded1ec639ff3e6fd5eba769d42db1ed36222a48af333a30a670254b30b164b74,620f300cbec1f56da4691882bc7dbe52593dc597fc62f6ae925c0f6ac72f1c6b,True,FORBIDDEN,0901433cbfe906073eae45118a1466e03afab04a766a3061a988ffe089ba4e01,9548a24a4faf5db17b5251df407b4402de033ae8648ec321c850fe6105002cf1,8128818d8ea8f5c3517d04da28955f010269df61e756429957a0a032386f6c51
fixture-bank-17:0:7,fixture-scene-17,target-b,fixture-bank-17,0,7,geometry_destroyed,0.2443695470789772,3.201613681689693,-1.276315789473684,2.723684210526316,1.5940202232759741,csi-pairs-v6-software-fixture,ded1ec639ff3e6fd5eba769d42db1ed36222a48af333a30a670254b30b164b74,620f300cbec1f56da4691882bc7dbe52593dc597fc62f6ae925c0f6ac72f1c6b,True,FORBIDDEN,0901433cbfe906073eae45118a1466e03afab04a766a3061a988ffe089ba4e01,9548a24a4faf5db17b5251df407b4402de033ae8648ec321c850fe6105002cf1,8128818d8ea8f5c3517d04da28955f010269df61e756429957a0a032386f6c51
fixture-bank-17:0:7,fixture-scene-17,target-b,fixture-bank-17,0,7,empty,1.0858768356150998,4.160799219712133,-1.276315789473684,2.723684210526316,2.765005162319049,csi-pairs-v6-software-fixture,ded1ec639ff3e6fd5eba769d42db1ed36222a48af333a30a670254b30b164b74,620f300cbec1f56da4691882bc7dbe52593dc597fc62f6ae925c0f6ac72f1c6b,True,FORBIDDEN,0901433cbfe906073eae45118a1466e03afab04a766a3061a988ffe089ba4e01,9548a24a4faf5db17b5251df407b4402de033ae8648ec321c850fe6105002cf1,8128818d8ea8f5c3517d04da28955f010269df61e756429957a0a032386f6c51
fixture-bank-17:1:5,fixture-scene-17,target-b,fixture-bank-17,1,5,correct,0.45793561158593693,2.1373350005320173,1.723684210526316,-2.276315789473684,4.5915610430263785,csi-pairs-v6-software-fixture,ded1ec639ff3e6fd5eba769d42db1ed36222a48af333a30a670254b30b164b74,620f300cbec1f56da4691882bc7dbe52593dc597fc62f6ae925c0f6ac72f1c6b,True,FORBIDDEN,0901433cbfe906073eae45118a1466e03afab04a766a3061a988ffe089ba4e01,9548a24a4faf5db17b5251df407b4402de033ae8648ec321c850fe6105002cf1,8128818d8ea8f5c3517d04da28955f010269df61e756429957a0a032386f6c51
fixture-bank-17:1:5,fixture-scene-17,target-b,fixture-bank-17,1,5,paired_active_alternative,0.4754636480318834,2.194408694137609,1.723684210526316,-2.276315789473684,4.641705718913617,csi-pairs-v6-software-fixture,ded1ec639ff3e6fd5eba769d42db1ed36222a48af333a30a670254b30b164b74,620f300cbec1f56da4691882bc7dbe52593dc597fc62f6ae925c0f6ac72f1c6b,True,FORBIDDEN,0901433cbfe906073eae45118a1466e03afab04a766a3061a988ffe089ba4e01,9548a24a4faf5db17b5251df407b4402de033ae8648ec321c850fe6105002cf1,8128818d8ea8f5c3517d04da28955f010269df61e756429957a0a032386f6c51
fixture-bank-17:1:5,fixture-scene-17,target-b,fixture-bank-17,1,5,paired_null_alternative,0.32181723260212347,2.1474550052008357,1.723684210526316,-2.276315789473684,4.640579604705595,csi-pairs-v6-software-fixture,ded1ec639ff3e6fd5eba769d42db1ed36222a48af333a30a670254b30b164b74,620f300cbec1f56da4691882bc7dbe52593dc597fc62f6ae925c0f6ac72f1c6b,True,FORBIDDEN,0901433cbfe906073eae45118a1466e03afab04a766a3061a988ffe089ba4e01,9548a24a4faf5db17b5251df407b4402de033ae8648ec321c850fe6105002cf1,8128818d8ea8f5c3517d04da28955f010269df61e756429957a0a032386f6c51
fixture-bank-17:1:5,fixture-scene-17,target-b,fixture-bank-17,1,5,wrong_city,2.047810426545279,3.9108461194150084,1.723684210526316,-2.276315789473684,6.195646075326925,csi-pairs-v6-software-fixture,ded1ec639ff3e6fd5eba769d42db1ed36222a48af333a30a670254b30b164b74,620f300cbec1f56da4691882bc7dbe52593dc597fc62f6ae925c0f6ac72f1c6b,True,FORBIDDEN,0901433cbfe906073eae45118a1466e03afab04a766a3061a988ffe089ba4e01,9548a24a4faf5db17b5251df407b4402de033ae8648ec321c850fe6105002cf1,8128818d8ea8f5c3517d04da28955f010269df61e756429957a0a032386f6c51
fixture-bank-17:1:5,fixture-scene-17,target-b,fixture-bank-17,1,5,geometry_destroyed,0.43016805205311304,2.112517398957721,1.723684210526316,-2.276315789473684,4.5754825765276665,csi-pairs-v6-software-fixture,ded1ec639ff3e6fd5eba769d42db1ed36222a48af333a30a670254b30b164b74,620f300cbec1f56da4691882bc7dbe52593dc597fc62f6ae925c0f6ac72f1c6b,True,FORBIDDEN,0901433cbfe906073eae45118a1466e03afab04a766a3061a988ffe089ba4e01,9548a24a4faf5db17b5251df407b4402de033ae8648ec321c850fe6105002cf1,8128818d8ea8f5c3517d04da28955f010269df61e756429957a0a032386f6c51
fixture-bank-17:1:5,fixture-scene-17,target-b,fixture-bank-17,1,5,empty,1.586549700353353,3.298849679969609,1.723684210526316,-2.276315789473684,5.576851789814145,csi-pairs-v6-software-fixture,ded1ec639ff3e6fd5eba769d42db1ed36222a48af333a30a670254b30b164b74,620f300cbec1f56da4691882bc7dbe52593dc597fc62f6ae925c0f6ac72f1c6b,True,FORBIDDEN,0901433cbfe906073eae45118a1466e03afab04a766a3061a988ffe089ba4e01,9548a24a4faf5db17b5251df407b4402de033ae8648ec321c850fe6105002cf1,8128818d8ea8f5c3517d04da28955f010269df61e756429957a0a032386f6c51
fixture-bank-17:1:6,fixture-scene-17,target-b,fixture-bank-17,1,6,correct,-8.993607478627233,-2.8279063068156,1.723684210526316,-0.27631578947368407,11.016848701810735,csi-pairs-v6-software-fixture,ded1ec639ff3e6fd5eba769d42db1ed36222a48af333a30a670254b30b164b74,620f300cbec1f56da4691882bc7dbe52593dc597fc62f6ae925c0f6ac72f1c6b,True,FORBIDDEN,0901433cbfe906073eae45118a1466e03afab04a766a3061a988ffe089ba4e01,9548a24a4faf5db17b5251df407b4402de033ae8648ec321c850fe6105002cf1,8128818d8ea8f5c3517d04da28955f010269df61e756429957a0a032386f6c51
fixture-bank-17:1:6,fixture-scene-17,target-b,fixture-bank-17,1,6,paired_active_alternative,-9.129725857611046,-2.8177863021467817,1.723684210526316,-0.27631578947368407,11.14699881017004,csi-pairs-v6-software-fixture,ded1ec639ff3e6fd5eba769d42db1ed36222a48af333a30a670254b30b164b74,620f300cbec1f56da4691882bc7dbe52593dc597fc62f6ae925c0f6ac72f1c6b,True,FORBIDDEN,0901433cbfe906073eae45118a1466e03afab04a766a3061a988ffe089ba4e01,9548a24a4faf5db17b5251df407b4402de033ae8648ec321c850fe6105002cf1,8128818d8ea8f5c3517d04da28955f010269df61e756429957a0a032386f6c51
fixture-bank-17:1:6,fixture-scene-17,target-b,fixture-bank-17,1,6,paired_null_alternative,-8.97607944218129,-2.770832613210008,1.723684210526316,-0.27631578947368407,10.986699067859572,csi-pairs-v6-software-fixture,ded1ec639ff3e6fd5eba769d42db1ed36222a48af333a30a670254b30b164b74,620f300cbec1f56da4691882bc7dbe52593dc597fc62f6ae925c0f6ac72f1c6b,True,FORBIDDEN,0901433cbfe906073eae45118a1466e03afab04a766a3061a988ffe089ba4e01,9548a24a4faf5db17b5251df407b4402de033ae8648ec321c850fe6105002cf1,8128818d8ea8f5c3517d04da28955f010269df61e756429957a0a032386f6c51
fixture-bank-17:1:6,fixture-scene-17,target-b,fixture-bank-17,1,6,wrong_city,-7.403732663667886,-1.0543951879326063,1.723684210526316,-0.27631578947368407,9.160521073914477,csi-pairs-v6-software-fixture,ded1ec639ff3e6fd5eba769d42db1ed36222a48af333a30a670254b30b164b74,620f300cbec1f56da4691882bc7dbe52593dc597fc62f6ae925c0f6ac72f1c6b,True,FORBIDDEN,0901433cbfe906073eae45118a1466e03afab04a766a3061a988ffe089ba4e01,9548a24a4faf5db17b5251df407b4402de033ae8648ec321c850fe6105002cf1,8128818d8ea8f5c3517d04da28955f010269df61e756429957a0a032386f6c51
fixture-bank-17:1:6,fixture-scene-17,target-b,fixture-bank-17,1,6,geometry_destroyed,-8.328747067153884,-2.034203264862486,1.723684210526316,-0.27631578947368407,10.204976382560226,csi-pairs-v6-software-fixture,ded1ec639ff3e6fd5eba769d42db1ed36222a48af333a30a670254b30b164b74,620f300cbec1f56da4691882bc7dbe52593dc597fc62f6ae925c0f6ac72f1c6b,True,FORBIDDEN,0901433cbfe906073eae45118a1466e03afab04a766a3061a988ffe089ba4e01,9548a24a4faf5db17b5251df407b4402de033ae8648ec321c850fe6105002cf1,8128818d8ea8f5c3517d04da28955f010269df61e756429957a0a032386f6c51
fixture-bank-17:1:6,fixture-scene-17,target-b,fixture-bank-17,1,6,empty,-7.864993389859818,-1.6663916273780086,1.723684210526316,-0.27631578947368407,9.688913714099852,csi-pairs-v6-software-fixture,ded1ec639ff3e6fd5eba769d42db1ed36222a48af333a30a670254b30b164b74,620f300cbec1f56da4691882bc7dbe52593dc597fc62f6ae925c0f6ac72f1c6b,True,FORBIDDEN,0901433cbfe906073eae45118a1466e03afab04a766a3061a988ffe089ba4e01,9548a24a4faf5db17b5251df407b4402de033ae8648ec321c850fe6105002cf1,8128818d8ea8f5c3517d04da28955f010269df61e756429957a0a032386f6c51
fixture-bank-17:1:7,fixture-scene-17,target-b,fixture-bank-17,1,7,correct,-0.04265580405136274,2.9989184931016966,-1.276315789473684,2.723684210526316,1.2639900592714275,csi-pairs-v6-software-fixture,ded1ec639ff3e6fd5eba769d42db1ed36222a48af333a30a670254b30b164b74,620f300cbec1f56da4691882bc7dbe52593dc597fc62f6ae925c0f6ac72f1c6b,True,FORBIDDEN,0901433cbfe906073eae45118a1466e03afab04a766a3061a988ffe089ba4e01,9548a24a4faf5db17b5251df407b4402de033ae8648ec321c850fe6105002cf1,8128818d8ea8f5c3517d04da28955f010269df61e756429957a0a032386f6c51
fixture-bank-17:1:7,fixture-scene-17,target-b,fixture-bank-17,1,7,paired_active_alternative,-0.17877418303517623,3.009038497770515,-1.276315789473684,2.723684210526316,1.1340302672822562,csi-pairs-v6-software-fixture,ded1ec639ff3e6fd5eba769d42db1ed36222a48af333a30a670254b30b164b74,620f300cbec1f56da4691882bc7dbe52593dc597fc62f6ae925c0f6ac72f1c6b,True,FORBIDDEN,0901433cbfe906073eae45118a1466e03afab04a766a3061a988ffe089ba4e01,9548a24a4faf5db17b5251df407b4402de033ae8648ec321c850fe6105002cf1,8128818d8ea8f5c3517d04da28955f010269df61e756429957a0a032386f6c51
fixture-bank-17:1:7,fixture-scene-17,target-b,fixture-bank-17,1,7,paired_null_alternative,-0.02512776760541729,3.055992186707288,-1.276315789473684,2.723684210526316,1.2945655862489625,csi-pairs-v6-software-fixture,ded1ec639ff3e6fd5eba769d42db1ed36222a48af333a30a670254b30b164b74,620f300cbec1f56da4691882bc7dbe52593dc597fc62f6ae925c0f6ac72f1c6b,True,FORBIDDEN,0901433cbfe906073eae45118a1466e03afab04a766a3061a988ffe089ba4e01,9548a24a4faf5db17b5251df407b4402de033ae8648ec321c850fe6105002cf1,8128818d8ea8f5c3517d04da28955f010269df61e756429957a0a032386f6c51
fixture-bank-17:1:7,fixture-scene-17,target-b,fixture-bank-17,1,7,wrong_city,1.5472190109079789,4.772429611984688,-1.276315789473684,2.723684210526316,3.4885106405116697,csi-pairs-v6-software-fixture,ded1ec639ff3e6fd5eba769d42db1ed36222a48af333a30a670254b30b164b74,620f300cbec1f56da4691882bc7dbe52593dc597fc62f6ae925c0f6ac72f1c6b,True,FORBIDDEN,0901433cbfe906073eae45118a1466e03afab04a766a3061a988ffe089ba4e01,9548a24a4faf5db17b5251df407b4402de033ae8648ec321c850fe6105002cf1,8128818d8ea8f5c3517d04da28955f010269df61e756429957a0a032386f6c51
fixture-bank-17:1:7,fixture-scene-17,target-b,fixture-bank-17,1,7,geometry_destroyed,0.6068696553313915,3.782498306819935,-1.276315789473684,2.723684210526316,2.1604339170721616,csi-pairs-v6-software-fixture,ded1ec639ff3e6fd5eba769d42db1ed36222a48af333a30a670254b30b164b74,620f300cbec1f56da4691882bc7dbe52593dc597fc62f6ae925c0f6ac72f1c6b,True,FORBIDDEN,0901433cbfe906073eae45118a1466e03afab04a766a3061a988ffe089ba4e01,9548a24a4faf5db17b5251df407b4402de033ae8648ec321c850fe6105002cf1,8128818d8ea8f5c3517d04da28955f010269df61e756429957a0a032386f6c51
fixture-bank-17:1:7,fixture-scene-17,target-b,fixture-bank-17,1,7,empty,1.0859582847160538,4.160433172539289,-1.276315789473684,2.723684210526316,2.764884515026684,csi-pairs-v6-software-fixture,ded1ec639ff3e6fd5eba769d42db1ed36222a48af333a30a670254b30b164b74,620f300cbec1f56da4691882bc7dbe52593dc597fc62f6ae925c0f6ac72f1c6b,True,FORBIDDEN,0901433cbfe906073eae45118a1466e03afab04a766a3061a988ffe089ba4e01,9548a24a4faf5db17b5251df407b4402de033ae8648ec321c850fe6105002cf1,8128818d8ea8f5c3517d04da28955f010269df61e756429957a0a032386f6c51
fixture-bank-17:2:5,fixture-scene-17,target-b,fixture-bank-17,2,5,correct,0.332770339912372,2.641802886600056,1.723684210526316,-2.276315789473684,5.1110207109159305,csi-pairs-v6-software-fixture,ded1ec639ff3e6fd5eba769d42db1ed36222a48af333a30a670254b30b164b74,620f300cbec1f56da4691882bc7dbe52593dc597fc62f6ae925c0f6ac72f1c6b,True,FORBIDDEN,0901433cbfe906073eae45118a1466e03afab04a766a3061a988ffe089ba4e01,9548a24a4faf5db17b5251df407b4402de033ae8648ec321c850fe6105002cf1,8128818d8ea8f5c3517d04da28955f010269df61e756429957a0a032386f6c51
fixture-bank-17:2:5,fixture-scene-17,target-b,fixture-bank-17,2,5,paired_active_alternative,0.30092911875526335,2.5686156869725028,1.723684210526316,-2.276315789473684,5.049514141243638,csi-pairs-v6-software-fixture,ded1ec639ff3e6fd5eba769d42db1ed36222a48af333a30a670254b30b164b74,620f300cbec1f56da4691882bc7dbe52593dc597fc62f6ae925c0f6ac72f1c6b,True,FORBIDDEN,0901433cbfe906073eae45118a1466e03afab04a766a3061a988ffe089ba4e01,9548a24a4faf5db17b5251df407b4402de033ae8648ec321c850fe6105002cf1,8128818d8ea8f5c3517d04da28955f010269df61e756429957a0a032386f6c51
fixture-bank-17:2:5,fixture-scene-17,target-b,fixture-bank-17,2,5,paired_null_alternative,0.4545755341850233,2.6155693759092755,1.723684210526316,-2.276315789473684,5.053827985167145,csi-pairs-v6-software-fixture,ded1ec639ff3e6fd5eba769d42db1ed36222a48af333a30a670254b30b164b74,620f300cbec1f56da4691882bc7dbe52593dc597fc62f6ae925c0f6ac72f1c6b,True,FORBIDDEN,0901433cbfe906073eae45118a1466e03afab04a766a3061a988ffe089ba4e01,9548a24a4faf5db17b5251df407b4402de033ae8648ec321c850fe6105002cf1,8128818d8ea8f5c3517d04da28955f010269df61e756429957a0a032386f6c51
fixture-bank-17:2:5,fixture-scene-17,target-b,fixture-bank-17,2,5,wrong_city,2.0269223126984186,4.332006801186677,1.723684210526316,-2.276315789473684,6.615276321427624,csi-pairs-v6-software-fixture,ded1ec639ff3e6fd5eba769d42db1ed36222a48af333a30a670254b30b164b74,620f300cbec1f56da4691882bc7dbe52593dc597fc62f6ae925c0f6ac72f1c6b,True,FORBIDDEN,0901433cbfe906073eae45118a1466e03afab04a766a3061a988ffe089ba4e01,9548a24a4faf5db17b5251df407b4402de033ae8648ec321c850fe6105002cf1,8128818d8ea8f5c3517d04da28955f010269df61e756429957a0a032386f6c51
fixture-bank-17:2:5,fixture-scene-17,target-b,fixture-bank-17,2,5,geometry_destroyed,1.5087458067653567,3.9774984123601165,1.723684210526316,-2.276315789473684,6.2575067389871375,csi-pairs-v6-software-fixture,ded1ec639ff3e6fd5eba769d42db1ed36222a48af333a30a670254b30b164b74,620f300cbec1f56da4691882bc7dbe52593dc597fc62f6ae925c0f6ac72f1c6b,True,FORBIDDEN,0901433cbfe906073eae45118a1466e03afab04a766a3061a988ffe089ba4e01,9548a24a4faf5db17b5251df407b4402de033ae8648ec321c850fe6105002cf1,8128818d8ea8f5c3517d04da28955f010269df61e756429957a0a032386f6c51
fixture-bank-17:2:5,fixture-scene-17,target-b,fixture-bank-17,2,5,empty,1.5656615865064927,3.7200103617412763,1.723684210526316,-2.276315789473684,5.998407993913596,csi-pairs-v6-software-fixture,ded1ec639ff3e6fd5eba769d42db1ed36222a48af333a30a670254b30b164b74,620f300cbec1f56da4691882bc7dbe52593dc597fc62f6ae925c0f6ac72f1c6b,True,FORBIDDEN,0901433cbfe906073eae45118a1466e03afab04a766a3061a988ffe089ba4e01,9548a24a4faf5db17b5251df407b4402de033ae8648ec321c850fe6105002cf1,8128818d8ea8f5c3517d04da28955f010269df61e756429957a0a032386f6c51
fixture-bank-17:2:6,fixture-scene-17,target-b,fixture-bank-17,2,6,correct,-9.788838794139041,-2.4313130955480853,1.723684210526316,-0.27631578947368407,11.71248049399174,csi-pairs-v6-software-fixture,ded1ec639ff3e6fd5eba769d42db1ed36222a48af333a30a670254b30b164b74,620f300cbec1f56da4691882bc7dbe52593dc597fc62f6ae925c0f6ac72f1c6b,True,FORBIDDEN,0901433cbfe906073eae45118a1466e03afab04a766a3061a988ffe089ba4e01,9548a24a4faf5db17b5251df407b4402de033ae8648ec321c850fe6105002cf1,8128818d8ea8f5c3517d04da28955f010269df61e756429957a0a032386f6c51
fixture-bank-17:2:6,fixture-scene-17,target-b,fixture-bank-17,2,6,paired_active_alternative,-9.667033599866397,-2.457546606238863,1.723684210526316,-0.27631578947368407,11.597681669713296,csi-pairs-v6-software-fixture,ded1ec639ff3e6fd5eba769d42db1ed36222a48af333a30a670254b30b164b74,620f300cbec1f56da4691882bc7dbe52593dc597fc62f6ae925c0f6ac72f1c6b,True,FORBIDDEN,0901433cbfe906073eae45118a1466e03afab04a766a3061a988ffe089ba4e01,9548a24a4faf5db17b5251df407b4402de033ae8648ec321c850fe6105002cf1,8128818d8ea8f5c3517d04da28955f010269df61e756429957a0a032386f6c51
fixture-bank-17:2:6,fixture-scene-17,target-b,fixture-bank-17,2,6,paired_null_alternative,-9.820680015296151,-2.5045002951756383,1.723684210526316,-0.27631578947368407,11.757429632785383,csi-pairs-v6-software-fixture,ded1ec639ff3e6fd5eba769d42db1ed36222a48af333a30a670254b30b164b74,620f300cbec1f56da4691882bc7dbe52593dc597fc62f6ae925c0f6ac72f1c6b,True,FORBIDDEN,0901433cbfe906073eae45118a1466e03afab04a766a3061a988ffe089ba4e01,9548a24a4faf5db17b5251df407b4402de033ae8648ec321c850fe6105002cf1,8128818d8ea8f5c3517d04da28955f010269df61e756429957a0a032386f6c51
fixture-bank-17:2:6,fixture-scene-17,target-b,fixture-bank-17,2,6,wrong_city,-8.094686821353001,-0.7411091809614627,1.723684210526316,-0.27631578947368407,9.82936633849902,csi-pairs-v6-software-fixture,ded1ec639ff3e6fd5eba769d42db1ed36222a48af333a30a670254b30b164b74,620f300cbec1f56da4691882bc7dbe52593dc597fc62f6ae925c0f6ac72f1c6b,True,FORBIDDEN,0901433cbfe906073eae45118a1466e03afab04a766a3061a988ffe089ba4e01,9548a24a4faf5db17b5251df407b4402de033ae8648ec321c850fe6105002cf1,8128818d8ea8f5c3517d04da28955f010269df61e756429957a0a032386f6c51
fixture-bank-17:2:6,fixture-scene-17,target-b,fixture-bank-17,2,6,geometry_destroyed,-8.620496084151114,-1.0659185005517882,1.723684210526316,-0.27631578947368407,10.37427290995059,csi-pairs-v6-software-fixture,ded1ec639ff3e6fd5eba769d42db1ed36222a48af333a30a670254b30b164b74,620f300cbec1f56da4691882bc7dbe52593dc597fc62f6ae925c0f6ac72f1c6b,True,FORBIDDEN,0901433cbfe906073eae45118a1466e03afab04a766a3061a988ffe089ba4e01,9548a24a4faf5db17b5251df407b4402de033ae8648ec321c850fe6105002cf1,8128818d8ea8f5c3517d04da28955f010269df61e756429957a0a032386f6c51
fixture-bank-17:2:6,fixture-scene-17,target-b,fixture-bank-17,2,6,empty,-8.555947547544923,-1.3531056204068648,1.723684210526316,-0.27631578947368407,10.33587468101021,csi-pairs-v6-software-fixture,ded1ec639ff3e6fd5eba769d42db1ed36222a48af333a30a670254b30b164b74,620f300cbec1f56da4691882bc7dbe52593dc597fc62f6ae925c0f6ac72f1c6b,True,FORBIDDEN,0901433cbfe906073eae45118a1466e03afab04a766a3061a988ffe089ba4e01,9548a24a4faf5db17b5251df407b4402de033ae8648ec321c850fe6105002cf1,8128818d8ea8f5c3517d04da28955f010269df61e756429957a0a032386f6c51
fixture-bank-17:2:7,fixture-scene-17,target-b,fixture-bank-17,2,7,correct,0.07377683440170127,3.3439024678517244,-1.276315789473684,2.723684210526316,1.48573913583862,csi-pairs-v6-software-fixture,ded1ec639ff3e6fd5eba769d42db1ed36222a48af333a30a670254b30b164b74,620f300cbec1f56da4691882bc7dbe52593dc597fc62f6ae925c0f6ac72f1c6b,True,FORBIDDEN,0901433cbfe906073eae45118a1466e03afab04a766a3061a988ffe089ba4e01,9548a24a4faf5db17b5251df407b4402de033ae8648ec321c850fe6105002cf1,8128818d8ea8f5c3517d04da28955f010269df61e756429957a0a032386f6c51
fixture-bank-17:2:7,fixture-scene-17,target-b,fixture-bank-17,2,7,paired_active_alternative,0.19558202867435173,3.3176689571609495,-1.276315789473684,2.723684210526316,1.5872306279503172,csi-pairs-v6-software-fixture,ded1ec639ff3e6fd5eba769d42db1ed36222a48af333a30a670254b30b164b74,620f300cbec1f56da4691882bc7dbe52593dc597fc62f6ae925c0f6ac72f1c6b,True,FORBIDDEN,0901433cbfe906073eae45118a1466e03afab04a766a3061a988ffe089ba4e01,9548a24a4faf5db17b5251df407b4402de033ae8648ec321c850fe6105002cf1,8128818d8ea8f5c3517d04da28955f010269df61e756429957a0a032386f6c51
fixture-bank-17:2:7,fixture-scene-17,target-b,fixture-bank-17,2,7,paired_null_alternative,0.04193561324459223,3.2707152682241745,-1.276315789473684,2.723684210526316,1.4272455075615902,csi-pairs-v6-software-fixture,ded1ec639ff3e6fd5eba769d42db1ed36222a48af333a30a670254b30b164b74,620f300cbec1f56da4691882bc7dbe52593dc597fc62f6ae925c0f6ac72f1c6b,True,FORBIDDEN,0901433cbfe906073eae45118a1466e03afab04a766a3061a988ffe089ba4e01,9548a24a4faf5db17b5251df407b4402de033ae8648ec321c850fe6105002cf1,8128818d8ea8f5c3517d04da28955f010269df61e756429957a0a032386f6c51
fixture-bank-17:2:7,fixture-scene-17,target-b,fixture-bank-17,2,7,wrong_city,1.7679288071877475,5.034106382438349,-1.276315789473684,2.723684210526316,3.821711105874571,csi-pairs-v6-software-fixture,ded1ec639ff3e6fd5eba769d42db1ed36222a48af333a30a670254b30b164b74,620f300cbec1f56da4691882bc7dbe52593dc597fc62f6ae925c0f6ac72f1c6b,True,FORBIDDEN,0901433cbfe906073eae45118a1466e03afab04a766a3061a988ffe089ba4e01,9548a24a4faf5db17b5251df407b4402de033ae8648ec321c850fe6105002cf1,8128818d8ea8f5c3517d04da28955f010269df61e756429957a0a032386f6c51
fixture-bank-17:2:7,fixture-scene-17,target-b,fixture-bank-17,2,7,geometry_destroyed,1.0584368578040804,4.394644723641217,-1.276315789473684,2.723684210526316,2.871093687144281,csi-pairs-v6-software-fixture,ded1ec639ff3e6fd5eba769d42db1ed36222a48af333a30a670254b30b164b74,620f300cbec1f56da4691882bc7dbe52593dc597fc62f6ae925c0f6ac72f1c6b,True,FORBIDDEN,0901433cbfe906073eae45118a1466e03afab04a766a3061a988ffe089ba4e01,9548a24a4faf5db17b5251df407b4402de033ae8648ec321c850fe6105002cf1,8128818d8ea8f5c3517d04da28955f010269df61e756429957a0a032386f6c51
fixture-bank-17:2:7,fixture-scene-17,target-b,fixture-bank-17,2,7,empty,1.3066680809958229,4.422109942992949,-1.276315789473684,2.723684210526316,3.0913517502559382,csi-pairs-v6-software-fixture,ded1ec639ff3e6fd5eba769d42db1ed36222a48af333a30a670254b30b164b74,620f300cbec1f56da4691882bc7dbe52593dc597fc62f6ae925c0f6ac72f1c6b,True,FORBIDDEN,0901433cbfe906073eae45118a1466e03afab04a766a3061a988ffe089ba4e01,9548a24a4faf5db17b5251df407b4402de033ae8648ec321c850fe6105002cf1,8128818d8ea8f5c3517d04da28955f010269df61e756429957a0a032386f6c51
fixture-bank-17:3:5,fixture-scene-17,target-b,fixture-bank-17,3,5,correct,0.3217226073858578,2.1475825875458847,1.723684210526316,-2.276315789473684,4.6407298118805125,csi-pairs-v6-software-fixture,ded1ec639ff3e6fd5eba769d42db1ed36222a48af333a30a670254b30b164b74,620f300cbec1f56da4691882bc7dbe52593dc597fc62f6ae925c0f6ac72f1c6b,True,FORBIDDEN,0901433cbfe906073eae45118a1466e03afab04a766a3061a988ffe089ba4e01,9548a24a4faf5db17b5251df407b4402de033ae8648ec321c850fe6105002cf1,8128818d8ea8f5c3517d04da28955f010269df61e756429957a0a032386f6c51
fixture-bank-17:3:5,fixture-scene-17,target-b,fixture-bank-17,3,5,paired_active_alternative,0.35356382854296675,2.2207697871734378,1.723684210526316,-2.276315789473684,4.7011709759179965,csi-pairs-v6-software-fixture,ded1ec639ff3e6fd5eba769d42db1ed36222a48af333a30a670254b30b164b74,620f300cbec1f56da4691882bc7dbe52593dc597fc62f6ae925c0f6ac72f1c6b,True,FORBIDDEN,0901433cbfe906073eae45118a1466e03afab04a766a3061a988ffe089ba4e01,9548a24a4faf5db17b5251df407b4402de033ae8648ec321c850fe6105002cf1,8128818d8ea8f5c3517d04da28955f010269df61e756429957a0a032386f6c51
fixture-bank-17:3:5,fixture-scene-17,target-b,fixture-bank-17,3,5,paired_null_alternative,0.45784098636967135,2.1374625828770664,1.723684210526316,-2.276315789473684,4.591709767436801,csi-pairs-v6-software-fixture,ded1ec639ff3e6fd5eba769d42db1ed36222a48af333a30a670254b30b164b74,620f300cbec1f56da4691882bc7dbe52593dc597fc62f6ae925c0f6ac72f1c6b,True,FORBIDDEN,0901433cbfe906073eae45118a1466e03afab04a766a3061a988ffe089ba4e01,9548a24a4faf5db17b5251df407b4402de033ae8648ec321c850fe6105002cf1,8128818d8ea8f5c3517d04da28955f010269df61e756429957a0a032386f6c51
fixture-bank-17:3:5,fixture-scene-17,target-b,fixture-bank-17,3,5,wrong_city,2.0477158013290127,3.9109737017600574,1.723684210526316,-2.276315789473684,6.195768533456493,csi-pairs-v6-software-fixture,ded1ec639ff3e6fd5eba769d42db1ed36222a48af333a30a670254b30b164b74,620f300cbec1f56da4691882bc7dbe52593dc597fc62f6ae925c0f6ac72f1c6b,True,FORBIDDEN,0901433cbfe906073eae45118a1466e03afab04a766a3061a988ffe089ba4e01,9548a24a4faf5db17b5251df407b4402de033ae8648ec321c850fe6105002cf1,8128818d8ea8f5c3517d04da28955f010269df61e756429957a0a032386f6c51
fixture-bank-17:3:5,fixture-scene-17,target-b,fixture-bank-17,3,5,geometry_destroyed,0.7699605606719913,2.6404280912499822,1.723684210526316,-2.276315789473684,5.008388881559126,csi-pairs-v6-software-fixture,ded1ec639ff3e6fd5eba769d42db1ed36222a48af333a30a670254b30b164b74,620f300cbec1f56da4691882bc7dbe52593dc597fc62f6ae925c0f6ac72f1c6b,True,FORBIDDEN,0901433cbfe906073eae45118a1466e03afab04a766a3061a988ffe089ba4e01,9548a24a4faf5db17b5251df407b4402de033ae8648ec321c850fe6105002cf1,8128818d8ea8f5c3517d04da28955f010269df61e756429957a0a032386f6c51
fixture-bank-17:3:5,fixture-scene-17,target-b,fixture-bank-17,3,5,empty,1.5864550751370874,3.2989772623146583,1.723684210526316,-2.276315789473684,5.576981661160367,csi-pairs-v6-software-fixture,ded1ec639ff3e6fd5eba769d42db1ed36222a48af333a30a670254b30b164b74,620f300cbec1f56da4691882bc7dbe52593dc597fc62f6ae925c0f6ac72f1c6b,True,FORBIDDEN,0901433cbfe906073eae45118a1466e03afab04a766a3061a988ffe089ba4e01,9548a24a4faf5db17b5251df407b4402de033ae8648ec321c850fe6105002cf1,8128818d8ea8f5c3517d04da28955f010269df61e756429957a0a032386f6c51
fixture-bank-17:3:6,fixture-scene-17,target-b,fixture-bank-17,3,6,correct,-9.820730806306448,-2.504892245110079,1.723684210526316,-0.27631578947368407,11.75755378892611,csi-pairs-v6-software-fixture,ded1ec639ff3e6fd5eba769d42db1ed36222a48af333a30a670254b30b164b74,620f300cbec1f56da4691882bc7dbe52593dc597fc62f6ae925c0f6ac72f1c6b,True,FORBIDDEN,0901433cbfe906073eae45118a1466e03afab04a766a3061a988ffe089ba4e01,9548a24a4faf5db17b5251df407b4402de033ae8648ec321c850fe6105002cf1,8128818d8ea8f5c3517d04da28955f010269df61e756429957a0a032386f6c51
fixture-bank-17:3:6,fixture-scene-17,target-b,fixture-bank-17,3,6,paired_active_alternative,-9.684612427322635,-2.5150122497788967,1.723684210526316,-0.27631578947368407,11.625876053809398,csi-pairs-v6-software-fixture,ded1ec639ff3e6fd5eba769d42db1ed36222a48af333a30a670254b30b164b74,620f300cbec1f56da4691882bc7dbe52593dc597fc62f6ae925c0f6ac72f1c6b,True,FORBIDDEN,0901433cbfe906073eae45118a1466e03afab04a766a3061a988ffe089ba4e01,9548a24a4faf5db17b5251df407b4402de033ae8648ec321c850fe6105002cf1,8128818d8ea8f5c3517d04da28955f010269df61e756429957a0a032386f6c51
fixture-bank-17:3:6,fixture-scene-17,target-b,fixture-bank-17,3,6,paired_null_alternative,-9.788889585149338,-2.4317050454825258,1.723684210526316,-0.27631578947368407,11.712602539393032,csi-pairs-v6-software-fixture,ded1ec639ff3e6fd5eba769d42db1ed36222a48af333a30a670254b30b164b74,620f300cbec1f56da4691882bc7dbe52593dc597fc62f6ae925c0f6ac72f1c6b,True,FORBIDDEN,0901433cbfe906073eae45118a1466e03afab04a766a3061a988ffe089ba4e01,9548a24a4faf5db17b5251df407b4402de033ae8648ec321c850fe6105002cf1,8128818d8ea8f5c3517d04da28955f010269df61e756429957a0a032386f6c51
fixture-bank-17:3:6,fixture-scene-17,target-b,fixture-bank-17,3,6,wrong_city,-8.094737612363296,-0.7415011308959034,1.723684210526316,-0.27631578947368407,9.829435614218603,csi-pairs-v6-software-fixture,ded1ec639ff3e6fd5eba769d42db1ed36222a48af333a30a670254b30b164b74,620f300cbec1f56da4691882bc7dbe52593dc597fc62f6ae925c0f6ac72f1c6b,True,FORBIDDEN,0901433cbfe906073eae45118a1466e03afab04a766a3061a988ffe089ba4e01,9548a24a4faf5db17b5251df407b4402de033ae8648ec321c850fe6105002cf1,8128818d8ea8f5c3517d04da28955f010269df61e756429957a0a032386f6c51
fixture-bank-17:3:6,fixture-scene-17,target-b,fixture-bank-17,3,6,geometry_destroyed,-9.803079222222218,-2.314364337474785,1.723684210526316,-0.27631578947368407,11.705550696936825,csi-pairs-v6-software-fixture,ded1ec639ff3e6fd5eba769d42db1ed36222a48af333a30a670254b30b164b74,620f300cbec1f56da4691882bc7dbe52593dc597fc62f6ae925c0f6ac72f1c6b,True,FORBIDDEN,0901433cbfe906073eae45118a1466e03afab04a766a3061a988ffe089ba4e01,9548a24a4faf5db17b5251df407b4402de033ae8648ec321c850fe6105002cf1,8128818d8ea8f5c3517d04da28955f010269df61e756429957a0a032386f6c51
fixture-bank-17:3:6,fixture-scene-17,target-b,fixture-bank-17,3,6,empty,-8.55599833855522,-1.3534975703413052,1.723684210526316,-0.27631578947368407,10.335966036076385,csi-pairs-v6-software-fixture,ded1ec639ff3e6fd5eba769d42db1ed36222a48af333a30a670254b30b164b74,620f300cbec1f56da4691882bc7dbe52593dc597fc62f6ae925c0f6ac72f1c6b,True,FORBIDDEN,0901433cbfe906073eae45118a1466e03afab04a766a3061a988ffe089ba4e01,9548a24a4faf5db17b5251df407b4402de033ae8648ec321c850fe6105002cf1,8128818d8ea8f5c3517d04da28955f010269df61e756429957a0a032386f6c51
fixture-bank-17:3:7,fixture-scene-17,target-b,fixture-bank-17,3,7,correct,0.042017062345546655,3.2703492210513314,-1.276315789473684,2.723684210526316,1.427180486805415,csi-pairs-v6-software-fixture,ded1ec639ff3e6fd5eba769d42db1ed36222a48af333a30a670254b30b164b74,620f300cbec1f56da4691882bc7dbe52593dc597fc62f6ae925c0f6ac72f1c6b,True,FORBIDDEN,0901433cbfe906073eae45118a1466e03afab04a766a3061a988ffe089ba4e01,9548a24a4faf5db17b5251df407b4402de033ae8648ec321c850fe6105002cf1,8128818d8ea8f5c3517d04da28955f010269df61e756429957a0a032386f6c51
fixture-bank-17:3:7,fixture-scene-17,target-b,fixture-bank-17,3,7,paired_active_alternative,0.17813544132936057,3.2602292163825117,-1.276315789473684,2.723684210526316,1.5502609219398251,csi-pairs-v6-software-fixture,ded1ec639ff3e6fd5eba769d42db1ed36222a48af333a30a670254b30b164b74,620f300cbec1f56da4691882bc7dbe52593dc597fc62f6ae925c0f6ac72f1c6b,True,FORBIDDEN,0901433cbfe906073eae45118a1466e03afab04a766a3061a988ffe089ba4e01,9548a24a4faf5db17b5251df407b4402de033ae8648ec321c850fe6105002cf1,8128818d8ea8f5c3517d04da28955f010269df61e756429957a0a032386f6c51
fixture-bank-17:3:7,fixture-scene-17,target-b,fixture-bank-17,3,7,paired_null_alternative,0.07385828350265547,3.3435364206788813,-1.276315789473684,2.723684210526316,1.4856603884362463,csi-pairs-v6-software-fixture,ded1ec639ff3e6fd5eba769d42db1ed36222a48af333a30a670254b30b164b74,620f300cbec1f56da4691882bc7dbe52593dc597fc62f6ae925c0f6ac72f1c6b,True,FORBIDDEN,0901433cbfe906073eae45118a1466e03afab04a766a3061a988ffe089ba4e01,9548a24a4faf5db17b5251df407b4402de033ae8648ec321c850fe6105002cf1,8128818d8ea8f5c3517d04da28955f010269df61e756429957a0a032386f6c51
fixture-bank-17:3:7,fixture-scene-17,target-b,fixture-bank-17,3,7,wrong_city,1.768010256288702,5.033740335265505,-1.276315789473684,2.723684210526316,3.8215547061833726,csi-pairs-v6-software-fixture,ded1ec639ff3e6fd5eba769d42db1ed36222a48af333a30a670254b30b164b74,620f300cbec1f56da4691882bc7dbe52593dc597fc62f6ae925c0f6ac72f1c6b,True,FORBIDDEN,0901433cbfe906073eae45118a1466e03afab04a766a3061a988ffe089ba4e01,9548a24a4faf5db17b5251df407b4402de033ae8648ec321c850fe6105002cf1,8128818d8ea8f5c3517d04da28955f010269df61e756429957a0a032386f6c51
fixture-bank-17:3:7,fixture-scene-17,target-b,fixture-bank-17,3,7,geometry_destroyed,0.24152212097101708,3.547716252420154,-1.276315789473684,2.723684210526316,1.7270960391509396,csi-pairs-v6-software-fixture,ded1ec639ff3e6fd5eba769d42db1ed36222a48af333a30a670254b30b164b74,620f300cbec1f56da4691882bc7dbe52593dc597fc62f6ae925c0f6ac72f1c6b,True,FORBIDDEN,0901433cbfe906073eae45118a1466e03afab04a766a3061a988ffe089ba4e01,9548a24a4faf5db17b5251df407b4402de033ae8648ec321c850fe6105002cf1,8128818d8ea8f5c3517d04da28955f010269df61e756429957a0a032386f6c51
fixture-bank-17:3:7,fixture-scene-17,target-b,fixture-bank-17,3,7,empty,1.306749530096777,4.421743895820105,-1.276315789473684,2.723684210526316,3.091218714356474,csi-pairs-v6-software-fixture,ded1ec639ff3e6fd5eba769d42db1ed36222a48af333a30a670254b30b164b74,620f300cbec1f56da4691882bc7dbe52593dc597fc62f6ae925c0f6ac72f1c6b,True,FORBIDDEN,0901433cbfe906073eae45118a1466e03afab04a766a3061a988ffe089ba4e01,9548a24a4faf5db17b5251df407b4402de033ae8648ec321c850fe6105002cf1,8128818d8ea8f5c3517d04da28955f010269df61e756429957a0a032386f6c51
