seed,arm,city_id,bank_id,base_map_cluster_id,canonical_base_map_digest,canonical_bank_digest,budget,draw,city_support_unique_positions,support_position_ids,query_unique_positions,median_error_m,p90_error_m,utility_neg_log_median,artifact_label,dataset_sha256,config_sha256,fixture,scientific_use,source_tree_sha256,requirements_lock_sha256,runtime_provenance_sha256
17,endpoint,target-a,fixture-bank-14,fixture-base-14,86a59d2849e34c3a9889d58bb3b67b946ca9eb639083798f219989137e7f4536,d3ac0ba45cb8ca4a3062283c82745f423da87b60b62b7768857a4ffa9f3e71be,0,0,0,,4,1.8099256254772058,2.673076214098089,-0.5932857535369089,csi-pairs-v6-software-fixture,ded1ec639ff3e6fd5eba769d42db1ed36222a48af333a30a670254b30b164b74,620f300cbec1f56da4691882bc7dbe52593dc597fc62f6ae925c0f6ac72f1c6b,True,FORBIDDEN,0901433cbfe906073eae45118a1466e03afab04a766a3061a988ffe089ba4e01,9548a24a4faf5db17b5251df407b4402de033ae8648ec321c850fe6105002cf1,8128818d8ea8f5c3517d04da28955f010269df61e756429957a0a032386f6c51
17,endpoint,target-a,fixture-bank-16,fixture-base-16,e23949edbfe2dbe6dc73b97687bd3eed5fbc5d7bd72ecd8b2badea6dfbfe472e,2b37638d300a790f3426572fa00b7bf61aa934746cb588d9fb5347ccf44b354c,0,0,0,,4,1.7049203137241942,2.0055667412832423,-0.5335183728246266,csi-pairs-v6-software-fixture,ded1ec639ff3e6fd5eba769d42db1ed36222a48af333a30a670254b30b164b74,620f300cbec1f56da4691882bc7dbe52593dc597fc62f6ae925c0f6ac72f1c6b,True,FORBIDDEN,0901433cbfe906073eae45118a1466e03afab04a766a3061a988ffe089ba4e01,9548a24a4faf5db17b5251df407b4402de033ae8648ec321c850fe6105002cf1,8128818d8ea8f5c3517d04da28955f010269df61e756429957a0a032386f6c51
17,endpoint,target-a,fixture-bank-14,fixture-base-14,86a59d2849e34c3a9889d58bb3b67b946ca9eb639083798f219989137e7f4536,d3ac0ba45cb8ca4a3062283c82745f423da87b60b62b7768857a4ffa9f3e71be,2,0,2,target-a:fixture-bank-16:p0003;target-a:fixture-bank-16:p0002,4,1.7773995520389412,2.662246397564241,-0.5751513702905537,csi-pairs-v6-software-fixture,ded1ec639ff3e6fd5eba769d42db1ed36222a48af333a30a670254b30b164b74,620f300cbec1f56da4691882bc7dbe52593dc597fc62f6ae925c0f6ac72f1c6b,True,FORBIDDEN,0901433cbfe906073eae45118a1466e03afab04a766a3061a988ffe089ba4e01,9548a24a4faf5db17b5251df407b4402de033ae8648ec321c850fe6105002cf1,8128818d8ea8f5c3517d04da28955f010269df61e756429957a0a032386f6c51
17,endpoint,target-a,fixture-bank-16,fixture-base-16,e23949edbfe2dbe6dc73b97687bd3eed5fbc5d7bd72ecd8b2badea6dfbfe472e,2b37638d300a790f3426572fa00b7bf61aa934746cb588d9fb5347ccf44b354c,2,0,2,target-a:fixture-bank-16:p0003;target-a:fixture-bank-16:p0002,4,1.6882729230374285,1.9695021199362464,-0.523706067368153,csi-pairs-v6-software-fixture,ded1ec639ff3e6fd5eba769d42db1ed36222a48af333a30a670254b30b164b74,620f300cbec1f56da4691882bc7dbe52593dc597fc62f6ae925c0f6ac72f1c6b,True,FORBIDDEN,0901433cbfe906073eae45118a1466e03afab04a766a3061a988ffe089ba4e01,9548a24a4faf5db17b5251df407b4402de033ae8648ec321c850fe6105002cf1,8128818d8ea8f5c3517d04da28955f010269df61e756429957a0a032386f6c51
17,endpoint,target-a,fixture-bank-14,fixture-base-14,86a59d2849e34c3a9889d58bb3b67b946ca9eb639083798f219989137e7f4536,d3ac0ba45cb8ca4a3062283c82745f423da87b60b62b7768857a4ffa9f3e71be,4,0,4,target-a:fixture-bank-16:p0003;target-a:fixture-bank-16:p0002;target-a:fixture-bank-16:p0001;target-a:fixture-bank-14:p0003,4,1.8425525651898929,2.654574222282989,-0.6111518739497854,csi-pairs-v6-software-fixture,ded1ec639ff3e6fd5eba769d42db1ed36222a48af333a30a670254b30b164b74,620f300cbec1f56da4691882bc7dbe52593dc597fc62f6ae925c0f6ac72f1c6b,True,FORBIDDEN,0901433cbfe906073eae45118a1466e03afab04a766a3061a988ffe089ba4e01,9548a24a4faf5db17b5251df407b4402de033ae8648ec321c850fe6105002cf1,8128818d8ea8f5c3517d04da28955f010269df61e756429957a0a032386f6c51
17,endpoint,target-a,fixture-bank-16,fixture-base-16,e23949edbfe2dbe6dc73b97687bd3eed5fbc5d7bd72ecd8b2badea6dfbfe472e,2b37638d300a790f3426572fa00b7bf61aa934746cb588d9fb5347ccf44b354c,4,0,4,target-a:fixture-bank-16:p0003;target-a:fixture-bank-16:p0002;target-a:fixture-bank-16:p0001;target-a:fixture-bank-14:p0003,4,1.7070844310098088,2.0182441885812277,-0.5347869042234517,csi-pairs-v6-software-fixture,ded1ec639ff3e6fd5eba769d42db1ed36222a48af333a30a670254b30b164b74,620f300cbec1f56da4691882bc7dbe52593dc597fc62f6ae925c0f6ac72f1c6b,True,FORBIDDEN,0901433cbfe906073eae45118a1466e03afab04a766a3061a988ffe089ba4e01,9548a24a4faf5db17b5251df407b4402de033ae8648ec321c850fe6105002cf1,8128818d8ea8f5c3517d04da28955f010269df61e756429957a0a032386f6c51
17,endpoint,target-a,fixture-bank-14,fixture-base-14,86a59d2849e34c3a9889d58bb3b67b946ca9eb639083798f219989137e7f4536,d3ac0ba45cb8ca4a3062283c82745f423da87b60b62b7768857a4ffa9f3e71be,2,1,2,target-a:fixture-bank-14:p0000;target-a:fixture-bank-16:p0003,4,1.777238971114936,2.6820570243688064,-0.5750610202180676,csi-pairs-v6-software-fixture,ded1ec639ff3e6fd5eba769d42db1ed36222a48af333a30a670254b30b164b74,620f300cbec1f56da4691882bc7dbe52593dc597fc62f6ae925c0f6ac72f1c6b,True,FORBIDDEN,0901433cbfe906073eae45118a1466e03afab04a766a3061a988ffe089ba4e01,9548a24a4faf5db17b5251df407b4402de033ae8648ec321c850fe6105002cf1,8128818d8ea8f5c3517d04da28955f010269df61e756429957a0a032386f6c51
17,endpoint,target-a,fixture-bank-16,fixture-base-16,e23949edbfe2dbe6dc73b97687bd3eed5fbc5d7bd72ecd8b2badea6dfbfe472e,2b37638d300a790f3426572fa00b7bf61aa934746cb588d9fb5347ccf44b354c,2,1,2,target-a:fixture-bank-14:p0000;target-a:fixture-bank-16:p0003,4,1.6976363423502343,1.9876104707464015,-0.5292368967246776,csi-pairs-v6-software-fixture,ded1ec639ff3e6fd5eba769d42db1ed36222a48af333a30a670254b30b164b74,620f300cbec1f56da4691882bc7dbe52593dc597fc62f6ae925c0f6ac72f1c6b,True,FORBIDDEN,0901433cbfe906073eae45118a1466e03afab04a766a3061a988ffe089ba4e01,9548a24a4faf5db17b5251df407b4402de033ae8648ec321c850fe6105002cf1,8128818d8ea8f5c3517d04da28955f010269df61e756429957a0a032386f6c51
17,endpoint,target-a,fixture-bank-14,fixture-base-14,86a59d2849e34c3a9889d58bb3b67b946ca9eb639083798f219989137e7f4536,d3ac0ba45cb8ca4a3062283c82745f423da87b60b62b7768857a4ffa9f3e71be,4,1,4,target-a:fixture-bank-14:p0000;target-a:fixture-bank-16:p0003;target-a:fixture-bank-16:p0002;target-a:fixture-bank-14:p0003,4,1.8099426284624858,2.661462564065651,-0.5932951477933224,csi-pairs-v6-software-fixture,ded1ec639ff3e6fd5eba769d42db1ed36222a48af333a30a670254b30b164b74,620f300cbec1f56da4691882bc7dbe52593dc597fc62f6ae925c0f6ac72f1c6b,True,FORBIDDEN,0901433cbfe906073eae45118a1466e03afab04a766a3061a988ffe089ba4e01,9548a24a4faf5db17b5251df407b4402de033ae8648ec321c850fe6105002cf1,8128818d8ea8f5c3517d04da28955f010269df61e756429957a0a032386f6c51
17,endpoint,target-a,fixture-bank-16,fixture-base-16,e23949edbfe2dbe6dc73b97687bd3eed5fbc5d7bd72ecd8b2badea6dfbfe472e,2b37638d300a790f3426572fa00b7bf61aa934746cb588d9fb5347ccf44b354c,4,1,4,target-a:fixture-bank-14:p0000;target-a:fixture-bank-16:p0003;target-a:fixture-bank-16:p0002;target-a:fixture-bank-14:p0003,4,1.6987244356710178,1.9977696834815801,-0.5298776374640307,csi-pairs-v6-software-fixture,ded1ec639ff3e6fd5eba769d42db1ed36222a48af333a30a670254b30b164b74,620f300cbec1f56da4691882bc7dbe52593dc597fc62f6ae925c0f6ac72f1c6b,True,FORBIDDEN,0901433cbfe906073eae45118a1466e03afab04a766a3061a988ffe089ba4e01,9548a24a4faf5db17b5251df407b4402de033ae8648ec321c850fe6105002cf1,8128818d8ea8f5c3517d04da28955f010269df61e756429957a0a032386f6c51
17,endpoint,target-b,fixture-bank-15,fixture-base-15,e23949edbfe2dbe6dc73b97687bd3eed5fbc5d7bd72ecd8b2badea6dfbfe472e,234b78d61b49dc10d04ca8d24378f3b96eae7ef419b9bbe2bb61b3933c753b5d,0,0,0,,4,2.485371796675968,3.0435772299700226,-0.9104222647257783,csi-pairs-v6-software-fixture,ded1ec639ff3e6fd5eba769d42db1ed36222a48af333a30a670254b30b164b74,620f300cbec1f56da4691882bc7dbe52593dc597fc62f6ae925c0f6ac72f1c6b,True,FORBIDDEN,0901433cbfe906073eae45118a1466e03afab04a766a3061a988ffe089ba4e01,9548a24a4faf5db17b5251df407b4402de033ae8648ec321c850fe6105002cf1,8128818d8ea8f5c3517d04da28955f010269df61e756429957a0a032386f6c51
17,endpoint,target-b,fixture-bank-17,fixture-base-17,86a59d2849e34c3a9889d58bb3b67b946ca9eb639083798f219989137e7f4536,b8fec4fd063826ac29c6cc8d291ad3a1a89347817c28241565eb44269fa8c24d,0,0,0,,4,2.5439277215940383,3.0024933518937016,-0.9337092337511683,csi-pairs-v6-software-fixture,ded1ec639ff3e6fd5eba769d42db1ed36222a48af333a30a670254b30b164b74,620f300cbec1f56da4691882bc7dbe52593dc597fc62f6ae925c0f6ac72f1c6b,True,FORBIDDEN,0901433cbfe906073eae45118a1466e03afab04a766a3061a988ffe089ba4e01,9548a24a4faf5db17b5251df407b4402de033ae8648ec321c850fe6105002cf1,8128818d8ea8f5c3517d04da28955f010269df61e756429957a0a032386f6c51
17,endpoint,target-b,fixture-bank-15,fixture-base-15,e23949edbfe2dbe6dc73b97687bd3eed5fbc5d7bd72ecd8b2badea6dfbfe472e,234b78d61b49dc10d04ca8d24378f3b96eae7ef419b9bbe2bb61b3933c753b5d,2,0,2,target-b:fixture-bank-17:p0002;target-b:fixture-bank-17:p0000,4,2.4821266071913226,3.075185389130512,-0.9091156956310482,csi-pairs-v6-software-fixture,ded1ec639ff3e6fd5eba769d42db1ed36222a48af333a30a670254b30b164b74,620f300cbec1f56da4691882bc7dbe52593dc597fc62f6ae925c0f6ac72f1c6b,True,FORBIDDEN,0901433cbfe906073eae45118a1466e03afab04a766a3061a988ffe089ba4e01,9548a24a4faf5db17b5251df407b4402de033ae8648ec321c850fe6105002cf1,8128818d8ea8f5c3517d04da28955f010269df61e756429957a0a032386f6c51
17,endpoint,target-b,fixture-bank-17,fixture-base-17,86a59d2849e34c3a9889d58bb3b67b946ca9eb639083798f219989137e7f4536,b8fec4fd063826ac29c6cc8d291ad3a1a89347817c28241565eb44269fa8c24d,2,0,2,target-b:fixture-bank-17:p0002;target-b:fixture-bank-17:p0000,4,2.559955358537751,3.0124722393428294,-0.9399898202682352,csi-pairs-v6-software-fixture,ded1ec639ff3e6fd5eba769d42db1ed36222a48af333a30a670254b30b164b74,620f300cbec1f56da4691882bc7dbe52593dc597fc62f6ae925c0f6ac72f1c6b,True,FORBIDDEN,0901433cbfe906073eae45118a1466e03afab04a766a3061a988ffe089ba4e01,9548a24a4faf5db17b5251df407b4402de033ae8648ec321c850fe6105002cf1,8128818d8ea8f5c3517d04da28955f010269df61e756429957a0a032386f6c51
17,endpoint,target-b,fixture-bank-15,fixture-base-15,e23949edbfe2dbe6dc73b97687bd3eed5fbc5d7bd72ecd8b2badea6dfbfe472e,234b78d61b49dc10d04ca8d24378f3b96eae7ef419b9bbe2bb61b3933c753b5d,4,0,4,target-b:fixture-bank-17:p0002;target-b:fixture-bank-17:p0000;target-b:fixture-bank-15:p0000;target-b:fixture-bank-15:p0002,4,2.4825024366288924,3.076172265253885,-0.9092670984589214,csi-pairs-v6-software-fixture,ded1ec639ff3e6fd5eba769d42db1ed36222a48af333a30a670254b30b164b74,620f300cbec1f56da4691882bc7dbe52593dc597fc62f6ae925c0f6ac72f1c6b,True,FORBIDDEN,0901433cbfe906073eae45118a1466e03afab04a766a3061a988ffe089ba4e01,9548a24a4faf5db17b5251df407b4402de033ae8648ec321c850fe6105002cf1,8128818d8ea8f5c3517d04da28955f010269df61e756429957a0a032386f6c51
17,endpoint,target-b,fixture-bank-17,fixture-base-17,86a59d2849e34c3a9889d58bb3b67b946ca9eb639083798f219989137e7f4536,b8fec4fd063826ac29c6cc8d291ad3a1a89347817c28241565eb44269fa8c24d,4,0,4,target-b:fixture-bank-17:p0002;target-b:fixture-bank-17:p0000;target-b:fixture-bank-15:p0000;target-b:fixture-bank-15:p0002,4,2.5595811123245333,3.01298443172879,-0.9398436171047205,csi-pairs-v6-software-fixture,ded1ec639ff3e6fd5eba769d42db1ed36222a48af333a30a670254b30b164b74,620f300cbec1f56da4691882bc7dbe52593dc597fc62f6ae925c0f6ac72f1c6b,True,FORBIDDEN,0901433cbfe906073eae45118a1466e03afab04a766a3061a988ffe089ba4e01,9548a24a4faf5db17b5251df407b4402de033ae8648ec321c850fe6105002cf1,8128818d8ea8f5c3517d04da28955f010269df61e756429957a0a032386f6c51
17,endpoint,target-b,fixture-bank-15,fixture-base-15,e23949edbfe2dbe6dc73b97687bd3eed5fbc5d7bd72ecd8b2badea6dfbfe472e,234b78d61b49dc10d04ca8d24378f3b96eae7ef419b9bbe2bb61b3933c753b5d,2,1,2,target-b:fixture-bank-15:p0000;target-b:fixture-bank-17:p0003,4,2.4843252135333964,3.079424422788545,-0.9100010788241455,csi-pairs-v6-software-fixture,ded1ec639ff3e6fd5eba769d42db1ed36222a48af333a30a670254b30b164b74,620f300cbec1f56da4691882bc7dbe52593dc597fc62f6ae925c0f6ac72f1c6b,True,FORBIDDEN,0901433cbfe906073eae45118a1466e03afab04a766a3061a988ffe089ba4e01,9548a24a4faf5db17b5251df407b4402de033ae8648ec321c850fe6105002cf1,8128818d8ea8f5c3517d04da28955f010269df61e756429957a0a032386f6c51
17,endpoint,target-b,fixture-bank-17,fixture-base-17,86a59d2849e34c3a9889d58bb3b67b946ca9eb639083798f219989137e7f4536,b8fec4fd063826ac29c6cc8d291ad3a1a89347817c28241565eb44269fa8c24d,2,1,2,target-b:fixture-bank-15:p0000;target-b:fixture-bank-17:p0003,4,2.556678217102312,3.0159092962327634,-0.9387088444722889,csi-pairs-v6-software-fixture,ded1ec639ff3e6fd5eba769d42db1ed36222a48af333a30a670254b30b164b74,620f300cbec1f56da4691882bc7dbe52593dc597fc62f6ae925c0f6ac72f1c6b,True,FORBIDDEN,0901433cbfe906073eae45118a1466e03afab04a766a3061a988ffe089ba4e01,9548a24a4faf5db17b5251df407b4402de033ae8648ec321c850fe6105002cf1,8128818d8ea8f5c3517d04da28955f010269df61e756429957a0a032386f6c51
17,endpoint,target-b,fixture-bank-15,fixture-base-15,e23949edbfe2dbe6dc73b97687bd3eed5fbc5d7bd72ecd8b2badea6dfbfe472e,234b78d61b49dc10d04ca8d24378f3b96eae7ef419b9bbe2bb61b3933c753b5d,4,1,4,target-b:fixture-bank-15:p0000;target-b:fixture-bank-17:p0003;target-b:fixture-bank-15:p0001;target-b:fixture-bank-15:p0002,4,2.4790421098108975,3.0840914232955177,-0.9078722395206815,csi-pairs-v6-software-fixture,ded1ec639ff3e6fd5eba769d42db1ed36222a48af333a30a670254b30b164b74,620f300cbec1f56da4691882bc7dbe52593dc597fc62f6ae925c0f6ac72f1c6b,True,FORBIDDEN,0901433cbfe906073eae45118a1466e03afab04a766a3061a988ffe089ba4e01,9548a24a4faf5db17b5251df407b4402de033ae8648ec321c850fe6105002cf1,8128818d8ea8f5c3517d04da28955f010269df61e756429957a0a032386f6c51
17,endpoint,target-b,fixture-bank-17,fixture-base-17,86a59d2849e34c3a9889d58bb3b67b946ca9eb639083798f219989137e7f4536,b8fec4fd063826ac29c6cc8d291ad3a1a89347817c28241565eb44269fa8c24d,4,1,4,target-b:fixture-bank-15:p0000;target-b:fixture-bank-17:p0003;target-b:fixture-bank-15:p0001;target-b:fixture-bank-15:p0002,4,2.5604703675018774,3.017452676271886,-0.9401909789192606,csi-pairs-v6-software-fixture,ded1ec639ff3e6fd5eba769d42db1ed36222a48af333a30a670254b30b164b74,620f300cbec1f56da4691882bc7dbe52593dc597fc62f6ae925c0f6ac72f1c6b,True,FORBIDDEN,0901433cbfe906073eae45118a1466e03afab04a766a3061a988ffe089ba4e01,9548a24a4faf5db17b5251df407b4402de033ae8648ec321c850fe6105002cf1,8128818d8ea8f5c3517d04da28955f010269df61e756429957a0a032386f6c51
17,alignment,target-a,fixture-bank-14,fixture-base-14,86a59d2849e34c3a9889d58bb3b67b946ca9eb639083798f219989137e7f4536,d3ac0ba45cb8ca4a3062283c82745f423da87b60b62b7768857a4ffa9f3e71be,0,0,0,,4,1.8098612499225335,2.673090414883632,-0.5932501848380353,csi-pairs-v6-software-fixture,ded1ec639ff3e6fd5eba769d42db1ed36222a48af333a30a670254b30b164b74,620f300cbec1f56da4691882bc7dbe52593dc597fc62f6ae925c0f6ac72f1c6b,True,FORBIDDEN,0901433cbfe906073eae45118a1466e03afab04a766a3061a988ffe089ba4e01,9548a24a4faf5db17b5251df407b4402de033ae8648ec321c850fe6105002cf1,8128818d8ea8f5c3517d04da28955f010269df61e756429957a0a032386f6c51
17,alignment,target-a,fixture-bank-16,fixture-base-16,e23949edbfe2dbe6dc73b97687bd3eed5fbc5d7bd72ecd8b2badea6dfbfe472e,2b37638d300a790f3426572fa00b7bf61aa934746cb588d9fb5347ccf44b354c,0,0,0,,4,1.7048844230604236,2.005516548356158,-0.5334973213764983,csi-pairs-v6-software-fixture,ded1ec639ff3e6fd5eba769d42db1ed36222a48af333a30a670254b30b164b74,620f300cbec1f56da4691882bc7dbe52593dc597fc62f6ae925c0f6ac72f1c6b,True,FORBIDDEN,0901433cbfe906073eae45118a1466e03afab04a766a3061a988ffe089ba4e01,9548a24a4faf5db17b5251df407b4402de033ae8648ec321c850fe6105002cf1,8128818d8ea8f5c3517d04da28955f010269df61e756429957a0a032386f6c51
17,alignment,target-a,fixture-bank-14,fixture-base-14,86a59d2849e34c3a9889d58bb3b67b946ca9eb639083798f219989137e7f4536,d3ac0ba45cb8ca4a3062283c82745f423da87b60b62b7768857a4ffa9f3e71be,2,0,2,target-a:fixture-bank-16:p0003;target-a:fixture-bank-16:p0002,4,1.7773648015283379,2.662263168148656,-0.5751318187776274,csi-pairs-v6-software-fixture,ded1ec639ff3e6fd5eba769d42db1ed36222a48af333a30a670254b30b164b74,620f300cbec1f56da4691882bc7dbe52593dc597fc62f6ae925c0f6ac72f1c6b,True,FORBIDDEN,0901433cbfe906073eae45118a1466e03afab04a766a3061a988ffe089ba4e01,9548a24a4faf5db17b5251df407b4402de033ae8648ec321c850fe6105002cf1,8128818d8ea8f5c3517d04da28955f010269df61e756429957a0a032386f6c51
17,alignment,target-a,fixture-bank-16,fixture-base-16,e23949edbfe2dbe6dc73b97687bd3eed5fbc5d7bd72ecd8b2badea6dfbfe472e,2b37638d300a790f3426572fa00b7bf61aa934746cb588d9fb5347ccf44b354c,2,0,2,target-a:fixture-bank-16:p0003;target-a:fixture-bank-16:p0002,4,1.6882498423248875,1.9694629842358433,-0.5236923960772154,csi-pairs-v6-software-fixture,ded1ec639ff3e6fd5eba769d42db1ed36222a48af333a30a670254b30b164b74,620f300cbec1f56da4691882bc7dbe52593dc597fc62f6ae925c0f6ac72f1c6b,True,FORBIDDEN,0901433cbfe906073eae45118a1466e03afab04a766a3061a988ffe089ba4e01,9548a24a4faf5db17b5251df407b4402de033ae8648ec321c850fe6105002cf1,8128818d8ea8f5c3517d04da28955f010269df61e756429957a0a032386f6c51
17,alignment,target-a,fixture-bank-14,fixture-base-14,86a59d2849e34c3a9889d58bb3b67b946ca9eb639083798f219989137e7f4536,d3ac0ba45cb8ca4a3062283c82745f423da87b60b62b7768857a4ffa9f3e71be,4,0,4,target-a:fixture-bank-16:p0003;target-a:fixture-bank-16:p0002;target-a:fixture-bank-16:p0001;target-a:fixture-bank-14:p0003,4,1.8424808152251861,2.6546166222598684,-0.6111129326663239,csi-pairs-v6-software-fixture,ded1ec639ff3e6fd5eba769d42db1ed36222a48af333a30a670254b30b164b74,620f300cbec1f56da4691882bc7dbe52593dc597fc62f6ae925c0f6ac72f1c6b,True,FORBIDDEN,0901433cbfe906073eae45118a1466e03afab04a766a3061a988ffe089ba4e01,9548a24a4faf5db17b5251df407b4402de033ae8648ec321c850fe6105002cf1,8128818d8ea8f5c3517d04da28955f010269df61e756429957a0a032386f6c51
17,alignment,target-a,fixture-bank-16,fixture-base-16,e23949edbfe2dbe6dc73b97687bd3eed5fbc5d7bd72ecd8b2badea6dfbfe472e,2b37638d300a790f3426572fa00b7bf61aa934746cb588d9fb5347ccf44b354c,4,0,4,target-a:fixture-bank-16:p0003;target-a:fixture-bank-16:p0002;target-a:fixture-bank-16:p0001;target-a:fixture-bank-14:p0003,4,1.707050633459153,2.018241725076332,-0.5347671056214522,csi-pairs-v6-software-fixture,ded1ec639ff3e6fd5eba769d42db1ed36222a48af333a30a670254b30b164b74,620f300cbec1f56da4691882bc7dbe52593dc597fc62f6ae925c0f6ac72f1c6b,True,FORBIDDEN,0901433cbfe906073eae45118a1466e03afab04a766a3061a988ffe089ba4e01,9548a24a4faf5db17b5251df407b4402de033ae8648ec321c850fe6105002cf1,8128818d8ea8f5c3517d04da28955f010269df61e756429957a0a032386f6c51
17,alignment,target-a,fixture-bank-14,fixture-base-14,86a59d2849e34c3a9889d58bb3b67b946ca9eb639083798f219989137e7f4536,d3ac0ba45cb8ca4a3062283c82745f423da87b60b62b7768857a4ffa9f3e71be,2,1,2,target-a:fixture-bank-14:p0000;target-a:fixture-bank-16:p0003,4,1.77718392876613,2.6820725324200274,-0.5750300490306987,csi-pairs-v6-software-fixture,ded1ec639ff3e6fd5eba769d42db1ed36222a48af333a30a670254b30b164b74,620f300cbec1f56da4691882bc7dbe52593dc597fc62f6ae925c0f6ac72f1c6b,True,FORBIDDEN,0901433cbfe906073eae45118a1466e03afab04a766a3061a988ffe089ba4e01,9548a24a4faf5db17b5251df407b4402de033ae8648ec321c850fe6105002cf1,8128818d8ea8f5c3517d04da28955f010269df61e756429957a0a032386f6c51
17,alignment,target-a,fixture-bank-16,fixture-base-16,e23949edbfe2dbe6dc73b97687bd3eed5fbc5d7bd72ecd8b2badea6dfbfe472e,2b37638d300a790f3426572fa00b7bf61aa934746cb588d9fb5347ccf44b354c,2,1,2,target-a:fixture-bank-14:p0000;target-a:fixture-bank-16:p0003,4,1.6976023142471628,1.9875532546066725,-0.5292168521230961,csi-pairs-v6-software-fixture,ded1ec639ff3e6fd5eba769d42db1ed36222a48af333a30a670254b30b164b74,620f300cbec1f56da4691882bc7dbe52593dc597fc62f6ae925c0f6ac72f1c6b,True,FORBIDDEN,0901433cbfe906073eae45118a1466e03afab04a766a3061a988ffe089ba4e01,9548a24a4faf5db17b5251df407b4402de033ae8648ec321c850fe6105002cf1,8128818d8ea8f5c3517d04da28955f010269df61e756429957a0a032386f6c51
17,alignment,target-a,fixture-bank-14,fixture-base-14,86a59d2849e34c3a9889d58bb3b67b946ca9eb639083798f219989137e7f4536,d3ac0ba45cb8ca4a3062283c82745f423da87b60b62b7768857a4ffa9f3e71be,4,1,4,target-a:fixture-bank-14:p0000;target-a:fixture-bank-16:p0003;target-a:fixture-bank-16:p0002;target-a:fixture-bank-14:p0003,4,1.8098680990338407,2.6614691181196513,-0.5932539691603682,csi-pairs-v6-software-fixture,ded1ec639ff3e6fd5eba769d42db1ed36222a48af333a30a670254b30b164b74,620f300cbec1f56da4691882bc7dbe52593dc597fc62f6ae925c0f6ac72f1c6b,True,FORBIDDEN,0901433cbfe906073eae45118a1466e03afab04a766a3061a988ffe089ba4e01,9548a24a4faf5db17b5251df407b4402de033ae8648ec321c850fe6105002cf1,8128818d8ea8f5c3517d04da28955f010269df61e756429957a0a032386f6c51
17,alignment,target-a,fixture-bank-16,fixture-base-16,e23949edbfe2dbe6dc73b97687bd3eed5fbc5d7bd72ecd8b2badea6dfbfe472e,2b37638d300a790f3426572fa00b7bf61aa934746cb588d9fb5347ccf44b354c,4,1,4,target-a:fixture-bank-14:p0000;target-a:fixture-bank-16:p0003;target-a:fixture-bank-16:p0002;target-a:fixture-bank-14:p0003,4,1.6986789227185604,1.997699034208763,-0.5298508446769171,csi-pairs-v6-software-fixture,ded1ec639ff3e6fd5eba769d42db1ed36222a48af333a30a670254b30b164b74,620f300cbec1f56da4691882bc7dbe52593dc597fc62f6ae925c0f6ac72f1c6b,True,FORBIDDEN,0901433cbfe906073eae45118a1466e03afab04a766a3061a988ffe089ba4e01,9548a24a4faf5db17b5251df407b4402de033ae8648ec321c850fe6105002cf1,8128818d8ea8f5c3517d04da28955f010269df61e756429957a0a032386f6c51
17,alignment,target-b,fixture-bank-15,fixture-base-15,e23949edbfe2dbe6dc73b97687bd3eed5fbc5d7bd72ecd8b2badea6dfbfe472e,234b78d61b49dc10d04ca8d24378f3b96eae7ef419b9bbe2bb61b3933c753b5d,0,0,0,,4,2.4853497790733066,3.043536239058825,-0.9104134058096929,csi-pairs-v6-software-fixture,ded1ec639ff3e6fd5eba769d42db1ed36222a48af333a30a670254b30b164b74,620f300cbec1f56da4691882bc7dbe52593dc597fc62f6ae925c0f6ac72f1c6b,True,FORBIDDEN,0901433cbfe906073eae45118a1466e03afab04a766a3061a988ffe089ba4e01,9548a24a4faf5db17b5251df407b4402de033ae8648ec321c850fe6105002cf1,8128818d8ea8f5c3517d04da28955f010269df61e756429957a0a032386f6c51
17,alignment,target-b,fixture-bank-17,fixture-base-17,86a59d2849e34c3a9889d58bb3b67b946ca9eb639083798f219989137e7f4536,b8fec4fd063826ac29c6cc8d291ad3a1a89347817c28241565eb44269fa8c24d,0,0,0,,4,2.543868177919407,3.002511093812627,-0.933685827279757,csi-pairs-v6-software-fixture,ded1ec639ff3e6fd5eba769d42db1ed36222a48af333a30a670254b30b164b74,620f300cbec1f56da4691882bc7dbe52593dc597fc62f6ae925c0f6ac72f1c6b,True,FORBIDDEN,0901433cbfe906073eae45118a1466e03afab04a766a3061a988ffe089ba4e01,9548a24a4faf5db17b5251df407b4402de033ae8648ec321c850fe6105002cf1,8128818d8ea8f5c3517d04da28955f010269df61e756429957a0a032386f6c51
17,alignment,target-b,fixture-bank-15,fixture-base-15,e23949edbfe2dbe6dc73b97687bd3eed5fbc5d7bd72ecd8b2badea6dfbfe472e,234b78d61b49dc10d04ca8d24378f3b96eae7ef419b9bbe2bb61b3933c753b5d,2,0,2,target-b:fixture-bank-17:p0002;target-b:fixture-bank-17:p0000,4,2.4821595395651275,3.075044917562908,-0.9091289633488355,csi-pairs-v6-software-fixture,ded1ec639ff3e6fd5eba769d42db1ed36222a48af333a30a670254b30b164b74,620f300cbec1f56da4691882bc7dbe52593dc597fc62f6ae925c0f6ac72f1c6b,True,FORBIDDEN,0901433cbfe906073eae45118a1466e03afab04a766a3061a988ffe089ba4e01,9548a24a4faf5db17b5251df407b4402de033ae8648ec321c850fe6105002cf1,8128818d8ea8f5c3517d04da28955f010269df61e756429957a0a032386f6c51
17,alignment,target-b,fixture-bank-17,fixture-base-17,86a59d2849e34c3a9889d58bb3b67b946ca9eb639083798f219989137e7f4536,b8fec4fd063826ac29c6cc8d291ad3a1a89347817c28241565eb44269fa8c24d,2,0,2,target-b:fixture-bank-17:p0002;target-b:fixture-bank-17:p0000,4,2.5598788565484365,3.0124123755426657,-0.939959935710999,csi-pairs-v6-software-fixture,ded1ec639ff3e6fd5eba769d42db1ed36222a48af333a30a670254b30b164b74,620f300cbec1f56da4691882bc7dbe52593dc597fc62f6ae925c0f6ac72f1c6b,True,FORBIDDEN,0901433cbfe906073eae45118a1466e03afab04a766a3061a988ffe089ba4e01,9548a24a4faf5db17b5251df407b4402de033ae8648ec321c850fe6105002cf1,8128818d8ea8f5c3517d04da28955f010269df61e756429957a0a032386f6c51
17,alignment,target-b,fixture-bank-15,fixture-base-15,e23949edbfe2dbe6dc73b97687bd3eed5fbc5d7bd72ecd8b2badea6dfbfe472e,234b78d61b49dc10d04ca8d24378f3b96eae7ef419b9bbe2bb61b3933c753b5d,4,0,4,target-b:fixture-bank-17:p0002;target-b:fixture-bank-17:p0000;target-b:fixture-bank-15:p0000;target-b:fixture-bank-15:p0002,4,2.4824726874758527,3.07613079029265,-0.9092551148528422,csi-pairs-v6-software-fixture,ded1ec639ff3e6fd5eba769d42db1ed36222a48af333a30a670254b30b164b74,620f300cbec1f56da4691882bc7dbe52593dc597fc62f6ae925c0f6ac72f1c6b,True,FORBIDDEN,0901433cbfe906073eae45118a1466e03afab04a766a3061a988ffe089ba4e01,9548a24a4faf5db17b5251df407b4402de033ae8648ec321c850fe6105002cf1,8128818d8ea8f5c3517d04da28955f010269df61e756429957a0a032386f6c51
17,alignment,target-b,fixture-bank-17,fixture-base-17,86a59d2849e34c3a9889d58bb3b67b946ca9eb639083798f219989137e7f4536,b8fec4fd063826ac29c6cc8d291ad3a1a89347817c28241565eb44269fa8c24d,4,0,4,target-b:fixture-bank-17:p0002;target-b:fixture-bank-17:p0000;target-b:fixture-bank-15:p0000;target-b:fixture-bank-15:p0002,4,2.5595734473826077,3.0129695765105082,-0.9398406224922953,csi-pairs-v6-software-fixture,ded1ec639ff3e6fd5eba769d42db1ed36222a48af333a30a670254b30b164b74,620f300cbec1f56da4691882bc7dbe52593dc597fc62f6ae925c0f6ac72f1c6b,True,FORBIDDEN,0901433cbfe906073eae45118a1466e03afab04a766a3061a988ffe089ba4e01,9548a24a4faf5db17b5251df407b4402de033ae8648ec321c850fe6105002cf1,8128818d8ea8f5c3517d04da28955f010269df61e756429957a0a032386f6c51
17,alignment,target-b,fixture-bank-15,fixture-base-15,e23949edbfe2dbe6dc73b97687bd3eed5fbc5d7bd72ecd8b2badea6dfbfe472e,234b78d61b49dc10d04ca8d24378f3b96eae7ef419b9bbe2bb61b3933c753b5d,2,1,2,target-b:fixture-bank-15:p0000;target-b:fixture-bank-17:p0003,4,2.4842949403097907,3.0793633720444293,-0.9099888930572047,csi-pairs-v6-software-fixture,ded1ec639ff3e6fd5eba769d42db1ed36222a48af333a30a670254b30b164b74,620f300cbec1f56da4691882bc7dbe52593dc597fc62f6ae925c0f6ac72f1c6b,True,FORBIDDEN,0901433cbfe906073eae45118a1466e03afab04a766a3061a988ffe089ba4e01,9548a24a4faf5db17b5251df407b4402de033ae8648ec321c850fe6105002cf1,8128818d8ea8f5c3517d04da28955f010269df61e756429957a0a032386f6c51
17,alignment,target-b,fixture-bank-17,fixture-base-17,86a59d2849e34c3a9889d58bb3b67b946ca9eb639083798f219989137e7f4536,b8fec4fd063826ac29c6cc8d291ad3a1a89347817c28241565eb44269fa8c24d,2,1,2,target-b:fixture-bank-15:p0000;target-b:fixture-bank-17:p0003,4,2.5566661995193227,3.01588631717751,-0.938704143993694,csi-pairs-v6-software-fixture,ded1ec639ff3e6fd5eba769d42db1ed36222a48af333a30a670254b30b164b74,620f300cbec1f56da4691882bc7dbe52593dc597fc62f6ae925c0f6ac72f1c6b,True,FORBIDDEN,0901433cbfe906073eae45118a1466e03afab04a766a3061a988ffe089ba4e01,9548a24a4faf5db17b5251df407b4402de033ae8648ec321c850fe6105002cf1,8128818d8ea8f5c3517d04da28955f010269df61e756429957a0a032386f6c51
17,alignment,target-b,fixture-bank-15,fixture-base-15,e23949edbfe2dbe6dc73b97687bd3eed5fbc5d7bd72ecd8b2badea6dfbfe472e,234b78d61b49dc10d04ca8d24378f3b96eae7ef419b9bbe2bb61b3933c753b5d,4,1,4,target-b:fixture-bank-15:p0000;target-b:fixture-bank-17:p0003;target-b:fixture-bank-15:p0001;target-b:fixture-bank-15:p0002,4,2.47898190980574,3.0839903039995065,-0.907847955650768,csi-pairs-v6-software-fixture,ded1ec639ff3e6fd5eba769d42db1ed36222a48af333a30a670254b30b164b74,620f300cbec1f56da4691882bc7dbe52593dc597fc62f6ae925c0f6ac72f1c6b,True,FORBIDDEN,0901433cbfe906073eae45118a1466e03afab04a766a3061a988ffe089ba4e01,9548a24a4faf5db17b5251df407b4402de033ae8648ec321c850fe6105002cf1,8128818d8ea8f5c3517d04da28955f010269df61e756429957a0a032386f6c51
17,alignment,target-b,fixture-bank-17,fixture-base-17,86a59d2849e34c3a9889d58bb3b67b946ca9eb639083798f219989137e7f4536,b8fec4fd063826ac29c6cc8d291ad3a1a89347817c28241565eb44269fa8c24d,4,1,4,target-b:fixture-bank-15:p0000;target-b:fixture-bank-17:p0003;target-b:fixture-bank-15:p0001;target-b:fixture-bank-15:p0002,4,2.560451819513756,3.0174279700386837,-0.9401837349161517,csi-pairs-v6-software-fixture,ded1ec639ff3e6fd5eba769d42db1ed36222a48af333a30a670254b30b164b74,620f300cbec1f56da4691882bc7dbe52593dc597fc62f6ae925c0f6ac72f1c6b,True,FORBIDDEN,0901433cbfe906073eae45118a1466e03afab04a766a3061a988ffe089ba4e01,9548a24a4faf5db17b5251df407b4402de033ae8648ec321c850fe6105002cf1,8128818d8ea8f5c3517d04da28955f010269df61e756429957a0a032386f6c51
17,response,target-a,fixture-bank-14,fixture-base-14,86a59d2849e34c3a9889d58bb3b67b946ca9eb639083798f219989137e7f4536,d3ac0ba45cb8ca4a3062283c82745f423da87b60b62b7768857a4ffa9f3e71be,0,0,0,,4,1.8103003628958765,2.672055939332923,-0.5934927778614747,csi-pairs-v6-software-fixture,ded1ec639ff3e6fd5eba769d42db1ed36222a48af333a30a670254b30b164b74,620f300cbec1f56da4691882bc7dbe52593dc597fc62f6ae925c0f6ac72f1c6b,True,FORBIDDEN,0901433cbfe906073eae45118a1466e03afab04a766a3061a988ffe089ba4e01,9548a24a4faf5db17b5251df407b4402de033ae8648ec321c850fe6105002cf1,8128818d8ea8f5c3517d04da28955f010269df61e756429957a0a032386f6c51
17,response,target-a,fixture-bank-16,fixture-base-16,e23949edbfe2dbe6dc73b97687bd3eed5fbc5d7bd72ecd8b2badea6dfbfe472e,2b37638d300a790f3426572fa00b7bf61aa934746cb588d9fb5347ccf44b354c,0,0,0,,4,1.7045120302157044,2.0045315393666154,-0.5332788704856715,csi-pairs-v6-software-fixture,ded1ec639ff3e6fd5eba769d42db1ed36222a48af333a30a670254b30b164b74,620f300cbec1f56da4691882bc7dbe52593dc597fc62f6ae925c0f6ac72f1c6b,True,FORBIDDEN,0901433cbfe906073eae45118a1466e03afab04a766a3061a988ffe089ba4e01,9548a24a4faf5db17b5251df407b4402de033ae8648ec321c850fe6105002cf1,8128818d8ea8f5c3517d04da28955f010269df61e756429957a0a032386f6c51
17,response,target-a,fixture-bank-14,fixture-base-14,86a59d2849e34c3a9889d58bb3b67b946ca9eb639083798f219989137e7f4536,d3ac0ba45cb8ca4a3062283c82745f423da87b60b62b7768857a4ffa9f3e71be,2,0,2,target-a:fixture-bank-16:p0003;target-a:fixture-bank-16:p0002,4,1.7776318917301004,2.661385492973678,-0.5752820806345633,csi-pairs-v6-software-fixture,ded1ec639ff3e6fd5eba769d42db1ed36222a48af333a30a670254b30b164b74,620f300cbec1f56da4691882bc7dbe52593dc597fc62f6ae925c0f6ac72f1c6b,True,FORBIDDEN,0901433cbfe906073eae45118a1466e03afab04a766a3061a988ffe089ba4e01,9548a24a4faf5db17b5251df407b4402de033ae8648ec321c850fe6105002cf1,8128818d8ea8f5c3517d04da28955f010269df61e756429957a0a032386f6c51
17,response,target-a,fixture-bank-16,fixture-base-16,e23949edbfe2dbe6dc73b97687bd3eed5fbc5d7bd72ecd8b2badea6dfbfe472e,2b37638d300a790f3426572fa00b7bf61aa934746cb588d9fb5347ccf44b354c,2,0,2,target-a:fixture-bank-16:p0003;target-a:fixture-bank-16:p0002,4,1.6879052814475564,1.968359566462203,-0.5234882817128597,csi-pairs-v6-software-fixture,ded1ec639ff3e6fd5eba769d42db1ed36222a48af333a30a670254b30b164b74,620f300cbec1f56da4691882bc7dbe52593dc597fc62f6ae925c0f6ac72f1c6b,True,FORBIDDEN,0901433cbfe906073eae45118a1466e03afab04a766a3061a988ffe089ba4e01,9548a24a4faf5db17b5251df407b4402de033ae8648ec321c850fe6105002cf1,8128818d8ea8f5c3517d04da28955f010269df61e756429957a0a032386f6c51
17,response,target-a,fixture-bank-14,fixture-base-14,86a59d2849e34c3a9889d58bb3b67b946ca9eb639083798f219989137e7f4536,d3ac0ba45cb8ca4a3062283c82745f423da87b60b62b7768857a4ffa9f3e71be,4,0,4,target-a:fixture-bank-16:p0003;target-a:fixture-bank-16:p0002;target-a:fixture-bank-16:p0001;target-a:fixture-bank-14:p0003,4,1.843055913883787,2.653402966703437,-0.6114250167428311,csi-pairs-v6-software-fixture,ded1ec639ff3e6fd5eba769d42db1ed36222a48af333a30a670254b30b164b74,620f300cbec1f56da4691882bc7dbe52593dc597fc62f6ae925c0f6ac72f1c6b,True,FORBIDDEN,0901433cbfe906073eae45118a1466e03afab04a766a3061a988ffe089ba4e01,9548a24a4faf5db17b5251df407b4402de033ae8648ec321c850fe6105002cf1,8128818d8ea8f5c3517d04da28955f010269df61e756429957a0a032386f6c51
17,response,target-a,fixture-bank-16,fixture-base-16,e23949edbfe2dbe6dc73b97687bd3eed5fbc5d7bd72ecd8b2badea6dfbfe472e,2b37638d300a790f3426572fa00b7bf61aa934746cb588d9fb5347ccf44b354c,4,0,4,target-a:fixture-bank-16:p0003;target-a:fixture-bank-16:p0002;target-a:fixture-bank-16:p0001;target-a:fixture-bank-14:p0003,4,1.706591951487741,2.0169967535073705,-0.5344983709998518,csi-pairs-v6-software-fixture,ded1ec639ff3e6fd5eba769d42db1ed36222a48af333a30a670254b30b164b74,620f300cbec1f56da4691882bc7dbe52593dc597fc62f6ae925c0f6ac72f1c6b,True,FORBIDDEN,0901433cbfe906073eae45118a1466e03afab04a766a3061a988ffe089ba4e01,9548a24a4faf5db17b5251df407b4402de033ae8648ec321c850fe6105002cf1,8128818d8ea8f5c3517d04da28955f010269df61e756429957a0a032386f6c51
17,response,target-a,fixture-bank-14,fixture-base-14,86a59d2849e34c3a9889d58bb3b67b946ca9eb639083798f219989137e7f4536,d3ac0ba45cb8ca4a3062283c82745f423da87b60b62b7768857a4ffa9f3e71be,2,1,2,target-a:fixture-bank-14:p0000;target-a:fixture-bank-16:p0003,4,1.777375851386767,2.6809434174539066,-0.5751380357478697,csi-pairs-v6-software-fixture,ded1ec639ff3e6fd5eba769d42db1ed36222a48af333a30a670254b30b164b74,620f300cbec1f56da4691882bc7dbe52593dc597fc62f6ae925c0f6ac72f1c6b,True,FORBIDDEN,0901433cbfe906073eae45118a1466e03afab04a766a3061a988ffe089ba4e01,9548a24a4faf5db17b5251df407b4402de033ae8648ec321c850fe6105002cf1,8128818d8ea8f5c3517d04da28955f010269df61e756429957a0a032386f6c51
17,response,target-a,fixture-bank-16,fixture-base-16,e23949edbfe2dbe6dc73b97687bd3eed5fbc5d7bd72ecd8b2badea6dfbfe472e,2b37638d300a790f3426572fa00b7bf61aa934746cb588d9fb5347ccf44b354c,2,1,2,target-a:fixture-bank-14:p0000;target-a:fixture-bank-16:p0003,4,1.697129088983927,1.9864387934801333,-0.5289380522947205,csi-pairs-v6-software-fixture,ded1ec639ff3e6fd5eba769d42db1ed36222a48af333a30a670254b30b164b74,620f300cbec1f56da4691882bc7dbe52593dc597fc62f6ae925c0f6ac72f1c6b,True,FORBIDDEN,0901433cbfe906073eae45118a1466e03afab04a766a3061a988ffe089ba4e01,9548a24a4faf5db17b5251df407b4402de033ae8648ec321c850fe6105002cf1,8128818d8ea8f5c3517d04da28955f010269df61e756429957a0a032386f6c51
17,response,target-a,fixture-bank-14,fixture-base-14,86a59d2849e34c3a9889d58bb3b67b946ca9eb639083798f219989137e7f4536,d3ac0ba45cb8ca4a3062283c82745f423da87b60b62b7768857a4ffa9f3e71be,4,1,4,target-a:fixture-bank-14:p0000;target-a:fixture-bank-16:p0003;target-a:fixture-bank-16:p0002;target-a:fixture-bank-14:p0003,4,1.810138534321156,2.6604261789763175,-0.5934033806478094,csi-pairs-v6-software-fixture,ded1ec639ff3e6fd5eba769d42db1ed36222a48af333a30a670254b30b164b74,620f300cbec1f56da4691882bc7dbe52593dc597fc62f6ae925c0f6ac72f1c6b,True,FORBIDDEN,0901433cbfe906073eae45118a1466e03afab04a766a3061a988ffe089ba4e01,9548a24a4faf5db17b5251df407b4402de033ae8648ec321c850fe6105002cf1,8128818d8ea8f5c3517d04da28955f010269df61e756429957a0a032386f6c51
17,response,target-a,fixture-bank-16,fixture-base-16,e23949edbfe2dbe6dc73b97687bd3eed5fbc5d7bd72ecd8b2badea6dfbfe472e,2b37638d300a790f3426572fa00b7bf61aa934746cb588d9fb5347ccf44b354c,4,1,4,target-a:fixture-bank-14:p0000;target-a:fixture-bank-16:p0003;target-a:fixture-bank-16:p0002;target-a:fixture-bank-14:p0003,4,1.698283418655585,1.996466173172103,-0.5296179871854193,csi-pairs-v6-software-fixture,ded1ec639ff3e6fd5eba769d42db1ed36222a48af333a30a670254b30b164b74,620f300cbec1f56da4691882bc7dbe52593dc597fc62f6ae925c0f6ac72f1c6b,True,FORBIDDEN,0901433cbfe906073eae45118a1466e03afab04a766a3061a988ffe089ba4e01,9548a24a4faf5db17b5251df407b4402de033ae8648ec321c850fe6105002cf1,8128818d8ea8f5c3517d04da28955f010269df61e756429957a0a032386f6c51
17,response,target-b,fixture-bank-15,fixture-base-15,e23949edbfe2dbe6dc73b97687bd3eed5fbc5d7bd72ecd8b2badea6dfbfe472e,234b78d61b49dc10d04ca8d24378f3b96eae7ef419b9bbe2bb61b3933c753b5d,0,0,0,,4,2.4861837894411227,3.0433982360550638,-0.9107489201390828,csi-pairs-v6-software-fixture,ded1ec639ff3e6fd5eba769d42db1ed36222a48af333a30a670254b30b164b74,620f300cbec1f56da4691882bc7dbe52593dc597fc62f6ae925c0f6ac72f1c6b,True,FORBIDDEN,0901433cbfe906073eae45118a1466e03afab04a766a3061a988ffe089ba4e01,9548a24a4faf5db17b5251df407b4402de033ae8648ec321c850fe6105002cf1,8128818d8ea8f5c3517d04da28955f010269df61e756429957a0a032386f6c51
17,response,target-b,fixture-bank-17,fixture-base-17,86a59d2849e34c3a9889d58bb3b67b946ca9eb639083798f219989137e7f4536,b8fec4fd063826ac29c6cc8d291ad3a1a89347817c28241565eb44269fa8c24d,0,0,0,,4,2.543903126519699,3.001780334515907,-0.9336995655546131,csi-pairs-v6-software-fixture,ded1ec639ff3e6fd5eba769d42db1ed36222a48af333a30a670254b30b164b74,620f300cbec1f56da4691882bc7dbe52593dc597fc62f6ae925c0f6ac72f1c6b,True,FORBIDDEN,0901433cbfe906073eae45118a1466e03afab04a766a3061a988ffe089ba4e01,9548a24a4faf5db17b5251df407b4402de033ae8648ec321c850fe6105002cf1,8128818d8ea8f5c3517d04da28955f010269df61e756429957a0a032386f6c51
17,response,target-b,fixture-bank-15,fixture-base-15,e23949edbfe2dbe6dc73b97687bd3eed5fbc5d7bd72ecd8b2badea6dfbfe472e,234b78d61b49dc10d04ca8d24378f3b96eae7ef419b9bbe2bb61b3933c753b5d,2,0,2,target-b:fixture-bank-17:p0002;target-b:fixture-bank-17:p0000,4,2.483008650450405,3.074821052403418,-0.9094709903904421,csi-pairs-v6-software-fixture,ded1ec639ff3e6fd5eba769d42db1ed36222a48af333a30a670254b30b164b74,620f300cbec1f56da4691882bc7dbe52593dc597fc62f6ae925c0f6ac72f1c6b,True,FORBIDDEN,0901433cbfe906073eae45118a1466e03afab04a766a3061a988ffe089ba4e01,9548a24a4faf5db17b5251df407b4402de033ae8648ec321c850fe6105002cf1,8128818d8ea8f5c3517d04da28955f010269df61e756429957a0a032386f6c51
17,response,target-b,fixture-bank-17,fixture-base-17,86a59d2849e34c3a9889d58bb3b67b946ca9eb639083798f219989137e7f4536,b8fec4fd063826ac29c6cc8d291ad3a1a89347817c28241565eb44269fa8c24d,2,0,2,target-b:fixture-bank-17:p0002;target-b:fixture-bank-17:p0000,4,2.558897016417061,3.012347548638823,-0.9395763126855792,csi-pairs-v6-software-fixture,ded1ec639ff3e6fd5eba769d42db1ed36222a48af333a30a670254b30b164b74,620f300cbec1f56da4691882bc7dbe52593dc597fc62f6ae925c0f6ac72f1c6b,True,FORBIDDEN,0901433cbfe906073eae45118a1466e03afab04a766a3061a988ffe089ba4e01,9548a24a4faf5db17b5251df407b4402de033ae8648ec321c850fe6105002cf1,8128818d8ea8f5c3517d04da28955f010269df61e756429957a0a032386f6c51
17,response,target-b,fixture-bank-15,fixture-base-15,e23949edbfe2dbe6dc73b97687bd3eed5fbc5d7bd72ecd8b2badea6dfbfe472e,234b78d61b49dc10d04ca8d24378f3b96eae7ef419b9bbe2bb61b3933c753b5d,4,0,4,target-b:fixture-bank-17:p0002;target-b:fixture-bank-17:p0000;target-b:fixture-bank-15:p0000;target-b:fixture-bank-15:p0002,4,2.4834981597923904,3.0756181238756946,-0.9096681145915249,csi-pairs-v6-software-fixture,ded1ec639ff3e6fd5eba769d42db1ed36222a48af333a30a670254b30b164b74,620f300cbec1f56da4691882bc7dbe52593dc597fc62f6ae925c0f6ac72f1c6b,True,FORBIDDEN,0901433cbfe906073eae45118a1466e03afab04a766a3061a988ffe089ba4e01,9548a24a4faf5db17b5251df407b4402de033ae8648ec321c850fe6105002cf1,8128818d8ea8f5c3517d04da28955f010269df61e756429957a0a032386f6c51
17,response,target-b,fixture-bank-17,fixture-base-17,86a59d2849e34c3a9889d58bb3b67b946ca9eb639083798f219989137e7f4536,b8fec4fd063826ac29c6cc8d291ad3a1a89347817c28241565eb44269fa8c24d,4,0,4,target-b:fixture-bank-17:p0002;target-b:fixture-bank-17:p0000;target-b:fixture-bank-15:p0000;target-b:fixture-bank-15:p0002,4,2.558329365609999,3.012826099380717,-0.9393544539023194,csi-pairs-v6-software-fixture,ded1ec639ff3e6fd5eba769d42db1ed36222a48af333a30a670254b30b164b74,620f300cbec1f56da4691882bc7dbe52593dc597fc62f6ae925c0f6ac72f1c6b,True,FORBIDDEN,0901433cbfe906073eae45118a1466e03afab04a766a3061a988ffe089ba4e01,9548a24a4faf5db17b5251df407b4402de033ae8648ec321c850fe6105002cf1,8128818d8ea8f5c3517d04da28955f010269df61e756429957a0a032386f6c51
17,response,target-b,fixture-bank-15,fixture-base-15,e23949edbfe2dbe6dc73b97687bd3eed5fbc5d7bd72ecd8b2badea6dfbfe472e,234b78d61b49dc10d04ca8d24378f3b96eae7ef419b9bbe2bb61b3933c753b5d,2,1,2,target-b:fixture-bank-15:p0000;target-b:fixture-bank-17:p0003,4,2.4851671894838443,3.079008443656605,-0.9103399367557898,csi-pairs-v6-software-fixture,ded1ec639ff3e6fd5eba769d42db1ed36222a48af333a30a670254b30b164b74,620f300cbec1f56da4691882bc7dbe52593dc597fc62f6ae925c0f6ac72f1c6b,True,FORBIDDEN,0901433cbfe906073eae45118a1466e03afab04a766a3061a988ffe089ba4e01,9548a24a4faf5db17b5251df407b4402de033ae8648ec321c850fe6105002cf1,8128818d8ea8f5c3517d04da28955f010269df61e756429957a0a032386f6c51
17,response,target-b,fixture-bank-17,fixture-base-17,86a59d2849e34c3a9889d58bb3b67b946ca9eb639083798f219989137e7f4536,b8fec4fd063826ac29c6cc8d291ad3a1a89347817c28241565eb44269fa8c24d,2,1,2,target-b:fixture-bank-15:p0000;target-b:fixture-bank-17:p0003,4,2.5555595964009763,3.0157398091615475,-0.9382712197920623,csi-pairs-v6-software-fixture,ded1ec639ff3e6fd5eba769d42db1ed36222a48af333a30a670254b30b164b74,620f300cbec1f56da4691882bc7dbe52593dc597fc62f6ae925c0f6ac72f1c6b,True,FORBIDDEN,0901433cbfe906073eae45118a1466e03afab04a766a3061a988ffe089ba4e01,9548a24a4faf5db17b5251df407b4402de033ae8648ec321c850fe6105002cf1,8128818d8ea8f5c3517d04da28955f010269df61e756429957a0a032386f6c51
17,response,target-b,fixture-bank-15,fixture-base-15,e23949edbfe2dbe6dc73b97687bd3eed5fbc5d7bd72ecd8b2badea6dfbfe472e,234b78d61b49dc10d04ca8d24378f3b96eae7ef419b9bbe2bb61b3933c753b5d,4,1,4,target-b:fixture-bank-15:p0000;target-b:fixture-bank-17:p0003;target-b:fixture-bank-15:p0001;target-b:fixture-bank-15:p0002,4,2.4796853759330437,3.083588182155788,-0.9081316875857764,csi-pairs-v6-software-fixture,ded1ec639ff3e6fd5eba769d42db1ed36222a48af333a30a670254b30b164b74,620f300cbec1f56da4691882bc7dbe52593dc597fc62f6ae925c0f6ac72f1c6b,True,FORBIDDEN,0901433cbfe906073eae45118a1466e03afab04a766a3061a988ffe089ba4e01,9548a24a4faf5db17b5251df407b4402de033ae8648ec321c850fe6105002cf1,8128818d8ea8f5c3517d04da28955f010269df61e756429957a0a032386f6c51
17,response,target-b,fixture-bank-17,fixture-base-17,86a59d2849e34c3a9889d58bb3b67b946ca9eb639083798f219989137e7f4536,b8fec4fd063826ac29c6cc8d291ad3a1a89347817c28241565eb44269fa8c24d,4,1,4,target-b:fixture-bank-15:p0000;target-b:fixture-bank-17:p0003;target-b:fixture-bank-15:p0001;target-b:fixture-bank-15:p0002,4,2.559413907305224,3.0173907144693803,-0.9397782898212488,csi-pairs-v6-software-fixture,ded1ec639ff3e6fd5eba769d42db1ed36222a48af333a30a670254b30b164b74,620f300cbec1f56da4691882bc7dbe52593dc597fc62f6ae925c0f6ac72f1c6b,True,FORBIDDEN,0901433cbfe906073eae45118a1466e03afab04a766a3061a988ffe089ba4e01,9548a24a4faf5db17b5251df407b4402de033ae8648ec321c850fe6105002cf1,8128818d8ea8f5c3517d04da28955f010269df61e756429957a0a032386f6c51
17,full,target-a,fixture-bank-14,fixture-base-14,86a59d2849e34c3a9889d58bb3b67b946ca9eb639083798f219989137e7f4536,d3ac0ba45cb8ca4a3062283c82745f423da87b60b62b7768857a4ffa9f3e71be,0,0,0,,4,1.8101632993062604,2.6720058435717267,-0.5934170618192934,csi-pairs-v6-software-fixture,ded1ec639ff3e6fd5eba769d42db1ed36222a48af333a30a670254b30b164b74,620f300cbec1f56da4691882bc7dbe52593dc597fc62f6ae925c0f6ac72f1c6b,True,FORBIDDEN,0901433cbfe906073eae45118a1466e03afab04a766a3061a988ffe089ba4e01,9548a24a4faf5db17b5251df407b4402de033ae8648ec321c850fe6105002cf1,8128818d8ea8f5c3517d04da28955f010269df61e756429957a0a032386f6c51
17,full,target-a,fixture-bank-16,fixture-base-16,e23949edbfe2dbe6dc73b97687bd3eed5fbc5d7bd72ecd8b2badea6dfbfe472e,2b37638d300a790f3426572fa00b7bf61aa934746cb588d9fb5347ccf44b354c,0,0,0,,4,1.7044309618209392,2.004389154920622,-0.5332313082970577,csi-pairs-v6-software-fixture,ded1ec639ff3e6fd5eba769d42db1ed36222a48af333a30a670254b30b164b74,620f300cbec1f56da4691882bc7dbe52593dc597fc62f6ae925c0f6ac72f1c6b,True,FORBIDDEN,0901433cbfe906073eae45118a1466e03afab04a766a3061a988ffe089ba4e01,9548a24a4faf5db17b5251df407b4402de033ae8648ec321c850fe6105002cf1,8128818d8ea8f5c3517d04da28955f010269df61e756429957a0a032386f6c51
17,full,target-a,fixture-bank-14,fixture-base-14,86a59d2849e34c3a9889d58bb3b67b946ca9eb639083798f219989137e7f4536,d3ac0ba45cb8ca4a3062283c82745f423da87b60b62b7768857a4ffa9f3e71be,2,0,2,target-a:fixture-bank-16:p0003;target-a:fixture-bank-16:p0002,4,1.7775002793153967,2.6613372808250664,-0.5752080398347102,csi-pairs-v6-software-fixture,ded1ec639ff3e6fd5eba769d42db1ed36222a48af333a30a670254b30b164b74,620f300cbec1f56da4691882bc7dbe52593dc597fc62f6ae925c0f6ac72f1c6b,True,FORBIDDEN,0901433cbfe906073eae45118a1466e03afab04a766a3061a988ffe089ba4e01,9548a24a4faf5db17b5251df407b4402de033ae8648ec321c850fe6105002cf1,8128818d8ea8f5c3517d04da28955f010269df61e756429957a0a032386f6c51
17,full,target-a,fixture-bank-16,fixture-base-16,e23949edbfe2dbe6dc73b97687bd3eed5fbc5d7bd72ecd8b2badea6dfbfe472e,2b37638d300a790f3426572fa00b7bf61aa934746cb588d9fb5347ccf44b354c,2,0,2,target-a:fixture-bank-16:p0003;target-a:fixture-bank-16:p0002,4,1.6878305930765678,1.9682332207840243,-0.5234440315856123,csi-pairs-v6-software-fixture,ded1ec639ff3e6fd5eba769d42db1ed36222a48af333a30a670254b30b164b74,620f300cbec1f56da4691882bc7dbe52593dc597fc62f6ae925c0f6ac72f1c6b,True,FORBIDDEN,0901433cbfe906073eae45118a1466e03afab04a766a3061a988ffe089ba4e01,9548a24a4faf5db17b5251df407b4402de033ae8648ec321c850fe6105002cf1,8128818d8ea8f5c3517d04da28955f010269df61e756429957a0a032386f6c51
17,full,target-a,fixture-bank-14,fixture-base-14,86a59d2849e34c3a9889d58bb3b67b946ca9eb639083798f219989137e7f4536,d3ac0ba45cb8ca4a3062283c82745f423da87b60b62b7768857a4ffa9f3e71be,4,0,4,target-a:fixture-bank-16:p0003;target-a:fixture-bank-16:p0002;target-a:fixture-bank-16:p0001;target-a:fixture-bank-14:p0003,4,1.842986152058852,2.653337599230726,-0.6113871648552535,csi-pairs-v6-software-fixture,ded1ec639ff3e6fd5eba769d42db1ed36222a48af333a30a670254b30b164b74,620f300cbec1f56da4691882bc7dbe52593dc597fc62f6ae925c0f6ac72f1c6b,True,FORBIDDEN,0901433cbfe906073eae45118a1466e03afab04a766a3061a988ffe089ba4e01,9548a24a4faf5db17b5251df407b4402de033ae8648ec321c850fe6105002cf1,8128818d8ea8f5c3517d04da28955f010269df61e756429957a0a032386f6c51
17,full,target-a,fixture-bank-16,fixture-base-16,e23949edbfe2dbe6dc73b97687bd3eed5fbc5d7bd72ecd8b2badea6dfbfe472e,2b37638d300a790f3426572fa00b7bf61aa934746cb588d9fb5347ccf44b354c,4,0,4,target-a:fixture-bank-16:p0003;target-a:fixture-bank-16:p0002;target-a:fixture-bank-16:p0001;target-a:fixture-bank-14:p0003,4,1.7065235134368946,2.0168714524649825,-0.5344582680197101,csi-pairs-v6-software-fixture,ded1ec639ff3e6fd5eba769d42db1ed36222a48af333a30a670254b30b164b74,620f300cbec1f56da4691882bc7dbe52593dc597fc62f6ae925c0f6ac72f1c6b,True,FORBIDDEN,0901433cbfe906073eae45118a1466e03afab04a766a3061a988ffe089ba4e01,9548a24a4faf5db17b5251df407b4402de033ae8648ec321c850fe6105002cf1,8128818d8ea8f5c3517d04da28955f010269df61e756429957a0a032386f6c51
17,full,target-a,fixture-bank-14,fixture-base-14,86a59d2849e34c3a9889d58bb3b67b946ca9eb639083798f219989137e7f4536,d3ac0ba45cb8ca4a3062283c82745f423da87b60b62b7768857a4ffa9f3e71be,2,1,2,target-a:fixture-bank-14:p0000;target-a:fixture-bank-16:p0003,4,1.777238237723361,2.6808949146922405,-0.5750606075601538,csi-pairs-v6-software-fixture,ded1ec639ff3e6fd5eba769d42db1ed36222a48af333a30a670254b30b164b74,620f300cbec1f56da4691882bc7dbe52593dc597fc62f6ae925c0f6ac72f1c6b,True,FORBIDDEN,0901433cbfe906073eae45118a1466e03afab04a766a3061a988ffe089ba4e01,9548a24a4faf5db17b5251df407b4402de033ae8648ec321c850fe6105002cf1,8128818d8ea8f5c3517d04da28955f010269df61e756429957a0a032386f6c51
17,full,target-a,fixture-bank-16,fixture-base-16,e23949edbfe2dbe6dc73b97687bd3eed5fbc5d7bd72ecd8b2badea6dfbfe472e,2b37638d300a790f3426572fa00b7bf61aa934746cb588d9fb5347ccf44b354c,2,1,2,target-a:fixture-bank-14:p0000;target-a:fixture-bank-16:p0003,4,1.6970489708100704,1.9863097024203338,-0.5288908431192088,csi-pairs-v6-software-fixture,ded1ec639ff3e6fd5eba769d42db1ed36222a48af333a30a670254b30b164b74,620f300cbec1f56da4691882bc7dbe52593dc597fc62f6ae925c0f6ac72f1c6b,True,FORBIDDEN,0901433cbfe906073eae45118a1466e03afab04a766a3061a988ffe089ba4e01,9548a24a4faf5db17b5251df407b4402de033ae8648ec321c850fe6105002cf1,8128818d8ea8f5c3517d04da28955f010269df61e756429957a0a032386f6c51
17,full,target-a,fixture-bank-14,fixture-base-14,86a59d2849e34c3a9889d58bb3b67b946ca9eb639083798f219989137e7f4536,d3ac0ba45cb8ca4a3062283c82745f423da87b60b62b7768857a4ffa9f3e71be,4,1,4,target-a:fixture-bank-14:p0000;target-a:fixture-bank-16:p0003;target-a:fixture-bank-16:p0002;target-a:fixture-bank-14:p0003,4,1.8099730350393612,2.6603807346268318,-0.5933119473984528,csi-pairs-v6-software-fixture,ded1ec639ff3e6fd5eba769d42db1ed36222a48af333a30a670254b30b164b74,620f300cbec1f56da4691882bc7dbe52593dc597fc62f6ae925c0f6ac72f1c6b,True,FORBIDDEN,0901433cbfe906073eae45118a1466e03afab04a766a3061a988ffe089ba4e01,9548a24a4faf5db17b5251df407b4402de033ae8648ec321c850fe6105002cf1,8128818d8ea8f5c3517d04da28955f010269df61e756429957a0a032386f6c51
17,full,target-a,fixture-bank-16,fixture-base-16,e23949edbfe2dbe6dc73b97687bd3eed5fbc5d7bd72ecd8b2badea6dfbfe472e,2b37638d300a790f3426572fa00b7bf61aa934746cb588d9fb5347ccf44b354c,4,1,4,target-a:fixture-bank-14:p0000;target-a:fixture-bank-16:p0003;target-a:fixture-bank-16:p0002;target-a:fixture-bank-14:p0003,4,1.6981958281165703,1.9963151095957934,-0.5295664099298731,csi-pairs-v6-software-fixture,ded1ec639ff3e6fd5eba769d42db1ed36222a48af333a30a670254b30b164b74,620f300cbec1f56da4691882bc7dbe52593dc597fc62f6ae925c0f6ac72f1c6b,True,FORBIDDEN,0901433cbfe906073eae45118a1466e03afab04a766a3061a988ffe089ba4e01,9548a24a4faf5db17b5251df407b4402de033ae8648ec321c850fe6105002cf1,8128818d8ea8f5c3517d04da28955f010269df61e756429957a0a032386f6c51
17,full,target-b,fixture-bank-15,fixture-base-15,e23949edbfe2dbe6dc73b97687bd3eed5fbc5d7bd72ecd8b2badea6dfbfe472e,234b78d61b49dc10d04ca8d24378f3b96eae7ef419b9bbe2bb61b3933c753b5d,0,0,0,,4,2.486205331907482,3.0432602385224876,-0.9107575849743696,csi-pairs-v6-software-fixture,ded1ec639ff3e6fd5eba769d42db1ed36222a48af333a30a670254b30b164b74,620f300cbec1f56da4691882bc7dbe52593dc597fc62f6ae925c0f6ac72f1c6b,True,FORBIDDEN,0901433cbfe906073eae45118a1466e03afab04a766a3061a988ffe089ba4e01,9548a24a4faf5db17b5251df407b4402de033ae8648ec321c850fe6105002cf1,8128818d8ea8f5c3517d04da28955f010269df61e756429957a0a032386f6c51
17,full,target-b,fixture-bank-17,fixture-base-17,86a59d2849e34c3a9889d58bb3b67b946ca9eb639083798f219989137e7f4536,b8fec4fd063826ac29c6cc8d291ad3a1a89347817c28241565eb44269fa8c24d,0,0,0,,4,2.5437948718274033,3.0017624504830933,-0.9336570100836133,csi-pairs-v6-software-fixture,ded1ec639ff3e6fd5eba769d42db1ed36222a48af333a30a670254b30b164b74,620f300cbec1f56da4691882bc7dbe52593dc597fc62f6ae925c0f6ac72f1c6b,True,FORBIDDEN,0901433cbfe906073eae45118a1466e03afab04a766a3061a988ffe089ba4e01,9548a24a4faf5db17b5251df407b4402de033ae8648ec321c850fe6105002cf1,8128818d8ea8f5c3517d04da28955f010269df61e756429957a0a032386f6c51
17,full,target-b,fixture-bank-15,fixture-base-15,e23949edbfe2dbe6dc73b97687bd3eed5fbc5d7bd72ecd8b2badea6dfbfe472e,234b78d61b49dc10d04ca8d24378f3b96eae7ef419b9bbe2bb61b3933c753b5d,2,0,2,target-b:fixture-bank-17:p0002;target-b:fixture-bank-17:p0000,4,2.4830360516809677,3.0746785219365464,-0.9094820258249606,csi-pairs-v6-software-fixture,ded1ec639ff3e6fd5eba769d42db1ed36222a48af333a30a670254b30b164b74,620f300cbec1f56da4691882bc7dbe52593dc597fc62f6ae925c0f6ac72f1c6b,True,FORBIDDEN,0901433cbfe906073eae45118a1466e03afab04a766a3061a988ffe089ba4e01,9548a24a4faf5db17b5251df407b4402de033ae8648ec321c850fe6105002cf1,8128818d8ea8f5c3517d04da28955f010269df61e756429957a0a032386f6c51
17,full,target-b,fixture-bank-17,fixture-base-17,86a59d2849e34c3a9889d58bb3b67b946ca9eb639083798f219989137e7f4536,b8fec4fd063826ac29c6cc8d291ad3a1a89347817c28241565eb44269fa8c24d,2,0,2,target-b:fixture-bank-17:p0002;target-b:fixture-bank-17:p0000,4,2.558824198191001,3.0122948715958984,-0.9395478554003885,csi-pairs-v6-software-fixture,ded1ec639ff3e6fd5eba769d42db1ed36222a48af333a30a670254b30b164b74,620f300cbec1f56da4691882bc7dbe52593dc597fc62f6ae925c0f6ac72f1c6b,True,FORBIDDEN,0901433cbfe906073eae45118a1466e03afab04a766a3061a988ffe089ba4e01,9548a24a4faf5db17b5251df407b4402de033ae8648ec321c850fe6105002cf1,8128818d8ea8f5c3517d04da28955f010269df61e756429957a0a032386f6c51
17,full,target-b,fixture-bank-15,fixture-base-15,e23949edbfe2dbe6dc73b97687bd3eed5fbc5d7bd72ecd8b2badea6dfbfe472e,234b78d61b49dc10d04ca8d24378f3b96eae7ef419b9bbe2bb61b3933c753b5d,4,0,4,target-b:fixture-bank-17:p0002;target-b:fixture-bank-17:p0000;target-b:fixture-bank-15:p0000;target-b:fixture-bank-15:p0002,4,2.4835240893976285,3.075471409493875,-0.9096785552958091,csi-pairs-v6-software-fixture,ded1ec639ff3e6fd5eba769d42db1ed36222a48af333a30a670254b30b164b74,620f300cbec1f56da4691882bc7dbe52593dc597fc62f6ae925c0f6ac72f1c6b,True,FORBIDDEN,0901433cbfe906073eae45118a1466e03afab04a766a3061a988ffe089ba4e01,9548a24a4faf5db17b5251df407b4402de033ae8648ec321c850fe6105002cf1,8128818d8ea8f5c3517d04da28955f010269df61e756429957a0a032386f6c51
17,full,target-b,fixture-bank-17,fixture-base-17,86a59d2849e34c3a9889d58bb3b67b946ca9eb639083798f219989137e7f4536,b8fec4fd063826ac29c6cc8d291ad3a1a89347817c28241565eb44269fa8c24d,4,0,4,target-b:fixture-bank-17:p0002;target-b:fixture-bank-17:p0000;target-b:fixture-bank-15:p0000;target-b:fixture-bank-15:p0002,4,2.5582538505190433,3.012771959276026,-0.9393249361214991,csi-pairs-v6-software-fixture,ded1ec639ff3e6fd5eba769d42db1ed36222a48af333a30a670254b30b164b74,620f300cbec1f56da4691882bc7dbe52593dc597fc62f6ae925c0f6ac72f1c6b,True,FORBIDDEN,0901433cbfe906073eae45118a1466e03afab04a766a3061a988ffe089ba4e01,9548a24a4faf5db17b5251df407b4402de033ae8648ec321c850fe6105002cf1,8128818d8ea8f5c3517d04da28955f010269df61e756429957a0a032386f6c51
17,full,target-b,fixture-bank-15,fixture-base-15,e23949edbfe2dbe6dc73b97687bd3eed5fbc5d7bd72ecd8b2badea6dfbfe472e,234b78d61b49dc10d04ca8d24378f3b96eae7ef419b9bbe2bb61b3933c753b5d,2,1,2,target-b:fixture-bank-15:p0000;target-b:fixture-bank-17:p0003,4,2.4851389648754134,3.078892644563608,-0.9103285794640841,csi-pairs-v6-software-fixture,ded1ec639ff3e6fd5eba769d42db1ed36222a48af333a30a670254b30b164b74,620f300cbec1f56da4691882bc7dbe52593dc597fc62f6ae925c0f6ac72f1c6b,True,FORBIDDEN,0901433cbfe906073eae45118a1466e03afab04a766a3061a988ffe089ba4e01,9548a24a4faf5db17b5251df407b4402de033ae8648ec321c850fe6105002cf1,8128818d8ea8f5c3517d04da28955f010269df61e756429957a0a032386f6c51
17,full,target-b,fixture-bank-17,fixture-base-17,86a59d2849e34c3a9889d58bb3b67b946ca9eb639083798f219989137e7f4536,b8fec4fd063826ac29c6cc8d291ad3a1a89347817c28241565eb44269fa8c24d,2,1,2,target-b:fixture-bank-15:p0000;target-b:fixture-bank-17:p0003,4,2.555510709058061,3.0156963288974117,-0.9382520898094969,csi-pairs-v6-software-fixture,ded1ec639ff3e6fd5eba769d42db1ed36222a48af333a30a670254b30b164b74,620f300cbec1f56da4691882bc7dbe52593dc597fc62f6ae925c0f6ac72f1c6b,True,FORBIDDEN,0901433cbfe906073eae45118a1466e03afab04a766a3061a988ffe089ba4e01,9548a24a4faf5db17b5251df407b4402de033ae8648ec321c850fe6105002cf1,8128818d8ea8f5c3517d04da28955f010269df61e756429957a0a032386f6c51
17,full,target-b,fixture-bank-15,fixture-base-15,e23949edbfe2dbe6dc73b97687bd3eed5fbc5d7bd72ecd8b2badea6dfbfe472e,234b78d61b49dc10d04ca8d24378f3b96eae7ef419b9bbe2bb61b3933c753b5d,4,1,4,target-b:fixture-bank-15:p0000;target-b:fixture-bank-17:p0003;target-b:fixture-bank-15:p0001;target-b:fixture-bank-15:p0002,4,2.4797047548084876,3.083459050671192,-0.9081395026093714,csi-pairs-v6-software-fixture,ded1ec639ff3e6fd5eba769d42db1ed36222a48af333a30a670254b30b164b74,620f300cbec1f56da4691882bc7dbe52593dc597fc62f6ae925c0f6ac72f1c6b,True,FORBIDDEN,0901433cbfe906073eae45118a1466e03afab04a766a3061a988ffe089ba4e01,9548a24a4faf5db17b5251df407b4402de033ae8648ec321c850fe6105002cf1,8128818d8ea8f5c3517d04da28955f010269df61e756429957a0a032386f6c51
17,full,target-b,fixture-bank-17,fixture-base-17,86a59d2849e34c3a9889d58bb3b67b946ca9eb639083798f219989137e7f4536,b8fec4fd063826ac29c6cc8d291ad3a1a89347817c28241565eb44269fa8c24d,4,1,4,target-b:fixture-bank-15:p0000;target-b:fixture-bank-17:p0003;target-b:fixture-bank-15:p0001;target-b:fixture-bank-15:p0002,4,2.5593507356881204,3.0173462425080766,-0.9397536074529382,csi-pairs-v6-software-fixture,ded1ec639ff3e6fd5eba769d42db1ed36222a48af333a30a670254b30b164b74,620f300cbec1f56da4691882bc7dbe52593dc597fc62f6ae925c0f6ac72f1c6b,True,FORBIDDEN,0901433cbfe906073eae45118a1466e03afab04a766a3061a988ffe089ba4e01,9548a24a4faf5db17b5251df407b4402de033ae8648ec321c850fe6105002cf1,8128818d8ea8f5c3517d04da28955f010269df61e756429957a0a032386f6c51
23,endpoint,target-a,fixture-bank-14,fixture-base-14,86a59d2849e34c3a9889d58bb3b67b946ca9eb639083798f219989137e7f4536,d3ac0ba45cb8ca4a3062283c82745f423da87b60b62b7768857a4ffa9f3e71be,0,0,0,,4,1.654573220818835,2.865139067824478,-0.5035431029571477,csi-pairs-v6-software-fixture,ded1ec639ff3e6fd5eba769d42db1ed36222a48af333a30a670254b30b164b74,620f300cbec1f56da4691882bc7dbe52593dc597fc62f6ae925c0f6ac72f1c6b,True,FORBIDDEN,0901433cbfe906073eae45118a1466e03afab04a766a3061a988ffe089ba4e01,9548a24a4faf5db17b5251df407b4402de033ae8648ec321c850fe6105002cf1,8128818d8ea8f5c3517d04da28955f010269df61e756429957a0a032386f6c51
23,endpoint,target-a,fixture-bank-16,fixture-base-16,e23949edbfe2dbe6dc73b97687bd3eed5fbc5d7bd72ecd8b2badea6dfbfe472e,2b37638d300a790f3426572fa00b7bf61aa934746cb588d9fb5347ccf44b354c,0,0,0,,4,1.671358753362469,1.9941619864613225,-0.5136369203834041,csi-pairs-v6-software-fixture,ded1ec639ff3e6fd5eba769d42db1ed36222a48af333a30a670254b30b164b74,620f300cbec1f56da4691882bc7dbe52593dc597fc62f6ae925c0f6ac72f1c6b,True,FORBIDDEN,0901433cbfe906073eae45118a1466e03afab04a766a3061a988ffe089ba4e01,9548a24a4faf5db17b5251df407b4402de033ae8648ec321c850fe6105002cf1,8128818d8ea8f5c3517d04da28955f010269df61e756429957a0a032386f6c51
23,endpoint,target-a,fixture-bank-14,fixture-base-14,86a59d2849e34c3a9889d58bb3b67b946ca9eb639083798f219989137e7f4536,d3ac0ba45cb8ca4a3062283c82745f423da87b60b62b7768857a4ffa9f3e71be,2,0,2,target-a:fixture-bank-14:p0003;target-a:fixture-bank-14:p0001,4,1.6572186694407227,2.840242014918106,-0.5051406968109973,csi-pairs-v6-software-fixture,ded1ec639ff3e6fd5eba769d42db1ed36222a48af333a30a670254b30b164b74,620f300cbec1f56da4691882bc7dbe52593dc597fc62f6ae925c0f6ac72f1c6b,True,FORBIDDEN,0901433cbfe906073eae45118a1466e03afab04a766a3061a988ffe089ba4e01,9548a24a4faf5db17b5251df407b4402de033ae8648ec321c850fe6105002cf1,8128818d8ea8f5c3517d04da28955f010269df61e756429957a0a032386f6c51
23,endpoint,target-a,fixture-bank-16,fixture-base-16,e23949edbfe2dbe6dc73b97687bd3eed5fbc5d7bd72ecd8b2badea6dfbfe472e,2b37638d300a790f3426572fa00b7bf61aa934746cb588d9fb5347ccf44b354c,2,0,2,target-a:fixture-bank-14:p0003;target-a:fixture-bank-14:p0001,4,1.674787948864795,1.975122097640414,-0.5156865595702058,csi-pairs-v6-software-fixture,ded1ec639ff3e6fd5eba769d42db1ed36222a48af333a30a670254b30b164b74,620f300cbec1f56da4691882bc7dbe52593dc597fc62f6ae925c0f6ac72f1c6b,True,FORBIDDEN,0901433cbfe906073eae45118a1466e03afab04a766a3061a988ffe089ba4e01,9548a24a4faf5db17b5251df407b4402de033ae8648ec321c850fe6105002cf1,8128818d8ea8f5c3517d04da28955f010269df61e756429957a0a032386f6c51
23,endpoint,target-a,fixture-bank-14,fixture-base-14,86a59d2849e34c3a9889d58bb3b67b946ca9eb639083798f219989137e7f4536,d3ac0ba45cb8ca4a3062283c82745f423da87b60b62b7768857a4ffa9f3e71be,4,0,4,target-a:fixture-bank-14:p0003;target-a:fixture-bank-14:p0001;target-a:fixture-bank-14:p0002;target-a:fixture-bank-16:p0000,4,1.6568325732881348,2.841569529133927,-0.5049076912682002,csi-pairs-v6-software-fixture,ded1ec639ff3e6fd5eba769d42db1ed36222a48af333a30a670254b30b164b74,620f300cbec1f56da4691882bc7dbe52593dc597fc62f6ae925c0f6ac72f1c6b,True,FORBIDDEN,0901433cbfe906073eae45118a1466e03afab04a766a3061a988ffe089ba4e01,9548a24a4faf5db17b5251df407b4402de033ae8648ec321c850fe6105002cf1,8128818d8ea8f5c3517d04da28955f010269df61e756429957a0a032386f6c51
23,endpoint,target-a,fixture-bank-16,fixture-base-16,e23949edbfe2dbe6dc73b97687bd3eed5fbc5d7bd72ecd8b2badea6dfbfe472e,2b37638d300a790f3426572fa00b7bf61aa934746cb588d9fb5347ccf44b354c,4,0,4,target-a:fixture-bank-14:p0003;target-a:fixture-bank-14:p0001;target-a:fixture-bank-14:p0002;target-a:fixture-bank-16:p0000,4,1.674426363963687,1.9758181500432395,-0.5154706373456244,csi-pairs-v6-software-fixture,ded1ec639ff3e6fd5eba769d42db1ed36222a48af333a30a670254b30b164b74,620f300cbec1f56da4691882bc7dbe52593dc597fc62f6ae925c0f6ac72f1c6b,True,FORBIDDEN,0901433cbfe906073eae45118a1466e03afab04a766a3061a988ffe089ba4e01,9548a24a4faf5db17b5251df407b4402de033ae8648ec321c850fe6105002cf1,8128818d8ea8f5c3517d04da28955f010269df61e756429957a0a032386f6c51
23,endpoint,target-a,fixture-bank-14,fixture-base-14,86a59d2849e34c3a9889d58bb3b67b946ca9eb639083798f219989137e7f4536,d3ac0ba45cb8ca4a3062283c82745f423da87b60b62b7768857a4ffa9f3e71be,2,1,2,target-a:fixture-bank-16:p0000;target-a:fixture-bank-16:p0001,4,1.6654818184082665,2.8645205885488623,-0.510114461995353,csi-pairs-v6-software-fixture,ded1ec639ff3e6fd5eba769d42db1ed36222a48af333a30a670254b30b164b74,620f300cbec1f56da4691882bc7dbe52593dc597fc62f6ae925c0f6ac72f1c6b,True,FORBIDDEN,0901433cbfe906073eae45118a1466e03afab04a766a3061a988ffe089ba4e01,9548a24a4faf5db17b5251df407b4402de033ae8648ec321c850fe6105002cf1,8128818d8ea8f5c3517d04da28955f010269df61e756429957a0a032386f6c51
23,endpoint,target-a,fixture-bank-16,fixture-base-16,e23949edbfe2dbe6dc73b97687bd3eed5fbc5d7bd72ecd8b2badea6dfbfe472e,2b37638d300a790f3426572fa00b7bf61aa934746cb588d9fb5347ccf44b354c,2,1,2,target-a:fixture-bank-16:p0000;target-a:fixture-bank-16:p0001,4,1.6853464313327882,2.0011499205673937,-0.5219711399022523,csi-pairs-v6-software-fixture,ded1ec639ff3e6fd5eba769d42db1ed36222a48af333a30a670254b30b164b74,620f300cbec1f56da4691882bc7dbe52593dc597fc62f6ae925c0f6ac72f1c6b,True,FORBIDDEN,0901433cbfe906073eae45118a1466e03afab04a766a3061a988ffe089ba4e01,9548a24a4faf5db17b5251df407b4402de033ae8648ec321c850fe6105002cf1,8128818d8ea8f5c3517d04da28955f010269df61e756429957a0a032386f6c51
23,endpoint,target-a,fixture-bank-14,fixture-base-14,86a59d2849e34c3a9889d58bb3b67b946ca9eb639083798f219989137e7f4536,d3ac0ba45cb8ca4a3062283c82745f423da87b60b62b7768857a4ffa9f3e71be,4,1,4,target-a:fixture-bank-16:p0000;target-a:fixture-bank-16:p0001;target-a:fixture-bank-14:p0002;target-a:fixture-bank-16:p0002,4,1.6642172387638463,2.8732848314111714,-0.5093548860195621,csi-pairs-v6-software-fixture,ded1ec639ff3e6fd5eba769d42db1ed36222a48af333a30a670254b30b164b74,620f300cbec1f56da4691882bc7dbe52593dc597fc62f6ae925c0f6ac72f1c6b,True,FORBIDDEN,0901433cbfe906073eae45118a1466e03afab04a766a3061a988ffe089ba4e01,9548a24a4faf5db17b5251df407b4402de033ae8648ec321c850fe6105002cf1,8128818d8ea8f5c3517d04da28955f010269df61e756429957a0a032386f6c51
23,endpoint,target-a,fixture-bank-16,fixture-base-16,e23949edbfe2dbe6dc73b97687bd3eed5fbc5d7bd72ecd8b2badea6dfbfe472e,2b37638d300a790f3426572fa00b7bf61aa934746cb588d9fb5347ccf44b354c,4,1,4,target-a:fixture-bank-16:p0000;target-a:fixture-bank-16:p0001;target-a:fixture-bank-14:p0002;target-a:fixture-bank-16:p0002,4,1.6845597123071767,2.0069024490778617,-0.5215042313259476,csi-pairs-v6-software-fixture,ded1ec639ff3e6fd5eba769d42db1ed36222a48af333a30a670254b30b164b74,620f300cbec1f56da4691882bc7dbe52593dc597fc62f6ae925c0f6ac72f1c6b,True,FORBIDDEN,0901433cbfe906073eae45118a1466e03afab04a766a3061a988ffe089ba4e01,9548a24a4faf5db17b5251df407b4402de033ae8648ec321c850fe6105002cf1,8128818d8ea8f5c3517d04da28955f010269df61e756429957a0a032386f6c51
23,endpoint,target-b,fixture-bank-15,fixture-base-15,e23949edbfe2dbe6dc73b97687bd3eed5fbc5d7bd72ecd8b2badea6dfbfe472e,234b78d61b49dc10d04ca8d24378f3b96eae7ef419b9bbe2bb61b3933c753b5d,0,0,0,,4,2.4746770102636995,2.544360232863713,-0.906109886601114,csi-pairs-v6-software-fixture,ded1ec639ff3e6fd5eba769d42db1ed36222a48af333a30a670254b30b164b74,620f300cbec1f56da4691882bc7dbe52593dc597fc62f6ae925c0f6ac72f1c6b,True,FORBIDDEN,0901433cbfe906073eae45118a1466e03afab04a766a3061a988ffe089ba4e01,9548a24a4faf5db17b5251df407b4402de033ae8648ec321c850fe6105002cf1,8128818d8ea8f5c3517d04da28955f010269df61e756429957a0a032386f6c51
23,endpoint,target-b,fixture-bank-17,fixture-base-17,86a59d2849e34c3a9889d58bb3b67b946ca9eb639083798f219989137e7f4536,b8fec4fd063826ac29c6cc8d291ad3a1a89347817c28241565eb44269fa8c24d,0,0,0,,4,2.4353067342655397,3.1158311814074784,-0.89007271749869,csi-pairs-v6-software-fixture,ded1ec639ff3e6fd5eba769d42db1ed36222a48af333a30a670254b30b164b74,620f300cbec1f56da4691882bc7dbe52593dc597fc62f6ae925c0f6ac72f1c6b,True,FORBIDDEN,0901433cbfe906073eae45118a1466e03afab04a766a3061a988ffe089ba4e01,9548a24a4faf5db17b5251df407b4402de033ae8648ec321c850fe6105002cf1,8128818d8ea8f5c3517d04da28955f010269df61e756429957a0a032386f6c51
23,endpoint,target-b,fixture-bank-15,fixture-base-15,e23949edbfe2dbe6dc73b97687bd3eed5fbc5d7bd72ecd8b2badea6dfbfe472e,234b78d61b49dc10d04ca8d24378f3b96eae7ef419b9bbe2bb61b3933c753b5d,2,0,2,target-b:fixture-bank-17:p0002;target-b:fixture-bank-17:p0001,4,2.462721872278638,2.581719282223854,-0.901267190423029,csi-pairs-v6-software-fixture,ded1ec639ff3e6fd5eba769d42db1ed36222a48af333a30a670254b30b164b74,620f300cbec1f56da4691882bc7dbe52593dc597fc62f6ae925c0f6ac72f1c6b,True,FORBIDDEN,0901433cbfe906073eae45118a1466e03afab04a766a3061a988ffe089ba4e01,9548a24a4faf5db17b5251df407b4402de033ae8648ec321c850fe6105002cf1,8128818d8ea8f5c3517d04da28955f010269df61e756429957a0a032386f6c51
23,endpoint,target-b,fixture-bank-17,fixture-base-17,86a59d2849e34c3a9889d58bb3b67b946ca9eb639083798f219989137e7f4536,b8fec4fd063826ac29c6cc8d291ad3a1a89347817c28241565eb44269fa8c24d,2,0,2,target-b:fixture-bank-17:p0002;target-b:fixture-bank-17:p0001,4,2.427287416363326,3.1151933168971757,-0.8867743442747872,csi-pairs-v6-software-fixture,ded1ec639ff3e6fd5eba769d42db1ed36222a48af333a30a670254b30b164b74,620f300cbec1f56da4691882bc7dbe52593dc597fc62f6ae925c0f6ac72f1c6b,True,FORBIDDEN,0901433cbfe906073eae45118a1466e03afab04a766a3061a988ffe089ba4e01,9548a24a4faf5db17b5251df407b4402de033ae8648ec321c850fe6105002cf1,8128818d8ea8f5c3517d04da28955f010269df61e756429957a0a032386f6c51
23,endpoint,target-b,fixture-bank-15,fixture-base-15,e23949edbfe2dbe6dc73b97687bd3eed5fbc5d7bd72ecd8b2badea6dfbfe472e,234b78d61b49dc10d04ca8d24378f3b96eae7ef419b9bbe2bb61b3933c753b5d,4,0,4,target-b:fixture-bank-17:p0002;target-b:fixture-bank-17:p0001;target-b:fixture-bank-15:p0000;target-b:fixture-bank-17:p0003,4,2.4636646190672877,2.5828027988605493,-0.9016499240156183,csi-pairs-v6-software-fixture,ded1ec639ff3e6fd5eba769d42db1ed36222a48af333a30a670254b30b164b74,620f300cbec1f56da4691882bc7dbe52593dc597fc62f6ae925c0f6ac72f1c6b,True,FORBIDDEN,0901433cbfe906073eae45118a1466e03afab04a766a3061a988ffe089ba4e01,9548a24a4faf5db17b5251df407b4402de033ae8648ec321c850fe6105002cf1,8128818d8ea8f5c3517d04da28955f010269df61e756429957a0a032386f6c51
23,endpoint,target-b,fixture-bank-17,fixture-base-17,86a59d2849e34c3a9889d58bb3b67b946ca9eb639083798f219989137e7f4536,b8fec4fd063826ac29c6cc8d291ad3a1a89347817c28241565eb44269fa8c24d,4,0,4,target-b:fixture-bank-17:p0002;target-b:fixture-bank-17:p0001;target-b:fixture-bank-15:p0000;target-b:fixture-bank-17:p0003,4,2.4279713808694137,3.1150646670355133,-0.8870560860064544,csi-pairs-v6-software-fixture,ded1ec639ff3e6fd5eba769d42db1ed36222a48af333a30a670254b30b164b74,620f300cbec1f56da4691882bc7dbe52593dc597fc62f6ae925c0f6ac72f1c6b,True,FORBIDDEN,0901433cbfe906073eae45118a1466e03afab04a766a3061a988ffe089ba4e01,9548a24a4faf5db17b5251df407b4402de033ae8648ec321c850fe6105002cf1,8128818d8ea8f5c3517d04da28955f010269df61e756429957a0a032386f6c51
23,endpoint,target-b,fixture-bank-15,fixture-base-15,e23949edbfe2dbe6dc73b97687bd3eed5fbc5d7bd72ecd8b2badea6dfbfe472e,234b78d61b49dc10d04ca8d24378f3b96eae7ef419b9bbe2bb61b3933c753b5d,2,1,2,target-b:fixture-bank-15:p0002;target-b:fixture-bank-17:p0000,4,2.4665790672226504,2.5678381835638158,-0.9028321976232879,csi-pairs-v6-software-fixture,ded1ec639ff3e6fd5eba769d42db1ed36222a48af333a30a670254b30b164b74,620f300cbec1f56da4691882bc7dbe52593dc597fc62f6ae925c0f6ac72f1c6b,True,FORBIDDEN,0901433cbfe906073eae45118a1466e03afab04a766a3061a988ffe089ba4e01,9548a24a4faf5db17b5251df407b4402de033ae8648ec321c850fe6105002cf1,8128818d8ea8f5c3517d04da28955f010269df61e756429957a0a032386f6c51
23,endpoint,target-b,fixture-bank-17,fixture-base-17,86a59d2849e34c3a9889d58bb3b67b946ca9eb639083798f219989137e7f4536,b8fec4fd063826ac29c6cc8d291ad3a1a89347817c28241565eb44269fa8c24d,2,1,2,target-b:fixture-bank-15:p0002;target-b:fixture-bank-17:p0000,4,2.425127607073529,3.117333278481877,-0.8858841444786055,csi-pairs-v6-software-fixture,ded1ec639ff3e6fd5eba769d42db1ed36222a48af333a30a670254b30b164b74,620f300cbec1f56da4691882bc7dbe52593dc597fc62f6ae925c0f6ac72f1c6b,True,FORBIDDEN,0901433cbfe906073eae45118a1466e03afab04a766a3061a988ffe089ba4e01,9548a24a4faf5db17b5251df407b4402de033ae8648ec321c850fe6105002cf1,8128818d8ea8f5c3517d04da28955f010269df61e756429957a0a032386f6c51
23,endpoint,target-b,fixture-bank-15,fixture-base-15,e23949edbfe2dbe6dc73b97687bd3eed5fbc5d7bd72ecd8b2badea6dfbfe472e,234b78d61b49dc10d04ca8d24378f3b96eae7ef419b9bbe2bb61b3933c753b5d,4,1,4,target-b:fixture-bank-15:p0002;target-b:fixture-bank-17:p0000;target-b:fixture-bank-17:p0002;target-b:fixture-bank-15:p0003,4,2.476684676043967,2.563363994758759,-0.9069208416544876,csi-pairs-v6-software-fixture,ded1ec639ff3e6fd5eba769d42db1ed36222a48af333a30a670254b30b164b74,620f300cbec1f56da4691882bc7dbe52593dc597fc62f6ae925c0f6ac72f1c6b,True,FORBIDDEN,0901433cbfe906073eae45118a1466e03afab04a766a3061a988ffe089ba4e01,9548a24a4faf5db17b5251df407b4402de033ae8648ec321c850fe6105002cf1,8128818d8ea8f5c3517d04da28955f010269df61e756429957a0a032386f6c51
23,endpoint,target-b,fixture-bank-17,fixture-base-17,86a59d2849e34c3a9889d58bb3b67b946ca9eb639083798f219989137e7f4536,b8fec4fd063826ac29c6cc8d291ad3a1a89347817c28241565eb44269fa8c24d,4,1,4,target-b:fixture-bank-15:p0002;target-b:fixture-bank-17:p0000;target-b:fixture-bank-17:p0002;target-b:fixture-bank-15:p0003,4,2.4346230972499923,3.1094393131907987,-0.8897919590304205,csi-pairs-v6-software-fixture,ded1ec639ff3e6fd5eba769d42db1ed36222a48af333a30a670254b30b164b74,620f300cbec1f56da4691882bc7dbe52593dc597fc62f6ae925c0f6ac72f1c6b,True,FORBIDDEN,0901433cbfe906073eae45118a1466e03afab04a766a3061a988ffe089ba4e01,9548a24a4faf5db17b5251df407b4402de033ae8648ec321c850fe6105002cf1,8128818d8ea8f5c3517d04da28955f010269df61e756429957a0a032386f6c51
23,alignment,target-a,fixture-bank-14,fixture-base-14,86a59d2849e34c3a9889d58bb3b67b946ca9eb639083798f219989137e7f4536,d3ac0ba45cb8ca4a3062283c82745f423da87b60b62b7768857a4ffa9f3e71be,0,0,0,,4,1.65453380144909,2.865128540565094,-0.5035192781793562,csi-pairs-v6-software-fixture,ded1ec639ff3e6fd5eba769d42db1ed36222a48af333a30a670254b30b164b74,620f300cbec1f56da4691882bc7dbe52593dc597fc62f6ae925c0f6ac72f1c6b,True,FORBIDDEN,0901433cbfe906073eae45118a1466e03afab04a766a3061a988ffe089ba4e01,9548a24a4faf5db17b5251df407b4402de033ae8648ec321c850fe6105002cf1,8128818d8ea8f5c3517d04da28955f010269df61e756429957a0a032386f6c51
23,alignment,target-a,fixture-bank-16,fixture-base-16,e23949edbfe2dbe6dc73b97687bd3eed5fbc5d7bd72ecd8b2badea6dfbfe472e,2b37638d300a790f3426572fa00b7bf61aa934746cb588d9fb5347ccf44b354c,0,0,0,,4,1.6713248903448736,1.9941275659125732,-0.5136166594067723,csi-pairs-v6-software-fixture,ded1ec639ff3e6fd5eba769d42db1ed36222a48af333a30a670254b30b164b74,620f300cbec1f56da4691882bc7dbe52593dc597fc62f6ae925c0f6ac72f1c6b,True,FORBIDDEN,0901433cbfe906073eae45118a1466e03afab04a766a3061a988ffe089ba4e01,9548a24a4faf5db17b5251df407b4402de033ae8648ec321c850fe6105002cf1,8128818d8ea8f5c3517d04da28955f010269df61e756429957a0a032386f6c51
23,alignment,target-a,fixture-bank-14,fixture-base-14,86a59d2849e34c3a9889d58bb3b67b946ca9eb639083798f219989137e7f4536,d3ac0ba45cb8ca4a3062283c82745f423da87b60b62b7768857a4ffa9f3e71be,2,0,2,target-a:fixture-bank-14:p0003;target-a:fixture-bank-14:p0001,4,1.6571855477909678,2.8401997140848936,-0.5051207103231792,csi-pairs-v6-software-fixture,ded1ec639ff3e6fd5eba769d42db1ed36222a48af333a30a670254b30b164b74,620f300cbec1f56da4691882bc7dbe52593dc597fc62f6ae925c0f6ac72f1c6b,True,FORBIDDEN,0901433cbfe906073eae45118a1466e03afab04a766a3061a988ffe089ba4e01,9548a24a4faf5db17b5251df407b4402de033ae8648ec321c850fe6105002cf1,8128818d8ea8f5c3517d04da28955f010269df61e756429957a0a032386f6c51
23,alignment,target-a,fixture-bank-16,fixture-base-16,e23949edbfe2dbe6dc73b97687bd3eed5fbc5d7bd72ecd8b2badea6dfbfe472e,2b37638d300a790f3426572fa00b7bf61aa934746cb588d9fb5347ccf44b354c,2,0,2,target-a:fixture-bank-14:p0003;target-a:fixture-bank-14:p0001,4,1.6747627913889094,1.9750697209131394,-0.515671538167136,csi-pairs-v6-software-fixture,ded1ec639ff3e6fd5eba769d42db1ed36222a48af333a30a670254b30b164b74,620f300cbec1f56da4691882bc7dbe52593dc597fc62f6ae925c0f6ac72f1c6b,True,FORBIDDEN,0901433cbfe906073eae45118a1466e03afab04a766a3061a988ffe089ba4e01,9548a24a4faf5db17b5251df407b4402de033ae8648ec321c850fe6105002cf1,8128818d8ea8f5c3517d04da28955f010269df61e756429957a0a032386f6c51
23,alignment,target-a,fixture-bank-14,fixture-base-14,86a59d2849e34c3a9889d58bb3b67b946ca9eb639083798f219989137e7f4536,d3ac0ba45cb8ca4a3062283c82745f423da87b60b62b7768857a4ffa9f3e71be,4,0,4,target-a:fixture-bank-14:p0003;target-a:fixture-bank-14:p0001;target-a:fixture-bank-14:p0002;target-a:fixture-bank-16:p0000,4,1.656796010249757,2.841513248224908,-0.5048856229902038,csi-pairs-v6-software-fixture,ded1ec639ff3e6fd5eba769d42db1ed36222a48af333a30a670254b30b164b74,620f300cbec1f56da4691882bc7dbe52593dc597fc62f6ae925c0f6ac72f1c6b,True,FORBIDDEN,0901433cbfe906073eae45118a1466e03afab04a766a3061a988ffe089ba4e01,9548a24a4faf5db17b5251df407b4402de033ae8648ec321c850fe6105002cf1,8128818d8ea8f5c3517d04da28955f010269df61e756429957a0a032386f6c51
23,alignment,target-a,fixture-bank-16,fixture-base-16,e23949edbfe2dbe6dc73b97687bd3eed5fbc5d7bd72ecd8b2badea6dfbfe472e,2b37638d300a790f3426572fa00b7bf61aa934746cb588d9fb5347ccf44b354c,4,0,4,target-a:fixture-bank-14:p0003;target-a:fixture-bank-14:p0001;target-a:fixture-bank-14:p0002;target-a:fixture-bank-16:p0000,4,1.674395155104919,1.9757470089331537,-0.5154519986343099,csi-pairs-v6-software-fixture,ded1ec639ff3e6fd5eba769d42db1ed36222a48af333a30a670254b30b164b74,620f300cbec1f56da4691882bc7dbe52593dc597fc62f6ae925c0f6ac72f1c6b,True,FORBIDDEN,0901433cbfe906073eae45118a1466e03afab04a766a3061a988ffe089ba4e01,9548a24a4faf5db17b5251df407b4402de033ae8648ec321c850fe6105002cf1,8128818d8ea8f5c3517d04da28955f010269df61e756429957a0a032386f6c51
23,alignment,target-a,fixture-bank-14,fixture-base-14,86a59d2849e34c3a9889d58bb3b67b946ca9eb639083798f219989137e7f4536,d3ac0ba45cb8ca4a3062283c82745f423da87b60b62b7768857a4ffa9f3e71be,2,1,2,target-a:fixture-bank-16:p0000;target-a:fixture-bank-16:p0001,4,1.6654431249084114,2.864473220745171,-0.5100912291092837,csi-pairs-v6-software-fixture,ded1ec639ff3e6fd5eba769d42db1ed36222a48af333a30a670254b30b164b74,620f300cbec1f56da4691882bc7dbe52593dc597fc62f6ae925c0f6ac72f1c6b,True,FORBIDDEN,0901433cbfe906073eae45118a1466e03afab04a766a3061a988ffe089ba4e01,9548a24a4faf5db17b5251df407b4402de033ae8648ec321c850fe6105002cf1,8128818d8ea8f5c3517d04da28955f010269df61e756429957a0a032386f6c51
23,alignment,target-a,fixture-bank-16,fixture-base-16,e23949edbfe2dbe6dc73b97687bd3eed5fbc5d7bd72ecd8b2badea6dfbfe472e,2b37638d300a790f3426572fa00b7bf61aa934746cb588d9fb5347ccf44b354c,2,1,2,target-a:fixture-bank-16:p0000;target-a:fixture-bank-16:p0001,4,1.6853056478866657,2.0010927337499087,-0.52194694075908,csi-pairs-v6-software-fixture,ded1ec639ff3e6fd5eba769d42db1ed36222a48af333a30a670254b30b164b74,620f300cbec1f56da4691882bc7dbe52593dc597fc62f6ae925c0f6ac72f1c6b,True,FORBIDDEN,0901433cbfe906073eae45118a1466e03afab04a766a3061a988ffe089ba4e01,9548a24a4faf5db17b5251df407b4402de033ae8648ec321c850fe6105002cf1,8128818d8ea8f5c3517d04da28955f010269df61e756429957a0a032386f6c51
23,alignment,target-a,fixture-bank-14,fixture-base-14,86a59d2849e34c3a9889d58bb3b67b946ca9eb639083798f219989137e7f4536,d3ac0ba45cb8ca4a3062283c82745f423da87b60b62b7768857a4ffa9f3e71be,4,1,4,target-a:fixture-bank-16:p0000;target-a:fixture-bank-16:p0001;target-a:fixture-bank-14:p0002;target-a:fixture-bank-16:p0002,4,1.6641656277446155,2.873220814807985,-0.5093238733498635,csi-pairs-v6-software-fixture,ded1ec639ff3e6fd5eba769d42db1ed36222a48af333a30a670254b30b164b74,620f300cbec1f56da4691882bc7dbe52593dc597fc62f6ae925c0f6ac72f1c6b,True,FORBIDDEN,0901433cbfe906073eae45118a1466e03afab04a766a3061a988ffe089ba4e01,9548a24a4faf5db17b5251df407b4402de033ae8648ec321c850fe6105002cf1,8128818d8ea8f5c3517d04da28955f010269df61e756429957a0a032386f6c51
23,alignment,target-a,fixture-bank-16,fixture-base-16,e23949edbfe2dbe6dc73b97687bd3eed5fbc5d7bd72ecd8b2badea6dfbfe472e,2b37638d300a790f3426572fa00b7bf61aa934746cb588d9fb5347ccf44b354c,4,1,4,target-a:fixture-bank-16:p0000;target-a:fixture-bank-16:p0001;target-a:fixture-bank-14:p0002;target-a:fixture-bank-16:p0002,4,1.6845109269914234,2.006814537642627,-0.5214752706296726,csi-pairs-v6-software-fixture,ded1ec639ff3e6fd5eba769d42db1ed36222a48af333a30a670254b30b164b74,620f300cbec1f56da4691882bc7dbe52593dc597fc62f6ae925c0f6ac72f1c6b,True,FORBIDDEN,0901433cbfe906073eae45118a1466e03afab04a766a3061a988ffe089ba4e01,9548a24a4faf5db17b5251df407b4402de033ae8648ec321c850fe6105002cf1,8128818d8ea8f5c3517d04da28955f010269df61e756429957a0a032386f6c51
23,alignment,target-b,fixture-bank-15,fixture-base-15,e23949edbfe2dbe6dc73b97687bd3eed5fbc5d7bd72ecd8b2badea6dfbfe472e,234b78d61b49dc10d04ca8d24378f3b96eae7ef419b9bbe2bb61b3933c753b5d,0,0,0,,4,2.474714291233016,2.5442881150918417,-0.906124951471538,csi-pairs-v6-software-fixture,ded1ec639ff3e6fd5eba769d42db1ed36222a48af333a30a670254b30b164b74,620f300cbec1f56da4691882bc7dbe52593dc597fc62f6ae925c0f6ac72f1c6b,True,FORBIDDEN,0901433cbfe906073eae45118a1466e03afab04a766a3061a988ffe089ba4e01,9548a24a4faf5db17b5251df407b4402de033ae8648ec321c850fe6105002cf1,8128818d8ea8f5c3517d04da28955f010269df61e756429957a0a032386f6c51
23,alignment,target-b,fixture-bank-17,fixture-base-17,86a59d2849e34c3a9889d58bb3b67b946ca9eb639083798f219989137e7f4536,b8fec4fd063826ac29c6cc8d291ad3a1a89347817c28241565eb44269fa8c24d,0,0,0,,4,2.4353384919361227,3.1158078667556097,-0.8900857579354735,csi-pairs-v6-software-fixture,ded1ec639ff3e6fd5eba769d42db1ed36222a48af333a30a670254b30b164b74,620f300cbec1f56da4691882bc7dbe52593dc597fc62f6ae925c0f6ac72f1c6b,True,FORBIDDEN,0901433cbfe906073eae45118a1466e03afab04a766a3061a988ffe089ba4e01,9548a24a4faf5db17b5251df407b4402de033ae8648ec321c850fe6105002cf1,8128818d8ea8f5c3517d04da28955f010269df61e756429957a0a032386f6c51
23,alignment,target-b,fixture-bank-15,fixture-base-15,e23949edbfe2dbe6dc73b97687bd3eed5fbc5d7bd72ecd8b2badea6dfbfe472e,234b78d61b49dc10d04ca8d24378f3b96eae7ef419b9bbe2bb61b3933c753b5d,2,0,2,target-b:fixture-bank-17:p0002;target-b:fixture-bank-17:p0001,4,2.4628392889972215,2.5815574091993225,-0.90131486690689,csi-pairs-v6-software-fixture,ded1ec639ff3e6fd5eba769d42db1ed36222a48af333a30a670254b30b164b74,620f300cbec1f56da4691882bc7dbe52593dc597fc62f6ae925c0f6ac72f1c6b,True,FORBIDDEN,0901433cbfe906073eae45118a1466e03afab04a766a3061a988ffe089ba4e01,9548a24a4faf5db17b5251df407b4402de033ae8648ec321c850fe6105002cf1,8128818d8ea8f5c3517d04da28955f010269df61e756429957a0a032386f6c51
23,alignment,target-b,fixture-bank-17,fixture-base-17,86a59d2849e34c3a9889d58bb3b67b946ca9eb639083798f219989137e7f4536,b8fec4fd063826ac29c6cc8d291ad3a1a89347817c28241565eb44269fa8c24d,2,0,2,target-b:fixture-bank-17:p0002;target-b:fixture-bank-17:p0001,4,2.4274214304777217,3.1151265323809243,-0.8868295542239966,csi-pairs-v6-software-fixture,ded1ec639ff3e6fd5eba769d42db1ed36222a48af333a30a670254b30b164b74,620f300cbec1f56da4691882bc7dbe52593dc597fc62f6ae925c0f6ac72f1c6b,True,FORBIDDEN,0901433cbfe906073eae45118a1466e03afab04a766a3061a988ffe089ba4e01,9548a24a4faf5db17b5251df407b4402de033ae8648ec321c850fe6105002cf1,8128818d8ea8f5c3517d04da28955f010269df61e756429957a0a032386f6c51
23,alignment,target-b,fixture-bank-15,fixture-base-15,e23949edbfe2dbe6dc73b97687bd3eed5fbc5d7bd72ecd8b2badea6dfbfe472e,234b78d61b49dc10d04ca8d24378f3b96eae7ef419b9bbe2bb61b3933c753b5d,4,0,4,target-b:fixture-bank-17:p0002;target-b:fixture-bank-17:p0001;target-b:fixture-bank-15:p0000;target-b:fixture-bank-17:p0003,4,2.4636847265966173,2.582766529792304,-0.9016580856164788,csi-pairs-v6-software-fixture,ded1ec639ff3e6fd5eba769d42db1ed36222a48af333a30a670254b30b164b74,620f300cbec1f56da4691882bc7dbe52593dc597fc62f6ae925c0f6ac72f1c6b,True,FORBIDDEN,0901433cbfe906073eae45118a1466e03afab04a766a3061a988ffe089ba4e01,9548a24a4faf5db17b5251df407b4402de033ae8648ec321c850fe6105002cf1,8128818d8ea8f5c3517d04da28955f010269df61e756429957a0a032386f6c51
23,alignment,target-b,fixture-bank-17,fixture-base-17,86a59d2849e34c3a9889d58bb3b67b946ca9eb639083798f219989137e7f4536,b8fec4fd063826ac29c6cc8d291ad3a1a89347817c28241565eb44269fa8c24d,4,0,4,target-b:fixture-bank-17:p0002;target-b:fixture-bank-17:p0001;target-b:fixture-bank-15:p0000;target-b:fixture-bank-17:p0003,4,2.427987792528585,3.115045145491806,-0.8870628453957264,csi-pairs-v6-software-fixture,ded1ec639ff3e6fd5eba769d42db1ed36222a48af333a30a670254b30b164b74,620f300cbec1f56da4691882bc7dbe52593dc597fc62f6ae925c0f6ac72f1c6b,True,FORBIDDEN,0901433cbfe906073eae45118a1466e03afab04a766a3061a988ffe089ba4e01,9548a24a4faf5db17b5251df407b4402de033ae8648ec321c850fe6105002cf1,8128818d8ea8f5c3517d04da28955f010269df61e756429957a0a032386f6c51
23,alignment,target-b,fixture-bank-15,fixture-base-15,e23949edbfe2dbe6dc73b97687bd3eed5fbc5d7bd72ecd8b2badea6dfbfe472e,234b78d61b49dc10d04ca8d24378f3b96eae7ef419b9bbe2bb61b3933c753b5d,2,1,2,target-b:fixture-bank-15:p0002;target-b:fixture-bank-17:p0000,4,2.4666475947809094,2.5675657986558456,-0.9028599796665463,csi-pairs-v6-software-fixture,ded1ec639ff3e6fd5eba769d42db1ed36222a48af333a30a670254b30b164b74,620f300cbec1f56da4691882bc7dbe52593dc597fc62f6ae925c0f6ac72f1c6b,True,FORBIDDEN,0901433cbfe906073eae45118a1466e03afab04a766a3061a988ffe089ba4e01,9548a24a4faf5db17b5251df407b4402de033ae8648ec321c850fe6105002cf1,8128818d8ea8f5c3517d04da28955f010269df61e756429957a0a032386f6c51
23,alignment,target-b,fixture-bank-17,fixture-base-17,86a59d2849e34c3a9889d58bb3b67b946ca9eb639083798f219989137e7f4536,b8fec4fd063826ac29c6cc8d291ad3a1a89347817c28241565eb44269fa8c24d,2,1,2,target-b:fixture-bank-15:p0002;target-b:fixture-bank-17:p0000,4,2.4251744310056305,3.1173325570126726,-0.8859034521141859,csi-pairs-v6-software-fixture,ded1ec639ff3e6fd5eba769d42db1ed36222a48af333a30a670254b30b164b74,620f300cbec1f56da4691882bc7dbe52593dc597fc62f6ae925c0f6ac72f1c6b,True,FORBIDDEN,0901433cbfe906073eae45118a1466e03afab04a766a3061a988ffe089ba4e01,9548a24a4faf5db17b5251df407b4402de033ae8648ec321c850fe6105002cf1,8128818d8ea8f5c3517d04da28955f010269df61e756429957a0a032386f6c51
23,alignment,target-b,fixture-bank-15,fixture-base-15,e23949edbfe2dbe6dc73b97687bd3eed5fbc5d7bd72ecd8b2badea6dfbfe472e,234b78d61b49dc10d04ca8d24378f3b96eae7ef419b9bbe2bb61b3933c753b5d,4,1,4,target-b:fixture-bank-15:p0002;target-b:fixture-bank-17:p0000;target-b:fixture-bank-17:p0002;target-b:fixture-bank-15:p0003,4,2.4767189716905698,2.563297574839235,-0.9069346889599132,csi-pairs-v6-software-fixture,ded1ec639ff3e6fd5eba769d42db1ed36222a48af333a30a670254b30b164b74,620f300cbec1f56da4691882bc7dbe52593dc597fc62f6ae925c0f6ac72f1c6b,True,FORBIDDEN,0901433cbfe906073eae45118a1466e03afab04a766a3061a988ffe089ba4e01,9548a24a4faf5db17b5251df407b4402de033ae8648ec321c850fe6105002cf1,8128818d8ea8f5c3517d04da28955f010269df61e756429957a0a032386f6c51
23,alignment,target-b,fixture-bank-17,fixture-base-17,86a59d2849e34c3a9889d58bb3b67b946ca9eb639083798f219989137e7f4536,b8fec4fd063826ac29c6cc8d291ad3a1a89347817c28241565eb44269fa8c24d,4,1,4,target-b:fixture-bank-15:p0002;target-b:fixture-bank-17:p0000;target-b:fixture-bank-17:p0002;target-b:fixture-bank-15:p0003,4,2.4346426179680893,3.1094130369458304,-0.8897999769613526,csi-pairs-v6-software-fixture,ded1ec639ff3e6fd5eba769d42db1ed36222a48af333a30a670254b30b164b74,620f300cbec1f56da4691882bc7dbe52593dc597fc62f6ae925c0f6ac72f1c6b,True,FORBIDDEN,0901433cbfe906073eae45118a1466e03afab04a766a3061a988ffe089ba4e01,9548a24a4faf5db17b5251df407b4402de033ae8648ec321c850fe6105002cf1,8128818d8ea8f5c3517d04da28955f010269df61e756429957a0a032386f6c51
23,response,target-a,fixture-bank-14,fixture-base-14,86a59d2849e34c3a9889d58bb3b67b946ca9eb639083798f219989137e7f4536,d3ac0ba45cb8ca4a3062283c82745f423da87b60b62b7768857a4ffa9f3e71be,0,0,0,,4,1.6546085885036033,2.8654450318843487,-0.5035644784431786,csi-pairs-v6-software-fixture,ded1ec639ff3e6fd5eba769d42db1ed36222a48af333a30a670254b30b164b74,620f300cbec1f56da4691882bc7dbe52593dc597fc62f6ae925c0f6ac72f1c6b,True,FORBIDDEN,0901433cbfe906073eae45118a1466e03afab04a766a3061a988ffe089ba4e01,9548a24a4faf5db17b5251df407b4402de033ae8648ec321c850fe6105002cf1,8128818d8ea8f5c3517d04da28955f010269df61e756429957a0a032386f6c51
23,response,target-a,fixture-bank-16,fixture-base-16,e23949edbfe2dbe6dc73b97687bd3eed5fbc5d7bd72ecd8b2badea6dfbfe472e,2b37638d300a790f3426572fa00b7bf61aa934746cb588d9fb5347ccf44b354c,0,0,0,,4,1.6714924104761404,1.9944228286631964,-0.5137168863209777,csi-pairs-v6-software-fixture,ded1ec639ff3e6fd5eba769d42db1ed36222a48af333a30a670254b30b164b74,620f300cbec1f56da4691882bc7dbe52593dc597fc62f6ae925c0f6ac72f1c6b,True,FORBIDDEN,0901433cbfe906073eae45118a1466e03afab04a766a3061a988ffe089ba4e01,9548a24a4faf5db17b5251df407b4402de033ae8648ec321c850fe6105002cf1,8128818d8ea8f5c3517d04da28955f010269df61e756429957a0a032386f6c51
23,response,target-a,fixture-bank-14,fixture-base-14,86a59d2849e34c3a9889d58bb3b67b946ca9eb639083798f219989137e7f4536,d3ac0ba45cb8ca4a3062283c82745f423da87b60b62b7768857a4ffa9f3e71be,2,0,2,target-a:fixture-bank-14:p0003;target-a:fixture-bank-14:p0001,4,1.657295567195992,2.8404861914071446,-0.505187097429485,csi-pairs-v6-software-fixture,ded1ec639ff3e6fd5eba769d42db1ed36222a48af333a30a670254b30b164b74,620f300cbec1f56da4691882bc7dbe52593dc597fc62f6ae925c0f6ac72f1c6b,True,FORBIDDEN,0901433cbfe906073eae45118a1466e03afab04a766a3061a988ffe089ba4e01,9548a24a4faf5db17b5251df407b4402de033ae8648ec321c850fe6105002cf1,8128818d8ea8f5c3517d04da28955f010269df61e756429957a0a032386f6c51
23,response,target-a,fixture-bank-16,fixture-base-16,e23949edbfe2dbe6dc73b97687bd3eed5fbc5d7bd72ecd8b2badea6dfbfe472e,2b37638d300a790f3426572fa00b7bf61aa934746cb588d9fb5347ccf44b354c,2,0,2,target-a:fixture-bank-14:p0003;target-a:fixture-bank-14:p0001,4,1.6749664283910386,1.9753538651619276,-0.5157931223245524,csi-pairs-v6-software-fixture,ded1ec639ff3e6fd5eba769d42db1ed36222a48af333a30a670254b30b164b74,620f300cbec1f56da4691882bc7dbe52593dc597fc62f6ae925c0f6ac72f1c6b,True,FORBIDDEN,0901433cbfe906073eae45118a1466e03afab04a766a3061a988ffe089ba4e01,9548a24a4faf5db17b5251df407b4402de033ae8648ec321c850fe6105002cf1,8128818d8ea8f5c3517d04da28955f010269df61e756429957a0a032386f6c51
23,response,target-a,fixture-bank-14,fixture-base-14,86a59d2849e34c3a9889d58bb3b67b946ca9eb639083798f219989137e7f4536,d3ac0ba45cb8ca4a3062283c82745f423da87b60b62b7768857a4ffa9f3e71be,4,0,4,target-a:fixture-bank-14:p0003;target-a:fixture-bank-14:p0001;target-a:fixture-bank-14:p0002;target-a:fixture-bank-16:p0000,4,1.6569664538205577,2.841911957534137,-0.5049884931100745,csi-pairs-v6-software-fixture,ded1ec639ff3e6fd5eba769d42db1ed36222a48af333a30a670254b30b164b74,620f300cbec1f56da4691882bc7dbe52593dc597fc62f6ae925c0f6ac72f1c6b,True,FORBIDDEN,0901433cbfe906073eae45118a1466e03afab04a766a3061a988ffe089ba4e01,9548a24a4faf5db17b5251df407b4402de033ae8648ec321c850fe6105002cf1,8128818d8ea8f5c3517d04da28955f010269df61e756429957a0a032386f6c51
23,response,target-a,fixture-bank-16,fixture-base-16,e23949edbfe2dbe6dc73b97687bd3eed5fbc5d7bd72ecd8b2badea6dfbfe472e,2b37638d300a790f3426572fa00b7bf61aa934746cb588d9fb5347ccf44b354c,4,0,4,target-a:fixture-bank-14:p0003;target-a:fixture-bank-14:p0001;target-a:fixture-bank-14:p0002;target-a:fixture-bank-16:p0000,4,1.674667996732278,1.9762129728230946,-0.5156149347245492,csi-pairs-v6-software-fixture,ded1ec639ff3e6fd5eba769d42db1ed36222a48af333a30a670254b30b164b74,620f300cbec1f56da4691882bc7dbe52593dc597fc62f6ae925c0f6ac72f1c6b,True,FORBIDDEN,0901433cbfe906073eae45118a1466e03afab04a766a3061a988ffe089ba4e01,9548a24a4faf5db17b5251df407b4402de033ae8648ec321c850fe6105002cf1,8128818d8ea8f5c3517d04da28955f010269df61e756429957a0a032386f6c51
23,response,target-a,fixture-bank-14,fixture-base-14,86a59d2849e34c3a9889d58bb3b67b946ca9eb639083798f219989137e7f4536,d3ac0ba45cb8ca4a3062283c82745f423da87b60b62b7768857a4ffa9f3e71be,2,1,2,target-a:fixture-bank-16:p0000;target-a:fixture-bank-16:p0001,4,1.665743146655398,2.864895919292001,-0.5102713581824364,csi-pairs-v6-software-fixture,ded1ec639ff3e6fd5eba769d42db1ed36222a48af333a30a670254b30b164b74,620f300cbec1f56da4691882bc7dbe52593dc597fc62f6ae925c0f6ac72f1c6b,True,FORBIDDEN,0901433cbfe906073eae45118a1466e03afab04a766a3061a988ffe089ba4e01,9548a24a4faf5db17b5251df407b4402de033ae8648ec321c850fe6105002cf1,8128818d8ea8f5c3517d04da28955f010269df61e756429957a0a032386f6c51
23,response,target-a,fixture-bank-16,fixture-base-16,e23949edbfe2dbe6dc73b97687bd3eed5fbc5d7bd72ecd8b2badea6dfbfe472e,2b37638d300a790f3426572fa00b7bf61aa934746cb588d9fb5347ccf44b354c,2,1,2,target-a:fixture-bank-16:p0000;target-a:fixture-bank-16:p0001,4,1.685694204500551,2.001678853230372,-0.5221774697609315,csi-pairs-v6-software-fixture,ded1ec639ff3e6fd5eba769d42db1ed36222a48af333a30a670254b30b164b74,620f300cbec1f56da4691882bc7dbe52593dc597fc62f6ae925c0f6ac72f1c6b,True,FORBIDDEN,0901433cbfe906073eae45118a1466e03afab04a766a3061a988ffe089ba4e01,9548a24a4faf5db17b5251df407b4402de033ae8648ec321c850fe6105002cf1,8128818d8ea8f5c3517d04da28955f010269df61e756429957a0a032386f6c51
23,response,target-a,fixture-bank-14,fixture-base-14,86a59d2849e34c3a9889d58bb3b67b946ca9eb639083798f219989137e7f4536,d3ac0ba45cb8ca4a3062283c82745f423da87b60b62b7768857a4ffa9f3e71be,4,1,4,target-a:fixture-bank-16:p0000;target-a:fixture-bank-16:p0001;target-a:fixture-bank-14:p0002;target-a:fixture-bank-16:p0002,4,1.6644361931915466,2.873844990815421,-0.5094864433790122,csi-pairs-v6-software-fixture,ded1ec639ff3e6fd5eba769d42db1ed36222a48af333a30a670254b30b164b74,620f300cbec1f56da4691882bc7dbe52593dc597fc62f6ae925c0f6ac72f1c6b,True,FORBIDDEN,0901433cbfe906073eae45118a1466e03afab04a766a3061a988ffe089ba4e01,9548a24a4faf5db17b5251df407b4402de033ae8648ec321c850fe6105002cf1,8128818d8ea8f5c3517d04da28955f010269df61e756429957a0a032386f6c51
23,response,target-a,fixture-bank-16,fixture-base-16,e23949edbfe2dbe6dc73b97687bd3eed5fbc5d7bd72ecd8b2badea6dfbfe472e,2b37638d300a790f3426572fa00b7bf61aa934746cb588d9fb5347ccf44b354c,4,1,4,target-a:fixture-bank-16:p0000;target-a:fixture-bank-16:p0001;target-a:fixture-bank-14:p0002;target-a:fixture-bank-16:p0002,4,1.6848553093007892,2.0075460573534247,-0.5216796902661346,csi-pairs-v6-software-fixture,ded1ec639ff3e6fd5eba769d42db1ed36222a48af333a30a670254b30b164b74,620f300cbec1f56da4691882bc7dbe52593dc597fc62f6ae925c0f6ac72f1c6b,True,FORBIDDEN,0901433cbfe906073eae45118a1466e03afab04a766a3061a988ffe089ba4e01,9548a24a4faf5db17b5251df407b4402de033ae8648ec321c850fe6105002cf1,8128818d8ea8f5c3517d04da28955f010269df61e756429957a0a032386f6c51
23,response,target-b,fixture-bank-15,fixture-base-15,e23949edbfe2dbe6dc73b97687bd3eed5fbc5d7bd72ecd8b2badea6dfbfe472e,234b78d61b49dc10d04ca8d24378f3b96eae7ef419b9bbe2bb61b3933c753b5d,0,0,0,,4,2.4744989603820438,2.5443120337047596,-0.9060379352771811,csi-pairs-v6-software-fixture,ded1ec639ff3e6fd5eba769d42db1ed36222a48af333a30a670254b30b164b74,620f300cbec1f56da4691882bc7dbe52593dc597fc62f6ae925c0f6ac72f1c6b,True,FORBIDDEN,0901433cbfe906073eae45118a1466e03afab04a766a3061a988ffe089ba4e01,9548a24a4faf5db17b5251df407b4402de033ae8648ec321c850fe6105002cf1,8128818d8ea8f5c3517d04da28955f010269df61e756429957a0a032386f6c51
23,response,target-b,fixture-bank-17,fixture-base-17,86a59d2849e34c3a9889d58bb3b67b946ca9eb639083798f219989137e7f4536,b8fec4fd063826ac29c6cc8d291ad3a1a89347817c28241565eb44269fa8c24d,0,0,0,,4,2.43524776551651,3.1159933069249965,-0.8900485031103549,csi-pairs-v6-software-fixture,ded1ec639ff3e6fd5eba769d42db1ed36222a48af333a30a670254b30b164b74,620f300cbec1f56da4691882bc7dbe52593dc597fc62f6ae925c0f6ac72f1c6b,True,FORBIDDEN,0901433cbfe906073eae45118a1466e03afab04a766a3061a988ffe089ba4e01,9548a24a4faf5db17b5251df407b4402de033ae8648ec321c850fe6105002cf1,8128818d8ea8f5c3517d04da28955f010269df61e756429957a0a032386f6c51
23,response,target-b,fixture-bank-15,fixture-base-15,e23949edbfe2dbe6dc73b97687bd3eed5fbc5d7bd72ecd8b2badea6dfbfe472e,234b78d61b49dc10d04ca8d24378f3b96eae7ef419b9bbe2bb61b3933c753b5d,2,0,2,target-b:fixture-bank-17:p0002;target-b:fixture-bank-17:p0001,4,2.462357130878783,2.581933906719529,-0.9011190744637568,csi-pairs-v6-software-fixture,ded1ec639ff3e6fd5eba769d42db1ed36222a48af333a30a670254b30b164b74,620f300cbec1f56da4691882bc7dbe52593dc597fc62f6ae925c0f6ac72f1c6b,True,FORBIDDEN,0901433cbfe906073eae45118a1466e03afab04a766a3061a988ffe089ba4e01,9548a24a4faf5db17b5251df407b4402de033ae8648ec321c850fe6105002cf1,8128818d8ea8f5c3517d04da28955f010269df61e756429957a0a032386f6c51
23,response,target-b,fixture-bank-17,fixture-base-17,86a59d2849e34c3a9889d58bb3b67b946ca9eb639083798f219989137e7f4536,b8fec4fd063826ac29c6cc8d291ad3a1a89347817c28241565eb44269fa8c24d,2,0,2,target-b:fixture-bank-17:p0002;target-b:fixture-bank-17:p0001,4,2.427014068345784,3.115458757534578,-0.8866617233266686,csi-pairs-v6-software-fixture,ded1ec639ff3e6fd5eba769d42db1ed36222a48af333a30a670254b30b164b74,620f300cbec1f56da4691882bc7dbe52593dc597fc62f6ae925c0f6ac72f1c6b,True,FORBIDDEN,0901433cbfe906073eae45118a1466e03afab04a766a3061a988ffe089ba4e01,9548a24a4faf5db17b5251df407b4402de033ae8648ec321c850fe6105002cf1,8128818d8ea8f5c3517d04da28955f010269df61e756429957a0a032386f6c51
23,response,target-b,fixture-bank-15,fixture-base-15,e23949edbfe2dbe6dc73b97687bd3eed5fbc5d7bd72ecd8b2badea6dfbfe472e,234b78d61b49dc10d04ca8d24378f3b96eae7ef419b9bbe2bb61b3933c753b5d,4,0,4,target-b:fixture-bank-17:p0002;target-b:fixture-bank-17:p0001;target-b:fixture-bank-15:p0000;target-b:fixture-bank-17:p0003,4,2.463297670064515,2.5830652039526343,-0.9015009685408581,csi-pairs-v6-software-fixture,ded1ec639ff3e6fd5eba769d42db1ed36222a48af333a30a670254b30b164b74,620f300cbec1f56da4691882bc7dbe52593dc597fc62f6ae925c0f6ac72f1c6b,True,FORBIDDEN,0901433cbfe906073eae45118a1466e03afab04a766a3061a988ffe089ba4e01,9548a24a4faf5db17b5251df407b4402de033ae8648ec321c850fe6105002cf1,8128818d8ea8f5c3517d04da28955f010269df61e756429957a0a032386f6c51
23,response,target-b,fixture-bank-17,fixture-base-17,86a59d2849e34c3a9889d58bb3b67b946ca9eb639083798f219989137e7f4536,b8fec4fd063826ac29c6cc8d291ad3a1a89347817c28241565eb44269fa8c24d,4,0,4,target-b:fixture-bank-17:p0002;target-b:fixture-bank-17:p0001;target-b:fixture-bank-15:p0000;target-b:fixture-bank-17:p0003,4,2.4276438261340827,3.115273414438479,-0.8869211680931257,csi-pairs-v6-software-fixture,ded1ec639ff3e6fd5eba769d42db1ed36222a48af333a30a670254b30b164b74,620f300cbec1f56da4691882bc7dbe52593dc597fc62f6ae925c0f6ac72f1c6b,True,FORBIDDEN,0901433cbfe906073eae45118a1466e03afab04a766a3061a988ffe089ba4e01,9548a24a4faf5db17b5251df407b4402de033ae8648ec321c850fe6105002cf1,8128818d8ea8f5c3517d04da28955f010269df61e756429957a0a032386f6c51
23,response,target-b,fixture-bank-15,fixture-base-15,e23949edbfe2dbe6dc73b97687bd3eed5fbc5d7bd72ecd8b2badea6dfbfe472e,234b78d61b49dc10d04ca8d24378f3b96eae7ef419b9bbe2bb61b3933c753b5d,2,1,2,target-b:fixture-bank-15:p0002;target-b:fixture-bank-17:p0000,4,2.4663062986184126,2.568200120805855,-0.9027216057143801,csi-pairs-v6-software-fixture,ded1ec639ff3e6fd5eba769d42db1ed36222a48af333a30a670254b30b164b74,620f300cbec1f56da4691882bc7dbe52593dc597fc62f6ae925c0f6ac72f1c6b,True,FORBIDDEN,0901433cbfe906073eae45118a1466e03afab04a766a3061a988ffe089ba4e01,9548a24a4faf5db17b5251df407b4402de033ae8648ec321c850fe6105002cf1,8128818d8ea8f5c3517d04da28955f010269df61e756429957a0a032386f6c51
23,response,target-b,fixture-bank-17,fixture-base-17,86a59d2849e34c3a9889d58bb3b67b946ca9eb639083798f219989137e7f4536,b8fec4fd063826ac29c6cc8d291ad3a1a89347817c28241565eb44269fa8c24d,2,1,2,target-b:fixture-bank-15:p0002;target-b:fixture-bank-17:p0000,4,2.425155559458302,3.117540837051172,-0.8858956705622645,csi-pairs-v6-software-fixture,ded1ec639ff3e6fd5eba769d42db1ed36222a48af333a30a670254b30b164b74,620f300cbec1f56da4691882bc7dbe52593dc597fc62f6ae925c0f6ac72f1c6b,True,FORBIDDEN,0901433cbfe906073eae45118a1466e03afab04a766a3061a988ffe089ba4e01,9548a24a4faf5db17b5251df407b4402de033ae8648ec321c850fe6105002cf1,8128818d8ea8f5c3517d04da28955f010269df61e756429957a0a032386f6c51
23,response,target-b,fixture-bank-15,fixture-base-15,e23949edbfe2dbe6dc73b97687bd3eed5fbc5d7bd72ecd8b2badea6dfbfe472e,234b78d61b49dc10d04ca8d24378f3b96eae7ef419b9bbe2bb61b3933c753b5d,4,1,4,target-b:fixture-bank-15:p0002;target-b:fixture-bank-17:p0000;target-b:fixture-bank-17:p0002;target-b:fixture-bank-15:p0003,4,2.4763329393470848,2.563777982334893,-0.9067788124008945,csi-pairs-v6-software-fixture,ded1ec639ff3e6fd5eba769d42db1ed36222a48af333a30a670254b30b164b74,620f300cbec1f56da4691882bc7dbe52593dc597fc62f6ae925c0f6ac72f1c6b,True,FORBIDDEN,0901433cbfe906073eae45118a1466e03afab04a766a3061a988ffe089ba4e01,9548a24a4faf5db17b5251df407b4402de033ae8648ec321c850fe6105002cf1,8128818d8ea8f5c3517d04da28955f010269df61e756429957a0a032386f6c51
23,response,target-b,fixture-bank-17,fixture-base-17,86a59d2849e34c3a9889d58bb3b67b946ca9eb639083798f219989137e7f4536,b8fec4fd063826ac29c6cc8d291ad3a1a89347817c28241565eb44269fa8c24d,4,1,4,target-b:fixture-bank-15:p0002;target-b:fixture-bank-17:p0000;target-b:fixture-bank-17:p0002;target-b:fixture-bank-15:p0003,4,2.4344997929350347,3.1096501653314257,-0.8897413115862032,csi-pairs-v6-software-fixture,ded1ec639ff3e6fd5eba769d42db1ed36222a48af333a30a670254b30b164b74,620f300cbec1f56da4691882bc7dbe52593dc597fc62f6ae925c0f6ac72f1c6b,True,FORBIDDEN,0901433cbfe906073eae45118a1466e03afab04a766a3061a988ffe089ba4e01,9548a24a4faf5db17b5251df407b4402de033ae8648ec321c850fe6105002cf1,8128818d8ea8f5c3517d04da28955f010269df61e756429957a0a032386f6c51
23,full,target-a,fixture-bank-14,fixture-base-14,86a59d2849e34c3a9889d58bb3b67b946ca9eb639083798f219989137e7f4536,d3ac0ba45cb8ca4a3062283c82745f423da87b60b62b7768857a4ffa9f3e71be,0,0,0,,4,1.6545733967616707,2.8654225695711584,-0.503543209294434,csi-pairs-v6-software-fixture,ded1ec639ff3e6fd5eba769d42db1ed36222a48af333a30a670254b30b164b74,620f300cbec1f56da4691882bc7dbe52593dc597fc62f6ae925c0f6ac72f1c6b,True,FORBIDDEN,0901433cbfe906073eae45118a1466e03afab04a766a3061a988ffe089ba4e01,9548a24a4faf5db17b5251df407b4402de033ae8648ec321c850fe6105002cf1,8128818d8ea8f5c3517d04da28955f010269df61e756429957a0a032386f6c51
23,full,target-a,fixture-bank-16,fixture-base-16,e23949edbfe2dbe6dc73b97687bd3eed5fbc5d7bd72ecd8b2badea6dfbfe472e,2b37638d300a790f3426572fa00b7bf61aa934746cb588d9fb5347ccf44b354c,0,0,0,,4,1.6714282992917366,1.9944006958863914,-0.5136785299314742,csi-pairs-v6-software-fixture,ded1ec639ff3e6fd5eba769d42db1ed36222a48af333a30a670254b30b164b74,620f300cbec1f56da4691882bc7dbe52593dc597fc62f6ae925c0f6ac72f1c6b,True,FORBIDDEN,0901433cbfe906073eae45118a1466e03afab04a766a3061a988ffe089ba4e01,9548a24a4faf5db17b5251df407b4402de033ae8648ec321c850fe6105002cf1,8128818d8ea8f5c3517d04da28955f010269df61e756429957a0a032386f6c51
23,full,target-a,fixture-bank-14,fixture-base-14,86a59d2849e34c3a9889d58bb3b67b946ca9eb639083798f219989137e7f4536,d3ac0ba45cb8ca4a3062283c82745f423da87b60b62b7768857a4ffa9f3e71be,2,0,2,target-a:fixture-bank-14:p0003;target-a:fixture-bank-14:p0001,4,1.6572554796956156,2.8404569034956073,-0.5051629086329866,csi-pairs-v6-software-fixture,ded1ec639ff3e6fd5eba769d42db1ed36222a48af333a30a670254b30b164b74,620f300cbec1f56da4691882bc7dbe52593dc597fc62f6ae925c0f6ac72f1c6b,True,FORBIDDEN,0901433cbfe906073eae45118a1466e03afab04a766a3061a988ffe089ba4e01,9548a24a4faf5db17b5251df407b4402de033ae8648ec321c850fe6105002cf1,8128818d8ea8f5c3517d04da28955f010269df61e756429957a0a032386f6c51
23,full,target-a,fixture-bank-16,fixture-base-16,e23949edbfe2dbe6dc73b97687bd3eed5fbc5d7bd72ecd8b2badea6dfbfe472e,2b37638d300a790f3426572fa00b7bf61aa934746cb588d9fb5347ccf44b354c,2,0,2,target-a:fixture-bank-14:p0003;target-a:fixture-bank-14:p0001,4,1.6748971723964052,1.9753208432337628,-0.5157517737785239,csi-pairs-v6-software-fixture,ded1ec639ff3e6fd5eba769d42db1ed36222a48af333a30a670254b30b164b74,620f300cbec1f56da4691882bc7dbe52593dc597fc62f6ae925c0f6ac72f1c6b,True,FORBIDDEN,0901433cbfe906073eae45118a1466e03afab04a766a3061a988ffe089ba4e01,9548a24a4faf5db17b5251df407b4402de033ae8648ec321c850fe6105002cf1,8128818d8ea8f5c3517d04da28955f010269df61e756429957a0a032386f6c51
23,full,target-a,fixture-bank-14,fixture-base-14,86a59d2849e34c3a9889d58bb3b67b946ca9eb639083798f219989137e7f4536,d3ac0ba45cb8ca4a3062283c82745f423da87b60b62b7768857a4ffa9f3e71be,4,0,4,target-a:fixture-bank-14:p0003;target-a:fixture-bank-14:p0001;target-a:fixture-bank-14:p0002;target-a:fixture-bank-16:p0000,4,1.6569343363097302,2.8418845770906325,-0.5049691096023218,csi-pairs-v6-software-fixture,ded1ec639ff3e6fd5eba769d42db1ed36222a48af333a30a670254b30b164b74,620f300cbec1f56da4691882bc7dbe52593dc597fc62f6ae925c0f6ac72f1c6b,True,FORBIDDEN,0901433cbfe906073eae45118a1466e03afab04a766a3061a988ffe089ba4e01,9548a24a4faf5db17b5251df407b4402de033ae8648ec321c850fe6105002cf1,8128818d8ea8f5c3517d04da28955f010269df61e756429957a0a032386f6c51
23,full,target-a,fixture-bank-16,fixture-base-16,e23949edbfe2dbe6dc73b97687bd3eed5fbc5d7bd72ecd8b2badea6dfbfe472e,2b37638d300a790f3426572fa00b7bf61aa934746cb588d9fb5347ccf44b354c,4,0,4,target-a:fixture-bank-14:p0003;target-a:fixture-bank-14:p0001;target-a:fixture-bank-14:p0002;target-a:fixture-bank-16:p0000,4,1.6746033167761376,1.9761830639240552,-0.5155763114240793,csi-pairs-v6-software-fixture,ded1ec639ff3e6fd5eba769d42db1ed36222a48af333a30a670254b30b164b74,620f300cbec1f56da4691882bc7dbe52593dc597fc62f6ae925c0f6ac72f1c6b,True,FORBIDDEN,0901433cbfe906073eae45118a1466e03afab04a766a3061a988ffe089ba4e01,9548a24a4faf5db17b5251df407b4402de033ae8648ec321c850fe6105002cf1,8128818d8ea8f5c3517d04da28955f010269df61e756429957a0a032386f6c51
23,full,target-a,fixture-bank-14,fixture-base-14,86a59d2849e34c3a9889d58bb3b67b946ca9eb639083798f219989137e7f4536,d3ac0ba45cb8ca4a3062283c82745f423da87b60b62b7768857a4ffa9f3e71be,2,1,2,target-a:fixture-bank-16:p0000;target-a:fixture-bank-16:p0001,4,1.6657415081524864,2.865066812827974,-0.5102703745351551,csi-pairs-v6-software-fixture,ded1ec639ff3e6fd5eba769d42db1ed36222a48af333a30a670254b30b164b74,620f300cbec1f56da4691882bc7dbe52593dc597fc62f6ae925c0f6ac72f1c6b,True,FORBIDDEN,0901433cbfe906073eae45118a1466e03afab04a766a3061a988ffe089ba4e01,9548a24a4faf5db17b5251df407b4402de033ae8648ec321c850fe6105002cf1,8128818d8ea8f5c3517d04da28955f010269df61e756429957a0a032386f6c51
23,full,target-a,fixture-bank-16,fixture-base-16,e23949edbfe2dbe6dc73b97687bd3eed5fbc5d7bd72ecd8b2badea6dfbfe472e,2b37638d300a790f3426572fa00b7bf61aa934746cb588d9fb5347ccf44b354c,2,1,2,target-a:fixture-bank-16:p0000;target-a:fixture-bank-16:p0001,4,1.685666525361314,2.0018522736218034,-0.5221610496021555,csi-pairs-v6-software-fixture,ded1ec639ff3e6fd5eba769d42db1ed36222a48af333a30a670254b30b164b74,620f300cbec1f56da4691882bc7dbe52593dc597fc62f6ae925c0f6ac72f1c6b,True,FORBIDDEN,0901433cbfe906073eae45118a1466e03afab04a766a3061a988ffe089ba4e01,9548a24a4faf5db17b5251df407b4402de033ae8648ec321c850fe6105002cf1,8128818d8ea8f5c3517d04da28955f010269df61e756429957a0a032386f6c51
23,full,target-a,fixture-bank-14,fixture-base-14,86a59d2849e34c3a9889d58bb3b67b946ca9eb639083798f219989137e7f4536,d3ac0ba45cb8ca4a3062283c82745f423da87b60b62b7768857a4ffa9f3e71be,4,1,4,target-a:fixture-bank-16:p0000;target-a:fixture-bank-16:p0001;target-a:fixture-bank-14:p0002;target-a:fixture-bank-16:p0002,4,1.6643950053471752,2.8738122156328845,-0.5094616972492646,csi-pairs-v6-software-fixture,ded1ec639ff3e6fd5eba769d42db1ed36222a48af333a30a670254b30b164b74,620f300cbec1f56da4691882bc7dbe52593dc597fc62f6ae925c0f6ac72f1c6b,True,FORBIDDEN,0901433cbfe906073eae45118a1466e03afab04a766a3061a988ffe089ba4e01,9548a24a4faf5db17b5251df407b4402de033ae8648ec321c850fe6105002cf1,8128818d8ea8f5c3517d04da28955f010269df61e756429957a0a032386f6c51
23,full,target-a,fixture-bank-16,fixture-base-16,e23949edbfe2dbe6dc73b97687bd3eed5fbc5d7bd72ecd8b2badea6dfbfe472e,2b37638d300a790f3426572fa00b7bf61aa934746cb588d9fb5347ccf44b354c,4,1,4,target-a:fixture-bank-16:p0000;target-a:fixture-bank-16:p0001;target-a:fixture-bank-14:p0002;target-a:fixture-bank-16:p0002,4,1.6847798626106227,2.0075117860376532,-0.5216349099345379,csi-pairs-v6-software-fixture,ded1ec639ff3e6fd5eba769d42db1ed36222a48af333a30a670254b30b164b74,620f300cbec1f56da4691882bc7dbe52593dc597fc62f6ae925c0f6ac72f1c6b,True,FORBIDDEN,0901433cbfe906073eae45118a1466e03afab04a766a3061a988ffe089ba4e01,9548a24a4faf5db17b5251df407b4402de033ae8648ec321c850fe6105002cf1,8128818d8ea8f5c3517d04da28955f010269df61e756429957a0a032386f6c51
23,full,target-b,fixture-bank-15,fixture-base-15,e23949edbfe2dbe6dc73b97687bd3eed5fbc5d7bd72ecd8b2badea6dfbfe472e,234b78d61b49dc10d04ca8d24378f3b96eae7ef419b9bbe2bb61b3933c753b5d,0,0,0,,4,2.474579555234559,2.544201532244922,-0.9060705049170719,csi-pairs-v6-software-fixture,ded1ec639ff3e6fd5eba769d42db1ed36222a48af333a30a670254b30b164b74,620f300cbec1f56da4691882bc7dbe52593dc597fc62f6ae925c0f6ac72f1c6b,True,FORBIDDEN,0901433cbfe906073eae45118a1466e03afab04a766a3061a988ffe089ba4e01,9548a24a4faf5db17b5251df407b4402de033ae8648ec321c850fe6105002cf1,8128818d8ea8f5c3517d04da28955f010269df61e756429957a0a032386f6c51
23,full,target-b,fixture-bank-17,fixture-base-17,86a59d2849e34c3a9889d58bb3b67b946ca9eb639083798f219989137e7f4536,b8fec4fd063826ac29c6cc8d291ad3a1a89347817c28241565eb44269fa8c24d,0,0,0,,4,2.4352777374569703,3.1159682822746166,-0.8900608105874197,csi-pairs-v6-software-fixture,ded1ec639ff3e6fd5eba769d42db1ed36222a48af333a30a670254b30b164b74,620f300cbec1f56da4691882bc7dbe52593dc597fc62f6ae925c0f6ac72f1c6b,True,FORBIDDEN,0901433cbfe906073eae45118a1466e03afab04a766a3061a988ffe089ba4e01,9548a24a4faf5db17b5251df407b4402de033ae8648ec321c850fe6105002cf1,8128818d8ea8f5c3517d04da28955f010269df61e756429957a0a032386f6c51
23,full,target-b,fixture-bank-15,fixture-base-15,e23949edbfe2dbe6dc73b97687bd3eed5fbc5d7bd72ecd8b2badea6dfbfe472e,234b78d61b49dc10d04ca8d24378f3b96eae7ef419b9bbe2bb61b3933c753b5d,2,0,2,target-b:fixture-bank-17:p0002;target-b:fixture-bank-17:p0001,4,2.4624516942862034,2.581800785460658,-0.9011574773381787,csi-pairs-v6-software-fixture,ded1ec639ff3e6fd5eba769d42db1ed36222a48af333a30a670254b30b164b74,620f300cbec1f56da4691882bc7dbe52593dc597fc62f6ae925c0f6ac72f1c6b,True,FORBIDDEN,0901433cbfe906073eae45118a1466e03afab04a766a3061a988ffe089ba4e01,9548a24a4faf5db17b5251df407b4402de033ae8648ec321c850fe6105002cf1,8128818d8ea8f5c3517d04da28955f010269df61e756429957a0a032386f6c51
23,full,target-b,fixture-bank-17,fixture-base-17,86a59d2849e34c3a9889d58bb3b67b946ca9eb639083798f219989137e7f4536,b8fec4fd063826ac29c6cc8d291ad3a1a89347817c28241565eb44269fa8c24d,2,0,2,target-b:fixture-bank-17:p0002;target-b:fixture-bank-17:p0001,4,2.4270527179296675,3.115424317128161,-0.8866776479464096,csi-pairs-v6-software-fixture,ded1ec639ff3e6fd5eba769d42db1ed36222a48af333a30a670254b30b164b74,620f300cbec1f56da4691882bc7dbe52593dc597fc62f6ae925c0f6ac72f1c6b,True,FORBIDDEN,0901433cbfe906073eae45118a1466e03afab04a766a3061a988ffe089ba4e01,9548a24a4faf5db17b5251df407b4402de033ae8648ec321c850fe6105002cf1,8128818d8ea8f5c3517d04da28955f010269df61e756429957a0a032386f6c51
23,full,target-b,fixture-bank-15,fixture-base-15,e23949edbfe2dbe6dc73b97687bd3eed5fbc5d7bd72ecd8b2badea6dfbfe472e,234b78d61b49dc10d04ca8d24378f3b96eae7ef419b9bbe2bb61b3933c753b5d,4,0,4,target-b:fixture-bank-17:p0002;target-b:fixture-bank-17:p0001;target-b:fixture-bank-15:p0000;target-b:fixture-bank-17:p0003,4,2.463393575224498,2.582927828270667,-0.9015399014291683,csi-pairs-v6-software-fixture,ded1ec639ff3e6fd5eba769d42db1ed36222a48af333a30a670254b30b164b74,620f300cbec1f56da4691882bc7dbe52593dc597fc62f6ae925c0f6ac72f1c6b,True,FORBIDDEN,0901433cbfe906073eae45118a1466e03afab04a766a3061a988ffe089ba4e01,9548a24a4faf5db17b5251df407b4402de033ae8648ec321c850fe6105002cf1,8128818d8ea8f5c3517d04da28955f010269df61e756429957a0a032386f6c51
23,full,target-b,fixture-bank-17,fixture-base-17,86a59d2849e34c3a9889d58bb3b67b946ca9eb639083798f219989137e7f4536,b8fec4fd063826ac29c6cc8d291ad3a1a89347817c28241565eb44269fa8c24d,4,0,4,target-b:fixture-bank-17:p0002;target-b:fixture-bank-17:p0001;target-b:fixture-bank-15:p0000;target-b:fixture-bank-17:p0003,4,2.427677617341346,3.1152366066955106,-0.8869350873393208,csi-pairs-v6-software-fixture,ded1ec639ff3e6fd5eba769d42db1ed36222a48af333a30a670254b30b164b74,620f300cbec1f56da4691882bc7dbe52593dc597fc62f6ae925c0f6ac72f1c6b,True,FORBIDDEN,0901433cbfe906073eae45118a1466e03afab04a766a3061a988ffe089ba4e01,9548a24a4faf5db17b5251df407b4402de033ae8648ec321c850fe6105002cf1,8128818d8ea8f5c3517d04da28955f010269df61e756429957a0a032386f6c51
23,full,target-b,fixture-bank-15,fixture-base-15,e23949edbfe2dbe6dc73b97687bd3eed5fbc5d7bd72ecd8b2badea6dfbfe472e,234b78d61b49dc10d04ca8d24378f3b96eae7ef419b9bbe2bb61b3933c753b5d,2,1,2,target-b:fixture-bank-15:p0002;target-b:fixture-bank-17:p0000,4,2.4664062223777794,2.568048096776857,-0.9027621204449489,csi-pairs-v6-software-fixture,ded1ec639ff3e6fd5eba769d42db1ed36222a48af333a30a670254b30b164b74,620f300cbec1f56da4691882bc7dbe52593dc597fc62f6ae925c0f6ac72f1c6b,True,FORBIDDEN,0901433cbfe906073eae45118a1466e03afab04a766a3061a988ffe089ba4e01,9548a24a4faf5db17b5251df407b4402de033ae8648ec321c850fe6105002cf1,8128818d8ea8f5c3517d04da28955f010269df61e756429957a0a032386f6c51
23,full,target-b,fixture-bank-17,fixture-base-17,86a59d2849e34c3a9889d58bb3b67b946ca9eb639083798f219989137e7f4536,b8fec4fd063826ac29c6cc8d291ad3a1a89347817c28241565eb44269fa8c24d,2,1,2,target-b:fixture-bank-15:p0002;target-b:fixture-bank-17:p0000,4,2.425195039115324,3.1175032038789516,-0.8859119496564125,csi-pairs-v6-software-fixture,ded1ec639ff3e6fd5eba769d42db1ed36222a48af333a30a670254b30b164b74,620f300cbec1f56da4691882bc7dbe52593dc597fc62f6ae925c0f6ac72f1c6b,True,FORBIDDEN,0901433cbfe906073eae45118a1466e03afab04a766a3061a988ffe089ba4e01,9548a24a4faf5db17b5251df407b4402de033ae8648ec321c850fe6105002cf1,8128818d8ea8f5c3517d04da28955f010269df61e756429957a0a032386f6c51
23,full,target-b,fixture-bank-15,fixture-base-15,e23949edbfe2dbe6dc73b97687bd3eed5fbc5d7bd72ecd8b2badea6dfbfe472e,234b78d61b49dc10d04ca8d24378f3b96eae7ef419b9bbe2bb61b3933c753b5d,4,1,4,target-b:fixture-bank-15:p0002;target-b:fixture-bank-17:p0000;target-b:fixture-bank-17:p0002;target-b:fixture-bank-15:p0003,4,2.4764169598804777,2.563651250618787,-0.9068127412424919,csi-pairs-v6-software-fixture,ded1ec639ff3e6fd5eba769d42db1ed36222a48af333a30a670254b30b164b74,620f300cbec1f56da4691882bc7dbe52593dc597fc62f6ae925c0f6ac72f1c6b,True,FORBIDDEN,0901433cbfe906073eae45118a1466e03afab04a766a3061a988ffe089ba4e01,9548a24a4faf5db17b5251df407b4402de033ae8648ec321c850fe6105002cf1,8128818d8ea8f5c3517d04da28955f010269df61e756429957a0a032386f6c51
23,full,target-b,fixture-bank-17,fixture-base-17,86a59d2849e34c3a9889d58bb3b67b946ca9eb639083798f219989137e7f4536,b8fec4fd063826ac29c6cc8d291ad3a1a89347817c28241565eb44269fa8c24d,4,1,4,target-b:fixture-bank-15:p0002;target-b:fixture-bank-17:p0000;target-b:fixture-bank-17:p0002;target-b:fixture-bank-15:p0003,4,2.4345264408395417,3.1096200771335947,-0.8897522574728047,csi-pairs-v6-software-fixture,ded1ec639ff3e6fd5eba769d42db1ed36222a48af333a30a670254b30b164b74,620f300cbec1f56da4691882bc7dbe52593dc597fc62f6ae925c0f6ac72f1c6b,True,FORBIDDEN,0901433cbfe906073eae45118a1466e03afab04a766a3061a988ffe089ba4e01,9548a24a4faf5db17b5251df407b4402de033ae8648ec321c850fe6105002cf1,8128818d8ea8f5c3517d04da28955f010269df61e756429957a0a032386f6c51
31,endpoint,target-a,fixture-bank-14,fixture-base-14,86a59d2849e34c3a9889d58bb3b67b946ca9eb639083798f219989137e7f4536,d3ac0ba45cb8ca4a3062283c82745f423da87b60b62b7768857a4ffa9f3e71be,0,0,0,,4,1.6239844671253976,2.6865435704440266,-0.4848826771157882,csi-pairs-v6-software-fixture,ded1ec639ff3e6fd5eba769d42db1ed36222a48af333a30a670254b30b164b74,620f300cbec1f56da4691882bc7dbe52593dc597fc62f6ae925c0f6ac72f1c6b,True,FORBIDDEN,0901433cbfe906073eae45118a1466e03afab04a766a3061a988ffe089ba4e01,9548a24a4faf5db17b5251df407b4402de033ae8648ec321c850fe6105002cf1,8128818d8ea8f5c3517d04da28955f010269df61e756429957a0a032386f6c51
31,endpoint,target-a,fixture-bank-16,fixture-base-16,e23949edbfe2dbe6dc73b97687bd3eed5fbc5d7bd72ecd8b2badea6dfbfe472e,2b37638d300a790f3426572fa00b7bf61aa934746cb588d9fb5347ccf44b354c,0,0,0,,4,1.6412817904265393,1.8588841467577655,-0.4954775160902588,csi-pairs-v6-software-fixture,ded1ec639ff3e6fd5eba769d42db1ed36222a48af333a30a670254b30b164b74,620f300cbec1f56da4691882bc7dbe52593dc597fc62f6ae925c0f6ac72f1c6b,True,FORBIDDEN,0901433cbfe906073eae45118a1466e03afab04a766a3061a988ffe089ba4e01,9548a24a4faf5db17b5251df407b4402de033ae8648ec321c850fe6105002cf1,8128818d8ea8f5c3517d04da28955f010269df61e756429957a0a032386f6c51
31,endpoint,target-a,fixture-bank-14,fixture-base-14,86a59d2849e34c3a9889d58bb3b67b946ca9eb639083798f219989137e7f4536,d3ac0ba45cb8ca4a3062283c82745f423da87b60b62b7768857a4ffa9f3e71be,2,0,2,target-a:fixture-bank-16:p0000;target-a:fixture-bank-16:p0001,4,1.6295422819963516,2.6976468610903224,-0.4882991667933608,csi-pairs-v6-software-fixture,ded1ec639ff3e6fd5eba769d42db1ed36222a48af333a30a670254b30b164b74,620f300cbec1f56da4691882bc7dbe52593dc597fc62f6ae925c0f6ac72f1c6b,True,FORBIDDEN,0901433cbfe906073eae45118a1466e03afab04a766a3061a988ffe089ba4e01,9548a24a4faf5db17b5251df407b4402de033ae8648ec321c850fe6105002cf1,8128818d8ea8f5c3517d04da28955f010269df61e756429957a0a032386f6c51
31,endpoint,target-a,fixture-bank-16,fixture-base-16,e23949edbfe2dbe6dc73b97687bd3eed5fbc5d7bd72ecd8b2badea6dfbfe472e,2b37638d300a790f3426572fa00b7bf61aa934746cb588d9fb5347ccf44b354c,2,0,2,target-a:fixture-bank-16:p0000;target-a:fixture-bank-16:p0001,4,1.6480740366355837,1.8752980772948842,-0.49960735562112724,csi-pairs-v6-software-fixture,ded1ec639ff3e6fd5eba769d42db1ed36222a48af333a30a670254b30b164b74,620f300cbec1f56da4691882bc7dbe52593dc597fc62f6ae925c0f6ac72f1c6b,True,FORBIDDEN,0901433cbfe906073eae45118a1466e03afab04a766a3061a988ffe089ba4e01,9548a24a4faf5db17b5251df407b4402de033ae8648ec321c850fe6105002cf1,8128818d8ea8f5c3517d04da28955f010269df61e756429957a0a032386f6c51
31,endpoint,target-a,fixture-bank-14,fixture-base-14,86a59d2849e34c3a9889d58bb3b67b946ca9eb639083798f219989137e7f4536,d3ac0ba45cb8ca4a3062283c82745f423da87b60b62b7768857a4ffa9f3e71be,4,0,4,target-a:fixture-bank-16:p0000;target-a:fixture-bank-16:p0001;target-a:fixture-bank-16:p0003;target-a:fixture-bank-14:p0001,4,1.6239707523273887,2.6833484425638714,-0.4848742319266878,csi-pairs-v6-software-fixture,ded1ec639ff3e6fd5eba769d42db1ed36222a48af333a30a670254b30b164b74,620f300cbec1f56da4691882bc7dbe52593dc597fc62f6ae925c0f6ac72f1c6b,True,FORBIDDEN,0901433cbfe906073eae45118a1466e03afab04a766a3061a988ffe089ba4e01,9548a24a4faf5db17b5251df407b4402de033ae8648ec321c850fe6105002cf1,8128818d8ea8f5c3517d04da28955f010269df61e756429957a0a032386f6c51
31,endpoint,target-a,fixture-bank-16,fixture-base-16,e23949edbfe2dbe6dc73b97687bd3eed5fbc5d7bd72ecd8b2badea6dfbfe472e,2b37638d300a790f3426572fa00b7bf61aa934746cb588d9fb5347ccf44b354c,4,0,4,target-a:fixture-bank-16:p0000;target-a:fixture-bank-16:p0001;target-a:fixture-bank-16:p0003;target-a:fixture-bank-14:p0001,4,1.6412451358295121,1.8600295102491136,-0.49545518293177926,csi-pairs-v6-software-fixture,ded1ec639ff3e6fd5eba769d42db1ed36222a48af333a30a670254b30b164b74,620f300cbec1f56da4691882bc7dbe52593dc597fc62f6ae925c0f6ac72f1c6b,True,FORBIDDEN,0901433cbfe906073eae45118a1466e03afab04a766a3061a988ffe089ba4e01,9548a24a4faf5db17b5251df407b4402de033ae8648ec321c850fe6105002cf1,8128818d8ea8f5c3517d04da28955f010269df61e756429957a0a032386f6c51
31,endpoint,target-a,fixture-bank-14,fixture-base-14,86a59d2849e34c3a9889d58bb3b67b946ca9eb639083798f219989137e7f4536,d3ac0ba45cb8ca4a3062283c82745f423da87b60b62b7768857a4ffa9f3e71be,2,1,2,target-a:fixture-bank-14:p0003;target-a:fixture-bank-14:p0002,4,1.6185913828238645,2.668575717202581,-0.4815562542199106,csi-pairs-v6-software-fixture,ded1ec639ff3e6fd5eba769d42db1ed36222a48af333a30a670254b30b164b74,620f300cbec1f56da4691882bc7dbe52593dc597fc62f6ae925c0f6ac72f1c6b,True,FORBIDDEN,0901433cbfe906073eae45118a1466e03afab04a766a3061a988ffe089ba4e01,9548a24a4faf5db17b5251df407b4402de033ae8648ec321c850fe6105002cf1,8128818d8ea8f5c3517d04da28955f010269df61e756429957a0a032386f6c51
31,endpoint,target-a,fixture-bank-16,fixture-base-16,e23949edbfe2dbe6dc73b97687bd3eed5fbc5d7bd72ecd8b2badea6dfbfe472e,2b37638d300a790f3426572fa00b7bf61aa934746cb588d9fb5347ccf44b354c,2,1,2,target-a:fixture-bank-14:p0003;target-a:fixture-bank-14:p0002,4,1.6345665613712366,1.8413340002900447,-0.49137766912522496,csi-pairs-v6-software-fixture,ded1ec639ff3e6fd5eba769d42db1ed36222a48af333a30a670254b30b164b74,620f300cbec1f56da4691882bc7dbe52593dc597fc62f6ae925c0f6ac72f1c6b,True,FORBIDDEN,0901433cbfe906073eae45118a1466e03afab04a766a3061a988ffe089ba4e01,9548a24a4faf5db17b5251df407b4402de033ae8648ec321c850fe6105002cf1,8128818d8ea8f5c3517d04da28955f010269df61e756429957a0a032386f6c51
31,endpoint,target-a,fixture-bank-14,fixture-base-14,86a59d2849e34c3a9889d58bb3b67b946ca9eb639083798f219989137e7f4536,d3ac0ba45cb8ca4a3062283c82745f423da87b60b62b7768857a4ffa9f3e71be,4,1,4,target-a:fixture-bank-14:p0003;target-a:fixture-bank-14:p0002;target-a:fixture-bank-14:p0001;target-a:fixture-bank-16:p0002,4,1.6223703444361286,2.678083951860314,-0.483888255423782,csi-pairs-v6-software-fixture,ded1ec639ff3e6fd5eba769d42db1ed36222a48af333a30a670254b30b164b74,620f300cbec1f56da4691882bc7dbe52593dc597fc62f6ae925c0f6ac72f1c6b,True,FORBIDDEN,0901433cbfe906073eae45118a1466e03afab04a766a3061a988ffe089ba4e01,9548a24a4faf5db17b5251df407b4402de033ae8648ec321c850fe6105002cf1,8128818d8ea8f5c3517d04da28955f010269df61e756429957a0a032386f6c51
31,endpoint,target-a,fixture-bank-16,fixture-base-16,e23949edbfe2dbe6dc73b97687bd3eed5fbc5d7bd72ecd8b2badea6dfbfe472e,2b37638d300a790f3426572fa00b7bf61aa934746cb588d9fb5347ccf44b354c,4,1,4,target-a:fixture-bank-14:p0003;target-a:fixture-bank-14:p0002;target-a:fixture-bank-14:p0001;target-a:fixture-bank-16:p0002,4,1.638769901230253,1.8535962835756647,-0.4939459001747426,csi-pairs-v6-software-fixture,ded1ec639ff3e6fd5eba769d42db1ed36222a48af333a30a670254b30b164b74,620f300cbec1f56da4691882bc7dbe52593dc597fc62f6ae925c0f6ac72f1c6b,True,FORBIDDEN,0901433cbfe906073eae45118a1466e03afab04a766a3061a988ffe089ba4e01,9548a24a4faf5db17b5251df407b4402de033ae8648ec321c850fe6105002cf1,8128818d8ea8f5c3517d04da28955f010269df61e756429957a0a032386f6c51
31,endpoint,target-b,fixture-bank-15,fixture-base-15,e23949edbfe2dbe6dc73b97687bd3eed5fbc5d7bd72ecd8b2badea6dfbfe472e,234b78d61b49dc10d04ca8d24378f3b96eae7ef419b9bbe2bb61b3933c753b5d,0,0,0,,4,2.5043592886115413,2.7684109755115034,-0.9180329288119686,csi-pairs-v6-software-fixture,ded1ec639ff3e6fd5eba769d42db1ed36222a48af333a30a670254b30b164b74,620f300cbec1f56da4691882bc7dbe52593dc597fc62f6ae925c0f6ac72f1c6b,True,FORBIDDEN,0901433cbfe906073eae45118a1466e03afab04a766a3061a988ffe089ba4e01,9548a24a4faf5db17b5251df407b4402de033ae8648ec321c850fe6105002cf1,8128818d8ea8f5c3517d04da28955f010269df61e756429957a0a032386f6c51
31,endpoint,target-b,fixture-bank-17,fixture-base-17,86a59d2849e34c3a9889d58bb3b67b946ca9eb639083798f219989137e7f4536,b8fec4fd063826ac29c6cc8d291ad3a1a89347817c28241565eb44269fa8c24d,0,0,0,,4,2.4823319144354192,3.0270586310231127,-0.909198406461774,csi-pairs-v6-software-fixture,ded1ec639ff3e6fd5eba769d42db1ed36222a48af333a30a670254b30b164b74,620f300cbec1f56da4691882bc7dbe52593dc597fc62f6ae925c0f6ac72f1c6b,True,FORBIDDEN,0901433cbfe906073eae45118a1466e03afab04a766a3061a988ffe089ba4e01,9548a24a4faf5db17b5251df407b4402de033ae8648ec321c850fe6105002cf1,8128818d8ea8f5c3517d04da28955f010269df61e756429957a0a032386f6c51
31,endpoint,target-b,fixture-bank-15,fixture-base-15,e23949edbfe2dbe6dc73b97687bd3eed5fbc5d7bd72ecd8b2badea6dfbfe472e,234b78d61b49dc10d04ca8d24378f3b96eae7ef419b9bbe2bb61b3933c753b5d,2,0,2,target-b:fixture-bank-17:p0001;target-b:fixture-bank-15:p0002,4,2.5021159875956243,2.7822754496683477,-0.9171367689221109,csi-pairs-v6-software-fixture,ded1ec639ff3e6fd5eba769d42db1ed36222a48af333a30a670254b30b164b74,620f300cbec1f56da4691882bc7dbe52593dc597fc62f6ae925c0f6ac72f1c6b,True,FORBIDDEN,0901433cbfe906073eae45118a1466e03afab04a766a3061a988ffe089ba4e01,9548a24a4faf5db17b5251df407b4402de033ae8648ec321c850fe6105002cf1,8128818d8ea8f5c3517d04da28955f010269df61e756429957a0a032386f6c51
31,endpoint,target-b,fixture-bank-17,fixture-base-17,86a59d2849e34c3a9889d58bb3b67b946ca9eb639083798f219989137e7f4536,b8fec4fd063826ac29c6cc8d291ad3a1a89347817c28241565eb44269fa8c24d,2,0,2,target-b:fixture-bank-17:p0001;target-b:fixture-bank-15:p0002,4,2.4740203261225417,3.0284956984439697,-0.9058444898308635,csi-pairs-v6-software-fixture,ded1ec639ff3e6fd5eba769d42db1ed36222a48af333a30a670254b30b164b74,620f300cbec1f56da4691882bc7dbe52593dc597fc62f6ae925c0f6ac72f1c6b,True,FORBIDDEN,0901433cbfe906073eae45118a1466e03afab04a766a3061a988ffe089ba4e01,9548a24a4faf5db17b5251df407b4402de033ae8648ec321c850fe6105002cf1,8128818d8ea8f5c3517d04da28955f010269df61e756429957a0a032386f6c51
31,endpoint,target-b,fixture-bank-15,fixture-base-15,e23949edbfe2dbe6dc73b97687bd3eed5fbc5d7bd72ecd8b2badea6dfbfe472e,234b78d61b49dc10d04ca8d24378f3b96eae7ef419b9bbe2bb61b3933c753b5d,4,0,4,target-b:fixture-bank-17:p0001;target-b:fixture-bank-15:p0002;target-b:fixture-bank-17:p0000;target-b:fixture-bank-15:p0000,4,2.5001242207241283,2.778426182860656,-0.9163404189293842,csi-pairs-v6-software-fixture,ded1ec639ff3e6fd5eba769d42db1ed36222a48af333a30a670254b30b164b74,620f300cbec1f56da4691882bc7dbe52593dc597fc62f6ae925c0f6ac72f1c6b,True,FORBIDDEN,0901433cbfe906073eae45118a1466e03afab04a766a3061a988ffe089ba4e01,9548a24a4faf5db17b5251df407b4402de033ae8648ec321c850fe6105002cf1,8128818d8ea8f5c3517d04da28955f010269df61e756429957a0a032386f6c51
31,endpoint,target-b,fixture-bank-17,fixture-base-17,86a59d2849e34c3a9889d58bb3b67b946ca9eb639083798f219989137e7f4536,b8fec4fd063826ac29c6cc8d291ad3a1a89347817c28241565eb44269fa8c24d,4,0,4,target-b:fixture-bank-17:p0001;target-b:fixture-bank-15:p0002;target-b:fixture-bank-17:p0000;target-b:fixture-bank-15:p0000,4,2.472207041109945,3.0325333937212586,-0.9051112905825468,csi-pairs-v6-software-fixture,ded1ec639ff3e6fd5eba769d42db1ed36222a48af333a30a670254b30b164b74,620f300cbec1f56da4691882bc7dbe52593dc597fc62f6ae925c0f6ac72f1c6b,True,FORBIDDEN,0901433cbfe906073eae45118a1466e03afab04a766a3061a988ffe089ba4e01,9548a24a4faf5db17b5251df407b4402de033ae8648ec321c850fe6105002cf1,8128818d8ea8f5c3517d04da28955f010269df61e756429957a0a032386f6c51
31,endpoint,target-b,fixture-bank-15,fixture-base-15,e23949edbfe2dbe6dc73b97687bd3eed5fbc5d7bd72ecd8b2badea6dfbfe472e,234b78d61b49dc10d04ca8d24378f3b96eae7ef419b9bbe2bb61b3933c753b5d,2,1,2,target-b:fixture-bank-17:p0000;target-b:fixture-bank-15:p0000,4,2.501273196055275,2.77595649023043,-0.9167998806580222,csi-pairs-v6-software-fixture,ded1ec639ff3e6fd5eba769d42db1ed36222a48af333a30a670254b30b164b74,620f300cbec1f56da4691882bc7dbe52593dc597fc62f6ae925c0f6ac72f1c6b,True,FORBIDDEN,0901433cbfe906073eae45118a1466e03afab04a766a3061a988ffe089ba4e01,9548a24a4faf5db17b5251df407b4402de033ae8648ec321c850fe6105002cf1,8128818d8ea8f5c3517d04da28955f010269df61e756429957a0a032386f6c51
31,endpoint,target-b,fixture-bank-17,fixture-base-17,86a59d2849e34c3a9889d58bb3b67b946ca9eb639083798f219989137e7f4536,b8fec4fd063826ac29c6cc8d291ad3a1a89347817c28241565eb44269fa8c24d,2,1,2,target-b:fixture-bank-17:p0000;target-b:fixture-bank-15:p0000,4,2.473091831490424,3.0331196723184126,-0.9054691214893187,csi-pairs-v6-software-fixture,ded1ec639ff3e6fd5eba769d42db1ed36222a48af333a30a670254b30b164b74,620f300cbec1f56da4691882bc7dbe52593dc597fc62f6ae925c0f6ac72f1c6b,True,FORBIDDEN,0901433cbfe906073eae45118a1466e03afab04a766a3061a988ffe089ba4e01,9548a24a4faf5db17b5251df407b4402de033ae8648ec321c850fe6105002cf1,8128818d8ea8f5c3517d04da28955f010269df61e756429957a0a032386f6c51
31,endpoint,target-b,fixture-bank-15,fixture-base-15,e23949edbfe2dbe6dc73b97687bd3eed5fbc5d7bd72ecd8b2badea6dfbfe472e,234b78d61b49dc10d04ca8d24378f3b96eae7ef419b9bbe2bb61b3933c753b5d,4,1,4,target-b:fixture-bank-17:p0000;target-b:fixture-bank-15:p0000;target-b:fixture-bank-17:p0001;target-b:fixture-bank-15:p0001,4,2.498678910389324,2.7767626857720136,-0.9157621563584568,csi-pairs-v6-software-fixture,ded1ec639ff3e6fd5eba769d42db1ed36222a48af333a30a670254b30b164b74,620f300cbec1f56da4691882bc7dbe52593dc597fc62f6ae925c0f6ac72f1c6b,True,FORBIDDEN,0901433cbfe906073eae45118a1466e03afab04a766a3061a988ffe089ba4e01,9548a24a4faf5db17b5251df407b4402de033ae8648ec321c850fe6105002cf1,8128818d8ea8f5c3517d04da28955f010269df61e756429957a0a032386f6c51
31,endpoint,target-b,fixture-bank-17,fixture-base-17,86a59d2849e34c3a9889d58bb3b67b946ca9eb639083798f219989137e7f4536,b8fec4fd063826ac29c6cc8d291ad3a1a89347817c28241565eb44269fa8c24d,4,1,4,target-b:fixture-bank-17:p0000;target-b:fixture-bank-15:p0000;target-b:fixture-bank-17:p0001;target-b:fixture-bank-15:p0001,4,2.470901427708233,3.0340090018995967,-0.9045830345508171,csi-pairs-v6-software-fixture,ded1ec639ff3e6fd5eba769d42db1ed36222a48af333a30a670254b30b164b74,620f300cbec1f56da4691882bc7dbe52593dc597fc62f6ae925c0f6ac72f1c6b,True,FORBIDDEN,0901433cbfe906073eae45118a1466e03afab04a766a3061a988ffe089ba4e01,9548a24a4faf5db17b5251df407b4402de033ae8648ec321c850fe6105002cf1,8128818d8ea8f5c3517d04da28955f010269df61e756429957a0a032386f6c51
31,alignment,target-a,fixture-bank-14,fixture-base-14,86a59d2849e34c3a9889d58bb3b67b946ca9eb639083798f219989137e7f4536,d3ac0ba45cb8ca4a3062283c82745f423da87b60b62b7768857a4ffa9f3e71be,0,0,0,,4,1.623944946242732,2.686443748016187,-0.48485834106802506,csi-pairs-v6-software-fixture,ded1ec639ff3e6fd5eba769d42db1ed36222a48af333a30a670254b30b164b74,620f300cbec1f56da4691882bc7dbe52593dc597fc62f6ae925c0f6ac72f1c6b,True,FORBIDDEN,0901433cbfe906073eae45118a1466e03afab04a766a3061a988ffe089ba4e01,9548a24a4faf5db17b5251df407b4402de033ae8648ec321c850fe6105002cf1,8128818d8ea8f5c3517d04da28955f010269df61e756429957a0a032386f6c51
31,alignment,target-a,fixture-bank-16,fixture-base-16,e23949edbfe2dbe6dc73b97687bd3eed5fbc5d7bd72ecd8b2badea6dfbfe472e,2b37638d300a790f3426572fa00b7bf61aa934746cb588d9fb5347ccf44b354c,0,0,0,,4,1.6412823990656755,1.8588789904433518,-0.4954778869217802,csi-pairs-v6-software-fixture,ded1ec639ff3e6fd5eba769d42db1ed36222a48af333a30a670254b30b164b74,620f300cbec1f56da4691882bc7dbe52593dc597fc62f6ae925c0f6ac72f1c6b,True,FORBIDDEN,0901433cbfe906073eae45118a1466e03afab04a766a3061a988ffe089ba4e01,9548a24a4faf5db17b5251df407b4402de033ae8648ec321c850fe6105002cf1,8128818d8ea8f5c3517d04da28955f010269df61e756429957a0a032386f6c51
31,alignment,target-a,fixture-bank-14,fixture-base-14,86a59d2849e34c3a9889d58bb3b67b946ca9eb639083798f219989137e7f4536,d3ac0ba45cb8ca4a3062283c82745f423da87b60b62b7768857a4ffa9f3e71be,2,0,2,target-a:fixture-bank-16:p0000;target-a:fixture-bank-16:p0001,4,1.6295159329068978,2.6975841789322055,-0.48828299703650646,csi-pairs-v6-software-fixture,ded1ec639ff3e6fd5eba769d42db1ed36222a48af333a30a670254b30b164b74,620f300cbec1f56da4691882bc7dbe52593dc597fc62f6ae925c0f6ac72f1c6b,True,FORBIDDEN,0901433cbfe906073eae45118a1466e03afab04a766a3061a988ffe089ba4e01,9548a24a4faf5db17b5251df407b4402de033ae8648ec321c850fe6105002cf1,8128818d8ea8f5c3517d04da28955f010269df61e756429957a0a032386f6c51
31,alignment,target-a,fixture-bank-16,fixture-base-16,e23949edbfe2dbe6dc73b97687bd3eed5fbc5d7bd72ecd8b2badea6dfbfe472e,2b37638d300a790f3426572fa00b7bf61aa934746cb588d9fb5347ccf44b354c,2,0,2,target-a:fixture-bank-16:p0000;target-a:fixture-bank-16:p0001,4,1.6480728601220551,1.8753536206676267,-0.499606641749103,csi-pairs-v6-software-fixture,ded1ec639ff3e6fd5eba769d42db1ed36222a48af333a30a670254b30b164b74,620f300cbec1f56da4691882bc7dbe52593dc597fc62f6ae925c0f6ac72f1c6b,True,FORBIDDEN,0901433cbfe906073eae45118a1466e03afab04a766a3061a988ffe089ba4e01,9548a24a4faf5db17b5251df407b4402de033ae8648ec321c850fe6105002cf1,8128818d8ea8f5c3517d04da28955f010269df61e756429957a0a032386f6c51
31,alignment,target-a,fixture-bank-14,fixture-base-14,86a59d2849e34c3a9889d58bb3b67b946ca9eb639083798f219989137e7f4536,d3ac0ba45cb8ca4a3062283c82745f423da87b60b62b7768857a4ffa9f3e71be,4,0,4,target-a:fixture-bank-16:p0000;target-a:fixture-bank-16:p0001;target-a:fixture-bank-16:p0003;target-a:fixture-bank-14:p0001,4,1.6239282698496216,2.683236205252303,-0.48484807195220614,csi-pairs-v6-software-fixture,ded1ec639ff3e6fd5eba769d42db1ed36222a48af333a30a670254b30b164b74,620f300cbec1f56da4691882bc7dbe52593dc597fc62f6ae925c0f6ac72f1c6b,True,FORBIDDEN,0901433cbfe906073eae45118a1466e03afab04a766a3061a988ffe089ba4e01,9548a24a4faf5db17b5251df407b4402de033ae8648ec321c850fe6105002cf1,8128818d8ea8f5c3517d04da28955f010269df61e756429957a0a032386f6c51
31,alignment,target-a,fixture-bank-16,fixture-base-16,e23949edbfe2dbe6dc73b97687bd3eed5fbc5d7bd72ecd8b2badea6dfbfe472e,2b37638d300a790f3426572fa00b7bf61aa934746cb588d9fb5347ccf44b354c,4,0,4,target-a:fixture-bank-16:p0000;target-a:fixture-bank-16:p0001;target-a:fixture-bank-16:p0003;target-a:fixture-bank-14:p0001,4,1.6412446313586058,1.8600249204136725,-0.49545487556088574,csi-pairs-v6-software-fixture,ded1ec639ff3e6fd5eba769d42db1ed36222a48af333a30a670254b30b164b74,620f300cbec1f56da4691882bc7dbe52593dc597fc62f6ae925c0f6ac72f1c6b,True,FORBIDDEN,0901433cbfe906073eae45118a1466e03afab04a766a3061a988ffe089ba4e01,9548a24a4faf5db17b5251df407b4402de033ae8648ec321c850fe6105002cf1,8128818d8ea8f5c3517d04da28955f010269df61e756429957a0a032386f6c51
31,alignment,target-a,fixture-bank-14,fixture-base-14,86a59d2849e34c3a9889d58bb3b67b946ca9eb639083798f219989137e7f4536,d3ac0ba45cb8ca4a3062283c82745f423da87b60b62b7768857a4ffa9f3e71be,2,1,2,target-a:fixture-bank-14:p0003;target-a:fixture-bank-14:p0002,4,1.6185650946095294,2.6684938478458116,-0.48154001267303514,csi-pairs-v6-software-fixture,ded1ec639ff3e6fd5eba769d42db1ed36222a48af333a30a670254b30b164b74,620f300cbec1f56da4691882bc7dbe52593dc597fc62f6ae925c0f6ac72f1c6b,True,FORBIDDEN,0901433cbfe906073eae45118a1466e03afab04a766a3061a988ffe089ba4e01,9548a24a4faf5db17b5251df407b4402de033ae8648ec321c850fe6105002cf1,8128818d8ea8f5c3517d04da28955f010269df61e756429957a0a032386f6c51
31,alignment,target-a,fixture-bank-16,fixture-base-16,e23949edbfe2dbe6dc73b97687bd3eed5fbc5d7bd72ecd8b2badea6dfbfe472e,2b37638d300a790f3426572fa00b7bf61aa934746cb588d9fb5347ccf44b354c,2,1,2,target-a:fixture-bank-14:p0003;target-a:fixture-bank-14:p0002,4,1.6345700212418421,1.8413425010969828,-0.4913797858129302,csi-pairs-v6-software-fixture,ded1ec639ff3e6fd5eba769d42db1ed36222a48af333a30a670254b30b164b74,620f300cbec1f56da4691882bc7dbe52593dc597fc62f6ae925c0f6ac72f1c6b,True,FORBIDDEN,0901433cbfe906073eae45118a1466e03afab04a766a3061a988ffe089ba4e01,9548a24a4faf5db17b5251df407b4402de033ae8648ec321c850fe6105002cf1,8128818d8ea8f5c3517d04da28955f010269df61e756429957a0a032386f6c51
31,alignment,target-a,fixture-bank-14,fixture-base-14,86a59d2849e34c3a9889d58bb3b67b946ca9eb639083798f219989137e7f4536,d3ac0ba45cb8ca4a3062283c82745f423da87b60b62b7768857a4ffa9f3e71be,4,1,4,target-a:fixture-bank-14:p0003;target-a:fixture-bank-14:p0002;target-a:fixture-bank-14:p0001;target-a:fixture-bank-16:p0002,4,1.622331847436536,2.677979765107455,-0.4838645262817419,csi-pairs-v6-software-fixture,ded1ec639ff3e6fd5eba769d42db1ed36222a48af333a30a670254b30b164b74,620f300cbec1f56da4691882bc7dbe52593dc597fc62f6ae925c0f6ac72f1c6b,True,FORBIDDEN,0901433cbfe906073eae45118a1466e03afab04a766a3061a988ffe089ba4e01,9548a24a4faf5db17b5251df407b4402de033ae8648ec321c850fe6105002cf1,8128818d8ea8f5c3517d04da28955f010269df61e756429957a0a032386f6c51
31,alignment,target-a,fixture-bank-16,fixture-base-16,e23949edbfe2dbe6dc73b97687bd3eed5fbc5d7bd72ecd8b2badea6dfbfe472e,2b37638d300a790f3426572fa00b7bf61aa934746cb588d9fb5347ccf44b354c,4,1,4,target-a:fixture-bank-14:p0003;target-a:fixture-bank-14:p0002;target-a:fixture-bank-14:p0001;target-a:fixture-bank-16:p0002,4,1.6387648895666482,1.8535792404537645,-0.4939428419838005,csi-pairs-v6-software-fixture,ded1ec639ff3e6fd5eba769d42db1ed36222a48af333a30a670254b30b164b74,620f300cbec1f56da4691882bc7dbe52593dc597fc62f6ae925c0f6ac72f1c6b,True,FORBIDDEN,0901433cbfe906073eae45118a1466e03afab04a766a3061a988ffe089ba4e01,9548a24a4faf5db17b5251df407b4402de033ae8648ec321c850fe6105002cf1,8128818d8ea8f5c3517d04da28955f010269df61e756429957a0a032386f6c51
31,alignment,target-b,fixture-bank-15,fixture-base-15,e23949edbfe2dbe6dc73b97687bd3eed5fbc5d7bd72ecd8b2badea6dfbfe472e,234b78d61b49dc10d04ca8d24378f3b96eae7ef419b9bbe2bb61b3933c753b5d,0,0,0,,4,2.50437699004133,2.7684681129795523,-0.9180399970338928,csi-pairs-v6-software-fixture,ded1ec639ff3e6fd5eba769d42db1ed36222a48af333a30a670254b30b164b74,620f300cbec1f56da4691882bc7dbe52593dc597fc62f6ae925c0f6ac72f1c6b,True,FORBIDDEN,0901433cbfe906073eae45118a1466e03afab04a766a3061a988ffe089ba4e01,9548a24a4faf5db17b5251df407b4402de033ae8648ec321c850fe6105002cf1,8128818d8ea8f5c3517d04da28955f010269df61e756429957a0a032386f6c51
31,alignment,target-b,fixture-bank-17,fixture-base-17,86a59d2849e34c3a9889d58bb3b67b946ca9eb639083798f219989137e7f4536,b8fec4fd063826ac29c6cc8d291ad3a1a89347817c28241565eb44269fa8c24d,0,0,0,,4,2.482402403646603,3.0269995974012502,-0.9092268024268638,csi-pairs-v6-software-fixture,ded1ec639ff3e6fd5eba769d42db1ed36222a48af333a30a670254b30b164b74,620f300cbec1f56da4691882bc7dbe52593dc597fc62f6ae925c0f6ac72f1c6b,True,FORBIDDEN,0901433cbfe906073eae45118a1466e03afab04a766a3061a988ffe089ba4e01,9548a24a4faf5db17b5251df407b4402de033ae8648ec321c850fe6105002cf1,8128818d8ea8f5c3517d04da28955f010269df61e756429957a0a032386f6c51
31,alignment,target-b,fixture-bank-15,fixture-base-15,e23949edbfe2dbe6dc73b97687bd3eed5fbc5d7bd72ecd8b2badea6dfbfe472e,234b78d61b49dc10d04ca8d24378f3b96eae7ef419b9bbe2bb61b3933c753b5d,2,0,2,target-b:fixture-bank-17:p0001;target-b:fixture-bank-15:p0002,4,2.502137061533256,2.7821832832308755,-0.9171451913329783,csi-pairs-v6-software-fixture,ded1ec639ff3e6fd5eba769d42db1ed36222a48af333a30a670254b30b164b74,620f300cbec1f56da4691882bc7dbe52593dc597fc62f6ae925c0f6ac72f1c6b,True,FORBIDDEN,0901433cbfe906073eae45118a1466e03afab04a766a3061a988ffe089ba4e01,9548a24a4faf5db17b5251df407b4402de033ae8648ec321c850fe6105002cf1,8128818d8ea8f5c3517d04da28955f010269df61e756429957a0a032386f6c51
31,alignment,target-b,fixture-bank-17,fixture-base-17,86a59d2849e34c3a9889d58bb3b67b946ca9eb639083798f219989137e7f4536,b8fec4fd063826ac29c6cc8d291ad3a1a89347817c28241565eb44269fa8c24d,2,0,2,target-b:fixture-bank-17:p0001;target-b:fixture-bank-15:p0002,4,2.47404138796,3.02845254648552,-0.9058530029977054,csi-pairs-v6-software-fixture,ded1ec639ff3e6fd5eba769d42db1ed36222a48af333a30a670254b30b164b74,620f300cbec1f56da4691882bc7dbe52593dc597fc62f6ae925c0f6ac72f1c6b,True,FORBIDDEN,0901433cbfe906073eae45118a1466e03afab04a766a3061a988ffe089ba4e01,9548a24a4faf5db17b5251df407b4402de033ae8648ec321c850fe6105002cf1,8128818d8ea8f5c3517d04da28955f010269df61e756429957a0a032386f6c51
31,alignment,target-b,fixture-bank-15,fixture-base-15,e23949edbfe2dbe6dc73b97687bd3eed5fbc5d7bd72ecd8b2badea6dfbfe472e,234b78d61b49dc10d04ca8d24378f3b96eae7ef419b9bbe2bb61b3933c753b5d,4,0,4,target-b:fixture-bank-17:p0001;target-b:fixture-bank-15:p0002;target-b:fixture-bank-17:p0000;target-b:fixture-bank-15:p0000,4,2.5001898042780644,2.778444991947111,-0.9163666507034736,csi-pairs-v6-software-fixture,ded1ec639ff3e6fd5eba769d42db1ed36222a48af333a30a670254b30b164b74,620f300cbec1f56da4691882bc7dbe52593dc597fc62f6ae925c0f6ac72f1c6b,True,FORBIDDEN,0901433cbfe906073eae45118a1466e03afab04a766a3061a988ffe089ba4e01,9548a24a4faf5db17b5251df407b4402de033ae8648ec321c850fe6105002cf1,8128818d8ea8f5c3517d04da28955f010269df61e756429957a0a032386f6c51
31,alignment,target-b,fixture-bank-17,fixture-base-17,86a59d2849e34c3a9889d58bb3b67b946ca9eb639083798f219989137e7f4536,b8fec4fd063826ac29c6cc8d291ad3a1a89347817c28241565eb44269fa8c24d,4,0,4,target-b:fixture-bank-17:p0001;target-b:fixture-bank-15:p0002;target-b:fixture-bank-17:p0000;target-b:fixture-bank-15:p0000,4,2.472292016824036,3.032462021850961,-0.905145662401857,csi-pairs-v6-software-fixture,ded1ec639ff3e6fd5eba769d42db1ed36222a48af333a30a670254b30b164b74,620f300cbec1f56da4691882bc7dbe52593dc597fc62f6ae925c0f6ac72f1c6b,True,FORBIDDEN,0901433cbfe906073eae45118a1466e03afab04a766a3061a988ffe089ba4e01,9548a24a4faf5db17b5251df407b4402de033ae8648ec321c850fe6105002cf1,8128818d8ea8f5c3517d04da28955f010269df61e756429957a0a032386f6c51
31,alignment,target-b,fixture-bank-15,fixture-base-15,e23949edbfe2dbe6dc73b97687bd3eed5fbc5d7bd72ecd8b2badea6dfbfe472e,234b78d61b49dc10d04ca8d24378f3b96eae7ef419b9bbe2bb61b3933c753b5d,2,1,2,target-b:fixture-bank-17:p0000;target-b:fixture-bank-15:p0000,4,2.501342570661869,2.7759612045686937,-0.9168276159908295,csi-pairs-v6-software-fixture,ded1ec639ff3e6fd5eba769d42db1ed36222a48af333a30a670254b30b164b74,620f300cbec1f56da4691882bc7dbe52593dc597fc62f6ae925c0f6ac72f1c6b,True,FORBIDDEN,0901433cbfe906073eae45118a1466e03afab04a766a3061a988ffe089ba4e01,9548a24a4faf5db17b5251df407b4402de033ae8648ec321c850fe6105002cf1,8128818d8ea8f5c3517d04da28955f010269df61e756429957a0a032386f6c51
31,alignment,target-b,fixture-bank-17,fixture-base-17,86a59d2849e34c3a9889d58bb3b67b946ca9eb639083798f219989137e7f4536,b8fec4fd063826ac29c6cc8d291ad3a1a89347817c28241565eb44269fa8c24d,2,1,2,target-b:fixture-bank-17:p0000;target-b:fixture-bank-15:p0000,4,2.473182677859544,3.0330505311802294,-0.9055058547393469,csi-pairs-v6-software-fixture,ded1ec639ff3e6fd5eba769d42db1ed36222a48af333a30a670254b30b164b74,620f300cbec1f56da4691882bc7dbe52593dc597fc62f6ae925c0f6ac72f1c6b,True,FORBIDDEN,0901433cbfe906073eae45118a1466e03afab04a766a3061a988ffe089ba4e01,9548a24a4faf5db17b5251df407b4402de033ae8648ec321c850fe6105002cf1,8128818d8ea8f5c3517d04da28955f010269df61e756429957a0a032386f6c51
31,alignment,target-b,fixture-bank-15,fixture-base-15,e23949edbfe2dbe6dc73b97687bd3eed5fbc5d7bd72ecd8b2badea6dfbfe472e,234b78d61b49dc10d04ca8d24378f3b96eae7ef419b9bbe2bb61b3933c753b5d,4,1,4,target-b:fixture-bank-17:p0000;target-b:fixture-bank-15:p0000;target-b:fixture-bank-17:p0001;target-b:fixture-bank-15:p0001,4,2.4987465185348103,2.776785319788976,-0.915789213548785,csi-pairs-v6-software-fixture,ded1ec639ff3e6fd5eba769d42db1ed36222a48af333a30a670254b30b164b74,620f300cbec1f56da4691882bc7dbe52593dc597fc62f6ae925c0f6ac72f1c6b,True,FORBIDDEN,0901433cbfe906073eae45118a1466e03afab04a766a3061a988ffe089ba4e01,9548a24a4faf5db17b5251df407b4402de033ae8648ec321c850fe6105002cf1,8128818d8ea8f5c3517d04da28955f010269df61e756429957a0a032386f6c51
31,alignment,target-b,fixture-bank-17,fixture-base-17,86a59d2849e34c3a9889d58bb3b67b946ca9eb639083798f219989137e7f4536,b8fec4fd063826ac29c6cc8d291ad3a1a89347817c28241565eb44269fa8c24d,4,1,4,target-b:fixture-bank-17:p0000;target-b:fixture-bank-15:p0000;target-b:fixture-bank-17:p0001;target-b:fixture-bank-15:p0001,4,2.4709837892958406,3.03393523393431,-0.9046163666028576,csi-pairs-v6-software-fixture,ded1ec639ff3e6fd5eba769d42db1ed36222a48af333a30a670254b30b164b74,620f300cbec1f56da4691882bc7dbe52593dc597fc62f6ae925c0f6ac72f1c6b,True,FORBIDDEN,0901433cbfe906073eae45118a1466e03afab04a766a3061a988ffe089ba4e01,9548a24a4faf5db17b5251df407b4402de033ae8648ec321c850fe6105002cf1,8128818d8ea8f5c3517d04da28955f010269df61e756429957a0a032386f6c51
31,response,target-a,fixture-bank-14,fixture-base-14,86a59d2849e34c3a9889d58bb3b67b946ca9eb639083798f219989137e7f4536,d3ac0ba45cb8ca4a3062283c82745f423da87b60b62b7768857a4ffa9f3e71be,0,0,0,,4,1.6234643912348046,2.6855660683472893,-0.4845623789877974,csi-pairs-v6-software-fixture,ded1ec639ff3e6fd5eba769d42db1ed36222a48af333a30a670254b30b164b74,620f300cbec1f56da4691882bc7dbe52593dc597fc62f6ae925c0f6ac72f1c6b,True,FORBIDDEN,0901433cbfe906073eae45118a1466e03afab04a766a3061a988ffe089ba4e01,9548a24a4faf5db17b5251df407b4402de033ae8648ec321c850fe6105002cf1,8128818d8ea8f5c3517d04da28955f010269df61e756429957a0a032386f6c51
31,response,target-a,fixture-bank-16,fixture-base-16,e23949edbfe2dbe6dc73b97687bd3eed5fbc5d7bd72ecd8b2badea6dfbfe472e,2b37638d300a790f3426572fa00b7bf61aa934746cb588d9fb5347ccf44b354c,0,0,0,,4,1.6405067693504791,1.8570943095476504,-0.49500519980518976,csi-pairs-v6-software-fixture,ded1ec639ff3e6fd5eba769d42db1ed36222a48af333a30a670254b30b164b74,620f300cbec1f56da4691882bc7dbe52593dc597fc62f6ae925c0f6ac72f1c6b,True,FORBIDDEN,0901433cbfe906073eae45118a1466e03afab04a766a3061a988ffe089ba4e01,9548a24a4faf5db17b5251df407b4402de033ae8648ec321c850fe6105002cf1,8128818d8ea8f5c3517d04da28955f010269df61e756429957a0a032386f6c51
31,response,target-a,fixture-bank-14,fixture-base-14,86a59d2849e34c3a9889d58bb3b67b946ca9eb639083798f219989137e7f4536,d3ac0ba45cb8ca4a3062283c82745f423da87b60b62b7768857a4ffa9f3e71be,2,0,2,target-a:fixture-bank-16:p0000;target-a:fixture-bank-16:p0001,4,1.6289402487667268,2.6965421387668744,-0.4879296492459801,csi-pairs-v6-software-fixture,ded1ec639ff3e6fd5eba769d42db1ed36222a48af333a30a670254b30b164b74,620f300cbec1f56da4691882bc7dbe52593dc597fc62f6ae925c0f6ac72f1c6b,True,FORBIDDEN,0901433cbfe906073eae45118a1466e03afab04a766a3061a988ffe089ba4e01,9548a24a4faf5db17b5251df407b4402de033ae8648ec321c850fe6105002cf1,8128818d8ea8f5c3517d04da28955f010269df61e756429957a0a032386f6c51
31,response,target-a,fixture-bank-16,fixture-base-16,e23949edbfe2dbe6dc73b97687bd3eed5fbc5d7bd72ecd8b2badea6dfbfe472e,2b37638d300a790f3426572fa00b7bf61aa934746cb588d9fb5347ccf44b354c,2,0,2,target-a:fixture-bank-16:p0000;target-a:fixture-bank-16:p0001,4,1.6471763046842995,1.873329965579884,-0.49906249141931713,csi-pairs-v6-software-fixture,ded1ec639ff3e6fd5eba769d42db1ed36222a48af333a30a670254b30b164b74,620f300cbec1f56da4691882bc7dbe52593dc597fc62f6ae925c0f6ac72f1c6b,True,FORBIDDEN,0901433cbfe906073eae45118a1466e03afab04a766a3061a988ffe089ba4e01,9548a24a4faf5db17b5251df407b4402de033ae8648ec321c850fe6105002cf1,8128818d8ea8f5c3517d04da28955f010269df61e756429957a0a032386f6c51
31,response,target-a,fixture-bank-14,fixture-base-14,86a59d2849e34c3a9889d58bb3b67b946ca9eb639083798f219989137e7f4536,d3ac0ba45cb8ca4a3062283c82745f423da87b60b62b7768857a4ffa9f3e71be,4,0,4,target-a:fixture-bank-16:p0000;target-a:fixture-bank-16:p0001;target-a:fixture-bank-16:p0003;target-a:fixture-bank-14:p0001,4,1.6233525685628127,2.682169574505886,-0.4844934975735258,csi-pairs-v6-software-fixture,ded1ec639ff3e6fd5eba769d42db1ed36222a48af333a30a670254b30b164b74,620f300cbec1f56da4691882bc7dbe52593dc597fc62f6ae925c0f6ac72f1c6b,True,FORBIDDEN,0901433cbfe906073eae45118a1466e03afab04a766a3061a988ffe089ba4e01,9548a24a4faf5db17b5251df407b4402de033ae8648ec321c850fe6105002cf1,8128818d8ea8f5c3517d04da28955f010269df61e756429957a0a032386f6c51
31,response,target-a,fixture-bank-16,fixture-base-16,e23949edbfe2dbe6dc73b97687bd3eed5fbc5d7bd72ecd8b2badea6dfbfe472e,2b37638d300a790f3426572fa00b7bf61aa934746cb588d9fb5347ccf44b354c,4,0,4,target-a:fixture-bank-16:p0000;target-a:fixture-bank-16:p0001;target-a:fixture-bank-16:p0003;target-a:fixture-bank-14:p0001,4,1.6402896201825699,1.857940260938975,-0.49487282391687243,csi-pairs-v6-software-fixture,ded1ec639ff3e6fd5eba769d42db1ed36222a48af333a30a670254b30b164b74,620f300cbec1f56da4691882bc7dbe52593dc597fc62f6ae925c0f6ac72f1c6b,True,FORBIDDEN,0901433cbfe906073eae45118a1466e03afab04a766a3061a988ffe089ba4e01,9548a24a4faf5db17b5251df407b4402de033ae8648ec321c850fe6105002cf1,8128818d8ea8f5c3517d04da28955f010269df61e756429957a0a032386f6c51
31,response,target-a,fixture-bank-14,fixture-base-14,86a59d2849e34c3a9889d58bb3b67b946ca9eb639083798f219989137e7f4536,d3ac0ba45cb8ca4a3062283c82745f423da87b60b62b7768857a4ffa9f3e71be,2,1,2,target-a:fixture-bank-14:p0003;target-a:fixture-bank-14:p0002,4,1.6180755269369156,2.6674024233765152,-0.48123749674149285,csi-pairs-v6-software-fixture,ded1ec639ff3e6fd5eba769d42db1ed36222a48af333a30a670254b30b164b74,620f300cbec1f56da4691882bc7dbe52593dc597fc62f6ae925c0f6ac72f1c6b,True,FORBIDDEN,0901433cbfe906073eae45118a1466e03afab04a766a3061a988ffe089ba4e01,9548a24a4faf5db17b5251df407b4402de033ae8648ec321c850fe6105002cf1,8128818d8ea8f5c3517d04da28955f010269df61e756429957a0a032386f6c51
31,response,target-a,fixture-bank-16,fixture-base-16,e23949edbfe2dbe6dc73b97687bd3eed5fbc5d7bd72ecd8b2badea6dfbfe472e,2b37638d300a790f3426572fa00b7bf61aa934746cb588d9fb5347ccf44b354c,2,1,2,target-a:fixture-bank-14:p0003;target-a:fixture-bank-14:p0002,4,1.6338296985084377,1.839390521742808,-0.49092676732709944,csi-pairs-v6-software-fixture,ded1ec639ff3e6fd5eba769d42db1ed36222a48af333a30a670254b30b164b74,620f300cbec1f56da4691882bc7dbe52593dc597fc62f6ae925c0f6ac72f1c6b,True,FORBIDDEN,0901433cbfe906073eae45118a1466e03afab04a766a3061a988ffe089ba4e01,9548a24a4faf5db17b5251df407b4402de033ae8648ec321c850fe6105002cf1,8128818d8ea8f5c3517d04da28955f010269df61e756429957a0a032386f6c51
31,response,target-a,fixture-bank-14,fixture-base-14,86a59d2849e34c3a9889d58bb3b67b946ca9eb639083798f219989137e7f4536,d3ac0ba45cb8ca4a3062283c82745f423da87b60b62b7768857a4ffa9f3e71be,4,1,4,target-a:fixture-bank-14:p0003;target-a:fixture-bank-14:p0002;target-a:fixture-bank-14:p0001;target-a:fixture-bank-16:p0002,4,1.6218836102972027,2.6770452990696327,-0.4835881962117911,csi-pairs-v6-software-fixture,ded1ec639ff3e6fd5eba769d42db1ed36222a48af333a30a670254b30b164b74,620f300cbec1f56da4691882bc7dbe52593dc597fc62f6ae925c0f6ac72f1c6b,True,FORBIDDEN,0901433cbfe906073eae45118a1466e03afab04a766a3061a988ffe089ba4e01,9548a24a4faf5db17b5251df407b4402de033ae8648ec321c850fe6105002cf1,8128818d8ea8f5c3517d04da28955f010269df61e756429957a0a032386f6c51
31,response,target-a,fixture-bank-16,fixture-base-16,e23949edbfe2dbe6dc73b97687bd3eed5fbc5d7bd72ecd8b2badea6dfbfe472e,2b37638d300a790f3426572fa00b7bf61aa934746cb588d9fb5347ccf44b354c,4,1,4,target-a:fixture-bank-14:p0003;target-a:fixture-bank-14:p0002;target-a:fixture-bank-14:p0001;target-a:fixture-bank-16:p0002,4,1.637946548355699,1.8518238630301667,-0.4934433526369558,csi-pairs-v6-software-fixture,ded1ec639ff3e6fd5eba769d42db1ed36222a48af333a30a670254b30b164b74,620f300cbec1f56da4691882bc7dbe52593dc597fc62f6ae925c0f6ac72f1c6b,True,FORBIDDEN,0901433cbfe906073eae45118a1466e03afab04a766a3061a988ffe089ba4e01,9548a24a4faf5db17b5251df407b4402de033ae8648ec321c850fe6105002cf1,8128818d8ea8f5c3517d04da28955f010269df61e756429957a0a032386f6c51
31,response,target-b,fixture-bank-15,fixture-base-15,e23949edbfe2dbe6dc73b97687bd3eed5fbc5d7bd72ecd8b2badea6dfbfe472e,234b78d61b49dc10d04ca8d24378f3b96eae7ef419b9bbe2bb61b3933c753b5d,0,0,0,,4,2.5044908219834214,2.7676518404462547,-0.9180854491984869,csi-pairs-v6-software-fixture,ded1ec639ff3e6fd5eba769d42db1ed36222a48af333a30a670254b30b164b74,620f300cbec1f56da4691882bc7dbe52593dc597fc62f6ae925c0f6ac72f1c6b,True,FORBIDDEN,0901433cbfe906073eae45118a1466e03afab04a766a3061a988ffe089ba4e01,9548a24a4faf5db17b5251df407b4402de033ae8648ec321c850fe6105002cf1,8128818d8ea8f5c3517d04da28955f010269df61e756429957a0a032386f6c51
31,response,target-b,fixture-bank-17,fixture-base-17,86a59d2849e34c3a9889d58bb3b67b946ca9eb639083798f219989137e7f4536,b8fec4fd063826ac29c6cc8d291ad3a1a89347817c28241565eb44269fa8c24d,0,0,0,,4,2.483473667879373,3.0264615897775493,-0.9096582526821495,csi-pairs-v6-software-fixture,ded1ec639ff3e6fd5eba769d42db1ed36222a48af333a30a670254b30b164b74,620f300cbec1f56da4691882bc7dbe52593dc597fc62f6ae925c0f6ac72f1c6b,True,FORBIDDEN,0901433cbfe906073eae45118a1466e03afab04a766a3061a988ffe089ba4e01,9548a24a4faf5db17b5251df407b4402de033ae8648ec321c850fe6105002cf1,8128818d8ea8f5c3517d04da28955f010269df61e756429957a0a032386f6c51
31,response,target-b,fixture-bank-15,fixture-base-15,e23949edbfe2dbe6dc73b97687bd3eed5fbc5d7bd72ecd8b2badea6dfbfe472e,234b78d61b49dc10d04ca8d24378f3b96eae7ef419b9bbe2bb61b3933c753b5d,2,0,2,target-b:fixture-bank-17:p0001;target-b:fixture-bank-15:p0002,4,2.503751119722792,2.7806626586774637,-0.9177900552160803,csi-pairs-v6-software-fixture,ded1ec639ff3e6fd5eba769d42db1ed36222a48af333a30a670254b30b164b74,620f300cbec1f56da4691882bc7dbe52593dc597fc62f6ae925c0f6ac72f1c6b,True,FORBIDDEN,0901433cbfe906073eae45118a1466e03afab04a766a3061a988ffe089ba4e01,9548a24a4faf5db17b5251df407b4402de033ae8648ec321c850fe6105002cf1,8128818d8ea8f5c3517d04da28955f010269df61e756429957a0a032386f6c51
31,response,target-b,fixture-bank-17,fixture-base-17,86a59d2849e34c3a9889d58bb3b67b946ca9eb639083798f219989137e7f4536,b8fec4fd063826ac29c6cc8d291ad3a1a89347817c28241565eb44269fa8c24d,2,0,2,target-b:fixture-bank-17:p0001;target-b:fixture-bank-15:p0002,4,2.475443989575748,3.0277552433073893,-0.9064197696598154,csi-pairs-v6-software-fixture,ded1ec639ff3e6fd5eba769d42db1ed36222a48af333a30a670254b30b164b74,620f300cbec1f56da4691882bc7dbe52593dc597fc62f6ae925c0f6ac72f1c6b,True,FORBIDDEN,0901433cbfe906073eae45118a1466e03afab04a766a3061a988ffe089ba4e01,9548a24a4faf5db17b5251df407b4402de033ae8648ec321c850fe6105002cf1,8128818d8ea8f5c3517d04da28955f010269df61e756429957a0a032386f6c51
31,response,target-b,fixture-bank-15,fixture-base-15,e23949edbfe2dbe6dc73b97687bd3eed5fbc5d7bd72ecd8b2badea6dfbfe472e,234b78d61b49dc10d04ca8d24378f3b96eae7ef419b9bbe2bb61b3933c753b5d,4,0,4,target-b:fixture-bank-17:p0001;target-b:fixture-bank-15:p0002;target-b:fixture-bank-17:p0000;target-b:fixture-bank-15:p0000,4,2.501654418804147,2.7767061682218874,-0.9169522805242436,csi-pairs-v6-software-fixture,ded1ec639ff3e6fd5eba769d42db1ed36222a48af333a30a670254b30b164b74,620f300cbec1f56da4691882bc7dbe52593dc597fc62f6ae925c0f6ac72f1c6b,True,FORBIDDEN,0901433cbfe906073eae45118a1466e03afab04a766a3061a988ffe089ba4e01,9548a24a4faf5db17b5251df407b4402de033ae8648ec321c850fe6105002cf1,8128818d8ea8f5c3517d04da28955f010269df61e756429957a0a032386f6c51
31,response,target-b,fixture-bank-17,fixture-base-17,86a59d2849e34c3a9889d58bb3b67b946ca9eb639083798f219989137e7f4536,b8fec4fd063826ac29c6cc8d291ad3a1a89347817c28241565eb44269fa8c24d,4,0,4,target-b:fixture-bank-17:p0001;target-b:fixture-bank-15:p0002;target-b:fixture-bank-17:p0000;target-b:fixture-bank-15:p0000,4,2.473464761144088,3.031820787383362,-0.9056199050282863,csi-pairs-v6-software-fixture,ded1ec639ff3e6fd5eba769d42db1ed36222a48af333a30a670254b30b164b74,620f300cbec1f56da4691882bc7dbe52593dc597fc62f6ae925c0f6ac72f1c6b,True,FORBIDDEN,0901433cbfe906073eae45118a1466e03afab04a766a3061a988ffe089ba4e01,9548a24a4faf5db17b5251df407b4402de033ae8648ec321c850fe6105002cf1,8128818d8ea8f5c3517d04da28955f010269df61e756429957a0a032386f6c51
31,response,target-b,fixture-bank-15,fixture-base-15,e23949edbfe2dbe6dc73b97687bd3eed5fbc5d7bd72ecd8b2badea6dfbfe472e,234b78d61b49dc10d04ca8d24378f3b96eae7ef419b9bbe2bb61b3933c753b5d,2,1,2,target-b:fixture-bank-17:p0000;target-b:fixture-bank-15:p0000,4,2.502623727900967,2.7744090464091395,-0.9173396727037052,csi-pairs-v6-software-fixture,ded1ec639ff3e6fd5eba769d42db1ed36222a48af333a30a670254b30b164b74,620f300cbec1f56da4691882bc7dbe52593dc597fc62f6ae925c0f6ac72f1c6b,True,FORBIDDEN,0901433cbfe906073eae45118a1466e03afab04a766a3061a988ffe089ba4e01,9548a24a4faf5db17b5251df407b4402de033ae8648ec321c850fe6105002cf1,8128818d8ea8f5c3517d04da28955f010269df61e756429957a0a032386f6c51
31,response,target-b,fixture-bank-17,fixture-base-17,86a59d2849e34c3a9889d58bb3b67b946ca9eb639083798f219989137e7f4536,b8fec4fd063826ac29c6cc8d291ad3a1a89347817c28241565eb44269fa8c24d,2,1,2,target-b:fixture-bank-17:p0000;target-b:fixture-bank-15:p0000,4,2.474177704309775,3.032477899846936,-0.905908100133571,csi-pairs-v6-software-fixture,ded1ec639ff3e6fd5eba769d42db1ed36222a48af333a30a670254b30b164b74,620f300cbec1f56da4691882bc7dbe52593dc597fc62f6ae925c0f6ac72f1c6b,True,FORBIDDEN,0901433cbfe906073eae45118a1466e03afab04a766a3061a988ffe089ba4e01,9548a24a4faf5db17b5251df407b4402de033ae8648ec321c850fe6105002cf1,8128818d8ea8f5c3517d04da28955f010269df61e756429957a0a032386f6c51
31,response,target-b,fixture-bank-15,fixture-base-15,e23949edbfe2dbe6dc73b97687bd3eed5fbc5d7bd72ecd8b2badea6dfbfe472e,234b78d61b49dc10d04ca8d24378f3b96eae7ef419b9bbe2bb61b3933c753b5d,4,1,4,target-b:fixture-bank-17:p0000;target-b:fixture-bank-15:p0000;target-b:fixture-bank-17:p0001;target-b:fixture-bank-15:p0001,4,2.5001177647650192,2.775134736382585,-0.9163378366707144,csi-pairs-v6-software-fixture,ded1ec639ff3e6fd5eba769d42db1ed36222a48af333a30a670254b30b164b74,620f300cbec1f56da4691882bc7dbe52593dc597fc62f6ae925c0f6ac72f1c6b,True,FORBIDDEN,0901433cbfe906073eae45118a1466e03afab04a766a3061a988ffe089ba4e01,9548a24a4faf5db17b5251df407b4402de033ae8648ec321c850fe6105002cf1,8128818d8ea8f5c3517d04da28955f010269df61e756429957a0a032386f6c51
31,response,target-b,fixture-bank-17,fixture-base-17,86a59d2849e34c3a9889d58bb3b67b946ca9eb639083798f219989137e7f4536,b8fec4fd063826ac29c6cc8d291ad3a1a89347817c28241565eb44269fa8c24d,4,1,4,target-b:fixture-bank-17:p0000;target-b:fixture-bank-15:p0000;target-b:fixture-bank-17:p0001;target-b:fixture-bank-15:p0001,4,2.4721515624886505,3.0333551898946185,-0.905088849402307,csi-pairs-v6-software-fixture,ded1ec639ff3e6fd5eba769d42db1ed36222a48af333a30a670254b30b164b74,620f300cbec1f56da4691882bc7dbe52593dc597fc62f6ae925c0f6ac72f1c6b,True,FORBIDDEN,0901433cbfe906073eae45118a1466e03afab04a766a3061a988ffe089ba4e01,9548a24a4faf5db17b5251df407b4402de033ae8648ec321c850fe6105002cf1,8128818d8ea8f5c3517d04da28955f010269df61e756429957a0a032386f6c51
31,full,target-a,fixture-bank-14,fixture-base-14,86a59d2849e34c3a9889d58bb3b67b946ca9eb639083798f219989137e7f4536,d3ac0ba45cb8ca4a3062283c82745f423da87b60b62b7768857a4ffa9f3e71be,0,0,0,,4,1.6234147556980478,2.685452038763791,-0.48453180468274054,csi-pairs-v6-software-fixture,ded1ec639ff3e6fd5eba769d42db1ed36222a48af333a30a670254b30b164b74,620f300cbec1f56da4691882bc7dbe52593dc597fc62f6ae925c0f6ac72f1c6b,True,FORBIDDEN,0901433cbfe906073eae45118a1466e03afab04a766a3061a988ffe089ba4e01,9548a24a4faf5db17b5251df407b4402de033ae8648ec321c850fe6105002cf1,8128818d8ea8f5c3517d04da28955f010269df61e756429957a0a032386f6c51
31,full,target-a,fixture-bank-16,fixture-base-16,e23949edbfe2dbe6dc73b97687bd3eed5fbc5d7bd72ecd8b2badea6dfbfe472e,2b37638d300a790f3426572fa00b7bf61aa934746cb588d9fb5347ccf44b354c,0,0,0,,4,1.640487955558656,1.857055530137704,-0.4949937314589102,csi-pairs-v6-software-fixture,ded1ec639ff3e6fd5eba769d42db1ed36222a48af333a30a670254b30b164b74,620f300cbec1f56da4691882bc7dbe52593dc597fc62f6ae925c0f6ac72f1c6b,True,FORBIDDEN,0901433cbfe906073eae45118a1466e03afab04a766a3061a988ffe089ba4e01,9548a24a4faf5db17b5251df407b4402de033ae8648ec321c850fe6105002cf1,8128818d8ea8f5c3517d04da28955f010269df61e756429957a0a032386f6c51
31,full,target-a,fixture-bank-14,fixture-base-14,86a59d2849e34c3a9889d58bb3b67b946ca9eb639083798f219989137e7f4536,d3ac0ba45cb8ca4a3062283c82745f423da87b60b62b7768857a4ffa9f3e71be,2,0,2,target-a:fixture-bank-16:p0000;target-a:fixture-bank-16:p0001,4,1.6288846668775723,2.696418171901775,-0.4878955271610927,csi-pairs-v6-software-fixture,ded1ec639ff3e6fd5eba769d42db1ed36222a48af333a30a670254b30b164b74,620f300cbec1f56da4691882bc7dbe52593dc597fc62f6ae925c0f6ac72f1c6b,True,FORBIDDEN,0901433cbfe906073eae45118a1466e03afab04a766a3061a988ffe089ba4e01,9548a24a4faf5db17b5251df407b4402de033ae8648ec321c850fe6105002cf1,8128818d8ea8f5c3517d04da28955f010269df61e756429957a0a032386f6c51
31,full,target-a,fixture-bank-16,fixture-base-16,e23949edbfe2dbe6dc73b97687bd3eed5fbc5d7bd72ecd8b2badea6dfbfe472e,2b37638d300a790f3426572fa00b7bf61aa934746cb588d9fb5347ccf44b354c,2,0,2,target-a:fixture-bank-16:p0000;target-a:fixture-bank-16:p0001,4,1.6471556517660675,1.8732893302611637,-0.4990499529632627,csi-pairs-v6-software-fixture,ded1ec639ff3e6fd5eba769d42db1ed36222a48af333a30a670254b30b164b74,620f300cbec1f56da4691882bc7dbe52593dc597fc62f6ae925c0f6ac72f1c6b,True,FORBIDDEN,0901433cbfe906073eae45118a1466e03afab04a766a3061a988ffe089ba4e01,9548a24a4faf5db17b5251df407b4402de033ae8648ec321c850fe6105002cf1,8128818d8ea8f5c3517d04da28955f010269df61e756429957a0a032386f6c51
31,full,target-a,fixture-bank-14,fixture-base-14,86a59d2849e34c3a9889d58bb3b67b946ca9eb639083798f219989137e7f4536,d3ac0ba45cb8ca4a3062283c82745f423da87b60b62b7768857a4ffa9f3e71be,4,0,4,target-a:fixture-bank-16:p0000;target-a:fixture-bank-16:p0001;target-a:fixture-bank-16:p0003;target-a:fixture-bank-14:p0001,4,1.6232978283337336,2.6820374136008973,-0.48445977652420263,csi-pairs-v6-software-fixture,ded1ec639ff3e6fd5eba769d42db1ed36222a48af333a30a670254b30b164b74,620f300cbec1f56da4691882bc7dbe52593dc597fc62f6ae925c0f6ac72f1c6b,True,FORBIDDEN,0901433cbfe906073eae45118a1466e03afab04a766a3061a988ffe089ba4e01,9548a24a4faf5db17b5251df407b4402de033ae8648ec321c850fe6105002cf1,8128818d8ea8f5c3517d04da28955f010269df61e756429957a0a032386f6c51
31,full,target-a,fixture-bank-16,fixture-base-16,e23949edbfe2dbe6dc73b97687bd3eed5fbc5d7bd72ecd8b2badea6dfbfe472e,2b37638d300a790f3426572fa00b7bf61aa934746cb588d9fb5347ccf44b354c,4,0,4,target-a:fixture-bank-16:p0000;target-a:fixture-bank-16:p0001;target-a:fixture-bank-16:p0003;target-a:fixture-bank-14:p0001,4,1.6402672017387818,1.8578943572561653,-0.49485915645430106,csi-pairs-v6-software-fixture,ded1ec639ff3e6fd5eba769d42db1ed36222a48af333a30a670254b30b164b74,620f300cbec1f56da4691882bc7dbe52593dc597fc62f6ae925c0f6ac72f1c6b,True,FORBIDDEN,0901433cbfe906073eae45118a1466e03afab04a766a3061a988ffe089ba4e01,9548a24a4faf5db17b5251df407b4402de033ae8648ec321c850fe6105002cf1,8128818d8ea8f5c3517d04da28955f010269df61e756429957a0a032386f6c51
31,full,target-a,fixture-bank-14,fixture-base-14,86a59d2849e34c3a9889d58bb3b67b946ca9eb639083798f219989137e7f4536,d3ac0ba45cb8ca4a3062283c82745f423da87b60b62b7768857a4ffa9f3e71be,2,1,2,target-a:fixture-bank-14:p0003;target-a:fixture-bank-14:p0002,4,1.6180421288358415,2.667301866964851,-0.4812168558967352,csi-pairs-v6-software-fixture,ded1ec639ff3e6fd5eba769d42db1ed36222a48af333a30a670254b30b164b74,620f300cbec1f56da4691882bc7dbe52593dc597fc62f6ae925c0f6ac72f1c6b,True,FORBIDDEN,0901433cbfe906073eae45118a1466e03afab04a766a3061a988ffe089ba4e01,9548a24a4faf5db17b5251df407b4402de033ae8648ec321c850fe6105002cf1,8128818d8ea8f5c3517d04da28955f010269df61e756429957a0a032386f6c51
31,full,target-a,fixture-bank-16,fixture-base-16,e23949edbfe2dbe6dc73b97687bd3eed5fbc5d7bd72ecd8b2badea6dfbfe472e,2b37638d300a790f3426572fa00b7bf61aa934746cb588d9fb5347ccf44b354c,2,1,2,target-a:fixture-bank-14:p0003;target-a:fixture-bank-14:p0002,4,1.6338227942599244,1.839366522819844,-0.4909225415114543,csi-pairs-v6-software-fixture,ded1ec639ff3e6fd5eba769d42db1ed36222a48af333a30a670254b30b164b74,620f300cbec1f56da4691882bc7dbe52593dc597fc62f6ae925c0f6ac72f1c6b,True,FORBIDDEN,0901433cbfe906073eae45118a1466e03afab04a766a3061a988ffe089ba4e01,9548a24a4faf5db17b5251df407b4402de033ae8648ec321c850fe6105002cf1,8128818d8ea8f5c3517d04da28955f010269df61e756429957a0a032386f6c51
31,full,target-a,fixture-bank-14,fixture-base-14,86a59d2849e34c3a9889d58bb3b67b946ca9eb639083798f219989137e7f4536,d3ac0ba45cb8ca4a3062283c82745f423da87b60b62b7768857a4ffa9f3e71be,4,1,4,target-a:fixture-bank-14:p0003;target-a:fixture-bank-14:p0002;target-a:fixture-bank-14:p0001;target-a:fixture-bank-16:p0002,4,1.6218357567103001,2.6769249569479014,-0.48355869083139796,csi-pairs-v6-software-fixture,ded1ec639ff3e6fd5eba769d42db1ed36222a48af333a30a670254b30b164b74,620f300cbec1f56da4691882bc7dbe52593dc597fc62f6ae925c0f6ac72f1c6b,True,FORBIDDEN,0901433cbfe906073eae45118a1466e03afab04a766a3061a988ffe089ba4e01,9548a24a4faf5db17b5251df407b4402de033ae8648ec321c850fe6105002cf1,8128818d8ea8f5c3517d04da28955f010269df61e756429957a0a032386f6c51
31,full,target-a,fixture-bank-16,fixture-base-16,e23949edbfe2dbe6dc73b97687bd3eed5fbc5d7bd72ecd8b2badea6dfbfe472e,2b37638d300a790f3426572fa00b7bf61aa934746cb588d9fb5347ccf44b354c,4,1,4,target-a:fixture-bank-14:p0003;target-a:fixture-bank-14:p0002;target-a:fixture-bank-14:p0001;target-a:fixture-bank-16:p0002,4,1.6379242938824041,1.8517744209080795,-0.49342976573175296,csi-pairs-v6-software-fixture,ded1ec639ff3e6fd5eba769d42db1ed36222a48af333a30a670254b30b164b74,620f300cbec1f56da4691882bc7dbe52593dc597fc62f6ae925c0f6ac72f1c6b,True,FORBIDDEN,0901433cbfe906073eae45118a1466e03afab04a766a3061a988ffe089ba4e01,9548a24a4faf5db17b5251df407b4402de033ae8648ec321c850fe6105002cf1,8128818d8ea8f5c3517d04da28955f010269df61e756429957a0a032386f6c51
31,full,target-b,fixture-bank-15,fixture-base-15,e23949edbfe2dbe6dc73b97687bd3eed5fbc5d7bd72ecd8b2badea6dfbfe472e,234b78d61b49dc10d04ca8d24378f3b96eae7ef419b9bbe2bb61b3933c753b5d,0,0,0,,4,2.5045113735199376,2.7677149954323657,-0.9180936550389773,csi-pairs-v6-software-fixture,ded1ec639ff3e6fd5eba769d42db1ed36222a48af333a30a670254b30b164b74,620f300cbec1f56da4691882bc7dbe52593dc597fc62f6ae925c0f6ac72f1c6b,True,FORBIDDEN,0901433cbfe906073eae45118a1466e03afab04a766a3061a988ffe089ba4e01,9548a24a4faf5db17b5251df407b4402de033ae8648ec321c850fe6105002cf1,8128818d8ea8f5c3517d04da28955f010269df61e756429957a0a032386f6c51
31,full,target-b,fixture-bank-17,fixture-base-17,86a59d2849e34c3a9889d58bb3b67b946ca9eb639083798f219989137e7f4536,b8fec4fd063826ac29c6cc8d291ad3a1a89347817c28241565eb44269fa8c24d,0,0,0,,4,2.4835567607762723,3.0263888739945948,-0.9096917104586218,csi-pairs-v6-software-fixture,ded1ec639ff3e6fd5eba769d42db1ed36222a48af333a30a670254b30b164b74,620f300cbec1f56da4691882bc7dbe52593dc597fc62f6ae925c0f6ac72f1c6b,True,FORBIDDEN,0901433cbfe906073eae45118a1466e03afab04a766a3061a988ffe089ba4e01,9548a24a4faf5db17b5251df407b4402de033ae8648ec321c850fe6105002cf1,8128818d8ea8f5c3517d04da28955f010269df61e756429957a0a032386f6c51
31,full,target-b,fixture-bank-15,fixture-base-15,e23949edbfe2dbe6dc73b97687bd3eed5fbc5d7bd72ecd8b2badea6dfbfe472e,234b78d61b49dc10d04ca8d24378f3b96eae7ef419b9bbe2bb61b3933c753b5d,2,0,2,target-b:fixture-bank-17:p0001;target-b:fixture-bank-15:p0002,4,2.5037396819767697,2.780513475970909,-0.917785486961649,csi-pairs-v6-software-fixture,ded1ec639ff3e6fd5eba769d42db1ed36222a48af333a30a670254b30b164b74,620f300cbec1f56da4691882bc7dbe52593dc597fc62f6ae925c0f6ac72f1c6b,True,FORBIDDEN,0901433cbfe906073eae45118a1466e03afab04a766a3061a988ffe089ba4e01,9548a24a4faf5db17b5251df407b4402de033ae8648ec321c850fe6105002cf1,8128818d8ea8f5c3517d04da28955f010269df61e756429957a0a032386f6c51
31,full,target-b,fixture-bank-17,fixture-base-17,86a59d2849e34c3a9889d58bb3b67b946ca9eb639083798f219989137e7f4536,b8fec4fd063826ac29c6cc8d291ad3a1a89347817c28241565eb44269fa8c24d,2,0,2,target-b:fixture-bank-17:p0001;target-b:fixture-bank-15:p0002,4,2.4754225892301998,3.027736195817601,-0.9064111245690186,csi-pairs-v6-software-fixture,ded1ec639ff3e6fd5eba769d42db1ed36222a48af333a30a670254b30b164b74,620f300cbec1f56da4691882bc7dbe52593dc597fc62f6ae925c0f6ac72f1c6b,True,FORBIDDEN,0901433cbfe906073eae45118a1466e03afab04a766a3061a988ffe089ba4e01,9548a24a4faf5db17b5251df407b4402de033ae8648ec321c850fe6105002cf1,8128818d8ea8f5c3517d04da28955f010269df61e756429957a0a032386f6c51
31,full,target-b,fixture-bank-15,fixture-base-15,e23949edbfe2dbe6dc73b97687bd3eed5fbc5d7bd72ecd8b2badea6dfbfe472e,234b78d61b49dc10d04ca8d24378f3b96eae7ef419b9bbe2bb61b3933c753b5d,4,0,4,target-b:fixture-bank-17:p0001;target-b:fixture-bank-15:p0002;target-b:fixture-bank-17:p0000;target-b:fixture-bank-15:p0000,4,2.5017454970227995,2.7767160727289686,-0.91698868705588,csi-pairs-v6-software-fixture,ded1ec639ff3e6fd5eba769d42db1ed36222a48af333a30a670254b30b164b74,620f300cbec1f56da4691882bc7dbe52593dc597fc62f6ae925c0f6ac72f1c6b,True,FORBIDDEN,0901433cbfe906073eae45118a1466e03afab04a766a3061a988ffe089ba4e01,9548a24a4faf5db17b5251df407b4402de033ae8648ec321c850fe6105002cf1,8128818d8ea8f5c3517d04da28955f010269df61e756429957a0a032386f6c51
31,full,target-b,fixture-bank-17,fixture-base-17,86a59d2849e34c3a9889d58bb3b67b946ca9eb639083798f219989137e7f4536,b8fec4fd063826ac29c6cc8d291ad3a1a89347817c28241565eb44269fa8c24d,4,0,4,target-b:fixture-bank-17:p0001;target-b:fixture-bank-15:p0002;target-b:fixture-bank-17:p0000;target-b:fixture-bank-15:p0000,4,2.4735635162237433,3.0317329052751334,-0.9056598300394774,csi-pairs-v6-software-fixture,ded1ec639ff3e6fd5eba769d42db1ed36222a48af333a30a670254b30b164b74,620f300cbec1f56da4691882bc7dbe52593dc597fc62f6ae925c0f6ac72f1c6b,True,FORBIDDEN,0901433cbfe906073eae45118a1466e03afab04a766a3061a988ffe089ba4e01,9548a24a4faf5db17b5251df407b4402de033ae8648ec321c850fe6105002cf1,8128818d8ea8f5c3517d04da28955f010269df61e756429957a0a032386f6c51
31,full,target-b,fixture-bank-15,fixture-base-15,e23949edbfe2dbe6dc73b97687bd3eed5fbc5d7bd72ecd8b2badea6dfbfe472e,234b78d61b49dc10d04ca8d24378f3b96eae7ef419b9bbe2bb61b3933c753b5d,2,1,2,target-b:fixture-bank-17:p0000;target-b:fixture-bank-15:p0000,4,2.5027105350811327,2.774412698932229,-0.9173743585710673,csi-pairs-v6-software-fixture,ded1ec639ff3e6fd5eba769d42db1ed36222a48af333a30a670254b30b164b74,620f300cbec1f56da4691882bc7dbe52593dc597fc62f6ae925c0f6ac72f1c6b,True,FORBIDDEN,0901433cbfe906073eae45118a1466e03afab04a766a3061a988ffe089ba4e01,9548a24a4faf5db17b5251df407b4402de033ae8648ec321c850fe6105002cf1,8128818d8ea8f5c3517d04da28955f010269df61e756429957a0a032386f6c51
31,full,target-b,fixture-bank-17,fixture-base-17,86a59d2849e34c3a9889d58bb3b67b946ca9eb639083798f219989137e7f4536,b8fec4fd063826ac29c6cc8d291ad3a1a89347817c28241565eb44269fa8c24d,2,1,2,target-b:fixture-bank-17:p0000;target-b:fixture-bank-15:p0000,4,2.4742747506594074,3.0323947206893687,-0.9059473230423604,csi-pairs-v6-software-fixture,ded1ec639ff3e6fd5eba769d42db1ed36222a48af333a30a670254b30b164b74,620f300cbec1f56da4691882bc7dbe52593dc597fc62f6ae925c0f6ac72f1c6b,True,FORBIDDEN,0901433cbfe906073eae45118a1466e03afab04a766a3061a988ffe089ba4e01,9548a24a4faf5db17b5251df407b4402de033ae8648ec321c850fe6105002cf1,8128818d8ea8f5c3517d04da28955f010269df61e756429957a0a032386f6c51
31,full,target-b,fixture-bank-15,fixture-base-15,e23949edbfe2dbe6dc73b97687bd3eed5fbc5d7bd72ecd8b2badea6dfbfe472e,234b78d61b49dc10d04ca8d24378f3b96eae7ef419b9bbe2bb61b3933c753b5d,4,1,4,target-b:fixture-bank-17:p0000;target-b:fixture-bank-15:p0000;target-b:fixture-bank-17:p0001;target-b:fixture-bank-15:p0001,4,2.500202994119631,2.77515194851255,-0.9163719262256569,csi-pairs-v6-software-fixture,ded1ec639ff3e6fd5eba769d42db1ed36222a48af333a30a670254b30b164b74,620f300cbec1f56da4691882bc7dbe52593dc597fc62f6ae925c0f6ac72f1c6b,True,FORBIDDEN,0901433cbfe906073eae45118a1466e03afab04a766a3061a988ffe089ba4e01,9548a24a4faf5db17b5251df407b4402de033ae8648ec321c850fe6105002cf1,8128818d8ea8f5c3517d04da28955f010269df61e756429957a0a032386f6c51
31,full,target-b,fixture-bank-17,fixture-base-17,86a59d2849e34c3a9889d58bb3b67b946ca9eb639083798f219989137e7f4536,b8fec4fd063826ac29c6cc8d291ad3a1a89347817c28241565eb44269fa8c24d,4,1,4,target-b:fixture-bank-17:p0000;target-b:fixture-bank-15:p0000;target-b:fixture-bank-17:p0001;target-b:fixture-bank-15:p0001,4,2.472245800580441,3.033269306936919,-0.9051269685439868,csi-pairs-v6-software-fixture,ded1ec639ff3e6fd5eba769d42db1ed36222a48af333a30a670254b30b164b74,620f300cbec1f56da4691882bc7dbe52593dc597fc62f6ae925c0f6ac72f1c6b,True,FORBIDDEN,0901433cbfe906073eae45118a1466e03afab04a766a3061a988ffe089ba4e01,9548a24a4faf5db17b5251df407b4402de033ae8648ec321c850fe6105002cf1,8128818d8ea8f5c3517d04da28955f010269df61e756429957a0a032386f6c51
