unit_id,condition,base_map_cluster_id,map_sha256,action_sha256,artifact_label,dataset_sha256,config_sha256,fixture,scientific_use,source_tree_sha256,requirements_lock_sha256,runtime_provenance_sha256
fixture-bank-12:0:source-a:fixture-bank-12:p0000,correct,fixture-base-12,f5927760d3b1814b4517f2d4ec916c38c996cc08756aa052f486f1e0d64db008,23bc76fd36d1490877c3d533b77daa34101fee5b32e5371bb67f3a556051ad6d,csi-pairs-v6-software-fixture,ded1ec639ff3e6fd5eba769d42db1ed36222a48af333a30a670254b30b164b74,620f300cbec1f56da4691882bc7dbe52593dc597fc62f6ae925c0f6ac72f1c6b,True,FORBIDDEN,0901433cbfe906073eae45118a1466e03afab04a766a3061a988ffe089ba4e01,9548a24a4faf5db17b5251df407b4402de033ae8648ec321c850fe6105002cf1,8128818d8ea8f5c3517d04da28955f010269df61e756429957a0a032386f6c51
fixture-bank-12:0:source-a:fixture-bank-12:p0000,empty,fixture-base-12,80422bc3d307b4a25bdafcc84ac7fb01cb55a09810e8b0f37bb12e0edb5c48ca,9e55c822c8873725352f0c67ef4fee4f2aaffcd3ca9f5ff0b09459833c18bb65,csi-pairs-v6-software-fixture,ded1ec639ff3e6fd5eba769d42db1ed36222a48af333a30a670254b30b164b74,620f300cbec1f56da4691882bc7dbe52593dc597fc62f6ae925c0f6ac72f1c6b,True,FORBIDDEN,0901433cbfe906073eae45118a1466e03afab04a766a3061a988ffe089ba4e01,9548a24a4faf5db17b5251df407b4402de033ae8648ec321c850fe6105002cf1,8128818d8ea8f5c3517d04da28955f010269df61e756429957a0a032386f6c51
fixture-bank-12:0:source-a:fixture-bank-12:p0000,geometry_destroyed,fixture-base-12,05731184a8a9cabfbb6aa59461420dc5add1dff7cb4d4d30b3ece29099071141,668aa1e4b33d38df51f3c5dfb22b1d9eb0dd680eb50ff3d4ee2f3bea8587c66b,csi-pairs-v6-software-fixture,ded1ec639ff3e6fd5eba769d42db1ed36222a48af333a30a670254b30b164b74,620f300cbec1f56da4691882bc7dbe52593dc597fc62f6ae925c0f6ac72f1c6b,True,FORBIDDEN,0901433cbfe906073eae45118a1466e03afab04a766a3061a988ffe089ba4e01,9548a24a4faf5db17b5251df407b4402de033ae8648ec321c850fe6105002cf1,8128818d8ea8f5c3517d04da28955f010269df61e756429957a0a032386f6c51
fixture-bank-12:0:source-a:fixture-bank-12:p0000,paired_active_alternative,fixture-base-12,8d2c6d3ad657216758cb61a91554f699ef6b692f87e6208b2f34dfa43603b79c,d97ae786f3340de45840c87dc409a54ceb077138c7a693002b947b7143af5572,csi-pairs-v6-software-fixture,ded1ec639ff3e6fd5eba769d42db1ed36222a48af333a30a670254b30b164b74,620f300cbec1f56da4691882bc7dbe52593dc597fc62f6ae925c0f6ac72f1c6b,True,FORBIDDEN,0901433cbfe906073eae45118a1466e03afab04a766a3061a988ffe089ba4e01,9548a24a4faf5db17b5251df407b4402de033ae8648ec321c850fe6105002cf1,8128818d8ea8f5c3517d04da28955f010269df61e756429957a0a032386f6c51
fixture-bank-12:0:source-a:fixture-bank-12:p0000,paired_null_alternative,fixture-base-12,43fc05ca825c7ff2e7c00c016f80b1cce1f9303158dc70eba6d35120eb50ac68,25244cb82e49a93c53798129cfe27616df00806080d2bc01788d5c507b678af1,csi-pairs-v6-software-fixture,ded1ec639ff3e6fd5eba769d42db1ed36222a48af333a30a670254b30b164b74,620f300cbec1f56da4691882bc7dbe52593dc597fc62f6ae925c0f6ac72f1c6b,True,FORBIDDEN,0901433cbfe906073eae45118a1466e03afab04a766a3061a988ffe089ba4e01,9548a24a4faf5db17b5251df407b4402de033ae8648ec321c850fe6105002cf1,8128818d8ea8f5c3517d04da28955f010269df61e756429957a0a032386f6c51
fixture-bank-12:0:source-a:fixture-bank-12:p0000,wrong_city,fixture-base-12,d5562de0e2a83eb75a5283cc308d5029c8fdf9ff8641aa0a418d47978400e998,cd6fbc5fb7763b3b83939b07a307c9a94efa49be29a928c55fe2712340b36782,csi-pairs-v6-software-fixture,ded1ec639ff3e6fd5eba769d42db1ed36222a48af333a30a670254b30b164b74,620f300cbec1f56da4691882bc7dbe52593dc597fc62f6ae925c0f6ac72f1c6b,True,FORBIDDEN,0901433cbfe906073eae45118a1466e03afab04a766a3061a988ffe089ba4e01,9548a24a4faf5db17b5251df407b4402de033ae8648ec321c850fe6105002cf1,8128818d8ea8f5c3517d04da28955f010269df61e756429957a0a032386f6c51
fixture-bank-12:0:source-a:fixture-bank-12:p0001,correct,fixture-base-12,f5927760d3b1814b4517f2d4ec916c38c996cc08756aa052f486f1e0d64db008,23bc76fd36d1490877c3d533b77daa34101fee5b32e5371bb67f3a556051ad6d,csi-pairs-v6-software-fixture,ded1ec639ff3e6fd5eba769d42db1ed36222a48af333a30a670254b30b164b74,620f300cbec1f56da4691882bc7dbe52593dc597fc62f6ae925c0f6ac72f1c6b,True,FORBIDDEN,0901433cbfe906073eae45118a1466e03afab04a766a3061a988ffe089ba4e01,9548a24a4faf5db17b5251df407b4402de033ae8648ec321c850fe6105002cf1,8128818d8ea8f5c3517d04da28955f010269df61e756429957a0a032386f6c51
fixture-bank-12:0:source-a:fixture-bank-12:p0001,empty,fixture-base-12,80422bc3d307b4a25bdafcc84ac7fb01cb55a09810e8b0f37bb12e0edb5c48ca,9e55c822c8873725352f0c67ef4fee4f2aaffcd3ca9f5ff0b09459833c18bb65,csi-pairs-v6-software-fixture,ded1ec639ff3e6fd5eba769d42db1ed36222a48af333a30a670254b30b164b74,620f300cbec1f56da4691882bc7dbe52593dc597fc62f6ae925c0f6ac72f1c6b,True,FORBIDDEN,0901433cbfe906073eae45118a1466e03afab04a766a3061a988ffe089ba4e01,9548a24a4faf5db17b5251df407b4402de033ae8648ec321c850fe6105002cf1,8128818d8ea8f5c3517d04da28955f010269df61e756429957a0a032386f6c51
fixture-bank-12:0:source-a:fixture-bank-12:p0001,geometry_destroyed,fixture-base-12,ee1e773bb0fd0f33ea50904f6dd366ac89ec3a7f04d6e8bb1aa8eec5933ad4d2,668aa1e4b33d38df51f3c5dfb22b1d9eb0dd680eb50ff3d4ee2f3bea8587c66b,csi-pairs-v6-software-fixture,ded1ec639ff3e6fd5eba769d42db1ed36222a48af333a30a670254b30b164b74,620f300cbec1f56da4691882bc7dbe52593dc597fc62f6ae925c0f6ac72f1c6b,True,FORBIDDEN,0901433cbfe906073eae45118a1466e03afab04a766a3061a988ffe089ba4e01,9548a24a4faf5db17b5251df407b4402de033ae8648ec321c850fe6105002cf1,8128818d8ea8f5c3517d04da28955f010269df61e756429957a0a032386f6c51
fixture-bank-12:0:source-a:fixture-bank-12:p0001,paired_active_alternative,fixture-base-12,8d2c6d3ad657216758cb61a91554f699ef6b692f87e6208b2f34dfa43603b79c,d97ae786f3340de45840c87dc409a54ceb077138c7a693002b947b7143af5572,csi-pairs-v6-software-fixture,ded1ec639ff3e6fd5eba769d42db1ed36222a48af333a30a670254b30b164b74,620f300cbec1f56da4691882bc7dbe52593dc597fc62f6ae925c0f6ac72f1c6b,True,FORBIDDEN,0901433cbfe906073eae45118a1466e03afab04a766a3061a988ffe089ba4e01,9548a24a4faf5db17b5251df407b4402de033ae8648ec321c850fe6105002cf1,8128818d8ea8f5c3517d04da28955f010269df61e756429957a0a032386f6c51
fixture-bank-12:0:source-a:fixture-bank-12:p0001,paired_null_alternative,fixture-base-12,43fc05ca825c7ff2e7c00c016f80b1cce1f9303158dc70eba6d35120eb50ac68,25244cb82e49a93c53798129cfe27616df00806080d2bc01788d5c507b678af1,csi-pairs-v6-software-fixture,ded1ec639ff3e6fd5eba769d42db1ed36222a48af333a30a670254b30b164b74,620f300cbec1f56da4691882bc7dbe52593dc597fc62f6ae925c0f6ac72f1c6b,True,FORBIDDEN,0901433cbfe906073eae45118a1466e03afab04a766a3061a988ffe089ba4e01,9548a24a4faf5db17b5251df407b4402de033ae8648ec321c850fe6105002cf1,8128818d8ea8f5c3517d04da28955f010269df61e756429957a0a032386f6c51
fixture-bank-12:0:source-a:fixture-bank-12:p0001,wrong_city,fixture-base-12,d5562de0e2a83eb75a5283cc308d5029c8fdf9ff8641aa0a418d47978400e998,cd6fbc5fb7763b3b83939b07a307c9a94efa49be29a928c55fe2712340b36782,csi-pairs-v6-software-fixture,ded1ec639ff3e6fd5eba769d42db1ed36222a48af333a30a670254b30b164b74,620f300cbec1f56da4691882bc7dbe52593dc597fc62f6ae925c0f6ac72f1c6b,True,FORBIDDEN,0901433cbfe906073eae45118a1466e03afab04a766a3061a988ffe089ba4e01,9548a24a4faf5db17b5251df407b4402de033ae8648ec321c850fe6105002cf1,8128818d8ea8f5c3517d04da28955f010269df61e756429957a0a032386f6c51
fixture-bank-12:0:source-a:fixture-bank-12:p0002,correct,fixture-base-12,f5927760d3b1814b4517f2d4ec916c38c996cc08756aa052f486f1e0d64db008,23bc76fd36d1490877c3d533b77daa34101fee5b32e5371bb67f3a556051ad6d,csi-pairs-v6-software-fixture,ded1ec639ff3e6fd5eba769d42db1ed36222a48af333a30a670254b30b164b74,620f300cbec1f56da4691882bc7dbe52593dc597fc62f6ae925c0f6ac72f1c6b,True,FORBIDDEN,0901433cbfe906073eae45118a1466e03afab04a766a3061a988ffe089ba4e01,9548a24a4faf5db17b5251df407b4402de033ae8648ec321c850fe6105002cf1,8128818d8ea8f5c3517d04da28955f010269df61e756429957a0a032386f6c51
fixture-bank-12:0:source-a:fixture-bank-12:p0002,empty,fixture-base-12,80422bc3d307b4a25bdafcc84ac7fb01cb55a09810e8b0f37bb12e0edb5c48ca,9e55c822c8873725352f0c67ef4fee4f2aaffcd3ca9f5ff0b09459833c18bb65,csi-pairs-v6-software-fixture,ded1ec639ff3e6fd5eba769d42db1ed36222a48af333a30a670254b30b164b74,620f300cbec1f56da4691882bc7dbe52593dc597fc62f6ae925c0f6ac72f1c6b,True,FORBIDDEN,0901433cbfe906073eae45118a1466e03afab04a766a3061a988ffe089ba4e01,9548a24a4faf5db17b5251df407b4402de033ae8648ec321c850fe6105002cf1,8128818d8ea8f5c3517d04da28955f010269df61e756429957a0a032386f6c51
fixture-bank-12:0:source-a:fixture-bank-12:p0002,geometry_destroyed,fixture-base-12,5e616494f60bc27ccb5d8573c525ef57b6391e70263af23721f90c0b4a7c4600,668aa1e4b33d38df51f3c5dfb22b1d9eb0dd680eb50ff3d4ee2f3bea8587c66b,csi-pairs-v6-software-fixture,ded1ec639ff3e6fd5eba769d42db1ed36222a48af333a30a670254b30b164b74,620f300cbec1f56da4691882bc7dbe52593dc597fc62f6ae925c0f6ac72f1c6b,True,FORBIDDEN,0901433cbfe906073eae45118a1466e03afab04a766a3061a988ffe089ba4e01,9548a24a4faf5db17b5251df407b4402de033ae8648ec321c850fe6105002cf1,8128818d8ea8f5c3517d04da28955f010269df61e756429957a0a032386f6c51
fixture-bank-12:0:source-a:fixture-bank-12:p0002,paired_active_alternative,fixture-base-12,43fc05ca825c7ff2e7c00c016f80b1cce1f9303158dc70eba6d35120eb50ac68,eb9f4ff4c31beda2b58c8c1627df055ff5a7fcdfa8fc0adb0a917ab4f12df679,csi-pairs-v6-software-fixture,ded1ec639ff3e6fd5eba769d42db1ed36222a48af333a30a670254b30b164b74,620f300cbec1f56da4691882bc7dbe52593dc597fc62f6ae925c0f6ac72f1c6b,True,FORBIDDEN,0901433cbfe906073eae45118a1466e03afab04a766a3061a988ffe089ba4e01,9548a24a4faf5db17b5251df407b4402de033ae8648ec321c850fe6105002cf1,8128818d8ea8f5c3517d04da28955f010269df61e756429957a0a032386f6c51
fixture-bank-12:0:source-a:fixture-bank-12:p0002,paired_null_alternative,fixture-base-12,8d2c6d3ad657216758cb61a91554f699ef6b692f87e6208b2f34dfa43603b79c,5a17d5ed3fd5860ae6c61ec5b77e9584a2af339a2c7b195465a9e19651e3613a,csi-pairs-v6-software-fixture,ded1ec639ff3e6fd5eba769d42db1ed36222a48af333a30a670254b30b164b74,620f300cbec1f56da4691882bc7dbe52593dc597fc62f6ae925c0f6ac72f1c6b,True,FORBIDDEN,0901433cbfe906073eae45118a1466e03afab04a766a3061a988ffe089ba4e01,9548a24a4faf5db17b5251df407b4402de033ae8648ec321c850fe6105002cf1,8128818d8ea8f5c3517d04da28955f010269df61e756429957a0a032386f6c51
fixture-bank-12:0:source-a:fixture-bank-12:p0002,wrong_city,fixture-base-12,d5562de0e2a83eb75a5283cc308d5029c8fdf9ff8641aa0a418d47978400e998,cd6fbc5fb7763b3b83939b07a307c9a94efa49be29a928c55fe2712340b36782,csi-pairs-v6-software-fixture,ded1ec639ff3e6fd5eba769d42db1ed36222a48af333a30a670254b30b164b74,620f300cbec1f56da4691882bc7dbe52593dc597fc62f6ae925c0f6ac72f1c6b,True,FORBIDDEN,0901433cbfe906073eae45118a1466e03afab04a766a3061a988ffe089ba4e01,9548a24a4faf5db17b5251df407b4402de033ae8648ec321c850fe6105002cf1,8128818d8ea8f5c3517d04da28955f010269df61e756429957a0a032386f6c51
fixture-bank-12:0:source-a:fixture-bank-12:p0003,correct,fixture-base-12,f5927760d3b1814b4517f2d4ec916c38c996cc08756aa052f486f1e0d64db008,23bc76fd36d1490877c3d533b77daa34101fee5b32e5371bb67f3a556051ad6d,csi-pairs-v6-software-fixture,ded1ec639ff3e6fd5eba769d42db1ed36222a48af333a30a670254b30b164b74,620f300cbec1f56da4691882bc7dbe52593dc597fc62f6ae925c0f6ac72f1c6b,True,FORBIDDEN,0901433cbfe906073eae45118a1466e03afab04a766a3061a988ffe089ba4e01,9548a24a4faf5db17b5251df407b4402de033ae8648ec321c850fe6105002cf1,8128818d8ea8f5c3517d04da28955f010269df61e756429957a0a032386f6c51
fixture-bank-12:0:source-a:fixture-bank-12:p0003,empty,fixture-base-12,80422bc3d307b4a25bdafcc84ac7fb01cb55a09810e8b0f37bb12e0edb5c48ca,9e55c822c8873725352f0c67ef4fee4f2aaffcd3ca9f5ff0b09459833c18bb65,csi-pairs-v6-software-fixture,ded1ec639ff3e6fd5eba769d42db1ed36222a48af333a30a670254b30b164b74,620f300cbec1f56da4691882bc7dbe52593dc597fc62f6ae925c0f6ac72f1c6b,True,FORBIDDEN,0901433cbfe906073eae45118a1466e03afab04a766a3061a988ffe089ba4e01,9548a24a4faf5db17b5251df407b4402de033ae8648ec321c850fe6105002cf1,8128818d8ea8f5c3517d04da28955f010269df61e756429957a0a032386f6c51
fixture-bank-12:0:source-a:fixture-bank-12:p0003,geometry_destroyed,fixture-base-12,89159c17855e0c676857dd0d370f9481b2991c7effc458bdc75a9605658e3aa9,668aa1e4b33d38df51f3c5dfb22b1d9eb0dd680eb50ff3d4ee2f3bea8587c66b,csi-pairs-v6-software-fixture,ded1ec639ff3e6fd5eba769d42db1ed36222a48af333a30a670254b30b164b74,620f300cbec1f56da4691882bc7dbe52593dc597fc62f6ae925c0f6ac72f1c6b,True,FORBIDDEN,0901433cbfe906073eae45118a1466e03afab04a766a3061a988ffe089ba4e01,9548a24a4faf5db17b5251df407b4402de033ae8648ec321c850fe6105002cf1,8128818d8ea8f5c3517d04da28955f010269df61e756429957a0a032386f6c51
fixture-bank-12:0:source-a:fixture-bank-12:p0003,paired_active_alternative,fixture-base-12,43fc05ca825c7ff2e7c00c016f80b1cce1f9303158dc70eba6d35120eb50ac68,eb9f4ff4c31beda2b58c8c1627df055ff5a7fcdfa8fc0adb0a917ab4f12df679,csi-pairs-v6-software-fixture,ded1ec639ff3e6fd5eba769d42db1ed36222a48af333a30a670254b30b164b74,620f300cbec1f56da4691882bc7dbe52593dc597fc62f6ae925c0f6ac72f1c6b,True,FORBIDDEN,0901433cbfe906073eae45118a1466e03afab04a766a3061a988ffe089ba4e01,9548a24a4faf5db17b5251df407b4402de033ae8648ec321c850fe6105002cf1,8128818d8ea8f5c3517d04da28955f010269df61e756429957a0a032386f6c51
fixture-bank-12:0:source-a:fixture-bank-12:p0003,paired_null_alternative,fixture-base-12,8d2c6d3ad657216758cb61a91554f699ef6b692f87e6208b2f34dfa43603b79c,5a17d5ed3fd5860ae6c61ec5b77e9584a2af339a2c7b195465a9e19651e3613a,csi-pairs-v6-software-fixture,ded1ec639ff3e6fd5eba769d42db1ed36222a48af333a30a670254b30b164b74,620f300cbec1f56da4691882bc7dbe52593dc597fc62f6ae925c0f6ac72f1c6b,True,FORBIDDEN,0901433cbfe906073eae45118a1466e03afab04a766a3061a988ffe089ba4e01,9548a24a4faf5db17b5251df407b4402de033ae8648ec321c850fe6105002cf1,8128818d8ea8f5c3517d04da28955f010269df61e756429957a0a032386f6c51
fixture-bank-12:0:source-a:fixture-bank-12:p0003,wrong_city,fixture-base-12,d5562de0e2a83eb75a5283cc308d5029c8fdf9ff8641aa0a418d47978400e998,cd6fbc5fb7763b3b83939b07a307c9a94efa49be29a928c55fe2712340b36782,csi-pairs-v6-software-fixture,ded1ec639ff3e6fd5eba769d42db1ed36222a48af333a30a670254b30b164b74,620f300cbec1f56da4691882bc7dbe52593dc597fc62f6ae925c0f6ac72f1c6b,True,FORBIDDEN,0901433cbfe906073eae45118a1466e03afab04a766a3061a988ffe089ba4e01,9548a24a4faf5db17b5251df407b4402de033ae8648ec321c850fe6105002cf1,8128818d8ea8f5c3517d04da28955f010269df61e756429957a0a032386f6c51
fixture-bank-12:0:source-a:fixture-bank-12:p0006,correct,fixture-base-12,f5927760d3b1814b4517f2d4ec916c38c996cc08756aa052f486f1e0d64db008,23bc76fd36d1490877c3d533b77daa34101fee5b32e5371bb67f3a556051ad6d,csi-pairs-v6-software-fixture,ded1ec639ff3e6fd5eba769d42db1ed36222a48af333a30a670254b30b164b74,620f300cbec1f56da4691882bc7dbe52593dc597fc62f6ae925c0f6ac72f1c6b,True,FORBIDDEN,0901433cbfe906073eae45118a1466e03afab04a766a3061a988ffe089ba4e01,9548a24a4faf5db17b5251df407b4402de033ae8648ec321c850fe6105002cf1,8128818d8ea8f5c3517d04da28955f010269df61e756429957a0a032386f6c51
fixture-bank-12:0:source-a:fixture-bank-12:p0006,empty,fixture-base-12,80422bc3d307b4a25bdafcc84ac7fb01cb55a09810e8b0f37bb12e0edb5c48ca,9e55c822c8873725352f0c67ef4fee4f2aaffcd3ca9f5ff0b09459833c18bb65,csi-pairs-v6-software-fixture,ded1ec639ff3e6fd5eba769d42db1ed36222a48af333a30a670254b30b164b74,620f300cbec1f56da4691882bc7dbe52593dc597fc62f6ae925c0f6ac72f1c6b,True,FORBIDDEN,0901433cbfe906073eae45118a1466e03afab04a766a3061a988ffe089ba4e01,9548a24a4faf5db17b5251df407b4402de033ae8648ec321c850fe6105002cf1,8128818d8ea8f5c3517d04da28955f010269df61e756429957a0a032386f6c51
fixture-bank-12:0:source-a:fixture-bank-12:p0006,geometry_destroyed,fixture-base-12,0f580a1ca54e6e17213d4207a606979785e7b34f20b37975f6c4955ca9c5592f,668aa1e4b33d38df51f3c5dfb22b1d9eb0dd680eb50ff3d4ee2f3bea8587c66b,csi-pairs-v6-software-fixture,ded1ec639ff3e6fd5eba769d42db1ed36222a48af333a30a670254b30b164b74,620f300cbec1f56da4691882bc7dbe52593dc597fc62f6ae925c0f6ac72f1c6b,True,FORBIDDEN,0901433cbfe906073eae45118a1466e03afab04a766a3061a988ffe089ba4e01,9548a24a4faf5db17b5251df407b4402de033ae8648ec321c850fe6105002cf1,8128818d8ea8f5c3517d04da28955f010269df61e756429957a0a032386f6c51
fixture-bank-12:0:source-a:fixture-bank-12:p0006,paired_active_alternative,fixture-base-12,43fc05ca825c7ff2e7c00c016f80b1cce1f9303158dc70eba6d35120eb50ac68,eb9f4ff4c31beda2b58c8c1627df055ff5a7fcdfa8fc0adb0a917ab4f12df679,csi-pairs-v6-software-fixture,ded1ec639ff3e6fd5eba769d42db1ed36222a48af333a30a670254b30b164b74,620f300cbec1f56da4691882bc7dbe52593dc597fc62f6ae925c0f6ac72f1c6b,True,FORBIDDEN,0901433cbfe906073eae45118a1466e03afab04a766a3061a988ffe089ba4e01,9548a24a4faf5db17b5251df407b4402de033ae8648ec321c850fe6105002cf1,8128818d8ea8f5c3517d04da28955f010269df61e756429957a0a032386f6c51
fixture-bank-12:0:source-a:fixture-bank-12:p0006,paired_null_alternative,fixture-base-12,8d2c6d3ad657216758cb61a91554f699ef6b692f87e6208b2f34dfa43603b79c,5a17d5ed3fd5860ae6c61ec5b77e9584a2af339a2c7b195465a9e19651e3613a,csi-pairs-v6-software-fixture,ded1ec639ff3e6fd5eba769d42db1ed36222a48af333a30a670254b30b164b74,620f300cbec1f56da4691882bc7dbe52593dc597fc62f6ae925c0f6ac72f1c6b,True,FORBIDDEN,0901433cbfe906073eae45118a1466e03afab04a766a3061a988ffe089ba4e01,9548a24a4faf5db17b5251df407b4402de033ae8648ec321c850fe6105002cf1,8128818d8ea8f5c3517d04da28955f010269df61e756429957a0a032386f6c51
fixture-bank-12:0:source-a:fixture-bank-12:p0006,wrong_city,fixture-base-12,d5562de0e2a83eb75a5283cc308d5029c8fdf9ff8641aa0a418d47978400e998,cd6fbc5fb7763b3b83939b07a307c9a94efa49be29a928c55fe2712340b36782,csi-pairs-v6-software-fixture,ded1ec639ff3e6fd5eba769d42db1ed36222a48af333a30a670254b30b164b74,620f300cbec1f56da4691882bc7dbe52593dc597fc62f6ae925c0f6ac72f1c6b,True,FORBIDDEN,0901433cbfe906073eae45118a1466e03afab04a766a3061a988ffe089ba4e01,9548a24a4faf5db17b5251df407b4402de033ae8648ec321c850fe6105002cf1,8128818d8ea8f5c3517d04da28955f010269df61e756429957a0a032386f6c51
fixture-bank-12:0:source-a:fixture-bank-12:p0007,correct,fixture-base-12,f5927760d3b1814b4517f2d4ec916c38c996cc08756aa052f486f1e0d64db008,23bc76fd36d1490877c3d533b77daa34101fee5b32e5371bb67f3a556051ad6d,csi-pairs-v6-software-fixture,ded1ec639ff3e6fd5eba769d42db1ed36222a48af333a30a670254b30b164b74,620f300cbec1f56da4691882bc7dbe52593dc597fc62f6ae925c0f6ac72f1c6b,True,FORBIDDEN,0901433cbfe906073eae45118a1466e03afab04a766a3061a988ffe089ba4e01,9548a24a4faf5db17b5251df407b4402de033ae8648ec321c850fe6105002cf1,8128818d8ea8f5c3517d04da28955f010269df61e756429957a0a032386f6c51
fixture-bank-12:0:source-a:fixture-bank-12:p0007,empty,fixture-base-12,80422bc3d307b4a25bdafcc84ac7fb01cb55a09810e8b0f37bb12e0edb5c48ca,9e55c822c8873725352f0c67ef4fee4f2aaffcd3ca9f5ff0b09459833c18bb65,csi-pairs-v6-software-fixture,ded1ec639ff3e6fd5eba769d42db1ed36222a48af333a30a670254b30b164b74,620f300cbec1f56da4691882bc7dbe52593dc597fc62f6ae925c0f6ac72f1c6b,True,FORBIDDEN,0901433cbfe906073eae45118a1466e03afab04a766a3061a988ffe089ba4e01,9548a24a4faf5db17b5251df407b4402de033ae8648ec321c850fe6105002cf1,8128818d8ea8f5c3517d04da28955f010269df61e756429957a0a032386f6c51
fixture-bank-12:0:source-a:fixture-bank-12:p0007,geometry_destroyed,fixture-base-12,2095ae1b8860d4a97b072c172459ebf68ae56d501b97fba34e32a9a5a45788e7,668aa1e4b33d38df51f3c5dfb22b1d9eb0dd680eb50ff3d4ee2f3bea8587c66b,csi-pairs-v6-software-fixture,ded1ec639ff3e6fd5eba769d42db1ed36222a48af333a30a670254b30b164b74,620f300cbec1f56da4691882bc7dbe52593dc597fc62f6ae925c0f6ac72f1c6b,True,FORBIDDEN,0901433cbfe906073eae45118a1466e03afab04a766a3061a988ffe089ba4e01,9548a24a4faf5db17b5251df407b4402de033ae8648ec321c850fe6105002cf1,8128818d8ea8f5c3517d04da28955f010269df61e756429957a0a032386f6c51
fixture-bank-12:0:source-a:fixture-bank-12:p0007,paired_active_alternative,fixture-base-12,43fc05ca825c7ff2e7c00c016f80b1cce1f9303158dc70eba6d35120eb50ac68,eb9f4ff4c31beda2b58c8c1627df055ff5a7fcdfa8fc0adb0a917ab4f12df679,csi-pairs-v6-software-fixture,ded1ec639ff3e6fd5eba769d42db1ed36222a48af333a30a670254b30b164b74,620f300cbec1f56da4691882bc7dbe52593dc597fc62f6ae925c0f6ac72f1c6b,True,FORBIDDEN,0901433cbfe906073eae45118a1466e03afab04a766a3061a988ffe089ba4e01,9548a24a4faf5db17b5251df407b4402de033ae8648ec321c850fe6105002cf1,8128818d8ea8f5c3517d04da28955f010269df61e756429957a0a032386f6c51
fixture-bank-12:0:source-a:fixture-bank-12:p0007,paired_null_alternative,fixture-base-12,8d2c6d3ad657216758cb61a91554f699ef6b692f87e6208b2f34dfa43603b79c,5a17d5ed3fd5860ae6c61ec5b77e9584a2af339a2c7b195465a9e19651e3613a,csi-pairs-v6-software-fixture,ded1ec639ff3e6fd5eba769d42db1ed36222a48af333a30a670254b30b164b74,620f300cbec1f56da4691882bc7dbe52593dc597fc62f6ae925c0f6ac72f1c6b,True,FORBIDDEN,0901433cbfe906073eae45118a1466e03afab04a766a3061a988ffe089ba4e01,9548a24a4faf5db17b5251df407b4402de033ae8648ec321c850fe6105002cf1,8128818d8ea8f5c3517d04da28955f010269df61e756429957a0a032386f6c51
fixture-bank-12:0:source-a:fixture-bank-12:p0007,wrong_city,fixture-base-12,d5562de0e2a83eb75a5283cc308d5029c8fdf9ff8641aa0a418d47978400e998,cd6fbc5fb7763b3b83939b07a307c9a94efa49be29a928c55fe2712340b36782,csi-pairs-v6-software-fixture,ded1ec639ff3e6fd5eba769d42db1ed36222a48af333a30a670254b30b164b74,620f300cbec1f56da4691882bc7dbe52593dc597fc62f6ae925c0f6ac72f1c6b,True,FORBIDDEN,0901433cbfe906073eae45118a1466e03afab04a766a3061a988ffe089ba4e01,9548a24a4faf5db17b5251df407b4402de033ae8648ec321c850fe6105002cf1,8128818d8ea8f5c3517d04da28955f010269df61e756429957a0a032386f6c51
fixture-bank-12:1:source-a:fixture-bank-12:p0000,correct,fixture-base-12,43fc05ca825c7ff2e7c00c016f80b1cce1f9303158dc70eba6d35120eb50ac68,23bc76fd36d1490877c3d533b77daa34101fee5b32e5371bb67f3a556051ad6d,csi-pairs-v6-software-fixture,ded1ec639ff3e6fd5eba769d42db1ed36222a48af333a30a670254b30b164b74,620f300cbec1f56da4691882bc7dbe52593dc597fc62f6ae925c0f6ac72f1c6b,True,FORBIDDEN,0901433cbfe906073eae45118a1466e03afab04a766a3061a988ffe089ba4e01,9548a24a4faf5db17b5251df407b4402de033ae8648ec321c850fe6105002cf1,8128818d8ea8f5c3517d04da28955f010269df61e756429957a0a032386f6c51
fixture-bank-12:1:source-a:fixture-bank-12:p0000,empty,fixture-base-12,80422bc3d307b4a25bdafcc84ac7fb01cb55a09810e8b0f37bb12e0edb5c48ca,9e55c822c8873725352f0c67ef4fee4f2aaffcd3ca9f5ff0b09459833c18bb65,csi-pairs-v6-software-fixture,ded1ec639ff3e6fd5eba769d42db1ed36222a48af333a30a670254b30b164b74,620f300cbec1f56da4691882bc7dbe52593dc597fc62f6ae925c0f6ac72f1c6b,True,FORBIDDEN,0901433cbfe906073eae45118a1466e03afab04a766a3061a988ffe089ba4e01,9548a24a4faf5db17b5251df407b4402de033ae8648ec321c850fe6105002cf1,8128818d8ea8f5c3517d04da28955f010269df61e756429957a0a032386f6c51
fixture-bank-12:1:source-a:fixture-bank-12:p0000,geometry_destroyed,fixture-base-12,ebb52e678515a21fcdf481c113818a9b5e3e164e61cc1c0b8e4c3e861d4b7ba8,668aa1e4b33d38df51f3c5dfb22b1d9eb0dd680eb50ff3d4ee2f3bea8587c66b,csi-pairs-v6-software-fixture,ded1ec639ff3e6fd5eba769d42db1ed36222a48af333a30a670254b30b164b74,620f300cbec1f56da4691882bc7dbe52593dc597fc62f6ae925c0f6ac72f1c6b,True,FORBIDDEN,0901433cbfe906073eae45118a1466e03afab04a766a3061a988ffe089ba4e01,9548a24a4faf5db17b5251df407b4402de033ae8648ec321c850fe6105002cf1,8128818d8ea8f5c3517d04da28955f010269df61e756429957a0a032386f6c51
fixture-bank-12:1:source-a:fixture-bank-12:p0000,paired_active_alternative,fixture-base-12,e4d64cf26bec851e0163f1b51622c7a073fc8730f9da6393e327cba58d3ab99e,927fde828e59e1ecbe343f1bbcbceb2ff213b54eb30b30ab5bdef182ab5453d8,csi-pairs-v6-software-fixture,ded1ec639ff3e6fd5eba769d42db1ed36222a48af333a30a670254b30b164b74,620f300cbec1f56da4691882bc7dbe52593dc597fc62f6ae925c0f6ac72f1c6b,True,FORBIDDEN,0901433cbfe906073eae45118a1466e03afab04a766a3061a988ffe089ba4e01,9548a24a4faf5db17b5251df407b4402de033ae8648ec321c850fe6105002cf1,8128818d8ea8f5c3517d04da28955f010269df61e756429957a0a032386f6c51
fixture-bank-12:1:source-a:fixture-bank-12:p0000,paired_null_alternative,fixture-base-12,f5927760d3b1814b4517f2d4ec916c38c996cc08756aa052f486f1e0d64db008,719a7d05cde3cc71c3af8129894c75af7bff1eb0b0a1d470e9eb55a208db38bf,csi-pairs-v6-software-fixture,ded1ec639ff3e6fd5eba769d42db1ed36222a48af333a30a670254b30b164b74,620f300cbec1f56da4691882bc7dbe52593dc597fc62f6ae925c0f6ac72f1c6b,True,FORBIDDEN,0901433cbfe906073eae45118a1466e03afab04a766a3061a988ffe089ba4e01,9548a24a4faf5db17b5251df407b4402de033ae8648ec321c850fe6105002cf1,8128818d8ea8f5c3517d04da28955f010269df61e756429957a0a032386f6c51
fixture-bank-12:1:source-a:fixture-bank-12:p0000,wrong_city,fixture-base-12,d5562de0e2a83eb75a5283cc308d5029c8fdf9ff8641aa0a418d47978400e998,cd6fbc5fb7763b3b83939b07a307c9a94efa49be29a928c55fe2712340b36782,csi-pairs-v6-software-fixture,ded1ec639ff3e6fd5eba769d42db1ed36222a48af333a30a670254b30b164b74,620f300cbec1f56da4691882bc7dbe52593dc597fc62f6ae925c0f6ac72f1c6b,True,FORBIDDEN,0901433cbfe906073eae45118a1466e03afab04a766a3061a988ffe089ba4e01,9548a24a4faf5db17b5251df407b4402de033ae8648ec321c850fe6105002cf1,8128818d8ea8f5c3517d04da28955f010269df61e756429957a0a032386f6c51
fixture-bank-12:1:source-a:fixture-bank-12:p0001,correct,fixture-base-12,43fc05ca825c7ff2e7c00c016f80b1cce1f9303158dc70eba6d35120eb50ac68,23bc76fd36d1490877c3d533b77daa34101fee5b32e5371bb67f3a556051ad6d,csi-pairs-v6-software-fixture,ded1ec639ff3e6fd5eba769d42db1ed36222a48af333a30a670254b30b164b74,620f300cbec1f56da4691882bc7dbe52593dc597fc62f6ae925c0f6ac72f1c6b,True,FORBIDDEN,0901433cbfe906073eae45118a1466e03afab04a766a3061a988ffe089ba4e01,9548a24a4faf5db17b5251df407b4402de033ae8648ec321c850fe6105002cf1,8128818d8ea8f5c3517d04da28955f010269df61e756429957a0a032386f6c51
fixture-bank-12:1:source-a:fixture-bank-12:p0001,empty,fixture-base-12,80422bc3d307b4a25bdafcc84ac7fb01cb55a09810e8b0f37bb12e0edb5c48ca,9e55c822c8873725352f0c67ef4fee4f2aaffcd3ca9f5ff0b09459833c18bb65,csi-pairs-v6-software-fixture,ded1ec639ff3e6fd5eba769d42db1ed36222a48af333a30a670254b30b164b74,620f300cbec1f56da4691882bc7dbe52593dc597fc62f6ae925c0f6ac72f1c6b,True,FORBIDDEN,0901433cbfe906073eae45118a1466e03afab04a766a3061a988ffe089ba4e01,9548a24a4faf5db17b5251df407b4402de033ae8648ec321c850fe6105002cf1,8128818d8ea8f5c3517d04da28955f010269df61e756429957a0a032386f6c51
fixture-bank-12:1:source-a:fixture-bank-12:p0001,geometry_destroyed,fixture-base-12,1e85c0ea8a1193a988d5f470b96b2eb671e66d6e602fb94997614ad6b2c2fa89,668aa1e4b33d38df51f3c5dfb22b1d9eb0dd680eb50ff3d4ee2f3bea8587c66b,csi-pairs-v6-software-fixture,ded1ec639ff3e6fd5eba769d42db1ed36222a48af333a30a670254b30b164b74,620f300cbec1f56da4691882bc7dbe52593dc597fc62f6ae925c0f6ac72f1c6b,True,FORBIDDEN,0901433cbfe906073eae45118a1466e03afab04a766a3061a988ffe089ba4e01,9548a24a4faf5db17b5251df407b4402de033ae8648ec321c850fe6105002cf1,8128818d8ea8f5c3517d04da28955f010269df61e756429957a0a032386f6c51
fixture-bank-12:1:source-a:fixture-bank-12:p0001,paired_active_alternative,fixture-base-12,e4d64cf26bec851e0163f1b51622c7a073fc8730f9da6393e327cba58d3ab99e,927fde828e59e1ecbe343f1bbcbceb2ff213b54eb30b30ab5bdef182ab5453d8,csi-pairs-v6-software-fixture,ded1ec639ff3e6fd5eba769d42db1ed36222a48af333a30a670254b30b164b74,620f300cbec1f56da4691882bc7dbe52593dc597fc62f6ae925c0f6ac72f1c6b,True,FORBIDDEN,0901433cbfe906073eae45118a1466e03afab04a766a3061a988ffe089ba4e01,9548a24a4faf5db17b5251df407b4402de033ae8648ec321c850fe6105002cf1,8128818d8ea8f5c3517d04da28955f010269df61e756429957a0a032386f6c51
fixture-bank-12:1:source-a:fixture-bank-12:p0001,paired_null_alternative,fixture-base-12,f5927760d3b1814b4517f2d4ec916c38c996cc08756aa052f486f1e0d64db008,719a7d05cde3cc71c3af8129894c75af7bff1eb0b0a1d470e9eb55a208db38bf,csi-pairs-v6-software-fixture,ded1ec639ff3e6fd5eba769d42db1ed36222a48af333a30a670254b30b164b74,620f300cbec1f56da4691882bc7dbe52593dc597fc62f6ae925c0f6ac72f1c6b,True,FORBIDDEN,0901433cbfe906073eae45118a1466e03afab04a766a3061a988ffe089ba4e01,9548a24a4faf5db17b5251df407b4402de033ae8648ec321c850fe6105002cf1,8128818d8ea8f5c3517d04da28955f010269df61e756429957a0a032386f6c51
fixture-bank-12:1:source-a:fixture-bank-12:p0001,wrong_city,fixture-base-12,d5562de0e2a83eb75a5283cc308d5029c8fdf9ff8641aa0a418d47978400e998,cd6fbc5fb7763b3b83939b07a307c9a94efa49be29a928c55fe2712340b36782,csi-pairs-v6-software-fixture,ded1ec639ff3e6fd5eba769d42db1ed36222a48af333a30a670254b30b164b74,620f300cbec1f56da4691882bc7dbe52593dc597fc62f6ae925c0f6ac72f1c6b,True,FORBIDDEN,0901433cbfe906073eae45118a1466e03afab04a766a3061a988ffe089ba4e01,9548a24a4faf5db17b5251df407b4402de033ae8648ec321c850fe6105002cf1,8128818d8ea8f5c3517d04da28955f010269df61e756429957a0a032386f6c51
fixture-bank-12:1:source-a:fixture-bank-12:p0002,correct,fixture-base-12,43fc05ca825c7ff2e7c00c016f80b1cce1f9303158dc70eba6d35120eb50ac68,23bc76fd36d1490877c3d533b77daa34101fee5b32e5371bb67f3a556051ad6d,csi-pairs-v6-software-fixture,ded1ec639ff3e6fd5eba769d42db1ed36222a48af333a30a670254b30b164b74,620f300cbec1f56da4691882bc7dbe52593dc597fc62f6ae925c0f6ac72f1c6b,True,FORBIDDEN,0901433cbfe906073eae45118a1466e03afab04a766a3061a988ffe089ba4e01,9548a24a4faf5db17b5251df407b4402de033ae8648ec321c850fe6105002cf1,8128818d8ea8f5c3517d04da28955f010269df61e756429957a0a032386f6c51
fixture-bank-12:1:source-a:fixture-bank-12:p0002,empty,fixture-base-12,80422bc3d307b4a25bdafcc84ac7fb01cb55a09810e8b0f37bb12e0edb5c48ca,9e55c822c8873725352f0c67ef4fee4f2aaffcd3ca9f5ff0b09459833c18bb65,csi-pairs-v6-software-fixture,ded1ec639ff3e6fd5eba769d42db1ed36222a48af333a30a670254b30b164b74,620f300cbec1f56da4691882bc7dbe52593dc597fc62f6ae925c0f6ac72f1c6b,True,FORBIDDEN,0901433cbfe906073eae45118a1466e03afab04a766a3061a988ffe089ba4e01,9548a24a4faf5db17b5251df407b4402de033ae8648ec321c850fe6105002cf1,8128818d8ea8f5c3517d04da28955f010269df61e756429957a0a032386f6c51
fixture-bank-12:1:source-a:fixture-bank-12:p0002,geometry_destroyed,fixture-base-12,421383d5d51cc3daf5e407c9756b7d592493eba8cfe67fce0a502c11d75a1802,668aa1e4b33d38df51f3c5dfb22b1d9eb0dd680eb50ff3d4ee2f3bea8587c66b,csi-pairs-v6-software-fixture,ded1ec639ff3e6fd5eba769d42db1ed36222a48af333a30a670254b30b164b74,620f300cbec1f56da4691882bc7dbe52593dc597fc62f6ae925c0f6ac72f1c6b,True,FORBIDDEN,0901433cbfe906073eae45118a1466e03afab04a766a3061a988ffe089ba4e01,9548a24a4faf5db17b5251df407b4402de033ae8648ec321c850fe6105002cf1,8128818d8ea8f5c3517d04da28955f010269df61e756429957a0a032386f6c51
fixture-bank-12:1:source-a:fixture-bank-12:p0002,paired_active_alternative,fixture-base-12,f5927760d3b1814b4517f2d4ec916c38c996cc08756aa052f486f1e0d64db008,953754fcda9fefb0fe51569c49c53f60b360596c76bc87f67af93b1ed0b2c3a9,csi-pairs-v6-software-fixture,ded1ec639ff3e6fd5eba769d42db1ed36222a48af333a30a670254b30b164b74,620f300cbec1f56da4691882bc7dbe52593dc597fc62f6ae925c0f6ac72f1c6b,True,FORBIDDEN,0901433cbfe906073eae45118a1466e03afab04a766a3061a988ffe089ba4e01,9548a24a4faf5db17b5251df407b4402de033ae8648ec321c850fe6105002cf1,8128818d8ea8f5c3517d04da28955f010269df61e756429957a0a032386f6c51
fixture-bank-12:1:source-a:fixture-bank-12:p0002,paired_null_alternative,fixture-base-12,e4d64cf26bec851e0163f1b51622c7a073fc8730f9da6393e327cba58d3ab99e,809207241c4e6187b80849afd140c666e1fb16db4a1af75210a3f677180f55c9,csi-pairs-v6-software-fixture,ded1ec639ff3e6fd5eba769d42db1ed36222a48af333a30a670254b30b164b74,620f300cbec1f56da4691882bc7dbe52593dc597fc62f6ae925c0f6ac72f1c6b,True,FORBIDDEN,0901433cbfe906073eae45118a1466e03afab04a766a3061a988ffe089ba4e01,9548a24a4faf5db17b5251df407b4402de033ae8648ec321c850fe6105002cf1,8128818d8ea8f5c3517d04da28955f010269df61e756429957a0a032386f6c51
fixture-bank-12:1:source-a:fixture-bank-12:p0002,wrong_city,fixture-base-12,d5562de0e2a83eb75a5283cc308d5029c8fdf9ff8641aa0a418d47978400e998,cd6fbc5fb7763b3b83939b07a307c9a94efa49be29a928c55fe2712340b36782,csi-pairs-v6-software-fixture,ded1ec639ff3e6fd5eba769d42db1ed36222a48af333a30a670254b30b164b74,620f300cbec1f56da4691882bc7dbe52593dc597fc62f6ae925c0f6ac72f1c6b,True,FORBIDDEN,0901433cbfe906073eae45118a1466e03afab04a766a3061a988ffe089ba4e01,9548a24a4faf5db17b5251df407b4402de033ae8648ec321c850fe6105002cf1,8128818d8ea8f5c3517d04da28955f010269df61e756429957a0a032386f6c51
fixture-bank-12:1:source-a:fixture-bank-12:p0003,correct,fixture-base-12,43fc05ca825c7ff2e7c00c016f80b1cce1f9303158dc70eba6d35120eb50ac68,23bc76fd36d1490877c3d533b77daa34101fee5b32e5371bb67f3a556051ad6d,csi-pairs-v6-software-fixture,ded1ec639ff3e6fd5eba769d42db1ed36222a48af333a30a670254b30b164b74,620f300cbec1f56da4691882bc7dbe52593dc597fc62f6ae925c0f6ac72f1c6b,True,FORBIDDEN,0901433cbfe906073eae45118a1466e03afab04a766a3061a988ffe089ba4e01,9548a24a4faf5db17b5251df407b4402de033ae8648ec321c850fe6105002cf1,8128818d8ea8f5c3517d04da28955f010269df61e756429957a0a032386f6c51
fixture-bank-12:1:source-a:fixture-bank-12:p0003,empty,fixture-base-12,80422bc3d307b4a25bdafcc84ac7fb01cb55a09810e8b0f37bb12e0edb5c48ca,9e55c822c8873725352f0c67ef4fee4f2aaffcd3ca9f5ff0b09459833c18bb65,csi-pairs-v6-software-fixture,ded1ec639ff3e6fd5eba769d42db1ed36222a48af333a30a670254b30b164b74,620f300cbec1f56da4691882bc7dbe52593dc597fc62f6ae925c0f6ac72f1c6b,True,FORBIDDEN,0901433cbfe906073eae45118a1466e03afab04a766a3061a988ffe089ba4e01,9548a24a4faf5db17b5251df407b4402de033ae8648ec321c850fe6105002cf1,8128818d8ea8f5c3517d04da28955f010269df61e756429957a0a032386f6c51
fixture-bank-12:1:source-a:fixture-bank-12:p0003,geometry_destroyed,fixture-base-12,dc8bff29c8b10af5891decbcc7bfd1c4bf6151247316f17cd002ae5385083d5f,668aa1e4b33d38df51f3c5dfb22b1d9eb0dd680eb50ff3d4ee2f3bea8587c66b,csi-pairs-v6-software-fixture,ded1ec639ff3e6fd5eba769d42db1ed36222a48af333a30a670254b30b164b74,620f300cbec1f56da4691882bc7dbe52593dc597fc62f6ae925c0f6ac72f1c6b,True,FORBIDDEN,0901433cbfe906073eae45118a1466e03afab04a766a3061a988ffe089ba4e01,9548a24a4faf5db17b5251df407b4402de033ae8648ec321c850fe6105002cf1,8128818d8ea8f5c3517d04da28955f010269df61e756429957a0a032386f6c51
fixture-bank-12:1:source-a:fixture-bank-12:p0003,paired_active_alternative,fixture-base-12,f5927760d3b1814b4517f2d4ec916c38c996cc08756aa052f486f1e0d64db008,953754fcda9fefb0fe51569c49c53f60b360596c76bc87f67af93b1ed0b2c3a9,csi-pairs-v6-software-fixture,ded1ec639ff3e6fd5eba769d42db1ed36222a48af333a30a670254b30b164b74,620f300cbec1f56da4691882bc7dbe52593dc597fc62f6ae925c0f6ac72f1c6b,True,FORBIDDEN,0901433cbfe906073eae45118a1466e03afab04a766a3061a988ffe089ba4e01,9548a24a4faf5db17b5251df407b4402de033ae8648ec321c850fe6105002cf1,8128818d8ea8f5c3517d04da28955f010269df61e756429957a0a032386f6c51
fixture-bank-12:1:source-a:fixture-bank-12:p0003,paired_null_alternative,fixture-base-12,e4d64cf26bec851e0163f1b51622c7a073fc8730f9da6393e327cba58d3ab99e,809207241c4e6187b80849afd140c666e1fb16db4a1af75210a3f677180f55c9,csi-pairs-v6-software-fixture,ded1ec639ff3e6fd5eba769d42db1ed36222a48af333a30a670254b30b164b74,620f300cbec1f56da4691882bc7dbe52593dc597fc62f6ae925c0f6ac72f1c6b,True,FORBIDDEN,0901433cbfe906073eae45118a1466e03afab04a766a3061a988ffe089ba4e01,9548a24a4faf5db17b5251df407b4402de033ae8648ec321c850fe6105002cf1,8128818d8ea8f5c3517d04da28955f010269df61e756429957a0a032386f6c51
fixture-bank-12:1:source-a:fixture-bank-12:p0003,wrong_city,fixture-base-12,d5562de0e2a83eb75a5283cc308d5029c8fdf9ff8641aa0a418d47978400e998,cd6fbc5fb7763b3b83939b07a307c9a94efa49be29a928c55fe2712340b36782,csi-pairs-v6-software-fixture,ded1ec639ff3e6fd5eba769d42db1ed36222a48af333a30a670254b30b164b74,620f300cbec1f56da4691882bc7dbe52593dc597fc62f6ae925c0f6ac72f1c6b,True,FORBIDDEN,0901433cbfe906073eae45118a1466e03afab04a766a3061a988ffe089ba4e01,9548a24a4faf5db17b5251df407b4402de033ae8648ec321c850fe6105002cf1,8128818d8ea8f5c3517d04da28955f010269df61e756429957a0a032386f6c51
fixture-bank-12:1:source-a:fixture-bank-12:p0006,correct,fixture-base-12,43fc05ca825c7ff2e7c00c016f80b1cce1f9303158dc70eba6d35120eb50ac68,23bc76fd36d1490877c3d533b77daa34101fee5b32e5371bb67f3a556051ad6d,csi-pairs-v6-software-fixture,ded1ec639ff3e6fd5eba769d42db1ed36222a48af333a30a670254b30b164b74,620f300cbec1f56da4691882bc7dbe52593dc597fc62f6ae925c0f6ac72f1c6b,True,FORBIDDEN,0901433cbfe906073eae45118a1466e03afab04a766a3061a988ffe089ba4e01,9548a24a4faf5db17b5251df407b4402de033ae8648ec321c850fe6105002cf1,8128818d8ea8f5c3517d04da28955f010269df61e756429957a0a032386f6c51
fixture-bank-12:1:source-a:fixture-bank-12:p0006,empty,fixture-base-12,80422bc3d307b4a25bdafcc84ac7fb01cb55a09810e8b0f37bb12e0edb5c48ca,9e55c822c8873725352f0c67ef4fee4f2aaffcd3ca9f5ff0b09459833c18bb65,csi-pairs-v6-software-fixture,ded1ec639ff3e6fd5eba769d42db1ed36222a48af333a30a670254b30b164b74,620f300cbec1f56da4691882bc7dbe52593dc597fc62f6ae925c0f6ac72f1c6b,True,FORBIDDEN,0901433cbfe906073eae45118a1466e03afab04a766a3061a988ffe089ba4e01,9548a24a4faf5db17b5251df407b4402de033ae8648ec321c850fe6105002cf1,8128818d8ea8f5c3517d04da28955f010269df61e756429957a0a032386f6c51
fixture-bank-12:1:source-a:fixture-bank-12:p0006,geometry_destroyed,fixture-base-12,ee57fa71444e90c59cd14e8a3c8394f393e367d3190c1969c8f5477c320224a6,668aa1e4b33d38df51f3c5dfb22b1d9eb0dd680eb50ff3d4ee2f3bea8587c66b,csi-pairs-v6-software-fixture,ded1ec639ff3e6fd5eba769d42db1ed36222a48af333a30a670254b30b164b74,620f300cbec1f56da4691882bc7dbe52593dc597fc62f6ae925c0f6ac72f1c6b,True,FORBIDDEN,0901433cbfe906073eae45118a1466e03afab04a766a3061a988ffe089ba4e01,9548a24a4faf5db17b5251df407b4402de033ae8648ec321c850fe6105002cf1,8128818d8ea8f5c3517d04da28955f010269df61e756429957a0a032386f6c51
fixture-bank-12:1:source-a:fixture-bank-12:p0006,paired_active_alternative,fixture-base-12,f5927760d3b1814b4517f2d4ec916c38c996cc08756aa052f486f1e0d64db008,953754fcda9fefb0fe51569c49c53f60b360596c76bc87f67af93b1ed0b2c3a9,csi-pairs-v6-software-fixture,ded1ec639ff3e6fd5eba769d42db1ed36222a48af333a30a670254b30b164b74,620f300cbec1f56da4691882bc7dbe52593dc597fc62f6ae925c0f6ac72f1c6b,True,FORBIDDEN,0901433cbfe906073eae45118a1466e03afab04a766a3061a988ffe089ba4e01,9548a24a4faf5db17b5251df407b4402de033ae8648ec321c850fe6105002cf1,8128818d8ea8f5c3517d04da28955f010269df61e756429957a0a032386f6c51
fixture-bank-12:1:source-a:fixture-bank-12:p0006,paired_null_alternative,fixture-base-12,e4d64cf26bec851e0163f1b51622c7a073fc8730f9da6393e327cba58d3ab99e,809207241c4e6187b80849afd140c666e1fb16db4a1af75210a3f677180f55c9,csi-pairs-v6-software-fixture,ded1ec639ff3e6fd5eba769d42db1ed36222a48af333a30a670254b30b164b74,620f300cbec1f56da4691882bc7dbe52593dc597fc62f6ae925c0f6ac72f1c6b,True,FORBIDDEN,0901433cbfe906073eae45118a1466e03afab04a766a3061a988ffe089ba4e01,9548a24a4faf5db17b5251df407b4402de033ae8648ec321c850fe6105002cf1,8128818d8ea8f5c3517d04da28955f010269df61e756429957a0a032386f6c51
fixture-bank-12:1:source-a:fixture-bank-12:p0006,wrong_city,fixture-base-12,d5562de0e2a83eb75a5283cc308d5029c8fdf9ff8641aa0a418d47978400e998,cd6fbc5fb7763b3b83939b07a307c9a94efa49be29a928c55fe2712340b36782,csi-pairs-v6-software-fixture,ded1ec639ff3e6fd5eba769d42db1ed36222a48af333a30a670254b30b164b74,620f300cbec1f56da4691882bc7dbe52593dc597fc62f6ae925c0f6ac72f1c6b,True,FORBIDDEN,0901433cbfe906073eae45118a1466e03afab04a766a3061a988ffe089ba4e01,9548a24a4faf5db17b5251df407b4402de033ae8648ec321c850fe6105002cf1,8128818d8ea8f5c3517d04da28955f010269df61e756429957a0a032386f6c51
fixture-bank-12:1:source-a:fixture-bank-12:p0007,correct,fixture-base-12,43fc05ca825c7ff2e7c00c016f80b1cce1f9303158dc70eba6d35120eb50ac68,23bc76fd36d1490877c3d533b77daa34101fee5b32e5371bb67f3a556051ad6d,csi-pairs-v6-software-fixture,ded1ec639ff3e6fd5eba769d42db1ed36222a48af333a30a670254b30b164b74,620f300cbec1f56da4691882bc7dbe52593dc597fc62f6ae925c0f6ac72f1c6b,True,FORBIDDEN,0901433cbfe906073eae45118a1466e03afab04a766a3061a988ffe089ba4e01,9548a24a4faf5db17b5251df407b4402de033ae8648ec321c850fe6105002cf1,8128818d8ea8f5c3517d04da28955f010269df61e756429957a0a032386f6c51
fixture-bank-12:1:source-a:fixture-bank-12:p0007,empty,fixture-base-12,80422bc3d307b4a25bdafcc84ac7fb01cb55a09810e8b0f37bb12e0edb5c48ca,9e55c822c8873725352f0c67ef4fee4f2aaffcd3ca9f5ff0b09459833c18bb65,csi-pairs-v6-software-fixture,ded1ec639ff3e6fd5eba769d42db1ed36222a48af333a30a670254b30b164b74,620f300cbec1f56da4691882bc7dbe52593dc597fc62f6ae925c0f6ac72f1c6b,True,FORBIDDEN,0901433cbfe906073eae45118a1466e03afab04a766a3061a988ffe089ba4e01,9548a24a4faf5db17b5251df407b4402de033ae8648ec321c850fe6105002cf1,8128818d8ea8f5c3517d04da28955f010269df61e756429957a0a032386f6c51
fixture-bank-12:1:source-a:fixture-bank-12:p0007,geometry_destroyed,fixture-base-12,8e76e9ba6ecf8a13c71a9cf28032b947e7b7fee975ec34cb221bef491a467932,668aa1e4b33d38df51f3c5dfb22b1d9eb0dd680eb50ff3d4ee2f3bea8587c66b,csi-pairs-v6-software-fixture,ded1ec639ff3e6fd5eba769d42db1ed36222a48af333a30a670254b30b164b74,620f300cbec1f56da4691882bc7dbe52593dc597fc62f6ae925c0f6ac72f1c6b,True,FORBIDDEN,0901433cbfe906073eae45118a1466e03afab04a766a3061a988ffe089ba4e01,9548a24a4faf5db17b5251df407b4402de033ae8648ec321c850fe6105002cf1,8128818d8ea8f5c3517d04da28955f010269df61e756429957a0a032386f6c51
fixture-bank-12:1:source-a:fixture-bank-12:p0007,paired_active_alternative,fixture-base-12,f5927760d3b1814b4517f2d4ec916c38c996cc08756aa052f486f1e0d64db008,953754fcda9fefb0fe51569c49c53f60b360596c76bc87f67af93b1ed0b2c3a9,csi-pairs-v6-software-fixture,ded1ec639ff3e6fd5eba769d42db1ed36222a48af333a30a670254b30b164b74,620f300cbec1f56da4691882bc7dbe52593dc597fc62f6ae925c0f6ac72f1c6b,True,FORBIDDEN,0901433cbfe906073eae45118a1466e03afab04a766a3061a988ffe089ba4e01,9548a24a4faf5db17b5251df407b4402de033ae8648ec321c850fe6105002cf1,8128818d8ea8f5c3517d04da28955f010269df61e756429957a0a032386f6c51
fixture-bank-12:1:source-a:fixture-bank-12:p0007,paired_null_alternative,fixture-base-12,e4d64cf26bec851e0163f1b51622c7a073fc8730f9da6393e327cba58d3ab99e,809207241c4e6187b80849afd140c666e1fb16db4a1af75210a3f677180f55c9,csi-pairs-v6-software-fixture,ded1ec639ff3e6fd5eba769d42db1ed36222a48af333a30a670254b30b164b74,620f300cbec1f56da4691882bc7dbe52593dc597fc62f6ae925c0f6ac72f1c6b,True,FORBIDDEN,0901433cbfe906073eae45118a1466e03afab04a766a3061a988ffe089ba4e01,9548a24a4faf5db17b5251df407b4402de033ae8648ec321c850fe6105002cf1,8128818d8ea8f5c3517d04da28955f010269df61e756429957a0a032386f6c51
fixture-bank-12:1:source-a:fixture-bank-12:p0007,wrong_city,fixture-base-12,d5562de0e2a83eb75a5283cc308d5029c8fdf9ff8641aa0a418d47978400e998,cd6fbc5fb7763b3b83939b07a307c9a94efa49be29a928c55fe2712340b36782,csi-pairs-v6-software-fixture,ded1ec639ff3e6fd5eba769d42db1ed36222a48af333a30a670254b30b164b74,620f300cbec1f56da4691882bc7dbe52593dc597fc62f6ae925c0f6ac72f1c6b,True,FORBIDDEN,0901433cbfe906073eae45118a1466e03afab04a766a3061a988ffe089ba4e01,9548a24a4faf5db17b5251df407b4402de033ae8648ec321c850fe6105002cf1,8128818d8ea8f5c3517d04da28955f010269df61e756429957a0a032386f6c51
fixture-bank-12:2:source-a:fixture-bank-12:p0000,correct,fixture-base-12,8d2c6d3ad657216758cb61a91554f699ef6b692f87e6208b2f34dfa43603b79c,23bc76fd36d1490877c3d533b77daa34101fee5b32e5371bb67f3a556051ad6d,csi-pairs-v6-software-fixture,ded1ec639ff3e6fd5eba769d42db1ed36222a48af333a30a670254b30b164b74,620f300cbec1f56da4691882bc7dbe52593dc597fc62f6ae925c0f6ac72f1c6b,True,FORBIDDEN,0901433cbfe906073eae45118a1466e03afab04a766a3061a988ffe089ba4e01,9548a24a4faf5db17b5251df407b4402de033ae8648ec321c850fe6105002cf1,8128818d8ea8f5c3517d04da28955f010269df61e756429957a0a032386f6c51
fixture-bank-12:2:source-a:fixture-bank-12:p0000,empty,fixture-base-12,80422bc3d307b4a25bdafcc84ac7fb01cb55a09810e8b0f37bb12e0edb5c48ca,9e55c822c8873725352f0c67ef4fee4f2aaffcd3ca9f5ff0b09459833c18bb65,csi-pairs-v6-software-fixture,ded1ec639ff3e6fd5eba769d42db1ed36222a48af333a30a670254b30b164b74,620f300cbec1f56da4691882bc7dbe52593dc597fc62f6ae925c0f6ac72f1c6b,True,FORBIDDEN,0901433cbfe906073eae45118a1466e03afab04a766a3061a988ffe089ba4e01,9548a24a4faf5db17b5251df407b4402de033ae8648ec321c850fe6105002cf1,8128818d8ea8f5c3517d04da28955f010269df61e756429957a0a032386f6c51
fixture-bank-12:2:source-a:fixture-bank-12:p0000,geometry_destroyed,fixture-base-12,33eece475bf29721022d3de1074fe799d1529833a1913be4e7b0ee7ed15c290a,668aa1e4b33d38df51f3c5dfb22b1d9eb0dd680eb50ff3d4ee2f3bea8587c66b,csi-pairs-v6-software-fixture,ded1ec639ff3e6fd5eba769d42db1ed36222a48af333a30a670254b30b164b74,620f300cbec1f56da4691882bc7dbe52593dc597fc62f6ae925c0f6ac72f1c6b,True,FORBIDDEN,0901433cbfe906073eae45118a1466e03afab04a766a3061a988ffe089ba4e01,9548a24a4faf5db17b5251df407b4402de033ae8648ec321c850fe6105002cf1,8128818d8ea8f5c3517d04da28955f010269df61e756429957a0a032386f6c51
fixture-bank-12:2:source-a:fixture-bank-12:p0000,paired_active_alternative,fixture-base-12,f5927760d3b1814b4517f2d4ec916c38c996cc08756aa052f486f1e0d64db008,7a0bfd8c97db3acb545e73a56dcb2a570055f3bdee9de49b563dc915a6613306,csi-pairs-v6-software-fixture,ded1ec639ff3e6fd5eba769d42db1ed36222a48af333a30a670254b30b164b74,620f300cbec1f56da4691882bc7dbe52593dc597fc62f6ae925c0f6ac72f1c6b,True,FORBIDDEN,0901433cbfe906073eae45118a1466e03afab04a766a3061a988ffe089ba4e01,9548a24a4faf5db17b5251df407b4402de033ae8648ec321c850fe6105002cf1,8128818d8ea8f5c3517d04da28955f010269df61e756429957a0a032386f6c51
fixture-bank-12:2:source-a:fixture-bank-12:p0000,paired_null_alternative,fixture-base-12,e4d64cf26bec851e0163f1b51622c7a073fc8730f9da6393e327cba58d3ab99e,54ecb88db7fa696b04c7ce6cedc8b1a35518065654d481f02713940c622d20cd,csi-pairs-v6-software-fixture,ded1ec639ff3e6fd5eba769d42db1ed36222a48af333a30a670254b30b164b74,620f300cbec1f56da4691882bc7dbe52593dc597fc62f6ae925c0f6ac72f1c6b,True,FORBIDDEN,0901433cbfe906073eae45118a1466e03afab04a766a3061a988ffe089ba4e01,9548a24a4faf5db17b5251df407b4402de033ae8648ec321c850fe6105002cf1,8128818d8ea8f5c3517d04da28955f010269df61e756429957a0a032386f6c51
fixture-bank-12:2:source-a:fixture-bank-12:p0000,wrong_city,fixture-base-12,d5562de0e2a83eb75a5283cc308d5029c8fdf9ff8641aa0a418d47978400e998,cd6fbc5fb7763b3b83939b07a307c9a94efa49be29a928c55fe2712340b36782,csi-pairs-v6-software-fixture,ded1ec639ff3e6fd5eba769d42db1ed36222a48af333a30a670254b30b164b74,620f300cbec1f56da4691882bc7dbe52593dc597fc62f6ae925c0f6ac72f1c6b,True,FORBIDDEN,0901433cbfe906073eae45118a1466e03afab04a766a3061a988ffe089ba4e01,9548a24a4faf5db17b5251df407b4402de033ae8648ec321c850fe6105002cf1,8128818d8ea8f5c3517d04da28955f010269df61e756429957a0a032386f6c51
fixture-bank-12:2:source-a:fixture-bank-12:p0001,correct,fixture-base-12,8d2c6d3ad657216758cb61a91554f699ef6b692f87e6208b2f34dfa43603b79c,23bc76fd36d1490877c3d533b77daa34101fee5b32e5371bb67f3a556051ad6d,csi-pairs-v6-software-fixture,ded1ec639ff3e6fd5eba769d42db1ed36222a48af333a30a670254b30b164b74,620f300cbec1f56da4691882bc7dbe52593dc597fc62f6ae925c0f6ac72f1c6b,True,FORBIDDEN,0901433cbfe906073eae45118a1466e03afab04a766a3061a988ffe089ba4e01,9548a24a4faf5db17b5251df407b4402de033ae8648ec321c850fe6105002cf1,8128818d8ea8f5c3517d04da28955f010269df61e756429957a0a032386f6c51
fixture-bank-12:2:source-a:fixture-bank-12:p0001,empty,fixture-base-12,80422bc3d307b4a25bdafcc84ac7fb01cb55a09810e8b0f37bb12e0edb5c48ca,9e55c822c8873725352f0c67ef4fee4f2aaffcd3ca9f5ff0b09459833c18bb65,csi-pairs-v6-software-fixture,ded1ec639ff3e6fd5eba769d42db1ed36222a48af333a30a670254b30b164b74,620f300cbec1f56da4691882bc7dbe52593dc597fc62f6ae925c0f6ac72f1c6b,True,FORBIDDEN,0901433cbfe906073eae45118a1466e03afab04a766a3061a988ffe089ba4e01,9548a24a4faf5db17b5251df407b4402de033ae8648ec321c850fe6105002cf1,8128818d8ea8f5c3517d04da28955f010269df61e756429957a0a032386f6c51
fixture-bank-12:2:source-a:fixture-bank-12:p0001,geometry_destroyed,fixture-base-12,3c93139b404bbce96a15ba4a0abbcdad5a3af9d5eb7c4caa3b40ef06b7760408,668aa1e4b33d38df51f3c5dfb22b1d9eb0dd680eb50ff3d4ee2f3bea8587c66b,csi-pairs-v6-software-fixture,ded1ec639ff3e6fd5eba769d42db1ed36222a48af333a30a670254b30b164b74,620f300cbec1f56da4691882bc7dbe52593dc597fc62f6ae925c0f6ac72f1c6b,True,FORBIDDEN,0901433cbfe906073eae45118a1466e03afab04a766a3061a988ffe089ba4e01,9548a24a4faf5db17b5251df407b4402de033ae8648ec321c850fe6105002cf1,8128818d8ea8f5c3517d04da28955f010269df61e756429957a0a032386f6c51
fixture-bank-12:2:source-a:fixture-bank-12:p0001,paired_active_alternative,fixture-base-12,f5927760d3b1814b4517f2d4ec916c38c996cc08756aa052f486f1e0d64db008,7a0bfd8c97db3acb545e73a56dcb2a570055f3bdee9de49b563dc915a6613306,csi-pairs-v6-software-fixture,ded1ec639ff3e6fd5eba769d42db1ed36222a48af333a30a670254b30b164b74,620f300cbec1f56da4691882bc7dbe52593dc597fc62f6ae925c0f6ac72f1c6b,True,FORBIDDEN,0901433cbfe906073eae45118a1466e03afab04a766a3061a988ffe089ba4e01,9548a24a4faf5db17b5251df407b4402de033ae8648ec321c850fe6105002cf1,8128818d8ea8f5c3517d04da28955f010269df61e756429957a0a032386f6c51
fixture-bank-12:2:source-a:fixture-bank-12:p0001,paired_null_alternative,fixture-base-12,e4d64cf26bec851e0163f1b51622c7a073fc8730f9da6393e327cba58d3ab99e,54ecb88db7fa696b04c7ce6cedc8b1a35518065654d481f02713940c622d20cd,csi-pairs-v6-software-fixture,ded1ec639ff3e6fd5eba769d42db1ed36222a48af333a30a670254b30b164b74,620f300cbec1f56da4691882bc7dbe52593dc597fc62f6ae925c0f6ac72f1c6b,True,FORBIDDEN,0901433cbfe906073eae45118a1466e03afab04a766a3061a988ffe089ba4e01,9548a24a4faf5db17b5251df407b4402de033ae8648ec321c850fe6105002cf1,8128818d8ea8f5c3517d04da28955f010269df61e756429957a0a032386f6c51
fixture-bank-12:2:source-a:fixture-bank-12:p0001,wrong_city,fixture-base-12,d5562de0e2a83eb75a5283cc308d5029c8fdf9ff8641aa0a418d47978400e998,cd6fbc5fb7763b3b83939b07a307c9a94efa49be29a928c55fe2712340b36782,csi-pairs-v6-software-fixture,ded1ec639ff3e6fd5eba769d42db1ed36222a48af333a30a670254b30b164b74,620f300cbec1f56da4691882bc7dbe52593dc597fc62f6ae925c0f6ac72f1c6b,True,FORBIDDEN,0901433cbfe906073eae45118a1466e03afab04a766a3061a988ffe089ba4e01,9548a24a4faf5db17b5251df407b4402de033ae8648ec321c850fe6105002cf1,8128818d8ea8f5c3517d04da28955f010269df61e756429957a0a032386f6c51
fixture-bank-12:2:source-a:fixture-bank-12:p0002,correct,fixture-base-12,8d2c6d3ad657216758cb61a91554f699ef6b692f87e6208b2f34dfa43603b79c,23bc76fd36d1490877c3d533b77daa34101fee5b32e5371bb67f3a556051ad6d,csi-pairs-v6-software-fixture,ded1ec639ff3e6fd5eba769d42db1ed36222a48af333a30a670254b30b164b74,620f300cbec1f56da4691882bc7dbe52593dc597fc62f6ae925c0f6ac72f1c6b,True,FORBIDDEN,0901433cbfe906073eae45118a1466e03afab04a766a3061a988ffe089ba4e01,9548a24a4faf5db17b5251df407b4402de033ae8648ec321c850fe6105002cf1,8128818d8ea8f5c3517d04da28955f010269df61e756429957a0a032386f6c51
fixture-bank-12:2:source-a:fixture-bank-12:p0002,empty,fixture-base-12,80422bc3d307b4a25bdafcc84ac7fb01cb55a09810e8b0f37bb12e0edb5c48ca,9e55c822c8873725352f0c67ef4fee4f2aaffcd3ca9f5ff0b09459833c18bb65,csi-pairs-v6-software-fixture,ded1ec639ff3e6fd5eba769d42db1ed36222a48af333a30a670254b30b164b74,620f300cbec1f56da4691882bc7dbe52593dc597fc62f6ae925c0f6ac72f1c6b,True,FORBIDDEN,0901433cbfe906073eae45118a1466e03afab04a766a3061a988ffe089ba4e01,9548a24a4faf5db17b5251df407b4402de033ae8648ec321c850fe6105002cf1,8128818d8ea8f5c3517d04da28955f010269df61e756429957a0a032386f6c51
fixture-bank-12:2:source-a:fixture-bank-12:p0002,geometry_destroyed,fixture-base-12,baf8becaa792281a1e36202f10f4ba4b34ae54cb3e9c4d823e92341981088f19,668aa1e4b33d38df51f3c5dfb22b1d9eb0dd680eb50ff3d4ee2f3bea8587c66b,csi-pairs-v6-software-fixture,ded1ec639ff3e6fd5eba769d42db1ed36222a48af333a30a670254b30b164b74,620f300cbec1f56da4691882bc7dbe52593dc597fc62f6ae925c0f6ac72f1c6b,True,FORBIDDEN,0901433cbfe906073eae45118a1466e03afab04a766a3061a988ffe089ba4e01,9548a24a4faf5db17b5251df407b4402de033ae8648ec321c850fe6105002cf1,8128818d8ea8f5c3517d04da28955f010269df61e756429957a0a032386f6c51
fixture-bank-12:2:source-a:fixture-bank-12:p0002,paired_active_alternative,fixture-base-12,e4d64cf26bec851e0163f1b51622c7a073fc8730f9da6393e327cba58d3ab99e,99ad10c860e8410cf77e29bbd0e9e0128e0faa1dcb91865155b10463b0fc3d56,csi-pairs-v6-software-fixture,ded1ec639ff3e6fd5eba769d42db1ed36222a48af333a30a670254b30b164b74,620f300cbec1f56da4691882bc7dbe52593dc597fc62f6ae925c0f6ac72f1c6b,True,FORBIDDEN,0901433cbfe906073eae45118a1466e03afab04a766a3061a988ffe089ba4e01,9548a24a4faf5db17b5251df407b4402de033ae8648ec321c850fe6105002cf1,8128818d8ea8f5c3517d04da28955f010269df61e756429957a0a032386f6c51
fixture-bank-12:2:source-a:fixture-bank-12:p0002,paired_null_alternative,fixture-base-12,f5927760d3b1814b4517f2d4ec916c38c996cc08756aa052f486f1e0d64db008,6953cb6341bf4ecdd063a238f2b5387c933f61d6ca9d0516528de2478e94f8d4,csi-pairs-v6-software-fixture,ded1ec639ff3e6fd5eba769d42db1ed36222a48af333a30a670254b30b164b74,620f300cbec1f56da4691882bc7dbe52593dc597fc62f6ae925c0f6ac72f1c6b,True,FORBIDDEN,0901433cbfe906073eae45118a1466e03afab04a766a3061a988ffe089ba4e01,9548a24a4faf5db17b5251df407b4402de033ae8648ec321c850fe6105002cf1,8128818d8ea8f5c3517d04da28955f010269df61e756429957a0a032386f6c51
fixture-bank-12:2:source-a:fixture-bank-12:p0002,wrong_city,fixture-base-12,d5562de0e2a83eb75a5283cc308d5029c8fdf9ff8641aa0a418d47978400e998,cd6fbc5fb7763b3b83939b07a307c9a94efa49be29a928c55fe2712340b36782,csi-pairs-v6-software-fixture,ded1ec639ff3e6fd5eba769d42db1ed36222a48af333a30a670254b30b164b74,620f300cbec1f56da4691882bc7dbe52593dc597fc62f6ae925c0f6ac72f1c6b,True,FORBIDDEN,0901433cbfe906073eae45118a1466e03afab04a766a3061a988ffe089ba4e01,9548a24a4faf5db17b5251df407b4402de033ae8648ec321c850fe6105002cf1,8128818d8ea8f5c3517d04da28955f010269df61e756429957a0a032386f6c51
fixture-bank-12:2:source-a:fixture-bank-12:p0003,correct,fixture-base-12,8d2c6d3ad657216758cb61a91554f699ef6b692f87e6208b2f34dfa43603b79c,23bc76fd36d1490877c3d533b77daa34101fee5b32e5371bb67f3a556051ad6d,csi-pairs-v6-software-fixture,ded1ec639ff3e6fd5eba769d42db1ed36222a48af333a30a670254b30b164b74,620f300cbec1f56da4691882bc7dbe52593dc597fc62f6ae925c0f6ac72f1c6b,True,FORBIDDEN,0901433cbfe906073eae45118a1466e03afab04a766a3061a988ffe089ba4e01,9548a24a4faf5db17b5251df407b4402de033ae8648ec321c850fe6105002cf1,8128818d8ea8f5c3517d04da28955f010269df61e756429957a0a032386f6c51
fixture-bank-12:2:source-a:fixture-bank-12:p0003,empty,fixture-base-12,80422bc3d307b4a25bdafcc84ac7fb01cb55a09810e8b0f37bb12e0edb5c48ca,9e55c822c8873725352f0c67ef4fee4f2aaffcd3ca9f5ff0b09459833c18bb65,csi-pairs-v6-software-fixture,ded1ec639ff3e6fd5eba769d42db1ed36222a48af333a30a670254b30b164b74,620f300cbec1f56da4691882bc7dbe52593dc597fc62f6ae925c0f6ac72f1c6b,True,FORBIDDEN,0901433cbfe906073eae45118a1466e03afab04a766a3061a988ffe089ba4e01,9548a24a4faf5db17b5251df407b4402de033ae8648ec321c850fe6105002cf1,8128818d8ea8f5c3517d04da28955f010269df61e756429957a0a032386f6c51
fixture-bank-12:2:source-a:fixture-bank-12:p0003,geometry_destroyed,fixture-base-12,367174ce73b2c8bf49198ee95fd20aefb3eba4a138c1a3ef22b596f7b010269a,668aa1e4b33d38df51f3c5dfb22b1d9eb0dd680eb50ff3d4ee2f3bea8587c66b,csi-pairs-v6-software-fixture,ded1ec639ff3e6fd5eba769d42db1ed36222a48af333a30a670254b30b164b74,620f300cbec1f56da4691882bc7dbe52593dc597fc62f6ae925c0f6ac72f1c6b,True,FORBIDDEN,0901433cbfe906073eae45118a1466e03afab04a766a3061a988ffe089ba4e01,9548a24a4faf5db17b5251df407b4402de033ae8648ec321c850fe6105002cf1,8128818d8ea8f5c3517d04da28955f010269df61e756429957a0a032386f6c51
fixture-bank-12:2:source-a:fixture-bank-12:p0003,paired_active_alternative,fixture-base-12,e4d64cf26bec851e0163f1b51622c7a073fc8730f9da6393e327cba58d3ab99e,99ad10c860e8410cf77e29bbd0e9e0128e0faa1dcb91865155b10463b0fc3d56,csi-pairs-v6-software-fixture,ded1ec639ff3e6fd5eba769d42db1ed36222a48af333a30a670254b30b164b74,620f300cbec1f56da4691882bc7dbe52593dc597fc62f6ae925c0f6ac72f1c6b,True,FORBIDDEN,0901433cbfe906073eae45118a1466e03afab04a766a3061a988ffe089ba4e01,9548a24a4faf5db17b5251df407b4402de033ae8648ec321c850fe6105002cf1,8128818d8ea8f5c3517d04da28955f010269df61e756429957a0a032386f6c51
fixture-bank-12:2:source-a:fixture-bank-12:p0003,paired_null_alternative,fixture-base-12,f5927760d3b1814b4517f2d4ec916c38c996cc08756aa052f486f1e0d64db008,6953cb6341bf4ecdd063a238f2b5387c933f61d6ca9d0516528de2478e94f8d4,csi-pairs-v6-software-fixture,ded1ec639ff3e6fd5eba769d42db1ed36222a48af333a30a670254b30b164b74,620f300cbec1f56da4691882bc7dbe52593dc597fc62f6ae925c0f6ac72f1c6b,True,FORBIDDEN,0901433cbfe906073eae45118a1466e03afab04a766a3061a988ffe089ba4e01,9548a24a4faf5db17b5251df407b4402de033ae8648ec321c850fe6105002cf1,8128818d8ea8f5c3517d04da28955f010269df61e756429957a0a032386f6c51
fixture-bank-12:2:source-a:fixture-bank-12:p0003,wrong_city,fixture-base-12,d5562de0e2a83eb75a5283cc308d5029c8fdf9ff8641aa0a418d47978400e998,cd6fbc5fb7763b3b83939b07a307c9a94efa49be29a928c55fe2712340b36782,csi-pairs-v6-software-fixture,ded1ec639ff3e6fd5eba769d42db1ed36222a48af333a30a670254b30b164b74,620f300cbec1f56da4691882bc7dbe52593dc597fc62f6ae925c0f6ac72f1c6b,True,FORBIDDEN,0901433cbfe906073eae45118a1466e03afab04a766a3061a988ffe089ba4e01,9548a24a4faf5db17b5251df407b4402de033ae8648ec321c850fe6105002cf1,8128818d8ea8f5c3517d04da28955f010269df61e756429957a0a032386f6c51
fixture-bank-12:2:source-a:fixture-bank-12:p0006,correct,fixture-base-12,8d2c6d3ad657216758cb61a91554f699ef6b692f87e6208b2f34dfa43603b79c,23bc76fd36d1490877c3d533b77daa34101fee5b32e5371bb67f3a556051ad6d,csi-pairs-v6-software-fixture,ded1ec639ff3e6fd5eba769d42db1ed36222a48af333a30a670254b30b164b74,620f300cbec1f56da4691882bc7dbe52593dc597fc62f6ae925c0f6ac72f1c6b,True,FORBIDDEN,0901433cbfe906073eae45118a1466e03afab04a766a3061a988ffe089ba4e01,9548a24a4faf5db17b5251df407b4402de033ae8648ec321c850fe6105002cf1,8128818d8ea8f5c3517d04da28955f010269df61e756429957a0a032386f6c51
fixture-bank-12:2:source-a:fixture-bank-12:p0006,empty,fixture-base-12,80422bc3d307b4a25bdafcc84ac7fb01cb55a09810e8b0f37bb12e0edb5c48ca,9e55c822c8873725352f0c67ef4fee4f2aaffcd3ca9f5ff0b09459833c18bb65,csi-pairs-v6-software-fixture,ded1ec639ff3e6fd5eba769d42db1ed36222a48af333a30a670254b30b164b74,620f300cbec1f56da4691882bc7dbe52593dc597fc62f6ae925c0f6ac72f1c6b,True,FORBIDDEN,0901433cbfe906073eae45118a1466e03afab04a766a3061a988ffe089ba4e01,9548a24a4faf5db17b5251df407b4402de033ae8648ec321c850fe6105002cf1,8128818d8ea8f5c3517d04da28955f010269df61e756429957a0a032386f6c51
fixture-bank-12:2:source-a:fixture-bank-12:p0006,geometry_destroyed,fixture-base-12,7c2b4a5f471917c289f904b51c743ff1d4fe12bf367cd1eb7624ad1d91d7ce19,668aa1e4b33d38df51f3c5dfb22b1d9eb0dd680eb50ff3d4ee2f3bea8587c66b,csi-pairs-v6-software-fixture,ded1ec639ff3e6fd5eba769d42db1ed36222a48af333a30a670254b30b164b74,620f300cbec1f56da4691882bc7dbe52593dc597fc62f6ae925c0f6ac72f1c6b,True,FORBIDDEN,0901433cbfe906073eae45118a1466e03afab04a766a3061a988ffe089ba4e01,9548a24a4faf5db17b5251df407b4402de033ae8648ec321c850fe6105002cf1,8128818d8ea8f5c3517d04da28955f010269df61e756429957a0a032386f6c51
fixture-bank-12:2:source-a:fixture-bank-12:p0006,paired_active_alternative,fixture-base-12,e4d64cf26bec851e0163f1b51622c7a073fc8730f9da6393e327cba58d3ab99e,99ad10c860e8410cf77e29bbd0e9e0128e0faa1dcb91865155b10463b0fc3d56,csi-pairs-v6-software-fixture,ded1ec639ff3e6fd5eba769d42db1ed36222a48af333a30a670254b30b164b74,620f300cbec1f56da4691882bc7dbe52593dc597fc62f6ae925c0f6ac72f1c6b,True,FORBIDDEN,0901433cbfe906073eae45118a1466e03afab04a766a3061a988ffe089ba4e01,9548a24a4faf5db17b5251df407b4402de033ae8648ec321c850fe6105002cf1,8128818d8ea8f5c3517d04da28955f010269df61e756429957a0a032386f6c51
fixture-bank-12:2:source-a:fixture-bank-12:p0006,paired_null_alternative,fixture-base-12,f5927760d3b1814b4517f2d4ec916c38c996cc08756aa052f486f1e0d64db008,6953cb6341bf4ecdd063a238f2b5387c933f61d6ca9d0516528de2478e94f8d4,csi-pairs-v6-software-fixture,ded1ec639ff3e6fd5eba769d42db1ed36222a48af333a30a670254b30b164b74,620f300cbec1f56da4691882bc7dbe52593dc597fc62f6ae925c0f6ac72f1c6b,True,FORBIDDEN,0901433cbfe906073eae45118a1466e03afab04a766a3061a988ffe089ba4e01,9548a24a4faf5db17b5251df407b4402de033ae8648ec321c850fe6105002cf1,8128818d8ea8f5c3517d04da28955f010269df61e756429957a0a032386f6c51
fixture-bank-12:2:source-a:fixture-bank-12:p0006,wrong_city,fixture-base-12,d5562de0e2a83eb75a5283cc308d5029c8fdf9ff8641aa0a418d47978400e998,cd6fbc5fb7763b3b83939b07a307c9a94efa49be29a928c55fe2712340b36782,csi-pairs-v6-software-fixture,ded1ec639ff3e6fd5eba769d42db1ed36222a48af333a30a670254b30b164b74,620f300cbec1f56da4691882bc7dbe52593dc597fc62f6ae925c0f6ac72f1c6b,True,FORBIDDEN,0901433cbfe906073eae45118a1466e03afab04a766a3061a988ffe089ba4e01,9548a24a4faf5db17b5251df407b4402de033ae8648ec321c850fe6105002cf1,8128818d8ea8f5c3517d04da28955f010269df61e756429957a0a032386f6c51
fixture-bank-12:2:source-a:fixture-bank-12:p0007,correct,fixture-base-12,8d2c6d3ad657216758cb61a91554f699ef6b692f87e6208b2f34dfa43603b79c,23bc76fd36d1490877c3d533b77daa34101fee5b32e5371bb67f3a556051ad6d,csi-pairs-v6-software-fixture,ded1ec639ff3e6fd5eba769d42db1ed36222a48af333a30a670254b30b164b74,620f300cbec1f56da4691882bc7dbe52593dc597fc62f6ae925c0f6ac72f1c6b,True,FORBIDDEN,0901433cbfe906073eae45118a1466e03afab04a766a3061a988ffe089ba4e01,9548a24a4faf5db17b5251df407b4402de033ae8648ec321c850fe6105002cf1,8128818d8ea8f5c3517d04da28955f010269df61e756429957a0a032386f6c51
fixture-bank-12:2:source-a:fixture-bank-12:p0007,empty,fixture-base-12,80422bc3d307b4a25bdafcc84ac7fb01cb55a09810e8b0f37bb12e0edb5c48ca,9e55c822c8873725352f0c67ef4fee4f2aaffcd3ca9f5ff0b09459833c18bb65,csi-pairs-v6-software-fixture,ded1ec639ff3e6fd5eba769d42db1ed36222a48af333a30a670254b30b164b74,620f300cbec1f56da4691882bc7dbe52593dc597fc62f6ae925c0f6ac72f1c6b,True,FORBIDDEN,0901433cbfe906073eae45118a1466e03afab04a766a3061a988ffe089ba4e01,9548a24a4faf5db17b5251df407b4402de033ae8648ec321c850fe6105002cf1,8128818d8ea8f5c3517d04da28955f010269df61e756429957a0a032386f6c51
fixture-bank-12:2:source-a:fixture-bank-12:p0007,geometry_destroyed,fixture-base-12,5b66321b66df7a6d531fbc1a9292fbf268e9633c0cd3558dcc8a1726bad6d18f,668aa1e4b33d38df51f3c5dfb22b1d9eb0dd680eb50ff3d4ee2f3bea8587c66b,csi-pairs-v6-software-fixture,ded1ec639ff3e6fd5eba769d42db1ed36222a48af333a30a670254b30b164b74,620f300cbec1f56da4691882bc7dbe52593dc597fc62f6ae925c0f6ac72f1c6b,True,FORBIDDEN,0901433cbfe906073eae45118a1466e03afab04a766a3061a988ffe089ba4e01,9548a24a4faf5db17b5251df407b4402de033ae8648ec321c850fe6105002cf1,8128818d8ea8f5c3517d04da28955f010269df61e756429957a0a032386f6c51
fixture-bank-12:2:source-a:fixture-bank-12:p0007,paired_active_alternative,fixture-base-12,e4d64cf26bec851e0163f1b51622c7a073fc8730f9da6393e327cba58d3ab99e,99ad10c860e8410cf77e29bbd0e9e0128e0faa1dcb91865155b10463b0fc3d56,csi-pairs-v6-software-fixture,ded1ec639ff3e6fd5eba769d42db1ed36222a48af333a30a670254b30b164b74,620f300cbec1f56da4691882bc7dbe52593dc597fc62f6ae925c0f6ac72f1c6b,True,FORBIDDEN,0901433cbfe906073eae45118a1466e03afab04a766a3061a988ffe089ba4e01,9548a24a4faf5db17b5251df407b4402de033ae8648ec321c850fe6105002cf1,8128818d8ea8f5c3517d04da28955f010269df61e756429957a0a032386f6c51
fixture-bank-12:2:source-a:fixture-bank-12:p0007,paired_null_alternative,fixture-base-12,f5927760d3b1814b4517f2d4ec916c38c996cc08756aa052f486f1e0d64db008,6953cb6341bf4ecdd063a238f2b5387c933f61d6ca9d0516528de2478e94f8d4,csi-pairs-v6-software-fixture,ded1ec639ff3e6fd5eba769d42db1ed36222a48af333a30a670254b30b164b74,620f300cbec1f56da4691882bc7dbe52593dc597fc62f6ae925c0f6ac72f1c6b,True,FORBIDDEN,0901433cbfe906073eae45118a1466e03afab04a766a3061a988ffe089ba4e01,9548a24a4faf5db17b5251df407b4402de033ae8648ec321c850fe6105002cf1,8128818d8ea8f5c3517d04da28955f010269df61e756429957a0a032386f6c51
fixture-bank-12:2:source-a:fixture-bank-12:p0007,wrong_city,fixture-base-12,d5562de0e2a83eb75a5283cc308d5029c8fdf9ff8641aa0a418d47978400e998,cd6fbc5fb7763b3b83939b07a307c9a94efa49be29a928c55fe2712340b36782,csi-pairs-v6-software-fixture,ded1ec639ff3e6fd5eba769d42db1ed36222a48af333a30a670254b30b164b74,620f300cbec1f56da4691882bc7dbe52593dc597fc62f6ae925c0f6ac72f1c6b,True,FORBIDDEN,0901433cbfe906073eae45118a1466e03afab04a766a3061a988ffe089ba4e01,9548a24a4faf5db17b5251df407b4402de033ae8648ec321c850fe6105002cf1,8128818d8ea8f5c3517d04da28955f010269df61e756429957a0a032386f6c51
fixture-bank-12:3:source-a:fixture-bank-12:p0000,correct,fixture-base-12,e4d64cf26bec851e0163f1b51622c7a073fc8730f9da6393e327cba58d3ab99e,23bc76fd36d1490877c3d533b77daa34101fee5b32e5371bb67f3a556051ad6d,csi-pairs-v6-software-fixture,ded1ec639ff3e6fd5eba769d42db1ed36222a48af333a30a670254b30b164b74,620f300cbec1f56da4691882bc7dbe52593dc597fc62f6ae925c0f6ac72f1c6b,True,FORBIDDEN,0901433cbfe906073eae45118a1466e03afab04a766a3061a988ffe089ba4e01,9548a24a4faf5db17b5251df407b4402de033ae8648ec321c850fe6105002cf1,8128818d8ea8f5c3517d04da28955f010269df61e756429957a0a032386f6c51
fixture-bank-12:3:source-a:fixture-bank-12:p0000,empty,fixture-base-12,80422bc3d307b4a25bdafcc84ac7fb01cb55a09810e8b0f37bb12e0edb5c48ca,9e55c822c8873725352f0c67ef4fee4f2aaffcd3ca9f5ff0b09459833c18bb65,csi-pairs-v6-software-fixture,ded1ec639ff3e6fd5eba769d42db1ed36222a48af333a30a670254b30b164b74,620f300cbec1f56da4691882bc7dbe52593dc597fc62f6ae925c0f6ac72f1c6b,True,FORBIDDEN,0901433cbfe906073eae45118a1466e03afab04a766a3061a988ffe089ba4e01,9548a24a4faf5db17b5251df407b4402de033ae8648ec321c850fe6105002cf1,8128818d8ea8f5c3517d04da28955f010269df61e756429957a0a032386f6c51
fixture-bank-12:3:source-a:fixture-bank-12:p0000,geometry_destroyed,fixture-base-12,e0989ca4e5c20c16f9283485f2070a5db08f02d75a1c213996309df0aef259ea,668aa1e4b33d38df51f3c5dfb22b1d9eb0dd680eb50ff3d4ee2f3bea8587c66b,csi-pairs-v6-software-fixture,ded1ec639ff3e6fd5eba769d42db1ed36222a48af333a30a670254b30b164b74,620f300cbec1f56da4691882bc7dbe52593dc597fc62f6ae925c0f6ac72f1c6b,True,FORBIDDEN,0901433cbfe906073eae45118a1466e03afab04a766a3061a988ffe089ba4e01,9548a24a4faf5db17b5251df407b4402de033ae8648ec321c850fe6105002cf1,8128818d8ea8f5c3517d04da28955f010269df61e756429957a0a032386f6c51
fixture-bank-12:3:source-a:fixture-bank-12:p0000,paired_active_alternative,fixture-base-12,43fc05ca825c7ff2e7c00c016f80b1cce1f9303158dc70eba6d35120eb50ac68,214d70aca9e647fa461f36c3190df7d791f207ea3c28f2b8ef04679a6ee2ebd8,csi-pairs-v6-software-fixture,ded1ec639ff3e6fd5eba769d42db1ed36222a48af333a30a670254b30b164b74,620f300cbec1f56da4691882bc7dbe52593dc597fc62f6ae925c0f6ac72f1c6b,True,FORBIDDEN,0901433cbfe906073eae45118a1466e03afab04a766a3061a988ffe089ba4e01,9548a24a4faf5db17b5251df407b4402de033ae8648ec321c850fe6105002cf1,8128818d8ea8f5c3517d04da28955f010269df61e756429957a0a032386f6c51
fixture-bank-12:3:source-a:fixture-bank-12:p0000,paired_null_alternative,fixture-base-12,8d2c6d3ad657216758cb61a91554f699ef6b692f87e6208b2f34dfa43603b79c,451d14836b12f642f897e917dcc91b1fbbcfe1aee1af2222b9ef0bc984683d03,csi-pairs-v6-software-fixture,ded1ec639ff3e6fd5eba769d42db1ed36222a48af333a30a670254b30b164b74,620f300cbec1f56da4691882bc7dbe52593dc597fc62f6ae925c0f6ac72f1c6b,True,FORBIDDEN,0901433cbfe906073eae45118a1466e03afab04a766a3061a988ffe089ba4e01,9548a24a4faf5db17b5251df407b4402de033ae8648ec321c850fe6105002cf1,8128818d8ea8f5c3517d04da28955f010269df61e756429957a0a032386f6c51
fixture-bank-12:3:source-a:fixture-bank-12:p0000,wrong_city,fixture-base-12,d5562de0e2a83eb75a5283cc308d5029c8fdf9ff8641aa0a418d47978400e998,cd6fbc5fb7763b3b83939b07a307c9a94efa49be29a928c55fe2712340b36782,csi-pairs-v6-software-fixture,ded1ec639ff3e6fd5eba769d42db1ed36222a48af333a30a670254b30b164b74,620f300cbec1f56da4691882bc7dbe52593dc597fc62f6ae925c0f6ac72f1c6b,True,FORBIDDEN,0901433cbfe906073eae45118a1466e03afab04a766a3061a988ffe089ba4e01,9548a24a4faf5db17b5251df407b4402de033ae8648ec321c850fe6105002cf1,8128818d8ea8f5c3517d04da28955f010269df61e756429957a0a032386f6c51
fixture-bank-12:3:source-a:fixture-bank-12:p0001,correct,fixture-base-12,e4d64cf26bec851e0163f1b51622c7a073fc8730f9da6393e327cba58d3ab99e,23bc76fd36d1490877c3d533b77daa34101fee5b32e5371bb67f3a556051ad6d,csi-pairs-v6-software-fixture,ded1ec639ff3e6fd5eba769d42db1ed36222a48af333a30a670254b30b164b74,620f300cbec1f56da4691882bc7dbe52593dc597fc62f6ae925c0f6ac72f1c6b,True,FORBIDDEN,0901433cbfe906073eae45118a1466e03afab04a766a3061a988ffe089ba4e01,9548a24a4faf5db17b5251df407b4402de033ae8648ec321c850fe6105002cf1,8128818d8ea8f5c3517d04da28955f010269df61e756429957a0a032386f6c51
fixture-bank-12:3:source-a:fixture-bank-12:p0001,empty,fixture-base-12,80422bc3d307b4a25bdafcc84ac7fb01cb55a09810e8b0f37bb12e0edb5c48ca,9e55c822c8873725352f0c67ef4fee4f2aaffcd3ca9f5ff0b09459833c18bb65,csi-pairs-v6-software-fixture,ded1ec639ff3e6fd5eba769d42db1ed36222a48af333a30a670254b30b164b74,620f300cbec1f56da4691882bc7dbe52593dc597fc62f6ae925c0f6ac72f1c6b,True,FORBIDDEN,0901433cbfe906073eae45118a1466e03afab04a766a3061a988ffe089ba4e01,9548a24a4faf5db17b5251df407b4402de033ae8648ec321c850fe6105002cf1,8128818d8ea8f5c3517d04da28955f010269df61e756429957a0a032386f6c51
fixture-bank-12:3:source-a:fixture-bank-12:p0001,geometry_destroyed,fixture-base-12,753aa7d57479acc0dab4f3946b1a138c75b29a1202cae6e605fef9747fa4fd4e,668aa1e4b33d38df51f3c5dfb22b1d9eb0dd680eb50ff3d4ee2f3bea8587c66b,csi-pairs-v6-software-fixture,ded1ec639ff3e6fd5eba769d42db1ed36222a48af333a30a670254b30b164b74,620f300cbec1f56da4691882bc7dbe52593dc597fc62f6ae925c0f6ac72f1c6b,True,FORBIDDEN,0901433cbfe906073eae45118a1466e03afab04a766a3061a988ffe089ba4e01,9548a24a4faf5db17b5251df407b4402de033ae8648ec321c850fe6105002cf1,8128818d8ea8f5c3517d04da28955f010269df61e756429957a0a032386f6c51
fixture-bank-12:3:source-a:fixture-bank-12:p0001,paired_active_alternative,fixture-base-12,43fc05ca825c7ff2e7c00c016f80b1cce1f9303158dc70eba6d35120eb50ac68,214d70aca9e647fa461f36c3190df7d791f207ea3c28f2b8ef04679a6ee2ebd8,csi-pairs-v6-software-fixture,ded1ec639ff3e6fd5eba769d42db1ed36222a48af333a30a670254b30b164b74,620f300cbec1f56da4691882bc7dbe52593dc597fc62f6ae925c0f6ac72f1c6b,True,FORBIDDEN,0901433cbfe906073eae45118a1466e03afab04a766a3061a988ffe089ba4e01,9548a24a4faf5db17b5251df407b4402de033ae8648ec321c850fe6105002cf1,8128818d8ea8f5c3517d04da28955f010269df61e756429957a0a032386f6c51
fixture-bank-12:3:source-a:fixture-bank-12:p0001,paired_null_alternative,fixture-base-12,8d2c6d3ad657216758cb61a91554f699ef6b692f87e6208b2f34dfa43603b79c,451d14836b12f642f897e917dcc91b1fbbcfe1aee1af2222b9ef0bc984683d03,csi-pairs-v6-software-fixture,ded1ec639ff3e6fd5eba769d42db1ed36222a48af333a30a670254b30b164b74,620f300cbec1f56da4691882bc7dbe52593dc597fc62f6ae925c0f6ac72f1c6b,True,FORBIDDEN,0901433cbfe906073eae45118a1466e03afab04a766a3061a988ffe089ba4e01,9548a24a4faf5db17b5251df407b4402de033ae8648ec321c850fe6105002cf1,8128818d8ea8f5c3517d04da28955f010269df61e756429957a0a032386f6c51
fixture-bank-12:3:source-a:fixture-bank-12:p0001,wrong_city,fixture-base-12,d5562de0e2a83eb75a5283cc308d5029c8fdf9ff8641aa0a418d47978400e998,cd6fbc5fb7763b3b83939b07a307c9a94efa49be29a928c55fe2712340b36782,csi-pairs-v6-software-fixture,ded1ec639ff3e6fd5eba769d42db1ed36222a48af333a30a670254b30b164b74,620f300cbec1f56da4691882bc7dbe52593dc597fc62f6ae925c0f6ac72f1c6b,True,FORBIDDEN,0901433cbfe906073eae45118a1466e03afab04a766a3061a988ffe089ba4e01,9548a24a4faf5db17b5251df407b4402de033ae8648ec321c850fe6105002cf1,8128818d8ea8f5c3517d04da28955f010269df61e756429957a0a032386f6c51
fixture-bank-12:3:source-a:fixture-bank-12:p0002,correct,fixture-base-12,e4d64cf26bec851e0163f1b51622c7a073fc8730f9da6393e327cba58d3ab99e,23bc76fd36d1490877c3d533b77daa34101fee5b32e5371bb67f3a556051ad6d,csi-pairs-v6-software-fixture,ded1ec639ff3e6fd5eba769d42db1ed36222a48af333a30a670254b30b164b74,620f300cbec1f56da4691882bc7dbe52593dc597fc62f6ae925c0f6ac72f1c6b,True,FORBIDDEN,0901433cbfe906073eae45118a1466e03afab04a766a3061a988ffe089ba4e01,9548a24a4faf5db17b5251df407b4402de033ae8648ec321c850fe6105002cf1,8128818d8ea8f5c3517d04da28955f010269df61e756429957a0a032386f6c51
fixture-bank-12:3:source-a:fixture-bank-12:p0002,empty,fixture-base-12,80422bc3d307b4a25bdafcc84ac7fb01cb55a09810e8b0f37bb12e0edb5c48ca,9e55c822c8873725352f0c67ef4fee4f2aaffcd3ca9f5ff0b09459833c18bb65,csi-pairs-v6-software-fixture,ded1ec639ff3e6fd5eba769d42db1ed36222a48af333a30a670254b30b164b74,620f300cbec1f56da4691882bc7dbe52593dc597fc62f6ae925c0f6ac72f1c6b,True,FORBIDDEN,0901433cbfe906073eae45118a1466e03afab04a766a3061a988ffe089ba4e01,9548a24a4faf5db17b5251df407b4402de033ae8648ec321c850fe6105002cf1,8128818d8ea8f5c3517d04da28955f010269df61e756429957a0a032386f6c51
fixture-bank-12:3:source-a:fixture-bank-12:p0002,geometry_destroyed,fixture-base-12,c0f88b8a44c45a32b894b0f0a3658ee5d898c9110eff5eb45c320505d0f3554f,668aa1e4b33d38df51f3c5dfb22b1d9eb0dd680eb50ff3d4ee2f3bea8587c66b,csi-pairs-v6-software-fixture,ded1ec639ff3e6fd5eba769d42db1ed36222a48af333a30a670254b30b164b74,620f300cbec1f56da4691882bc7dbe52593dc597fc62f6ae925c0f6ac72f1c6b,True,FORBIDDEN,0901433cbfe906073eae45118a1466e03afab04a766a3061a988ffe089ba4e01,9548a24a4faf5db17b5251df407b4402de033ae8648ec321c850fe6105002cf1,8128818d8ea8f5c3517d04da28955f010269df61e756429957a0a032386f6c51
fixture-bank-12:3:source-a:fixture-bank-12:p0002,paired_active_alternative,fixture-base-12,8d2c6d3ad657216758cb61a91554f699ef6b692f87e6208b2f34dfa43603b79c,38d2eee754fa4712c9ba273f503f2bca683c5e736c80abf7050581ca94e9f1b7,csi-pairs-v6-software-fixture,ded1ec639ff3e6fd5eba769d42db1ed36222a48af333a30a670254b30b164b74,620f300cbec1f56da4691882bc7dbe52593dc597fc62f6ae925c0f6ac72f1c6b,True,FORBIDDEN,0901433cbfe906073eae45118a1466e03afab04a766a3061a988ffe089ba4e01,9548a24a4faf5db17b5251df407b4402de033ae8648ec321c850fe6105002cf1,8128818d8ea8f5c3517d04da28955f010269df61e756429957a0a032386f6c51
fixture-bank-12:3:source-a:fixture-bank-12:p0002,paired_null_alternative,fixture-base-12,43fc05ca825c7ff2e7c00c016f80b1cce1f9303158dc70eba6d35120eb50ac68,5e54c2ceb54dd41e805701d800c8d8cff642a41072c9d56e5235f3b2509e9288,csi-pairs-v6-software-fixture,ded1ec639ff3e6fd5eba769d42db1ed36222a48af333a30a670254b30b164b74,620f300cbec1f56da4691882bc7dbe52593dc597fc62f6ae925c0f6ac72f1c6b,True,FORBIDDEN,0901433cbfe906073eae45118a1466e03afab04a766a3061a988ffe089ba4e01,9548a24a4faf5db17b5251df407b4402de033ae8648ec321c850fe6105002cf1,8128818d8ea8f5c3517d04da28955f010269df61e756429957a0a032386f6c51
fixture-bank-12:3:source-a:fixture-bank-12:p0002,wrong_city,fixture-base-12,d5562de0e2a83eb75a5283cc308d5029c8fdf9ff8641aa0a418d47978400e998,cd6fbc5fb7763b3b83939b07a307c9a94efa49be29a928c55fe2712340b36782,csi-pairs-v6-software-fixture,ded1ec639ff3e6fd5eba769d42db1ed36222a48af333a30a670254b30b164b74,620f300cbec1f56da4691882bc7dbe52593dc597fc62f6ae925c0f6ac72f1c6b,True,FORBIDDEN,0901433cbfe906073eae45118a1466e03afab04a766a3061a988ffe089ba4e01,9548a24a4faf5db17b5251df407b4402de033ae8648ec321c850fe6105002cf1,8128818d8ea8f5c3517d04da28955f010269df61e756429957a0a032386f6c51
fixture-bank-12:3:source-a:fixture-bank-12:p0003,correct,fixture-base-12,e4d64cf26bec851e0163f1b51622c7a073fc8730f9da6393e327cba58d3ab99e,23bc76fd36d1490877c3d533b77daa34101fee5b32e5371bb67f3a556051ad6d,csi-pairs-v6-software-fixture,ded1ec639ff3e6fd5eba769d42db1ed36222a48af333a30a670254b30b164b74,620f300cbec1f56da4691882bc7dbe52593dc597fc62f6ae925c0f6ac72f1c6b,True,FORBIDDEN,0901433cbfe906073eae45118a1466e03afab04a766a3061a988ffe089ba4e01,9548a24a4faf5db17b5251df407b4402de033ae8648ec321c850fe6105002cf1,8128818d8ea8f5c3517d04da28955f010269df61e756429957a0a032386f6c51
fixture-bank-12:3:source-a:fixture-bank-12:p0003,empty,fixture-base-12,80422bc3d307b4a25bdafcc84ac7fb01cb55a09810e8b0f37bb12e0edb5c48ca,9e55c822c8873725352f0c67ef4fee4f2aaffcd3ca9f5ff0b09459833c18bb65,csi-pairs-v6-software-fixture,ded1ec639ff3e6fd5eba769d42db1ed36222a48af333a30a670254b30b164b74,620f300cbec1f56da4691882bc7dbe52593dc597fc62f6ae925c0f6ac72f1c6b,True,FORBIDDEN,0901433cbfe906073eae45118a1466e03afab04a766a3061a988ffe089ba4e01,9548a24a4faf5db17b5251df407b4402de033ae8648ec321c850fe6105002cf1,8128818d8ea8f5c3517d04da28955f010269df61e756429957a0a032386f6c51
fixture-bank-12:3:source-a:fixture-bank-12:p0003,geometry_destroyed,fixture-base-12,0fcfe10113f4e6daaf47d4c078cf1248e4ef0043b97e165ae3e08abc605710df,668aa1e4b33d38df51f3c5dfb22b1d9eb0dd680eb50ff3d4ee2f3bea8587c66b,csi-pairs-v6-software-fixture,ded1ec639ff3e6fd5eba769d42db1ed36222a48af333a30a670254b30b164b74,620f300cbec1f56da4691882bc7dbe52593dc597fc62f6ae925c0f6ac72f1c6b,True,FORBIDDEN,0901433cbfe906073eae45118a1466e03afab04a766a3061a988ffe089ba4e01,9548a24a4faf5db17b5251df407b4402de033ae8648ec321c850fe6105002cf1,8128818d8ea8f5c3517d04da28955f010269df61e756429957a0a032386f6c51
fixture-bank-12:3:source-a:fixture-bank-12:p0003,paired_active_alternative,fixture-base-12,8d2c6d3ad657216758cb61a91554f699ef6b692f87e6208b2f34dfa43603b79c,38d2eee754fa4712c9ba273f503f2bca683c5e736c80abf7050581ca94e9f1b7,csi-pairs-v6-software-fixture,ded1ec639ff3e6fd5eba769d42db1ed36222a48af333a30a670254b30b164b74,620f300cbec1f56da4691882bc7dbe52593dc597fc62f6ae925c0f6ac72f1c6b,True,FORBIDDEN,0901433cbfe906073eae45118a1466e03afab04a766a3061a988ffe089ba4e01,9548a24a4faf5db17b5251df407b4402de033ae8648ec321c850fe6105002cf1,8128818d8ea8f5c3517d04da28955f010269df61e756429957a0a032386f6c51
fixture-bank-12:3:source-a:fixture-bank-12:p0003,paired_null_alternative,fixture-base-12,43fc05ca825c7ff2e7c00c016f80b1cce1f9303158dc70eba6d35120eb50ac68,5e54c2ceb54dd41e805701d800c8d8cff642a41072c9d56e5235f3b2509e9288,csi-pairs-v6-software-fixture,ded1ec639ff3e6fd5eba769d42db1ed36222a48af333a30a670254b30b164b74,620f300cbec1f56da4691882bc7dbe52593dc597fc62f6ae925c0f6ac72f1c6b,True,FORBIDDEN,0901433cbfe906073eae45118a1466e03afab04a766a3061a988ffe089ba4e01,9548a24a4faf5db17b5251df407b4402de033ae8648ec321c850fe6105002cf1,8128818d8ea8f5c3517d04da28955f010269df61e756429957a0a032386f6c51
fixture-bank-12:3:source-a:fixture-bank-12:p0003,wrong_city,fixture-base-12,d5562de0e2a83eb75a5283cc308d5029c8fdf9ff8641aa0a418d47978400e998,cd6fbc5fb7763b3b83939b07a307c9a94efa49be29a928c55fe2712340b36782,csi-pairs-v6-software-fixture,ded1ec639ff3e6fd5eba769d42db1ed36222a48af333a30a670254b30b164b74,620f300cbec1f56da4691882bc7dbe52593dc597fc62f6ae925c0f6ac72f1c6b,True,FORBIDDEN,0901433cbfe906073eae45118a1466e03afab04a766a3061a988ffe089ba4e01,9548a24a4faf5db17b5251df407b4402de033ae8648ec321c850fe6105002cf1,8128818d8ea8f5c3517d04da28955f010269df61e756429957a0a032386f6c51
fixture-bank-12:3:source-a:fixture-bank-12:p0006,correct,fixture-base-12,e4d64cf26bec851e0163f1b51622c7a073fc8730f9da6393e327cba58d3ab99e,23bc76fd36d1490877c3d533b77daa34101fee5b32e5371bb67f3a556051ad6d,csi-pairs-v6-software-fixture,ded1ec639ff3e6fd5eba769d42db1ed36222a48af333a30a670254b30b164b74,620f300cbec1f56da4691882bc7dbe52593dc597fc62f6ae925c0f6ac72f1c6b,True,FORBIDDEN,0901433cbfe906073eae45118a1466e03afab04a766a3061a988ffe089ba4e01,9548a24a4faf5db17b5251df407b4402de033ae8648ec321c850fe6105002cf1,8128818d8ea8f5c3517d04da28955f010269df61e756429957a0a032386f6c51
fixture-bank-12:3:source-a:fixture-bank-12:p0006,empty,fixture-base-12,80422bc3d307b4a25bdafcc84ac7fb01cb55a09810e8b0f37bb12e0edb5c48ca,9e55c822c8873725352f0c67ef4fee4f2aaffcd3ca9f5ff0b09459833c18bb65,csi-pairs-v6-software-fixture,ded1ec639ff3e6fd5eba769d42db1ed36222a48af333a30a670254b30b164b74,620f300cbec1f56da4691882bc7dbe52593dc597fc62f6ae925c0f6ac72f1c6b,True,FORBIDDEN,0901433cbfe906073eae45118a1466e03afab04a766a3061a988ffe089ba4e01,9548a24a4faf5db17b5251df407b4402de033ae8648ec321c850fe6105002cf1,8128818d8ea8f5c3517d04da28955f010269df61e756429957a0a032386f6c51
fixture-bank-12:3:source-a:fixture-bank-12:p0006,geometry_destroyed,fixture-base-12,75f42f0c3547700d9194e2a47654da916d185fef5e33b63d563f7e7d074436c0,668aa1e4b33d38df51f3c5dfb22b1d9eb0dd680eb50ff3d4ee2f3bea8587c66b,csi-pairs-v6-software-fixture,ded1ec639ff3e6fd5eba769d42db1ed36222a48af333a30a670254b30b164b74,620f300cbec1f56da4691882bc7dbe52593dc597fc62f6ae925c0f6ac72f1c6b,True,FORBIDDEN,0901433cbfe906073eae45118a1466e03afab04a766a3061a988ffe089ba4e01,9548a24a4faf5db17b5251df407b4402de033ae8648ec321c850fe6105002cf1,8128818d8ea8f5c3517d04da28955f010269df61e756429957a0a032386f6c51
fixture-bank-12:3:source-a:fixture-bank-12:p0006,paired_active_alternative,fixture-base-12,8d2c6d3ad657216758cb61a91554f699ef6b692f87e6208b2f34dfa43603b79c,38d2eee754fa4712c9ba273f503f2bca683c5e736c80abf7050581ca94e9f1b7,csi-pairs-v6-software-fixture,ded1ec639ff3e6fd5eba769d42db1ed36222a48af333a30a670254b30b164b74,620f300cbec1f56da4691882bc7dbe52593dc597fc62f6ae925c0f6ac72f1c6b,True,FORBIDDEN,0901433cbfe906073eae45118a1466e03afab04a766a3061a988ffe089ba4e01,9548a24a4faf5db17b5251df407b4402de033ae8648ec321c850fe6105002cf1,8128818d8ea8f5c3517d04da28955f010269df61e756429957a0a032386f6c51
fixture-bank-12:3:source-a:fixture-bank-12:p0006,paired_null_alternative,fixture-base-12,43fc05ca825c7ff2e7c00c016f80b1cce1f9303158dc70eba6d35120eb50ac68,5e54c2ceb54dd41e805701d800c8d8cff642a41072c9d56e5235f3b2509e9288,csi-pairs-v6-software-fixture,ded1ec639ff3e6fd5eba769d42db1ed36222a48af333a30a670254b30b164b74,620f300cbec1f56da4691882bc7dbe52593dc597fc62f6ae925c0f6ac72f1c6b,True,FORBIDDEN,0901433cbfe906073eae45118a1466e03afab04a766a3061a988ffe089ba4e01,9548a24a4faf5db17b5251df407b4402de033ae8648ec321c850fe6105002cf1,8128818d8ea8f5c3517d04da28955f010269df61e756429957a0a032386f6c51
fixture-bank-12:3:source-a:fixture-bank-12:p0006,wrong_city,fixture-base-12,d5562de0e2a83eb75a5283cc308d5029c8fdf9ff8641aa0a418d47978400e998,cd6fbc5fb7763b3b83939b07a307c9a94efa49be29a928c55fe2712340b36782,csi-pairs-v6-software-fixture,ded1ec639ff3e6fd5eba769d42db1ed36222a48af333a30a670254b30b164b74,620f300cbec1f56da4691882bc7dbe52593dc597fc62f6ae925c0f6ac72f1c6b,True,FORBIDDEN,0901433cbfe906073eae45118a1466e03afab04a766a3061a988ffe089ba4e01,9548a24a4faf5db17b5251df407b4402de033ae8648ec321c850fe6105002cf1,8128818d8ea8f5c3517d04da28955f010269df61e756429957a0a032386f6c51
fixture-bank-12:3:source-a:fixture-bank-12:p0007,correct,fixture-base-12,e4d64cf26bec851e0163f1b51622c7a073fc8730f9da6393e327cba58d3ab99e,23bc76fd36d1490877c3d533b77daa34101fee5b32e5371bb67f3a556051ad6d,csi-pairs-v6-software-fixture,ded1ec639ff3e6fd5eba769d42db1ed36222a48af333a30a670254b30b164b74,620f300cbec1f56da4691882bc7dbe52593dc597fc62f6ae925c0f6ac72f1c6b,True,FORBIDDEN,0901433cbfe906073eae45118a1466e03afab04a766a3061a988ffe089ba4e01,9548a24a4faf5db17b5251df407b4402de033ae8648ec321c850fe6105002cf1,8128818d8ea8f5c3517d04da28955f010269df61e756429957a0a032386f6c51
fixture-bank-12:3:source-a:fixture-bank-12:p0007,empty,fixture-base-12,80422bc3d307b4a25bdafcc84ac7fb01cb55a09810e8b0f37bb12e0edb5c48ca,9e55c822c8873725352f0c67ef4fee4f2aaffcd3ca9f5ff0b09459833c18bb65,csi-pairs-v6-software-fixture,ded1ec639ff3e6fd5eba769d42db1ed36222a48af333a30a670254b30b164b74,620f300cbec1f56da4691882bc7dbe52593dc597fc62f6ae925c0f6ac72f1c6b,True,FORBIDDEN,0901433cbfe906073eae45118a1466e03afab04a766a3061a988ffe089ba4e01,9548a24a4faf5db17b5251df407b4402de033ae8648ec321c850fe6105002cf1,8128818d8ea8f5c3517d04da28955f010269df61e756429957a0a032386f6c51
fixture-bank-12:3:source-a:fixture-bank-12:p0007,geometry_destroyed,fixture-base-12,1968aae58d9447defa933929ecd9a6476edd7b11e623e211725e1cc81ac44232,668aa1e4b33d38df51f3c5dfb22b1d9eb0dd680eb50ff3d4ee2f3bea8587c66b,csi-pairs-v6-software-fixture,ded1ec639ff3e6fd5eba769d42db1ed36222a48af333a30a670254b30b164b74,620f300cbec1f56da4691882bc7dbe52593dc597fc62f6ae925c0f6ac72f1c6b,True,FORBIDDEN,0901433cbfe906073eae45118a1466e03afab04a766a3061a988ffe089ba4e01,9548a24a4faf5db17b5251df407b4402de033ae8648ec321c850fe6105002cf1,8128818d8ea8f5c3517d04da28955f010269df61e756429957a0a032386f6c51
fixture-bank-12:3:source-a:fixture-bank-12:p0007,paired_active_alternative,fixture-base-12,8d2c6d3ad657216758cb61a91554f699ef6b692f87e6208b2f34dfa43603b79c,38d2eee754fa4712c9ba273f503f2bca683c5e736c80abf7050581ca94e9f1b7,csi-pairs-v6-software-fixture,ded1ec639ff3e6fd5eba769d42db1ed36222a48af333a30a670254b30b164b74,620f300cbec1f56da4691882bc7dbe52593dc597fc62f6ae925c0f6ac72f1c6b,True,FORBIDDEN,0901433cbfe906073eae45118a1466e03afab04a766a3061a988ffe089ba4e01,9548a24a4faf5db17b5251df407b4402de033ae8648ec321c850fe6105002cf1,8128818d8ea8f5c3517d04da28955f010269df61e756429957a0a032386f6c51
fixture-bank-12:3:source-a:fixture-bank-12:p0007,paired_null_alternative,fixture-base-12,43fc05ca825c7ff2e7c00c016f80b1cce1f9303158dc70eba6d35120eb50ac68,5e54c2ceb54dd41e805701d800c8d8cff642a41072c9d56e5235f3b2509e9288,csi-pairs-v6-software-fixture,ded1ec639ff3e6fd5eba769d42db1ed36222a48af333a30a670254b30b164b74,620f300cbec1f56da4691882bc7dbe52593dc597fc62f6ae925c0f6ac72f1c6b,True,FORBIDDEN,0901433cbfe906073eae45118a1466e03afab04a766a3061a988ffe089ba4e01,9548a24a4faf5db17b5251df407b4402de033ae8648ec321c850fe6105002cf1,8128818d8ea8f5c3517d04da28955f010269df61e756429957a0a032386f6c51
fixture-bank-12:3:source-a:fixture-bank-12:p0007,wrong_city,fixture-base-12,d5562de0e2a83eb75a5283cc308d5029c8fdf9ff8641aa0a418d47978400e998,cd6fbc5fb7763b3b83939b07a307c9a94efa49be29a928c55fe2712340b36782,csi-pairs-v6-software-fixture,ded1ec639ff3e6fd5eba769d42db1ed36222a48af333a30a670254b30b164b74,620f300cbec1f56da4691882bc7dbe52593dc597fc62f6ae925c0f6ac72f1c6b,True,FORBIDDEN,0901433cbfe906073eae45118a1466e03afab04a766a3061a988ffe089ba4e01,9548a24a4faf5db17b5251df407b4402de033ae8648ec321c850fe6105002cf1,8128818d8ea8f5c3517d04da28955f010269df61e756429957a0a032386f6c51
fixture-bank-13:0:source-b:fixture-bank-13:p0000,correct,fixture-base-13,ff963d85d64acc87d9746e75be8bdebfc2f1270f6df2973bbec8333c48c059de,23bc76fd36d1490877c3d533b77daa34101fee5b32e5371bb67f3a556051ad6d,csi-pairs-v6-software-fixture,ded1ec639ff3e6fd5eba769d42db1ed36222a48af333a30a670254b30b164b74,620f300cbec1f56da4691882bc7dbe52593dc597fc62f6ae925c0f6ac72f1c6b,True,FORBIDDEN,0901433cbfe906073eae45118a1466e03afab04a766a3061a988ffe089ba4e01,9548a24a4faf5db17b5251df407b4402de033ae8648ec321c850fe6105002cf1,8128818d8ea8f5c3517d04da28955f010269df61e756429957a0a032386f6c51
fixture-bank-13:0:source-b:fixture-bank-13:p0000,empty,fixture-base-13,80422bc3d307b4a25bdafcc84ac7fb01cb55a09810e8b0f37bb12e0edb5c48ca,9e55c822c8873725352f0c67ef4fee4f2aaffcd3ca9f5ff0b09459833c18bb65,csi-pairs-v6-software-fixture,ded1ec639ff3e6fd5eba769d42db1ed36222a48af333a30a670254b30b164b74,620f300cbec1f56da4691882bc7dbe52593dc597fc62f6ae925c0f6ac72f1c6b,True,FORBIDDEN,0901433cbfe906073eae45118a1466e03afab04a766a3061a988ffe089ba4e01,9548a24a4faf5db17b5251df407b4402de033ae8648ec321c850fe6105002cf1,8128818d8ea8f5c3517d04da28955f010269df61e756429957a0a032386f6c51
fixture-bank-13:0:source-b:fixture-bank-13:p0000,geometry_destroyed,fixture-base-13,92a370c80f2d846c01a2a502a22b93260391a2c350c22f519be0103d13a1e2c1,668aa1e4b33d38df51f3c5dfb22b1d9eb0dd680eb50ff3d4ee2f3bea8587c66b,csi-pairs-v6-software-fixture,ded1ec639ff3e6fd5eba769d42db1ed36222a48af333a30a670254b30b164b74,620f300cbec1f56da4691882bc7dbe52593dc597fc62f6ae925c0f6ac72f1c6b,True,FORBIDDEN,0901433cbfe906073eae45118a1466e03afab04a766a3061a988ffe089ba4e01,9548a24a4faf5db17b5251df407b4402de033ae8648ec321c850fe6105002cf1,8128818d8ea8f5c3517d04da28955f010269df61e756429957a0a032386f6c51
fixture-bank-13:0:source-b:fixture-bank-13:p0000,paired_active_alternative,fixture-base-13,d5562de0e2a83eb75a5283cc308d5029c8fdf9ff8641aa0a418d47978400e998,09b8d53d9054b3b88fa6808da7564d6310a6ecbb122ef08e91bee51e09c39608,csi-pairs-v6-software-fixture,ded1ec639ff3e6fd5eba769d42db1ed36222a48af333a30a670254b30b164b74,620f300cbec1f56da4691882bc7dbe52593dc597fc62f6ae925c0f6ac72f1c6b,True,FORBIDDEN,0901433cbfe906073eae45118a1466e03afab04a766a3061a988ffe089ba4e01,9548a24a4faf5db17b5251df407b4402de033ae8648ec321c850fe6105002cf1,8128818d8ea8f5c3517d04da28955f010269df61e756429957a0a032386f6c51
fixture-bank-13:0:source-b:fixture-bank-13:p0000,paired_null_alternative,fixture-base-13,951bcb74358e1e4e230d49916479269dba31a44b603453729743a4e281303dfc,66b48752aec25a0d8344e984c3ba90d195057d847f682c9cdb73f7d74e64056d,csi-pairs-v6-software-fixture,ded1ec639ff3e6fd5eba769d42db1ed36222a48af333a30a670254b30b164b74,620f300cbec1f56da4691882bc7dbe52593dc597fc62f6ae925c0f6ac72f1c6b,True,FORBIDDEN,0901433cbfe906073eae45118a1466e03afab04a766a3061a988ffe089ba4e01,9548a24a4faf5db17b5251df407b4402de033ae8648ec321c850fe6105002cf1,8128818d8ea8f5c3517d04da28955f010269df61e756429957a0a032386f6c51
fixture-bank-13:0:source-b:fixture-bank-13:p0000,wrong_city,fixture-base-13,f5927760d3b1814b4517f2d4ec916c38c996cc08756aa052f486f1e0d64db008,cd6fbc5fb7763b3b83939b07a307c9a94efa49be29a928c55fe2712340b36782,csi-pairs-v6-software-fixture,ded1ec639ff3e6fd5eba769d42db1ed36222a48af333a30a670254b30b164b74,620f300cbec1f56da4691882bc7dbe52593dc597fc62f6ae925c0f6ac72f1c6b,True,FORBIDDEN,0901433cbfe906073eae45118a1466e03afab04a766a3061a988ffe089ba4e01,9548a24a4faf5db17b5251df407b4402de033ae8648ec321c850fe6105002cf1,8128818d8ea8f5c3517d04da28955f010269df61e756429957a0a032386f6c51
fixture-bank-13:0:source-b:fixture-bank-13:p0001,correct,fixture-base-13,ff963d85d64acc87d9746e75be8bdebfc2f1270f6df2973bbec8333c48c059de,23bc76fd36d1490877c3d533b77daa34101fee5b32e5371bb67f3a556051ad6d,csi-pairs-v6-software-fixture,ded1ec639ff3e6fd5eba769d42db1ed36222a48af333a30a670254b30b164b74,620f300cbec1f56da4691882bc7dbe52593dc597fc62f6ae925c0f6ac72f1c6b,True,FORBIDDEN,0901433cbfe906073eae45118a1466e03afab04a766a3061a988ffe089ba4e01,9548a24a4faf5db17b5251df407b4402de033ae8648ec321c850fe6105002cf1,8128818d8ea8f5c3517d04da28955f010269df61e756429957a0a032386f6c51
fixture-bank-13:0:source-b:fixture-bank-13:p0001,empty,fixture-base-13,80422bc3d307b4a25bdafcc84ac7fb01cb55a09810e8b0f37bb12e0edb5c48ca,9e55c822c8873725352f0c67ef4fee4f2aaffcd3ca9f5ff0b09459833c18bb65,csi-pairs-v6-software-fixture,ded1ec639ff3e6fd5eba769d42db1ed36222a48af333a30a670254b30b164b74,620f300cbec1f56da4691882bc7dbe52593dc597fc62f6ae925c0f6ac72f1c6b,True,FORBIDDEN,0901433cbfe906073eae45118a1466e03afab04a766a3061a988ffe089ba4e01,9548a24a4faf5db17b5251df407b4402de033ae8648ec321c850fe6105002cf1,8128818d8ea8f5c3517d04da28955f010269df61e756429957a0a032386f6c51
fixture-bank-13:0:source-b:fixture-bank-13:p0001,geometry_destroyed,fixture-base-13,2c8af8b6b06a367b227effa3cc4ea18c6ac40585cade1a797e91a1472ea4bc5b,668aa1e4b33d38df51f3c5dfb22b1d9eb0dd680eb50ff3d4ee2f3bea8587c66b,csi-pairs-v6-software-fixture,ded1ec639ff3e6fd5eba769d42db1ed36222a48af333a30a670254b30b164b74,620f300cbec1f56da4691882bc7dbe52593dc597fc62f6ae925c0f6ac72f1c6b,True,FORBIDDEN,0901433cbfe906073eae45118a1466e03afab04a766a3061a988ffe089ba4e01,9548a24a4faf5db17b5251df407b4402de033ae8648ec321c850fe6105002cf1,8128818d8ea8f5c3517d04da28955f010269df61e756429957a0a032386f6c51
fixture-bank-13:0:source-b:fixture-bank-13:p0001,paired_active_alternative,fixture-base-13,d5562de0e2a83eb75a5283cc308d5029c8fdf9ff8641aa0a418d47978400e998,09b8d53d9054b3b88fa6808da7564d6310a6ecbb122ef08e91bee51e09c39608,csi-pairs-v6-software-fixture,ded1ec639ff3e6fd5eba769d42db1ed36222a48af333a30a670254b30b164b74,620f300cbec1f56da4691882bc7dbe52593dc597fc62f6ae925c0f6ac72f1c6b,True,FORBIDDEN,0901433cbfe906073eae45118a1466e03afab04a766a3061a988ffe089ba4e01,9548a24a4faf5db17b5251df407b4402de033ae8648ec321c850fe6105002cf1,8128818d8ea8f5c3517d04da28955f010269df61e756429957a0a032386f6c51
fixture-bank-13:0:source-b:fixture-bank-13:p0001,paired_null_alternative,fixture-base-13,951bcb74358e1e4e230d49916479269dba31a44b603453729743a4e281303dfc,66b48752aec25a0d8344e984c3ba90d195057d847f682c9cdb73f7d74e64056d,csi-pairs-v6-software-fixture,ded1ec639ff3e6fd5eba769d42db1ed36222a48af333a30a670254b30b164b74,620f300cbec1f56da4691882bc7dbe52593dc597fc62f6ae925c0f6ac72f1c6b,True,FORBIDDEN,0901433cbfe906073eae45118a1466e03afab04a766a3061a988ffe089ba4e01,9548a24a4faf5db17b5251df407b4402de033ae8648ec321c850fe6105002cf1,8128818d8ea8f5c3517d04da28955f010269df61e756429957a0a032386f6c51
fixture-bank-13:0:source-b:fixture-bank-13:p0001,wrong_city,fixture-base-13,f5927760d3b1814b4517f2d4ec916c38c996cc08756aa052f486f1e0d64db008,cd6fbc5fb7763b3b83939b07a307c9a94efa49be29a928c55fe2712340b36782,csi-pairs-v6-software-fixture,ded1ec639ff3e6fd5eba769d42db1ed36222a48af333a30a670254b30b164b74,620f300cbec1f56da4691882bc7dbe52593dc597fc62f6ae925c0f6ac72f1c6b,True,FORBIDDEN,0901433cbfe906073eae45118a1466e03afab04a766a3061a988ffe089ba4e01,9548a24a4faf5db17b5251df407b4402de033ae8648ec321c850fe6105002cf1,8128818d8ea8f5c3517d04da28955f010269df61e756429957a0a032386f6c51
fixture-bank-13:0:source-b:fixture-bank-13:p0003,correct,fixture-base-13,ff963d85d64acc87d9746e75be8bdebfc2f1270f6df2973bbec8333c48c059de,23bc76fd36d1490877c3d533b77daa34101fee5b32e5371bb67f3a556051ad6d,csi-pairs-v6-software-fixture,ded1ec639ff3e6fd5eba769d42db1ed36222a48af333a30a670254b30b164b74,620f300cbec1f56da4691882bc7dbe52593dc597fc62f6ae925c0f6ac72f1c6b,True,FORBIDDEN,0901433cbfe906073eae45118a1466e03afab04a766a3061a988ffe089ba4e01,9548a24a4faf5db17b5251df407b4402de033ae8648ec321c850fe6105002cf1,8128818d8ea8f5c3517d04da28955f010269df61e756429957a0a032386f6c51
fixture-bank-13:0:source-b:fixture-bank-13:p0003,empty,fixture-base-13,80422bc3d307b4a25bdafcc84ac7fb01cb55a09810e8b0f37bb12e0edb5c48ca,9e55c822c8873725352f0c67ef4fee4f2aaffcd3ca9f5ff0b09459833c18bb65,csi-pairs-v6-software-fixture,ded1ec639ff3e6fd5eba769d42db1ed36222a48af333a30a670254b30b164b74,620f300cbec1f56da4691882bc7dbe52593dc597fc62f6ae925c0f6ac72f1c6b,True,FORBIDDEN,0901433cbfe906073eae45118a1466e03afab04a766a3061a988ffe089ba4e01,9548a24a4faf5db17b5251df407b4402de033ae8648ec321c850fe6105002cf1,8128818d8ea8f5c3517d04da28955f010269df61e756429957a0a032386f6c51
fixture-bank-13:0:source-b:fixture-bank-13:p0003,geometry_destroyed,fixture-base-13,c5de097a9757f1a8821df35efbfb500cc89f3d63dc5fc0dd72e8d0c4ac23d454,668aa1e4b33d38df51f3c5dfb22b1d9eb0dd680eb50ff3d4ee2f3bea8587c66b,csi-pairs-v6-software-fixture,ded1ec639ff3e6fd5eba769d42db1ed36222a48af333a30a670254b30b164b74,620f300cbec1f56da4691882bc7dbe52593dc597fc62f6ae925c0f6ac72f1c6b,True,FORBIDDEN,0901433cbfe906073eae45118a1466e03afab04a766a3061a988ffe089ba4e01,9548a24a4faf5db17b5251df407b4402de033ae8648ec321c850fe6105002cf1,8128818d8ea8f5c3517d04da28955f010269df61e756429957a0a032386f6c51
fixture-bank-13:0:source-b:fixture-bank-13:p0003,paired_active_alternative,fixture-base-13,951bcb74358e1e4e230d49916479269dba31a44b603453729743a4e281303dfc,5492e5d28505aa47172deba2c3d34393a12b275ce6a005157b638bc9dc6ff29f,csi-pairs-v6-software-fixture,ded1ec639ff3e6fd5eba769d42db1ed36222a48af333a30a670254b30b164b74,620f300cbec1f56da4691882bc7dbe52593dc597fc62f6ae925c0f6ac72f1c6b,True,FORBIDDEN,0901433cbfe906073eae45118a1466e03afab04a766a3061a988ffe089ba4e01,9548a24a4faf5db17b5251df407b4402de033ae8648ec321c850fe6105002cf1,8128818d8ea8f5c3517d04da28955f010269df61e756429957a0a032386f6c51
fixture-bank-13:0:source-b:fixture-bank-13:p0003,paired_null_alternative,fixture-base-13,d5562de0e2a83eb75a5283cc308d5029c8fdf9ff8641aa0a418d47978400e998,001759dc4c85eb3d880dc67f610f5efe56d770ebd1619d81f089c5439fd54906,csi-pairs-v6-software-fixture,ded1ec639ff3e6fd5eba769d42db1ed36222a48af333a30a670254b30b164b74,620f300cbec1f56da4691882bc7dbe52593dc597fc62f6ae925c0f6ac72f1c6b,True,FORBIDDEN,0901433cbfe906073eae45118a1466e03afab04a766a3061a988ffe089ba4e01,9548a24a4faf5db17b5251df407b4402de033ae8648ec321c850fe6105002cf1,8128818d8ea8f5c3517d04da28955f010269df61e756429957a0a032386f6c51
fixture-bank-13:0:source-b:fixture-bank-13:p0003,wrong_city,fixture-base-13,f5927760d3b1814b4517f2d4ec916c38c996cc08756aa052f486f1e0d64db008,cd6fbc5fb7763b3b83939b07a307c9a94efa49be29a928c55fe2712340b36782,csi-pairs-v6-software-fixture,ded1ec639ff3e6fd5eba769d42db1ed36222a48af333a30a670254b30b164b74,620f300cbec1f56da4691882bc7dbe52593dc597fc62f6ae925c0f6ac72f1c6b,True,FORBIDDEN,0901433cbfe906073eae45118a1466e03afab04a766a3061a988ffe089ba4e01,9548a24a4faf5db17b5251df407b4402de033ae8648ec321c850fe6105002cf1,8128818d8ea8f5c3517d04da28955f010269df61e756429957a0a032386f6c51
fixture-bank-13:0:source-b:fixture-bank-13:p0005,correct,fixture-base-13,ff963d85d64acc87d9746e75be8bdebfc2f1270f6df2973bbec8333c48c059de,23bc76fd36d1490877c3d533b77daa34101fee5b32e5371bb67f3a556051ad6d,csi-pairs-v6-software-fixture,ded1ec639ff3e6fd5eba769d42db1ed36222a48af333a30a670254b30b164b74,620f300cbec1f56da4691882bc7dbe52593dc597fc62f6ae925c0f6ac72f1c6b,True,FORBIDDEN,0901433cbfe906073eae45118a1466e03afab04a766a3061a988ffe089ba4e01,9548a24a4faf5db17b5251df407b4402de033ae8648ec321c850fe6105002cf1,8128818d8ea8f5c3517d04da28955f010269df61e756429957a0a032386f6c51
fixture-bank-13:0:source-b:fixture-bank-13:p0005,empty,fixture-base-13,80422bc3d307b4a25bdafcc84ac7fb01cb55a09810e8b0f37bb12e0edb5c48ca,9e55c822c8873725352f0c67ef4fee4f2aaffcd3ca9f5ff0b09459833c18bb65,csi-pairs-v6-software-fixture,ded1ec639ff3e6fd5eba769d42db1ed36222a48af333a30a670254b30b164b74,620f300cbec1f56da4691882bc7dbe52593dc597fc62f6ae925c0f6ac72f1c6b,True,FORBIDDEN,0901433cbfe906073eae45118a1466e03afab04a766a3061a988ffe089ba4e01,9548a24a4faf5db17b5251df407b4402de033ae8648ec321c850fe6105002cf1,8128818d8ea8f5c3517d04da28955f010269df61e756429957a0a032386f6c51
fixture-bank-13:0:source-b:fixture-bank-13:p0005,geometry_destroyed,fixture-base-13,6cc2a2dea23291e5671fd3b8031378e6d0feb82a0b925e35bfa6a3122f0311d8,668aa1e4b33d38df51f3c5dfb22b1d9eb0dd680eb50ff3d4ee2f3bea8587c66b,csi-pairs-v6-software-fixture,ded1ec639ff3e6fd5eba769d42db1ed36222a48af333a30a670254b30b164b74,620f300cbec1f56da4691882bc7dbe52593dc597fc62f6ae925c0f6ac72f1c6b,True,FORBIDDEN,0901433cbfe906073eae45118a1466e03afab04a766a3061a988ffe089ba4e01,9548a24a4faf5db17b5251df407b4402de033ae8648ec321c850fe6105002cf1,8128818d8ea8f5c3517d04da28955f010269df61e756429957a0a032386f6c51
fixture-bank-13:0:source-b:fixture-bank-13:p0005,paired_active_alternative,fixture-base-13,d5562de0e2a83eb75a5283cc308d5029c8fdf9ff8641aa0a418d47978400e998,09b8d53d9054b3b88fa6808da7564d6310a6ecbb122ef08e91bee51e09c39608,csi-pairs-v6-software-fixture,ded1ec639ff3e6fd5eba769d42db1ed36222a48af333a30a670254b30b164b74,620f300cbec1f56da4691882bc7dbe52593dc597fc62f6ae925c0f6ac72f1c6b,True,FORBIDDEN,0901433cbfe906073eae45118a1466e03afab04a766a3061a988ffe089ba4e01,9548a24a4faf5db17b5251df407b4402de033ae8648ec321c850fe6105002cf1,8128818d8ea8f5c3517d04da28955f010269df61e756429957a0a032386f6c51
fixture-bank-13:0:source-b:fixture-bank-13:p0005,paired_null_alternative,fixture-base-13,951bcb74358e1e4e230d49916479269dba31a44b603453729743a4e281303dfc,66b48752aec25a0d8344e984c3ba90d195057d847f682c9cdb73f7d74e64056d,csi-pairs-v6-software-fixture,ded1ec639ff3e6fd5eba769d42db1ed36222a48af333a30a670254b30b164b74,620f300cbec1f56da4691882bc7dbe52593dc597fc62f6ae925c0f6ac72f1c6b,True,FORBIDDEN,0901433cbfe906073eae45118a1466e03afab04a766a3061a988ffe089ba4e01,9548a24a4faf5db17b5251df407b4402de033ae8648ec321c850fe6105002cf1,8128818d8ea8f5c3517d04da28955f010269df61e756429957a0a032386f6c51
fixture-bank-13:0:source-b:fixture-bank-13:p0005,wrong_city,fixture-base-13,f5927760d3b1814b4517f2d4ec916c38c996cc08756aa052f486f1e0d64db008,cd6fbc5fb7763b3b83939b07a307c9a94efa49be29a928c55fe2712340b36782,csi-pairs-v6-software-fixture,ded1ec639ff3e6fd5eba769d42db1ed36222a48af333a30a670254b30b164b74,620f300cbec1f56da4691882bc7dbe52593dc597fc62f6ae925c0f6ac72f1c6b,True,FORBIDDEN,0901433cbfe906073eae45118a1466e03afab04a766a3061a988ffe089ba4e01,9548a24a4faf5db17b5251df407b4402de033ae8648ec321c850fe6105002cf1,8128818d8ea8f5c3517d04da28955f010269df61e756429957a0a032386f6c51
fixture-bank-13:0:source-b:fixture-bank-13:p0006,correct,fixture-base-13,ff963d85d64acc87d9746e75be8bdebfc2f1270f6df2973bbec8333c48c059de,23bc76fd36d1490877c3d533b77daa34101fee5b32e5371bb67f3a556051ad6d,csi-pairs-v6-software-fixture,ded1ec639ff3e6fd5eba769d42db1ed36222a48af333a30a670254b30b164b74,620f300cbec1f56da4691882bc7dbe52593dc597fc62f6ae925c0f6ac72f1c6b,True,FORBIDDEN,0901433cbfe906073eae45118a1466e03afab04a766a3061a988ffe089ba4e01,9548a24a4faf5db17b5251df407b4402de033ae8648ec321c850fe6105002cf1,8128818d8ea8f5c3517d04da28955f010269df61e756429957a0a032386f6c51
fixture-bank-13:0:source-b:fixture-bank-13:p0006,empty,fixture-base-13,80422bc3d307b4a25bdafcc84ac7fb01cb55a09810e8b0f37bb12e0edb5c48ca,9e55c822c8873725352f0c67ef4fee4f2aaffcd3ca9f5ff0b09459833c18bb65,csi-pairs-v6-software-fixture,ded1ec639ff3e6fd5eba769d42db1ed36222a48af333a30a670254b30b164b74,620f300cbec1f56da4691882bc7dbe52593dc597fc62f6ae925c0f6ac72f1c6b,True,FORBIDDEN,0901433cbfe906073eae45118a1466e03afab04a766a3061a988ffe089ba4e01,9548a24a4faf5db17b5251df407b4402de033ae8648ec321c850fe6105002cf1,8128818d8ea8f5c3517d04da28955f010269df61e756429957a0a032386f6c51
fixture-bank-13:0:source-b:fixture-bank-13:p0006,geometry_destroyed,fixture-base-13,5629ff4cc176cdf7c4355fa071d22cd48b998f00d8447025ef27e1e34406e9c2,668aa1e4b33d38df51f3c5dfb22b1d9eb0dd680eb50ff3d4ee2f3bea8587c66b,csi-pairs-v6-software-fixture,ded1ec639ff3e6fd5eba769d42db1ed36222a48af333a30a670254b30b164b74,620f300cbec1f56da4691882bc7dbe52593dc597fc62f6ae925c0f6ac72f1c6b,True,FORBIDDEN,0901433cbfe906073eae45118a1466e03afab04a766a3061a988ffe089ba4e01,9548a24a4faf5db17b5251df407b4402de033ae8648ec321c850fe6105002cf1,8128818d8ea8f5c3517d04da28955f010269df61e756429957a0a032386f6c51
fixture-bank-13:0:source-b:fixture-bank-13:p0006,paired_active_alternative,fixture-base-13,951bcb74358e1e4e230d49916479269dba31a44b603453729743a4e281303dfc,5492e5d28505aa47172deba2c3d34393a12b275ce6a005157b638bc9dc6ff29f,csi-pairs-v6-software-fixture,ded1ec639ff3e6fd5eba769d42db1ed36222a48af333a30a670254b30b164b74,620f300cbec1f56da4691882bc7dbe52593dc597fc62f6ae925c0f6ac72f1c6b,True,FORBIDDEN,0901433cbfe906073eae45118a1466e03afab04a766a3061a988ffe089ba4e01,9548a24a4faf5db17b5251df407b4402de033ae8648ec321c850fe6105002cf1,8128818d8ea8f5c3517d04da28955f010269df61e756429957a0a032386f6c51
fixture-bank-13:0:source-b:fixture-bank-13:p0006,paired_null_alternative,fixture-base-13,d5562de0e2a83eb75a5283cc308d5029c8fdf9ff8641aa0a418d47978400e998,001759dc4c85eb3d880dc67f610f5efe56d770ebd1619d81f089c5439fd54906,csi-pairs-v6-software-fixture,ded1ec639ff3e6fd5eba769d42db1ed36222a48af333a30a670254b30b164b74,620f300cbec1f56da4691882bc7dbe52593dc597fc62f6ae925c0f6ac72f1c6b,True,FORBIDDEN,0901433cbfe906073eae45118a1466e03afab04a766a3061a988ffe089ba4e01,9548a24a4faf5db17b5251df407b4402de033ae8648ec321c850fe6105002cf1,8128818d8ea8f5c3517d04da28955f010269df61e756429957a0a032386f6c51
fixture-bank-13:0:source-b:fixture-bank-13:p0006,wrong_city,fixture-base-13,f5927760d3b1814b4517f2d4ec916c38c996cc08756aa052f486f1e0d64db008,cd6fbc5fb7763b3b83939b07a307c9a94efa49be29a928c55fe2712340b36782,csi-pairs-v6-software-fixture,ded1ec639ff3e6fd5eba769d42db1ed36222a48af333a30a670254b30b164b74,620f300cbec1f56da4691882bc7dbe52593dc597fc62f6ae925c0f6ac72f1c6b,True,FORBIDDEN,0901433cbfe906073eae45118a1466e03afab04a766a3061a988ffe089ba4e01,9548a24a4faf5db17b5251df407b4402de033ae8648ec321c850fe6105002cf1,8128818d8ea8f5c3517d04da28955f010269df61e756429957a0a032386f6c51
fixture-bank-13:0:source-b:fixture-bank-13:p0007,correct,fixture-base-13,ff963d85d64acc87d9746e75be8bdebfc2f1270f6df2973bbec8333c48c059de,23bc76fd36d1490877c3d533b77daa34101fee5b32e5371bb67f3a556051ad6d,csi-pairs-v6-software-fixture,ded1ec639ff3e6fd5eba769d42db1ed36222a48af333a30a670254b30b164b74,620f300cbec1f56da4691882bc7dbe52593dc597fc62f6ae925c0f6ac72f1c6b,True,FORBIDDEN,0901433cbfe906073eae45118a1466e03afab04a766a3061a988ffe089ba4e01,9548a24a4faf5db17b5251df407b4402de033ae8648ec321c850fe6105002cf1,8128818d8ea8f5c3517d04da28955f010269df61e756429957a0a032386f6c51
fixture-bank-13:0:source-b:fixture-bank-13:p0007,empty,fixture-base-13,80422bc3d307b4a25bdafcc84ac7fb01cb55a09810e8b0f37bb12e0edb5c48ca,9e55c822c8873725352f0c67ef4fee4f2aaffcd3ca9f5ff0b09459833c18bb65,csi-pairs-v6-software-fixture,ded1ec639ff3e6fd5eba769d42db1ed36222a48af333a30a670254b30b164b74,620f300cbec1f56da4691882bc7dbe52593dc597fc62f6ae925c0f6ac72f1c6b,True,FORBIDDEN,0901433cbfe906073eae45118a1466e03afab04a766a3061a988ffe089ba4e01,9548a24a4faf5db17b5251df407b4402de033ae8648ec321c850fe6105002cf1,8128818d8ea8f5c3517d04da28955f010269df61e756429957a0a032386f6c51
fixture-bank-13:0:source-b:fixture-bank-13:p0007,geometry_destroyed,fixture-base-13,ea321cff0c067ad6095ba9c9b96adf21cc6825fb2df27b8889440eeff0de8718,668aa1e4b33d38df51f3c5dfb22b1d9eb0dd680eb50ff3d4ee2f3bea8587c66b,csi-pairs-v6-software-fixture,ded1ec639ff3e6fd5eba769d42db1ed36222a48af333a30a670254b30b164b74,620f300cbec1f56da4691882bc7dbe52593dc597fc62f6ae925c0f6ac72f1c6b,True,FORBIDDEN,0901433cbfe906073eae45118a1466e03afab04a766a3061a988ffe089ba4e01,9548a24a4faf5db17b5251df407b4402de033ae8648ec321c850fe6105002cf1,8128818d8ea8f5c3517d04da28955f010269df61e756429957a0a032386f6c51
fixture-bank-13:0:source-b:fixture-bank-13:p0007,paired_active_alternative,fixture-base-13,951bcb74358e1e4e230d49916479269dba31a44b603453729743a4e281303dfc,5492e5d28505aa47172deba2c3d34393a12b275ce6a005157b638bc9dc6ff29f,csi-pairs-v6-software-fixture,ded1ec639ff3e6fd5eba769d42db1ed36222a48af333a30a670254b30b164b74,620f300cbec1f56da4691882bc7dbe52593dc597fc62f6ae925c0f6ac72f1c6b,True,FORBIDDEN,0901433cbfe906073eae45118a1466e03afab04a766a3061a988ffe089ba4e01,9548a24a4faf5db17b5251df407b4402de033ae8648ec321c850fe6105002cf1,8128818d8ea8f5c3517d04da28955f010269df61e756429957a0a032386f6c51
fixture-bank-13:0:source-b:fixture-bank-13:p0007,paired_null_alternative,fixture-base-13,d5562de0e2a83eb75a5283cc308d5029c8fdf9ff8641aa0a418d47978400e998,001759dc4c85eb3d880dc67f610f5efe56d770ebd1619d81f089c5439fd54906,csi-pairs-v6-software-fixture,ded1ec639ff3e6fd5eba769d42db1ed36222a48af333a30a670254b30b164b74,620f300cbec1f56da4691882bc7dbe52593dc597fc62f6ae925c0f6ac72f1c6b,True,FORBIDDEN,0901433cbfe906073eae45118a1466e03afab04a766a3061a988ffe089ba4e01,9548a24a4faf5db17b5251df407b4402de033ae8648ec321c850fe6105002cf1,8128818d8ea8f5c3517d04da28955f010269df61e756429957a0a032386f6c51
fixture-bank-13:0:source-b:fixture-bank-13:p0007,wrong_city,fixture-base-13,f5927760d3b1814b4517f2d4ec916c38c996cc08756aa052f486f1e0d64db008,cd6fbc5fb7763b3b83939b07a307c9a94efa49be29a928c55fe2712340b36782,csi-pairs-v6-software-fixture,ded1ec639ff3e6fd5eba769d42db1ed36222a48af333a30a670254b30b164b74,620f300cbec1f56da4691882bc7dbe52593dc597fc62f6ae925c0f6ac72f1c6b,True,FORBIDDEN,0901433cbfe906073eae45118a1466e03afab04a766a3061a988ffe089ba4e01,9548a24a4faf5db17b5251df407b4402de033ae8648ec321c850fe6105002cf1,8128818d8ea8f5c3517d04da28955f010269df61e756429957a0a032386f6c51
fixture-bank-13:1:source-b:fixture-bank-13:p0000,correct,fixture-base-13,d5562de0e2a83eb75a5283cc308d5029c8fdf9ff8641aa0a418d47978400e998,23bc76fd36d1490877c3d533b77daa34101fee5b32e5371bb67f3a556051ad6d,csi-pairs-v6-software-fixture,ded1ec639ff3e6fd5eba769d42db1ed36222a48af333a30a670254b30b164b74,620f300cbec1f56da4691882bc7dbe52593dc597fc62f6ae925c0f6ac72f1c6b,True,FORBIDDEN,0901433cbfe906073eae45118a1466e03afab04a766a3061a988ffe089ba4e01,9548a24a4faf5db17b5251df407b4402de033ae8648ec321c850fe6105002cf1,8128818d8ea8f5c3517d04da28955f010269df61e756429957a0a032386f6c51
fixture-bank-13:1:source-b:fixture-bank-13:p0000,empty,fixture-base-13,80422bc3d307b4a25bdafcc84ac7fb01cb55a09810e8b0f37bb12e0edb5c48ca,9e55c822c8873725352f0c67ef4fee4f2aaffcd3ca9f5ff0b09459833c18bb65,csi-pairs-v6-software-fixture,ded1ec639ff3e6fd5eba769d42db1ed36222a48af333a30a670254b30b164b74,620f300cbec1f56da4691882bc7dbe52593dc597fc62f6ae925c0f6ac72f1c6b,True,FORBIDDEN,0901433cbfe906073eae45118a1466e03afab04a766a3061a988ffe089ba4e01,9548a24a4faf5db17b5251df407b4402de033ae8648ec321c850fe6105002cf1,8128818d8ea8f5c3517d04da28955f010269df61e756429957a0a032386f6c51
fixture-bank-13:1:source-b:fixture-bank-13:p0000,geometry_destroyed,fixture-base-13,ed107df3c058d47b0cb66fecb6399cbcf3ed2563ed22cad850ca80df167dcec5,668aa1e4b33d38df51f3c5dfb22b1d9eb0dd680eb50ff3d4ee2f3bea8587c66b,csi-pairs-v6-software-fixture,ded1ec639ff3e6fd5eba769d42db1ed36222a48af333a30a670254b30b164b74,620f300cbec1f56da4691882bc7dbe52593dc597fc62f6ae925c0f6ac72f1c6b,True,FORBIDDEN,0901433cbfe906073eae45118a1466e03afab04a766a3061a988ffe089ba4e01,9548a24a4faf5db17b5251df407b4402de033ae8648ec321c850fe6105002cf1,8128818d8ea8f5c3517d04da28955f010269df61e756429957a0a032386f6c51
fixture-bank-13:1:source-b:fixture-bank-13:p0000,paired_active_alternative,fixture-base-13,ff963d85d64acc87d9746e75be8bdebfc2f1270f6df2973bbec8333c48c059de,fb993d1f20d994685cb542c26f2f4d2682566ab8aec49d8a92e473b2f6ecc204,csi-pairs-v6-software-fixture,ded1ec639ff3e6fd5eba769d42db1ed36222a48af333a30a670254b30b164b74,620f300cbec1f56da4691882bc7dbe52593dc597fc62f6ae925c0f6ac72f1c6b,True,FORBIDDEN,0901433cbfe906073eae45118a1466e03afab04a766a3061a988ffe089ba4e01,9548a24a4faf5db17b5251df407b4402de033ae8648ec321c850fe6105002cf1,8128818d8ea8f5c3517d04da28955f010269df61e756429957a0a032386f6c51
fixture-bank-13:1:source-b:fixture-bank-13:p0000,paired_null_alternative,fixture-base-13,73b7697b52607a165cb9ffaaa7e5afbfdfa002bc0fab1b1b612fc4d7517991ae,62d7305f77ded3a998ec5b0acdc984ac41047c78d79aa7accc173e097d8f5cb3,csi-pairs-v6-software-fixture,ded1ec639ff3e6fd5eba769d42db1ed36222a48af333a30a670254b30b164b74,620f300cbec1f56da4691882bc7dbe52593dc597fc62f6ae925c0f6ac72f1c6b,True,FORBIDDEN,0901433cbfe906073eae45118a1466e03afab04a766a3061a988ffe089ba4e01,9548a24a4faf5db17b5251df407b4402de033ae8648ec321c850fe6105002cf1,8128818d8ea8f5c3517d04da28955f010269df61e756429957a0a032386f6c51
fixture-bank-13:1:source-b:fixture-bank-13:p0000,wrong_city,fixture-base-13,f5927760d3b1814b4517f2d4ec916c38c996cc08756aa052f486f1e0d64db008,cd6fbc5fb7763b3b83939b07a307c9a94efa49be29a928c55fe2712340b36782,csi-pairs-v6-software-fixture,ded1ec639ff3e6fd5eba769d42db1ed36222a48af333a30a670254b30b164b74,620f300cbec1f56da4691882bc7dbe52593dc597fc62f6ae925c0f6ac72f1c6b,True,FORBIDDEN,0901433cbfe906073eae45118a1466e03afab04a766a3061a988ffe089ba4e01,9548a24a4faf5db17b5251df407b4402de033ae8648ec321c850fe6105002cf1,8128818d8ea8f5c3517d04da28955f010269df61e756429957a0a032386f6c51
fixture-bank-13:1:source-b:fixture-bank-13:p0001,correct,fixture-base-13,d5562de0e2a83eb75a5283cc308d5029c8fdf9ff8641aa0a418d47978400e998,23bc76fd36d1490877c3d533b77daa34101fee5b32e5371bb67f3a556051ad6d,csi-pairs-v6-software-fixture,ded1ec639ff3e6fd5eba769d42db1ed36222a48af333a30a670254b30b164b74,620f300cbec1f56da4691882bc7dbe52593dc597fc62f6ae925c0f6ac72f1c6b,True,FORBIDDEN,0901433cbfe906073eae45118a1466e03afab04a766a3061a988ffe089ba4e01,9548a24a4faf5db17b5251df407b4402de033ae8648ec321c850fe6105002cf1,8128818d8ea8f5c3517d04da28955f010269df61e756429957a0a032386f6c51
fixture-bank-13:1:source-b:fixture-bank-13:p0001,empty,fixture-base-13,80422bc3d307b4a25bdafcc84ac7fb01cb55a09810e8b0f37bb12e0edb5c48ca,9e55c822c8873725352f0c67ef4fee4f2aaffcd3ca9f5ff0b09459833c18bb65,csi-pairs-v6-software-fixture,ded1ec639ff3e6fd5eba769d42db1ed36222a48af333a30a670254b30b164b74,620f300cbec1f56da4691882bc7dbe52593dc597fc62f6ae925c0f6ac72f1c6b,True,FORBIDDEN,0901433cbfe906073eae45118a1466e03afab04a766a3061a988ffe089ba4e01,9548a24a4faf5db17b5251df407b4402de033ae8648ec321c850fe6105002cf1,8128818d8ea8f5c3517d04da28955f010269df61e756429957a0a032386f6c51
fixture-bank-13:1:source-b:fixture-bank-13:p0001,geometry_destroyed,fixture-base-13,9320870025bbb9621f8413782bcffe32bd56c4a6335b59af0fc2bec64a0d82dc,668aa1e4b33d38df51f3c5dfb22b1d9eb0dd680eb50ff3d4ee2f3bea8587c66b,csi-pairs-v6-software-fixture,ded1ec639ff3e6fd5eba769d42db1ed36222a48af333a30a670254b30b164b74,620f300cbec1f56da4691882bc7dbe52593dc597fc62f6ae925c0f6ac72f1c6b,True,FORBIDDEN,0901433cbfe906073eae45118a1466e03afab04a766a3061a988ffe089ba4e01,9548a24a4faf5db17b5251df407b4402de033ae8648ec321c850fe6105002cf1,8128818d8ea8f5c3517d04da28955f010269df61e756429957a0a032386f6c51
fixture-bank-13:1:source-b:fixture-bank-13:p0001,paired_active_alternative,fixture-base-13,ff963d85d64acc87d9746e75be8bdebfc2f1270f6df2973bbec8333c48c059de,fb993d1f20d994685cb542c26f2f4d2682566ab8aec49d8a92e473b2f6ecc204,csi-pairs-v6-software-fixture,ded1ec639ff3e6fd5eba769d42db1ed36222a48af333a30a670254b30b164b74,620f300cbec1f56da4691882bc7dbe52593dc597fc62f6ae925c0f6ac72f1c6b,True,FORBIDDEN,0901433cbfe906073eae45118a1466e03afab04a766a3061a988ffe089ba4e01,9548a24a4faf5db17b5251df407b4402de033ae8648ec321c850fe6105002cf1,8128818d8ea8f5c3517d04da28955f010269df61e756429957a0a032386f6c51
fixture-bank-13:1:source-b:fixture-bank-13:p0001,paired_null_alternative,fixture-base-13,73b7697b52607a165cb9ffaaa7e5afbfdfa002bc0fab1b1b612fc4d7517991ae,62d7305f77ded3a998ec5b0acdc984ac41047c78d79aa7accc173e097d8f5cb3,csi-pairs-v6-software-fixture,ded1ec639ff3e6fd5eba769d42db1ed36222a48af333a30a670254b30b164b74,620f300cbec1f56da4691882bc7dbe52593dc597fc62f6ae925c0f6ac72f1c6b,True,FORBIDDEN,0901433cbfe906073eae45118a1466e03afab04a766a3061a988ffe089ba4e01,9548a24a4faf5db17b5251df407b4402de033ae8648ec321c850fe6105002cf1,8128818d8ea8f5c3517d04da28955f010269df61e756429957a0a032386f6c51
fixture-bank-13:1:source-b:fixture-bank-13:p0001,wrong_city,fixture-base-13,f5927760d3b1814b4517f2d4ec916c38c996cc08756aa052f486f1e0d64db008,cd6fbc5fb7763b3b83939b07a307c9a94efa49be29a928c55fe2712340b36782,csi-pairs-v6-software-fixture,ded1ec639ff3e6fd5eba769d42db1ed36222a48af333a30a670254b30b164b74,620f300cbec1f56da4691882bc7dbe52593dc597fc62f6ae925c0f6ac72f1c6b,True,FORBIDDEN,0901433cbfe906073eae45118a1466e03afab04a766a3061a988ffe089ba4e01,9548a24a4faf5db17b5251df407b4402de033ae8648ec321c850fe6105002cf1,8128818d8ea8f5c3517d04da28955f010269df61e756429957a0a032386f6c51
fixture-bank-13:1:source-b:fixture-bank-13:p0003,correct,fixture-base-13,d5562de0e2a83eb75a5283cc308d5029c8fdf9ff8641aa0a418d47978400e998,23bc76fd36d1490877c3d533b77daa34101fee5b32e5371bb67f3a556051ad6d,csi-pairs-v6-software-fixture,ded1ec639ff3e6fd5eba769d42db1ed36222a48af333a30a670254b30b164b74,620f300cbec1f56da4691882bc7dbe52593dc597fc62f6ae925c0f6ac72f1c6b,True,FORBIDDEN,0901433cbfe906073eae45118a1466e03afab04a766a3061a988ffe089ba4e01,9548a24a4faf5db17b5251df407b4402de033ae8648ec321c850fe6105002cf1,8128818d8ea8f5c3517d04da28955f010269df61e756429957a0a032386f6c51
fixture-bank-13:1:source-b:fixture-bank-13:p0003,empty,fixture-base-13,80422bc3d307b4a25bdafcc84ac7fb01cb55a09810e8b0f37bb12e0edb5c48ca,9e55c822c8873725352f0c67ef4fee4f2aaffcd3ca9f5ff0b09459833c18bb65,csi-pairs-v6-software-fixture,ded1ec639ff3e6fd5eba769d42db1ed36222a48af333a30a670254b30b164b74,620f300cbec1f56da4691882bc7dbe52593dc597fc62f6ae925c0f6ac72f1c6b,True,FORBIDDEN,0901433cbfe906073eae45118a1466e03afab04a766a3061a988ffe089ba4e01,9548a24a4faf5db17b5251df407b4402de033ae8648ec321c850fe6105002cf1,8128818d8ea8f5c3517d04da28955f010269df61e756429957a0a032386f6c51
fixture-bank-13:1:source-b:fixture-bank-13:p0003,geometry_destroyed,fixture-base-13,7d791bc1b6f140f35d78a6d908924b103fe2a2ab82114a3ea2c6baca373154df,668aa1e4b33d38df51f3c5dfb22b1d9eb0dd680eb50ff3d4ee2f3bea8587c66b,csi-pairs-v6-software-fixture,ded1ec639ff3e6fd5eba769d42db1ed36222a48af333a30a670254b30b164b74,620f300cbec1f56da4691882bc7dbe52593dc597fc62f6ae925c0f6ac72f1c6b,True,FORBIDDEN,0901433cbfe906073eae45118a1466e03afab04a766a3061a988ffe089ba4e01,9548a24a4faf5db17b5251df407b4402de033ae8648ec321c850fe6105002cf1,8128818d8ea8f5c3517d04da28955f010269df61e756429957a0a032386f6c51
fixture-bank-13:1:source-b:fixture-bank-13:p0003,paired_active_alternative,fixture-base-13,73b7697b52607a165cb9ffaaa7e5afbfdfa002bc0fab1b1b612fc4d7517991ae,eb6f3d8398dcc28c7b1b0b6e56a090a6b00388520f1fe0c728bcbad0f02c09fd,csi-pairs-v6-software-fixture,ded1ec639ff3e6fd5eba769d42db1ed36222a48af333a30a670254b30b164b74,620f300cbec1f56da4691882bc7dbe52593dc597fc62f6ae925c0f6ac72f1c6b,True,FORBIDDEN,0901433cbfe906073eae45118a1466e03afab04a766a3061a988ffe089ba4e01,9548a24a4faf5db17b5251df407b4402de033ae8648ec321c850fe6105002cf1,8128818d8ea8f5c3517d04da28955f010269df61e756429957a0a032386f6c51
fixture-bank-13:1:source-b:fixture-bank-13:p0003,paired_null_alternative,fixture-base-13,ff963d85d64acc87d9746e75be8bdebfc2f1270f6df2973bbec8333c48c059de,0c3f8a7c10b57d102ecc75f1f5338d204d3b075da66df990e863e2b541992902,csi-pairs-v6-software-fixture,ded1ec639ff3e6fd5eba769d42db1ed36222a48af333a30a670254b30b164b74,620f300cbec1f56da4691882bc7dbe52593dc597fc62f6ae925c0f6ac72f1c6b,True,FORBIDDEN,0901433cbfe906073eae45118a1466e03afab04a766a3061a988ffe089ba4e01,9548a24a4faf5db17b5251df407b4402de033ae8648ec321c850fe6105002cf1,8128818d8ea8f5c3517d04da28955f010269df61e756429957a0a032386f6c51
fixture-bank-13:1:source-b:fixture-bank-13:p0003,wrong_city,fixture-base-13,f5927760d3b1814b4517f2d4ec916c38c996cc08756aa052f486f1e0d64db008,cd6fbc5fb7763b3b83939b07a307c9a94efa49be29a928c55fe2712340b36782,csi-pairs-v6-software-fixture,ded1ec639ff3e6fd5eba769d42db1ed36222a48af333a30a670254b30b164b74,620f300cbec1f56da4691882bc7dbe52593dc597fc62f6ae925c0f6ac72f1c6b,True,FORBIDDEN,0901433cbfe906073eae45118a1466e03afab04a766a3061a988ffe089ba4e01,9548a24a4faf5db17b5251df407b4402de033ae8648ec321c850fe6105002cf1,8128818d8ea8f5c3517d04da28955f010269df61e756429957a0a032386f6c51
fixture-bank-13:1:source-b:fixture-bank-13:p0005,correct,fixture-base-13,d5562de0e2a83eb75a5283cc308d5029c8fdf9ff8641aa0a418d47978400e998,23bc76fd36d1490877c3d533b77daa34101fee5b32e5371bb67f3a556051ad6d,csi-pairs-v6-software-fixture,ded1ec639ff3e6fd5eba769d42db1ed36222a48af333a30a670254b30b164b74,620f300cbec1f56da4691882bc7dbe52593dc597fc62f6ae925c0f6ac72f1c6b,True,FORBIDDEN,0901433cbfe906073eae45118a1466e03afab04a766a3061a988ffe089ba4e01,9548a24a4faf5db17b5251df407b4402de033ae8648ec321c850fe6105002cf1,8128818d8ea8f5c3517d04da28955f010269df61e756429957a0a032386f6c51
fixture-bank-13:1:source-b:fixture-bank-13:p0005,empty,fixture-base-13,80422bc3d307b4a25bdafcc84ac7fb01cb55a09810e8b0f37bb12e0edb5c48ca,9e55c822c8873725352f0c67ef4fee4f2aaffcd3ca9f5ff0b09459833c18bb65,csi-pairs-v6-software-fixture,ded1ec639ff3e6fd5eba769d42db1ed36222a48af333a30a670254b30b164b74,620f300cbec1f56da4691882bc7dbe52593dc597fc62f6ae925c0f6ac72f1c6b,True,FORBIDDEN,0901433cbfe906073eae45118a1466e03afab04a766a3061a988ffe089ba4e01,9548a24a4faf5db17b5251df407b4402de033ae8648ec321c850fe6105002cf1,8128818d8ea8f5c3517d04da28955f010269df61e756429957a0a032386f6c51
fixture-bank-13:1:source-b:fixture-bank-13:p0005,geometry_destroyed,fixture-base-13,8bdc27ad141087a1b7870d2945491a5e1e22162969a9e9ac67396ef65037e3e4,668aa1e4b33d38df51f3c5dfb22b1d9eb0dd680eb50ff3d4ee2f3bea8587c66b,csi-pairs-v6-software-fixture,ded1ec639ff3e6fd5eba769d42db1ed36222a48af333a30a670254b30b164b74,620f300cbec1f56da4691882bc7dbe52593dc597fc62f6ae925c0f6ac72f1c6b,True,FORBIDDEN,0901433cbfe906073eae45118a1466e03afab04a766a3061a988ffe089ba4e01,9548a24a4faf5db17b5251df407b4402de033ae8648ec321c850fe6105002cf1,8128818d8ea8f5c3517d04da28955f010269df61e756429957a0a032386f6c51
fixture-bank-13:1:source-b:fixture-bank-13:p0005,paired_active_alternative,fixture-base-13,ff963d85d64acc87d9746e75be8bdebfc2f1270f6df2973bbec8333c48c059de,fb993d1f20d994685cb542c26f2f4d2682566ab8aec49d8a92e473b2f6ecc204,csi-pairs-v6-software-fixture,ded1ec639ff3e6fd5eba769d42db1ed36222a48af333a30a670254b30b164b74,620f300cbec1f56da4691882bc7dbe52593dc597fc62f6ae925c0f6ac72f1c6b,True,FORBIDDEN,0901433cbfe906073eae45118a1466e03afab04a766a3061a988ffe089ba4e01,9548a24a4faf5db17b5251df407b4402de033ae8648ec321c850fe6105002cf1,8128818d8ea8f5c3517d04da28955f010269df61e756429957a0a032386f6c51
fixture-bank-13:1:source-b:fixture-bank-13:p0005,paired_null_alternative,fixture-base-13,73b7697b52607a165cb9ffaaa7e5afbfdfa002bc0fab1b1b612fc4d7517991ae,62d7305f77ded3a998ec5b0acdc984ac41047c78d79aa7accc173e097d8f5cb3,csi-pairs-v6-software-fixture,ded1ec639ff3e6fd5eba769d42db1ed36222a48af333a30a670254b30b164b74,620f300cbec1f56da4691882bc7dbe52593dc597fc62f6ae925c0f6ac72f1c6b,True,FORBIDDEN,0901433cbfe906073eae45118a1466e03afab04a766a3061a988ffe089ba4e01,9548a24a4faf5db17b5251df407b4402de033ae8648ec321c850fe6105002cf1,8128818d8ea8f5c3517d04da28955f010269df61e756429957a0a032386f6c51
fixture-bank-13:1:source-b:fixture-bank-13:p0005,wrong_city,fixture-base-13,f5927760d3b1814b4517f2d4ec916c38c996cc08756aa052f486f1e0d64db008,cd6fbc5fb7763b3b83939b07a307c9a94efa49be29a928c55fe2712340b36782,csi-pairs-v6-software-fixture,ded1ec639ff3e6fd5eba769d42db1ed36222a48af333a30a670254b30b164b74,620f300cbec1f56da4691882bc7dbe52593dc597fc62f6ae925c0f6ac72f1c6b,True,FORBIDDEN,0901433cbfe906073eae45118a1466e03afab04a766a3061a988ffe089ba4e01,9548a24a4faf5db17b5251df407b4402de033ae8648ec321c850fe6105002cf1,8128818d8ea8f5c3517d04da28955f010269df61e756429957a0a032386f6c51
fixture-bank-13:1:source-b:fixture-bank-13:p0006,correct,fixture-base-13,d5562de0e2a83eb75a5283cc308d5029c8fdf9ff8641aa0a418d47978400e998,23bc76fd36d1490877c3d533b77daa34101fee5b32e5371bb67f3a556051ad6d,csi-pairs-v6-software-fixture,ded1ec639ff3e6fd5eba769d42db1ed36222a48af333a30a670254b30b164b74,620f300cbec1f56da4691882bc7dbe52593dc597fc62f6ae925c0f6ac72f1c6b,True,FORBIDDEN,0901433cbfe906073eae45118a1466e03afab04a766a3061a988ffe089ba4e01,9548a24a4faf5db17b5251df407b4402de033ae8648ec321c850fe6105002cf1,8128818d8ea8f5c3517d04da28955f010269df61e756429957a0a032386f6c51
fixture-bank-13:1:source-b:fixture-bank-13:p0006,empty,fixture-base-13,80422bc3d307b4a25bdafcc84ac7fb01cb55a09810e8b0f37bb12e0edb5c48ca,9e55c822c8873725352f0c67ef4fee4f2aaffcd3ca9f5ff0b09459833c18bb65,csi-pairs-v6-software-fixture,ded1ec639ff3e6fd5eba769d42db1ed36222a48af333a30a670254b30b164b74,620f300cbec1f56da4691882bc7dbe52593dc597fc62f6ae925c0f6ac72f1c6b,True,FORBIDDEN,0901433cbfe906073eae45118a1466e03afab04a766a3061a988ffe089ba4e01,9548a24a4faf5db17b5251df407b4402de033ae8648ec321c850fe6105002cf1,8128818d8ea8f5c3517d04da28955f010269df61e756429957a0a032386f6c51
fixture-bank-13:1:source-b:fixture-bank-13:p0006,geometry_destroyed,fixture-base-13,196cd6ebc58f8f0de6c2265f8b32f7c650dde3894bb964720e4dc9f5b06b9042,668aa1e4b33d38df51f3c5dfb22b1d9eb0dd680eb50ff3d4ee2f3bea8587c66b,csi-pairs-v6-software-fixture,ded1ec639ff3e6fd5eba769d42db1ed36222a48af333a30a670254b30b164b74,620f300cbec1f56da4691882bc7dbe52593dc597fc62f6ae925c0f6ac72f1c6b,True,FORBIDDEN,0901433cbfe906073eae45118a1466e03afab04a766a3061a988ffe089ba4e01,9548a24a4faf5db17b5251df407b4402de033ae8648ec321c850fe6105002cf1,8128818d8ea8f5c3517d04da28955f010269df61e756429957a0a032386f6c51
fixture-bank-13:1:source-b:fixture-bank-13:p0006,paired_active_alternative,fixture-base-13,73b7697b52607a165cb9ffaaa7e5afbfdfa002bc0fab1b1b612fc4d7517991ae,eb6f3d8398dcc28c7b1b0b6e56a090a6b00388520f1fe0c728bcbad0f02c09fd,csi-pairs-v6-software-fixture,ded1ec639ff3e6fd5eba769d42db1ed36222a48af333a30a670254b30b164b74,620f300cbec1f56da4691882bc7dbe52593dc597fc62f6ae925c0f6ac72f1c6b,True,FORBIDDEN,0901433cbfe906073eae45118a1466e03afab04a766a3061a988ffe089ba4e01,9548a24a4faf5db17b5251df407b4402de033ae8648ec321c850fe6105002cf1,8128818d8ea8f5c3517d04da28955f010269df61e756429957a0a032386f6c51
fixture-bank-13:1:source-b:fixture-bank-13:p0006,paired_null_alternative,fixture-base-13,ff963d85d64acc87d9746e75be8bdebfc2f1270f6df2973bbec8333c48c059de,0c3f8a7c10b57d102ecc75f1f5338d204d3b075da66df990e863e2b541992902,csi-pairs-v6-software-fixture,ded1ec639ff3e6fd5eba769d42db1ed36222a48af333a30a670254b30b164b74,620f300cbec1f56da4691882bc7dbe52593dc597fc62f6ae925c0f6ac72f1c6b,True,FORBIDDEN,0901433cbfe906073eae45118a1466e03afab04a766a3061a988ffe089ba4e01,9548a24a4faf5db17b5251df407b4402de033ae8648ec321c850fe6105002cf1,8128818d8ea8f5c3517d04da28955f010269df61e756429957a0a032386f6c51
fixture-bank-13:1:source-b:fixture-bank-13:p0006,wrong_city,fixture-base-13,f5927760d3b1814b4517f2d4ec916c38c996cc08756aa052f486f1e0d64db008,cd6fbc5fb7763b3b83939b07a307c9a94efa49be29a928c55fe2712340b36782,csi-pairs-v6-software-fixture,ded1ec639ff3e6fd5eba769d42db1ed36222a48af333a30a670254b30b164b74,620f300cbec1f56da4691882bc7dbe52593dc597fc62f6ae925c0f6ac72f1c6b,True,FORBIDDEN,0901433cbfe906073eae45118a1466e03afab04a766a3061a988ffe089ba4e01,9548a24a4faf5db17b5251df407b4402de033ae8648ec321c850fe6105002cf1,8128818d8ea8f5c3517d04da28955f010269df61e756429957a0a032386f6c51
fixture-bank-13:1:source-b:fixture-bank-13:p0007,correct,fixture-base-13,d5562de0e2a83eb75a5283cc308d5029c8fdf9ff8641aa0a418d47978400e998,23bc76fd36d1490877c3d533b77daa34101fee5b32e5371bb67f3a556051ad6d,csi-pairs-v6-software-fixture,ded1ec639ff3e6fd5eba769d42db1ed36222a48af333a30a670254b30b164b74,620f300cbec1f56da4691882bc7dbe52593dc597fc62f6ae925c0f6ac72f1c6b,True,FORBIDDEN,0901433cbfe906073eae45118a1466e03afab04a766a3061a988ffe089ba4e01,9548a24a4faf5db17b5251df407b4402de033ae8648ec321c850fe6105002cf1,8128818d8ea8f5c3517d04da28955f010269df61e756429957a0a032386f6c51
fixture-bank-13:1:source-b:fixture-bank-13:p0007,empty,fixture-base-13,80422bc3d307b4a25bdafcc84ac7fb01cb55a09810e8b0f37bb12e0edb5c48ca,9e55c822c8873725352f0c67ef4fee4f2aaffcd3ca9f5ff0b09459833c18bb65,csi-pairs-v6-software-fixture,ded1ec639ff3e6fd5eba769d42db1ed36222a48af333a30a670254b30b164b74,620f300cbec1f56da4691882bc7dbe52593dc597fc62f6ae925c0f6ac72f1c6b,True,FORBIDDEN,0901433cbfe906073eae45118a1466e03afab04a766a3061a988ffe089ba4e01,9548a24a4faf5db17b5251df407b4402de033ae8648ec321c850fe6105002cf1,8128818d8ea8f5c3517d04da28955f010269df61e756429957a0a032386f6c51
fixture-bank-13:1:source-b:fixture-bank-13:p0007,geometry_destroyed,fixture-base-13,5bb95fdad22ba249daf63b14850c2ed2b23ef488ae200cc82d57a3cae1739835,668aa1e4b33d38df51f3c5dfb22b1d9eb0dd680eb50ff3d4ee2f3bea8587c66b,csi-pairs-v6-software-fixture,ded1ec639ff3e6fd5eba769d42db1ed36222a48af333a30a670254b30b164b74,620f300cbec1f56da4691882bc7dbe52593dc597fc62f6ae925c0f6ac72f1c6b,True,FORBIDDEN,0901433cbfe906073eae45118a1466e03afab04a766a3061a988ffe089ba4e01,9548a24a4faf5db17b5251df407b4402de033ae8648ec321c850fe6105002cf1,8128818d8ea8f5c3517d04da28955f010269df61e756429957a0a032386f6c51
fixture-bank-13:1:source-b:fixture-bank-13:p0007,paired_active_alternative,fixture-base-13,73b7697b52607a165cb9ffaaa7e5afbfdfa002bc0fab1b1b612fc4d7517991ae,eb6f3d8398dcc28c7b1b0b6e56a090a6b00388520f1fe0c728bcbad0f02c09fd,csi-pairs-v6-software-fixture,ded1ec639ff3e6fd5eba769d42db1ed36222a48af333a30a670254b30b164b74,620f300cbec1f56da4691882bc7dbe52593dc597fc62f6ae925c0f6ac72f1c6b,True,FORBIDDEN,0901433cbfe906073eae45118a1466e03afab04a766a3061a988ffe089ba4e01,9548a24a4faf5db17b5251df407b4402de033ae8648ec321c850fe6105002cf1,8128818d8ea8f5c3517d04da28955f010269df61e756429957a0a032386f6c51
fixture-bank-13:1:source-b:fixture-bank-13:p0007,paired_null_alternative,fixture-base-13,ff963d85d64acc87d9746e75be8bdebfc2f1270f6df2973bbec8333c48c059de,0c3f8a7c10b57d102ecc75f1f5338d204d3b075da66df990e863e2b541992902,csi-pairs-v6-software-fixture,ded1ec639ff3e6fd5eba769d42db1ed36222a48af333a30a670254b30b164b74,620f300cbec1f56da4691882bc7dbe52593dc597fc62f6ae925c0f6ac72f1c6b,True,FORBIDDEN,0901433cbfe906073eae45118a1466e03afab04a766a3061a988ffe089ba4e01,9548a24a4faf5db17b5251df407b4402de033ae8648ec321c850fe6105002cf1,8128818d8ea8f5c3517d04da28955f010269df61e756429957a0a032386f6c51
fixture-bank-13:1:source-b:fixture-bank-13:p0007,wrong_city,fixture-base-13,f5927760d3b1814b4517f2d4ec916c38c996cc08756aa052f486f1e0d64db008,cd6fbc5fb7763b3b83939b07a307c9a94efa49be29a928c55fe2712340b36782,csi-pairs-v6-software-fixture,ded1ec639ff3e6fd5eba769d42db1ed36222a48af333a30a670254b30b164b74,620f300cbec1f56da4691882bc7dbe52593dc597fc62f6ae925c0f6ac72f1c6b,True,FORBIDDEN,0901433cbfe906073eae45118a1466e03afab04a766a3061a988ffe089ba4e01,9548a24a4faf5db17b5251df407b4402de033ae8648ec321c850fe6105002cf1,8128818d8ea8f5c3517d04da28955f010269df61e756429957a0a032386f6c51
fixture-bank-13:2:source-b:fixture-bank-13:p0000,correct,fixture-base-13,951bcb74358e1e4e230d49916479269dba31a44b603453729743a4e281303dfc,23bc76fd36d1490877c3d533b77daa34101fee5b32e5371bb67f3a556051ad6d,csi-pairs-v6-software-fixture,ded1ec639ff3e6fd5eba769d42db1ed36222a48af333a30a670254b30b164b74,620f300cbec1f56da4691882bc7dbe52593dc597fc62f6ae925c0f6ac72f1c6b,True,FORBIDDEN,0901433cbfe906073eae45118a1466e03afab04a766a3061a988ffe089ba4e01,9548a24a4faf5db17b5251df407b4402de033ae8648ec321c850fe6105002cf1,8128818d8ea8f5c3517d04da28955f010269df61e756429957a0a032386f6c51
fixture-bank-13:2:source-b:fixture-bank-13:p0000,empty,fixture-base-13,80422bc3d307b4a25bdafcc84ac7fb01cb55a09810e8b0f37bb12e0edb5c48ca,9e55c822c8873725352f0c67ef4fee4f2aaffcd3ca9f5ff0b09459833c18bb65,csi-pairs-v6-software-fixture,ded1ec639ff3e6fd5eba769d42db1ed36222a48af333a30a670254b30b164b74,620f300cbec1f56da4691882bc7dbe52593dc597fc62f6ae925c0f6ac72f1c6b,True,FORBIDDEN,0901433cbfe906073eae45118a1466e03afab04a766a3061a988ffe089ba4e01,9548a24a4faf5db17b5251df407b4402de033ae8648ec321c850fe6105002cf1,8128818d8ea8f5c3517d04da28955f010269df61e756429957a0a032386f6c51
fixture-bank-13:2:source-b:fixture-bank-13:p0000,geometry_destroyed,fixture-base-13,97dee46121e974d19fafc11d89ea7d5311695fc33ba2419d2247f4a3c1100501,668aa1e4b33d38df51f3c5dfb22b1d9eb0dd680eb50ff3d4ee2f3bea8587c66b,csi-pairs-v6-software-fixture,ded1ec639ff3e6fd5eba769d42db1ed36222a48af333a30a670254b30b164b74,620f300cbec1f56da4691882bc7dbe52593dc597fc62f6ae925c0f6ac72f1c6b,True,FORBIDDEN,0901433cbfe906073eae45118a1466e03afab04a766a3061a988ffe089ba4e01,9548a24a4faf5db17b5251df407b4402de033ae8648ec321c850fe6105002cf1,8128818d8ea8f5c3517d04da28955f010269df61e756429957a0a032386f6c51
fixture-bank-13:2:source-b:fixture-bank-13:p0000,paired_active_alternative,fixture-base-13,73b7697b52607a165cb9ffaaa7e5afbfdfa002bc0fab1b1b612fc4d7517991ae,9342cf861ca09ede8f2ad330b0a43fc44a87f29cd4b4f300a32223abbd8ff439,csi-pairs-v6-software-fixture,ded1ec639ff3e6fd5eba769d42db1ed36222a48af333a30a670254b30b164b74,620f300cbec1f56da4691882bc7dbe52593dc597fc62f6ae925c0f6ac72f1c6b,True,FORBIDDEN,0901433cbfe906073eae45118a1466e03afab04a766a3061a988ffe089ba4e01,9548a24a4faf5db17b5251df407b4402de033ae8648ec321c850fe6105002cf1,8128818d8ea8f5c3517d04da28955f010269df61e756429957a0a032386f6c51
fixture-bank-13:2:source-b:fixture-bank-13:p0000,paired_null_alternative,fixture-base-13,ff963d85d64acc87d9746e75be8bdebfc2f1270f6df2973bbec8333c48c059de,dc604e21f06e2238c055dda77df6b29500b87d1ccd6f1220d16d28e0132afd63,csi-pairs-v6-software-fixture,ded1ec639ff3e6fd5eba769d42db1ed36222a48af333a30a670254b30b164b74,620f300cbec1f56da4691882bc7dbe52593dc597fc62f6ae925c0f6ac72f1c6b,True,FORBIDDEN,0901433cbfe906073eae45118a1466e03afab04a766a3061a988ffe089ba4e01,9548a24a4faf5db17b5251df407b4402de033ae8648ec321c850fe6105002cf1,8128818d8ea8f5c3517d04da28955f010269df61e756429957a0a032386f6c51
fixture-bank-13:2:source-b:fixture-bank-13:p0000,wrong_city,fixture-base-13,f5927760d3b1814b4517f2d4ec916c38c996cc08756aa052f486f1e0d64db008,cd6fbc5fb7763b3b83939b07a307c9a94efa49be29a928c55fe2712340b36782,csi-pairs-v6-software-fixture,ded1ec639ff3e6fd5eba769d42db1ed36222a48af333a30a670254b30b164b74,620f300cbec1f56da4691882bc7dbe52593dc597fc62f6ae925c0f6ac72f1c6b,True,FORBIDDEN,0901433cbfe906073eae45118a1466e03afab04a766a3061a988ffe089ba4e01,9548a24a4faf5db17b5251df407b4402de033ae8648ec321c850fe6105002cf1,8128818d8ea8f5c3517d04da28955f010269df61e756429957a0a032386f6c51
fixture-bank-13:2:source-b:fixture-bank-13:p0001,correct,fixture-base-13,951bcb74358e1e4e230d49916479269dba31a44b603453729743a4e281303dfc,23bc76fd36d1490877c3d533b77daa34101fee5b32e5371bb67f3a556051ad6d,csi-pairs-v6-software-fixture,ded1ec639ff3e6fd5eba769d42db1ed36222a48af333a30a670254b30b164b74,620f300cbec1f56da4691882bc7dbe52593dc597fc62f6ae925c0f6ac72f1c6b,True,FORBIDDEN,0901433cbfe906073eae45118a1466e03afab04a766a3061a988ffe089ba4e01,9548a24a4faf5db17b5251df407b4402de033ae8648ec321c850fe6105002cf1,8128818d8ea8f5c3517d04da28955f010269df61e756429957a0a032386f6c51
fixture-bank-13:2:source-b:fixture-bank-13:p0001,empty,fixture-base-13,80422bc3d307b4a25bdafcc84ac7fb01cb55a09810e8b0f37bb12e0edb5c48ca,9e55c822c8873725352f0c67ef4fee4f2aaffcd3ca9f5ff0b09459833c18bb65,csi-pairs-v6-software-fixture,ded1ec639ff3e6fd5eba769d42db1ed36222a48af333a30a670254b30b164b74,620f300cbec1f56da4691882bc7dbe52593dc597fc62f6ae925c0f6ac72f1c6b,True,FORBIDDEN,0901433cbfe906073eae45118a1466e03afab04a766a3061a988ffe089ba4e01,9548a24a4faf5db17b5251df407b4402de033ae8648ec321c850fe6105002cf1,8128818d8ea8f5c3517d04da28955f010269df61e756429957a0a032386f6c51
fixture-bank-13:2:source-b:fixture-bank-13:p0001,geometry_destroyed,fixture-base-13,38bce82024c951dce0561f4fdad6f7282ba5cc42f0d48f0eac9fc671d64cd8a6,668aa1e4b33d38df51f3c5dfb22b1d9eb0dd680eb50ff3d4ee2f3bea8587c66b,csi-pairs-v6-software-fixture,ded1ec639ff3e6fd5eba769d42db1ed36222a48af333a30a670254b30b164b74,620f300cbec1f56da4691882bc7dbe52593dc597fc62f6ae925c0f6ac72f1c6b,True,FORBIDDEN,0901433cbfe906073eae45118a1466e03afab04a766a3061a988ffe089ba4e01,9548a24a4faf5db17b5251df407b4402de033ae8648ec321c850fe6105002cf1,8128818d8ea8f5c3517d04da28955f010269df61e756429957a0a032386f6c51
fixture-bank-13:2:source-b:fixture-bank-13:p0001,paired_active_alternative,fixture-base-13,73b7697b52607a165cb9ffaaa7e5afbfdfa002bc0fab1b1b612fc4d7517991ae,9342cf861ca09ede8f2ad330b0a43fc44a87f29cd4b4f300a32223abbd8ff439,csi-pairs-v6-software-fixture,ded1ec639ff3e6fd5eba769d42db1ed36222a48af333a30a670254b30b164b74,620f300cbec1f56da4691882bc7dbe52593dc597fc62f6ae925c0f6ac72f1c6b,True,FORBIDDEN,0901433cbfe906073eae45118a1466e03afab04a766a3061a988ffe089ba4e01,9548a24a4faf5db17b5251df407b4402de033ae8648ec321c850fe6105002cf1,8128818d8ea8f5c3517d04da28955f010269df61e756429957a0a032386f6c51
fixture-bank-13:2:source-b:fixture-bank-13:p0001,paired_null_alternative,fixture-base-13,ff963d85d64acc87d9746e75be8bdebfc2f1270f6df2973bbec8333c48c059de,dc604e21f06e2238c055dda77df6b29500b87d1ccd6f1220d16d28e0132afd63,csi-pairs-v6-software-fixture,ded1ec639ff3e6fd5eba769d42db1ed36222a48af333a30a670254b30b164b74,620f300cbec1f56da4691882bc7dbe52593dc597fc62f6ae925c0f6ac72f1c6b,True,FORBIDDEN,0901433cbfe906073eae45118a1466e03afab04a766a3061a988ffe089ba4e01,9548a24a4faf5db17b5251df407b4402de033ae8648ec321c850fe6105002cf1,8128818d8ea8f5c3517d04da28955f010269df61e756429957a0a032386f6c51
fixture-bank-13:2:source-b:fixture-bank-13:p0001,wrong_city,fixture-base-13,f5927760d3b1814b4517f2d4ec916c38c996cc08756aa052f486f1e0d64db008,cd6fbc5fb7763b3b83939b07a307c9a94efa49be29a928c55fe2712340b36782,csi-pairs-v6-software-fixture,ded1ec639ff3e6fd5eba769d42db1ed36222a48af333a30a670254b30b164b74,620f300cbec1f56da4691882bc7dbe52593dc597fc62f6ae925c0f6ac72f1c6b,True,FORBIDDEN,0901433cbfe906073eae45118a1466e03afab04a766a3061a988ffe089ba4e01,9548a24a4faf5db17b5251df407b4402de033ae8648ec321c850fe6105002cf1,8128818d8ea8f5c3517d04da28955f010269df61e756429957a0a032386f6c51
fixture-bank-13:2:source-b:fixture-bank-13:p0003,correct,fixture-base-13,951bcb74358e1e4e230d49916479269dba31a44b603453729743a4e281303dfc,23bc76fd36d1490877c3d533b77daa34101fee5b32e5371bb67f3a556051ad6d,csi-pairs-v6-software-fixture,ded1ec639ff3e6fd5eba769d42db1ed36222a48af333a30a670254b30b164b74,620f300cbec1f56da4691882bc7dbe52593dc597fc62f6ae925c0f6ac72f1c6b,True,FORBIDDEN,0901433cbfe906073eae45118a1466e03afab04a766a3061a988ffe089ba4e01,9548a24a4faf5db17b5251df407b4402de033ae8648ec321c850fe6105002cf1,8128818d8ea8f5c3517d04da28955f010269df61e756429957a0a032386f6c51
fixture-bank-13:2:source-b:fixture-bank-13:p0003,empty,fixture-base-13,80422bc3d307b4a25bdafcc84ac7fb01cb55a09810e8b0f37bb12e0edb5c48ca,9e55c822c8873725352f0c67ef4fee4f2aaffcd3ca9f5ff0b09459833c18bb65,csi-pairs-v6-software-fixture,ded1ec639ff3e6fd5eba769d42db1ed36222a48af333a30a670254b30b164b74,620f300cbec1f56da4691882bc7dbe52593dc597fc62f6ae925c0f6ac72f1c6b,True,FORBIDDEN,0901433cbfe906073eae45118a1466e03afab04a766a3061a988ffe089ba4e01,9548a24a4faf5db17b5251df407b4402de033ae8648ec321c850fe6105002cf1,8128818d8ea8f5c3517d04da28955f010269df61e756429957a0a032386f6c51
fixture-bank-13:2:source-b:fixture-bank-13:p0003,geometry_destroyed,fixture-base-13,bc6d969d1599ebf14270502d482d697cffc065b1f0468be5e113382e22fe595f,668aa1e4b33d38df51f3c5dfb22b1d9eb0dd680eb50ff3d4ee2f3bea8587c66b,csi-pairs-v6-software-fixture,ded1ec639ff3e6fd5eba769d42db1ed36222a48af333a30a670254b30b164b74,620f300cbec1f56da4691882bc7dbe52593dc597fc62f6ae925c0f6ac72f1c6b,True,FORBIDDEN,0901433cbfe906073eae45118a1466e03afab04a766a3061a988ffe089ba4e01,9548a24a4faf5db17b5251df407b4402de033ae8648ec321c850fe6105002cf1,8128818d8ea8f5c3517d04da28955f010269df61e756429957a0a032386f6c51
fixture-bank-13:2:source-b:fixture-bank-13:p0003,paired_active_alternative,fixture-base-13,ff963d85d64acc87d9746e75be8bdebfc2f1270f6df2973bbec8333c48c059de,0b31628d91747416d598239ad80b02ecfc0fae08307e393cee01fb056f795e98,csi-pairs-v6-software-fixture,ded1ec639ff3e6fd5eba769d42db1ed36222a48af333a30a670254b30b164b74,620f300cbec1f56da4691882bc7dbe52593dc597fc62f6ae925c0f6ac72f1c6b,True,FORBIDDEN,0901433cbfe906073eae45118a1466e03afab04a766a3061a988ffe089ba4e01,9548a24a4faf5db17b5251df407b4402de033ae8648ec321c850fe6105002cf1,8128818d8ea8f5c3517d04da28955f010269df61e756429957a0a032386f6c51
fixture-bank-13:2:source-b:fixture-bank-13:p0003,paired_null_alternative,fixture-base-13,73b7697b52607a165cb9ffaaa7e5afbfdfa002bc0fab1b1b612fc4d7517991ae,5fc3415ed5103230b624481971a0a9602b76f4a7dd5023483aded77a1c493001,csi-pairs-v6-software-fixture,ded1ec639ff3e6fd5eba769d42db1ed36222a48af333a30a670254b30b164b74,620f300cbec1f56da4691882bc7dbe52593dc597fc62f6ae925c0f6ac72f1c6b,True,FORBIDDEN,0901433cbfe906073eae45118a1466e03afab04a766a3061a988ffe089ba4e01,9548a24a4faf5db17b5251df407b4402de033ae8648ec321c850fe6105002cf1,8128818d8ea8f5c3517d04da28955f010269df61e756429957a0a032386f6c51
fixture-bank-13:2:source-b:fixture-bank-13:p0003,wrong_city,fixture-base-13,f5927760d3b1814b4517f2d4ec916c38c996cc08756aa052f486f1e0d64db008,cd6fbc5fb7763b3b83939b07a307c9a94efa49be29a928c55fe2712340b36782,csi-pairs-v6-software-fixture,ded1ec639ff3e6fd5eba769d42db1ed36222a48af333a30a670254b30b164b74,620f300cbec1f56da4691882bc7dbe52593dc597fc62f6ae925c0f6ac72f1c6b,True,FORBIDDEN,0901433cbfe906073eae45118a1466e03afab04a766a3061a988ffe089ba4e01,9548a24a4faf5db17b5251df407b4402de033ae8648ec321c850fe6105002cf1,8128818d8ea8f5c3517d04da28955f010269df61e756429957a0a032386f6c51
fixture-bank-13:2:source-b:fixture-bank-13:p0005,correct,fixture-base-13,951bcb74358e1e4e230d49916479269dba31a44b603453729743a4e281303dfc,23bc76fd36d1490877c3d533b77daa34101fee5b32e5371bb67f3a556051ad6d,csi-pairs-v6-software-fixture,ded1ec639ff3e6fd5eba769d42db1ed36222a48af333a30a670254b30b164b74,620f300cbec1f56da4691882bc7dbe52593dc597fc62f6ae925c0f6ac72f1c6b,True,FORBIDDEN,0901433cbfe906073eae45118a1466e03afab04a766a3061a988ffe089ba4e01,9548a24a4faf5db17b5251df407b4402de033ae8648ec321c850fe6105002cf1,8128818d8ea8f5c3517d04da28955f010269df61e756429957a0a032386f6c51
fixture-bank-13:2:source-b:fixture-bank-13:p0005,empty,fixture-base-13,80422bc3d307b4a25bdafcc84ac7fb01cb55a09810e8b0f37bb12e0edb5c48ca,9e55c822c8873725352f0c67ef4fee4f2aaffcd3ca9f5ff0b09459833c18bb65,csi-pairs-v6-software-fixture,ded1ec639ff3e6fd5eba769d42db1ed36222a48af333a30a670254b30b164b74,620f300cbec1f56da4691882bc7dbe52593dc597fc62f6ae925c0f6ac72f1c6b,True,FORBIDDEN,0901433cbfe906073eae45118a1466e03afab04a766a3061a988ffe089ba4e01,9548a24a4faf5db17b5251df407b4402de033ae8648ec321c850fe6105002cf1,8128818d8ea8f5c3517d04da28955f010269df61e756429957a0a032386f6c51
fixture-bank-13:2:source-b:fixture-bank-13:p0005,geometry_destroyed,fixture-base-13,f7e3ac8aa731cb7f99c4afcc8760c80d56a14d251357324b63b355921fa23745,668aa1e4b33d38df51f3c5dfb22b1d9eb0dd680eb50ff3d4ee2f3bea8587c66b,csi-pairs-v6-software-fixture,ded1ec639ff3e6fd5eba769d42db1ed36222a48af333a30a670254b30b164b74,620f300cbec1f56da4691882bc7dbe52593dc597fc62f6ae925c0f6ac72f1c6b,True,FORBIDDEN,0901433cbfe906073eae45118a1466e03afab04a766a3061a988ffe089ba4e01,9548a24a4faf5db17b5251df407b4402de033ae8648ec321c850fe6105002cf1,8128818d8ea8f5c3517d04da28955f010269df61e756429957a0a032386f6c51
fixture-bank-13:2:source-b:fixture-bank-13:p0005,paired_active_alternative,fixture-base-13,73b7697b52607a165cb9ffaaa7e5afbfdfa002bc0fab1b1b612fc4d7517991ae,9342cf861ca09ede8f2ad330b0a43fc44a87f29cd4b4f300a32223abbd8ff439,csi-pairs-v6-software-fixture,ded1ec639ff3e6fd5eba769d42db1ed36222a48af333a30a670254b30b164b74,620f300cbec1f56da4691882bc7dbe52593dc597fc62f6ae925c0f6ac72f1c6b,True,FORBIDDEN,0901433cbfe906073eae45118a1466e03afab04a766a3061a988ffe089ba4e01,9548a24a4faf5db17b5251df407b4402de033ae8648ec321c850fe6105002cf1,8128818d8ea8f5c3517d04da28955f010269df61e756429957a0a032386f6c51
fixture-bank-13:2:source-b:fixture-bank-13:p0005,paired_null_alternative,fixture-base-13,ff963d85d64acc87d9746e75be8bdebfc2f1270f6df2973bbec8333c48c059de,dc604e21f06e2238c055dda77df6b29500b87d1ccd6f1220d16d28e0132afd63,csi-pairs-v6-software-fixture,ded1ec639ff3e6fd5eba769d42db1ed36222a48af333a30a670254b30b164b74,620f300cbec1f56da4691882bc7dbe52593dc597fc62f6ae925c0f6ac72f1c6b,True,FORBIDDEN,0901433cbfe906073eae45118a1466e03afab04a766a3061a988ffe089ba4e01,9548a24a4faf5db17b5251df407b4402de033ae8648ec321c850fe6105002cf1,8128818d8ea8f5c3517d04da28955f010269df61e756429957a0a032386f6c51
fixture-bank-13:2:source-b:fixture-bank-13:p0005,wrong_city,fixture-base-13,f5927760d3b1814b4517f2d4ec916c38c996cc08756aa052f486f1e0d64db008,cd6fbc5fb7763b3b83939b07a307c9a94efa49be29a928c55fe2712340b36782,csi-pairs-v6-software-fixture,ded1ec639ff3e6fd5eba769d42db1ed36222a48af333a30a670254b30b164b74,620f300cbec1f56da4691882bc7dbe52593dc597fc62f6ae925c0f6ac72f1c6b,True,FORBIDDEN,0901433cbfe906073eae45118a1466e03afab04a766a3061a988ffe089ba4e01,9548a24a4faf5db17b5251df407b4402de033ae8648ec321c850fe6105002cf1,8128818d8ea8f5c3517d04da28955f010269df61e756429957a0a032386f6c51
fixture-bank-13:2:source-b:fixture-bank-13:p0006,correct,fixture-base-13,951bcb74358e1e4e230d49916479269dba31a44b603453729743a4e281303dfc,23bc76fd36d1490877c3d533b77daa34101fee5b32e5371bb67f3a556051ad6d,csi-pairs-v6-software-fixture,ded1ec639ff3e6fd5eba769d42db1ed36222a48af333a30a670254b30b164b74,620f300cbec1f56da4691882bc7dbe52593dc597fc62f6ae925c0f6ac72f1c6b,True,FORBIDDEN,0901433cbfe906073eae45118a1466e03afab04a766a3061a988ffe089ba4e01,9548a24a4faf5db17b5251df407b4402de033ae8648ec321c850fe6105002cf1,8128818d8ea8f5c3517d04da28955f010269df61e756429957a0a032386f6c51
fixture-bank-13:2:source-b:fixture-bank-13:p0006,empty,fixture-base-13,80422bc3d307b4a25bdafcc84ac7fb01cb55a09810e8b0f37bb12e0edb5c48ca,9e55c822c8873725352f0c67ef4fee4f2aaffcd3ca9f5ff0b09459833c18bb65,csi-pairs-v6-software-fixture,ded1ec639ff3e6fd5eba769d42db1ed36222a48af333a30a670254b30b164b74,620f300cbec1f56da4691882bc7dbe52593dc597fc62f6ae925c0f6ac72f1c6b,True,FORBIDDEN,0901433cbfe906073eae45118a1466e03afab04a766a3061a988ffe089ba4e01,9548a24a4faf5db17b5251df407b4402de033ae8648ec321c850fe6105002cf1,8128818d8ea8f5c3517d04da28955f010269df61e756429957a0a032386f6c51
fixture-bank-13:2:source-b:fixture-bank-13:p0006,geometry_destroyed,fixture-base-13,6d68b39832f12374d627157abf3d7f89be12e059264c5063cc053d1925e873ae,668aa1e4b33d38df51f3c5dfb22b1d9eb0dd680eb50ff3d4ee2f3bea8587c66b,csi-pairs-v6-software-fixture,ded1ec639ff3e6fd5eba769d42db1ed36222a48af333a30a670254b30b164b74,620f300cbec1f56da4691882bc7dbe52593dc597fc62f6ae925c0f6ac72f1c6b,True,FORBIDDEN,0901433cbfe906073eae45118a1466e03afab04a766a3061a988ffe089ba4e01,9548a24a4faf5db17b5251df407b4402de033ae8648ec321c850fe6105002cf1,8128818d8ea8f5c3517d04da28955f010269df61e756429957a0a032386f6c51
fixture-bank-13:2:source-b:fixture-bank-13:p0006,paired_active_alternative,fixture-base-13,ff963d85d64acc87d9746e75be8bdebfc2f1270f6df2973bbec8333c48c059de,0b31628d91747416d598239ad80b02ecfc0fae08307e393cee01fb056f795e98,csi-pairs-v6-software-fixture,ded1ec639ff3e6fd5eba769d42db1ed36222a48af333a30a670254b30b164b74,620f300cbec1f56da4691882bc7dbe52593dc597fc62f6ae925c0f6ac72f1c6b,True,FORBIDDEN,0901433cbfe906073eae45118a1466e03afab04a766a3061a988ffe089ba4e01,9548a24a4faf5db17b5251df407b4402de033ae8648ec321c850fe6105002cf1,8128818d8ea8f5c3517d04da28955f010269df61e756429957a0a032386f6c51
fixture-bank-13:2:source-b:fixture-bank-13:p0006,paired_null_alternative,fixture-base-13,73b7697b52607a165cb9ffaaa7e5afbfdfa002bc0fab1b1b612fc4d7517991ae,5fc3415ed5103230b624481971a0a9602b76f4a7dd5023483aded77a1c493001,csi-pairs-v6-software-fixture,ded1ec639ff3e6fd5eba769d42db1ed36222a48af333a30a670254b30b164b74,620f300cbec1f56da4691882bc7dbe52593dc597fc62f6ae925c0f6ac72f1c6b,True,FORBIDDEN,0901433cbfe906073eae45118a1466e03afab04a766a3061a988ffe089ba4e01,9548a24a4faf5db17b5251df407b4402de033ae8648ec321c850fe6105002cf1,8128818d8ea8f5c3517d04da28955f010269df61e756429957a0a032386f6c51
fixture-bank-13:2:source-b:fixture-bank-13:p0006,wrong_city,fixture-base-13,f5927760d3b1814b4517f2d4ec916c38c996cc08756aa052f486f1e0d64db008,cd6fbc5fb7763b3b83939b07a307c9a94efa49be29a928c55fe2712340b36782,csi-pairs-v6-software-fixture,ded1ec639ff3e6fd5eba769d42db1ed36222a48af333a30a670254b30b164b74,620f300cbec1f56da4691882bc7dbe52593dc597fc62f6ae925c0f6ac72f1c6b,True,FORBIDDEN,0901433cbfe906073eae45118a1466e03afab04a766a3061a988ffe089ba4e01,9548a24a4faf5db17b5251df407b4402de033ae8648ec321c850fe6105002cf1,8128818d8ea8f5c3517d04da28955f010269df61e756429957a0a032386f6c51
fixture-bank-13:2:source-b:fixture-bank-13:p0007,correct,fixture-base-13,951bcb74358e1e4e230d49916479269dba31a44b603453729743a4e281303dfc,23bc76fd36d1490877c3d533b77daa34101fee5b32e5371bb67f3a556051ad6d,csi-pairs-v6-software-fixture,ded1ec639ff3e6fd5eba769d42db1ed36222a48af333a30a670254b30b164b74,620f300cbec1f56da4691882bc7dbe52593dc597fc62f6ae925c0f6ac72f1c6b,True,FORBIDDEN,0901433cbfe906073eae45118a1466e03afab04a766a3061a988ffe089ba4e01,9548a24a4faf5db17b5251df407b4402de033ae8648ec321c850fe6105002cf1,8128818d8ea8f5c3517d04da28955f010269df61e756429957a0a032386f6c51
fixture-bank-13:2:source-b:fixture-bank-13:p0007,empty,fixture-base-13,80422bc3d307b4a25bdafcc84ac7fb01cb55a09810e8b0f37bb12e0edb5c48ca,9e55c822c8873725352f0c67ef4fee4f2aaffcd3ca9f5ff0b09459833c18bb65,csi-pairs-v6-software-fixture,ded1ec639ff3e6fd5eba769d42db1ed36222a48af333a30a670254b30b164b74,620f300cbec1f56da4691882bc7dbe52593dc597fc62f6ae925c0f6ac72f1c6b,True,FORBIDDEN,0901433cbfe906073eae45118a1466e03afab04a766a3061a988ffe089ba4e01,9548a24a4faf5db17b5251df407b4402de033ae8648ec321c850fe6105002cf1,8128818d8ea8f5c3517d04da28955f010269df61e756429957a0a032386f6c51
fixture-bank-13:2:source-b:fixture-bank-13:p0007,geometry_destroyed,fixture-base-13,c551236e11a206e9643e9e37254fb062b283fcb618f01118c018798f2e0110b3,668aa1e4b33d38df51f3c5dfb22b1d9eb0dd680eb50ff3d4ee2f3bea8587c66b,csi-pairs-v6-software-fixture,ded1ec639ff3e6fd5eba769d42db1ed36222a48af333a30a670254b30b164b74,620f300cbec1f56da4691882bc7dbe52593dc597fc62f6ae925c0f6ac72f1c6b,True,FORBIDDEN,0901433cbfe906073eae45118a1466e03afab04a766a3061a988ffe089ba4e01,9548a24a4faf5db17b5251df407b4402de033ae8648ec321c850fe6105002cf1,8128818d8ea8f5c3517d04da28955f010269df61e756429957a0a032386f6c51
fixture-bank-13:2:source-b:fixture-bank-13:p0007,paired_active_alternative,fixture-base-13,ff963d85d64acc87d9746e75be8bdebfc2f1270f6df2973bbec8333c48c059de,0b31628d91747416d598239ad80b02ecfc0fae08307e393cee01fb056f795e98,csi-pairs-v6-software-fixture,ded1ec639ff3e6fd5eba769d42db1ed36222a48af333a30a670254b30b164b74,620f300cbec1f56da4691882bc7dbe52593dc597fc62f6ae925c0f6ac72f1c6b,True,FORBIDDEN,0901433cbfe906073eae45118a1466e03afab04a766a3061a988ffe089ba4e01,9548a24a4faf5db17b5251df407b4402de033ae8648ec321c850fe6105002cf1,8128818d8ea8f5c3517d04da28955f010269df61e756429957a0a032386f6c51
fixture-bank-13:2:source-b:fixture-bank-13:p0007,paired_null_alternative,fixture-base-13,73b7697b52607a165cb9ffaaa7e5afbfdfa002bc0fab1b1b612fc4d7517991ae,5fc3415ed5103230b624481971a0a9602b76f4a7dd5023483aded77a1c493001,csi-pairs-v6-software-fixture,ded1ec639ff3e6fd5eba769d42db1ed36222a48af333a30a670254b30b164b74,620f300cbec1f56da4691882bc7dbe52593dc597fc62f6ae925c0f6ac72f1c6b,True,FORBIDDEN,0901433cbfe906073eae45118a1466e03afab04a766a3061a988ffe089ba4e01,9548a24a4faf5db17b5251df407b4402de033ae8648ec321c850fe6105002cf1,8128818d8ea8f5c3517d04da28955f010269df61e756429957a0a032386f6c51
fixture-bank-13:2:source-b:fixture-bank-13:p0007,wrong_city,fixture-base-13,f5927760d3b1814b4517f2d4ec916c38c996cc08756aa052f486f1e0d64db008,cd6fbc5fb7763b3b83939b07a307c9a94efa49be29a928c55fe2712340b36782,csi-pairs-v6-software-fixture,ded1ec639ff3e6fd5eba769d42db1ed36222a48af333a30a670254b30b164b74,620f300cbec1f56da4691882bc7dbe52593dc597fc62f6ae925c0f6ac72f1c6b,True,FORBIDDEN,0901433cbfe906073eae45118a1466e03afab04a766a3061a988ffe089ba4e01,9548a24a4faf5db17b5251df407b4402de033ae8648ec321c850fe6105002cf1,8128818d8ea8f5c3517d04da28955f010269df61e756429957a0a032386f6c51
fixture-bank-13:3:source-b:fixture-bank-13:p0000,correct,fixture-base-13,73b7697b52607a165cb9ffaaa7e5afbfdfa002bc0fab1b1b612fc4d7517991ae,23bc76fd36d1490877c3d533b77daa34101fee5b32e5371bb67f3a556051ad6d,csi-pairs-v6-software-fixture,ded1ec639ff3e6fd5eba769d42db1ed36222a48af333a30a670254b30b164b74,620f300cbec1f56da4691882bc7dbe52593dc597fc62f6ae925c0f6ac72f1c6b,True,FORBIDDEN,0901433cbfe906073eae45118a1466e03afab04a766a3061a988ffe089ba4e01,9548a24a4faf5db17b5251df407b4402de033ae8648ec321c850fe6105002cf1,8128818d8ea8f5c3517d04da28955f010269df61e756429957a0a032386f6c51
fixture-bank-13:3:source-b:fixture-bank-13:p0000,empty,fixture-base-13,80422bc3d307b4a25bdafcc84ac7fb01cb55a09810e8b0f37bb12e0edb5c48ca,9e55c822c8873725352f0c67ef4fee4f2aaffcd3ca9f5ff0b09459833c18bb65,csi-pairs-v6-software-fixture,ded1ec639ff3e6fd5eba769d42db1ed36222a48af333a30a670254b30b164b74,620f300cbec1f56da4691882bc7dbe52593dc597fc62f6ae925c0f6ac72f1c6b,True,FORBIDDEN,0901433cbfe906073eae45118a1466e03afab04a766a3061a988ffe089ba4e01,9548a24a4faf5db17b5251df407b4402de033ae8648ec321c850fe6105002cf1,8128818d8ea8f5c3517d04da28955f010269df61e756429957a0a032386f6c51
fixture-bank-13:3:source-b:fixture-bank-13:p0000,geometry_destroyed,fixture-base-13,520b4be4d352c1adac880faf3c5e101759b32510ef32980bb362d7469eb7e690,668aa1e4b33d38df51f3c5dfb22b1d9eb0dd680eb50ff3d4ee2f3bea8587c66b,csi-pairs-v6-software-fixture,ded1ec639ff3e6fd5eba769d42db1ed36222a48af333a30a670254b30b164b74,620f300cbec1f56da4691882bc7dbe52593dc597fc62f6ae925c0f6ac72f1c6b,True,FORBIDDEN,0901433cbfe906073eae45118a1466e03afab04a766a3061a988ffe089ba4e01,9548a24a4faf5db17b5251df407b4402de033ae8648ec321c850fe6105002cf1,8128818d8ea8f5c3517d04da28955f010269df61e756429957a0a032386f6c51
fixture-bank-13:3:source-b:fixture-bank-13:p0000,paired_active_alternative,fixture-base-13,951bcb74358e1e4e230d49916479269dba31a44b603453729743a4e281303dfc,97b2eed7561b9b0b588bd3d6f9dddecdaffbb7108cdc42da9a790983014d7d96,csi-pairs-v6-software-fixture,ded1ec639ff3e6fd5eba769d42db1ed36222a48af333a30a670254b30b164b74,620f300cbec1f56da4691882bc7dbe52593dc597fc62f6ae925c0f6ac72f1c6b,True,FORBIDDEN,0901433cbfe906073eae45118a1466e03afab04a766a3061a988ffe089ba4e01,9548a24a4faf5db17b5251df407b4402de033ae8648ec321c850fe6105002cf1,8128818d8ea8f5c3517d04da28955f010269df61e756429957a0a032386f6c51
fixture-bank-13:3:source-b:fixture-bank-13:p0000,paired_null_alternative,fixture-base-13,d5562de0e2a83eb75a5283cc308d5029c8fdf9ff8641aa0a418d47978400e998,14f7b4bb8939321a89fa1b1e75fc43492f4b38d1db765e75a0137c831a245f58,csi-pairs-v6-software-fixture,ded1ec639ff3e6fd5eba769d42db1ed36222a48af333a30a670254b30b164b74,620f300cbec1f56da4691882bc7dbe52593dc597fc62f6ae925c0f6ac72f1c6b,True,FORBIDDEN,0901433cbfe906073eae45118a1466e03afab04a766a3061a988ffe089ba4e01,9548a24a4faf5db17b5251df407b4402de033ae8648ec321c850fe6105002cf1,8128818d8ea8f5c3517d04da28955f010269df61e756429957a0a032386f6c51
fixture-bank-13:3:source-b:fixture-bank-13:p0000,wrong_city,fixture-base-13,f5927760d3b1814b4517f2d4ec916c38c996cc08756aa052f486f1e0d64db008,cd6fbc5fb7763b3b83939b07a307c9a94efa49be29a928c55fe2712340b36782,csi-pairs-v6-software-fixture,ded1ec639ff3e6fd5eba769d42db1ed36222a48af333a30a670254b30b164b74,620f300cbec1f56da4691882bc7dbe52593dc597fc62f6ae925c0f6ac72f1c6b,True,FORBIDDEN,0901433cbfe906073eae45118a1466e03afab04a766a3061a988ffe089ba4e01,9548a24a4faf5db17b5251df407b4402de033ae8648ec321c850fe6105002cf1,8128818d8ea8f5c3517d04da28955f010269df61e756429957a0a032386f6c51
fixture-bank-13:3:source-b:fixture-bank-13:p0001,correct,fixture-base-13,73b7697b52607a165cb9ffaaa7e5afbfdfa002bc0fab1b1b612fc4d7517991ae,23bc76fd36d1490877c3d533b77daa34101fee5b32e5371bb67f3a556051ad6d,csi-pairs-v6-software-fixture,ded1ec639ff3e6fd5eba769d42db1ed36222a48af333a30a670254b30b164b74,620f300cbec1f56da4691882bc7dbe52593dc597fc62f6ae925c0f6ac72f1c6b,True,FORBIDDEN,0901433cbfe906073eae45118a1466e03afab04a766a3061a988ffe089ba4e01,9548a24a4faf5db17b5251df407b4402de033ae8648ec321c850fe6105002cf1,8128818d8ea8f5c3517d04da28955f010269df61e756429957a0a032386f6c51
fixture-bank-13:3:source-b:fixture-bank-13:p0001,empty,fixture-base-13,80422bc3d307b4a25bdafcc84ac7fb01cb55a09810e8b0f37bb12e0edb5c48ca,9e55c822c8873725352f0c67ef4fee4f2aaffcd3ca9f5ff0b09459833c18bb65,csi-pairs-v6-software-fixture,ded1ec639ff3e6fd5eba769d42db1ed36222a48af333a30a670254b30b164b74,620f300cbec1f56da4691882bc7dbe52593dc597fc62f6ae925c0f6ac72f1c6b,True,FORBIDDEN,0901433cbfe906073eae45118a1466e03afab04a766a3061a988ffe089ba4e01,9548a24a4faf5db17b5251df407b4402de033ae8648ec321c850fe6105002cf1,8128818d8ea8f5c3517d04da28955f010269df61e756429957a0a032386f6c51
fixture-bank-13:3:source-b:fixture-bank-13:p0001,geometry_destroyed,fixture-base-13,5182fa001b6d253a793bf9280394090d189d02b61166d57d8b964c5166cd8613,668aa1e4b33d38df51f3c5dfb22b1d9eb0dd680eb50ff3d4ee2f3bea8587c66b,csi-pairs-v6-software-fixture,ded1ec639ff3e6fd5eba769d42db1ed36222a48af333a30a670254b30b164b74,620f300cbec1f56da4691882bc7dbe52593dc597fc62f6ae925c0f6ac72f1c6b,True,FORBIDDEN,0901433cbfe906073eae45118a1466e03afab04a766a3061a988ffe089ba4e01,9548a24a4faf5db17b5251df407b4402de033ae8648ec321c850fe6105002cf1,8128818d8ea8f5c3517d04da28955f010269df61e756429957a0a032386f6c51
fixture-bank-13:3:source-b:fixture-bank-13:p0001,paired_active_alternative,fixture-base-13,951bcb74358e1e4e230d49916479269dba31a44b603453729743a4e281303dfc,97b2eed7561b9b0b588bd3d6f9dddecdaffbb7108cdc42da9a790983014d7d96,csi-pairs-v6-software-fixture,ded1ec639ff3e6fd5eba769d42db1ed36222a48af333a30a670254b30b164b74,620f300cbec1f56da4691882bc7dbe52593dc597fc62f6ae925c0f6ac72f1c6b,True,FORBIDDEN,0901433cbfe906073eae45118a1466e03afab04a766a3061a988ffe089ba4e01,9548a24a4faf5db17b5251df407b4402de033ae8648ec321c850fe6105002cf1,8128818d8ea8f5c3517d04da28955f010269df61e756429957a0a032386f6c51
fixture-bank-13:3:source-b:fixture-bank-13:p0001,paired_null_alternative,fixture-base-13,d5562de0e2a83eb75a5283cc308d5029c8fdf9ff8641aa0a418d47978400e998,14f7b4bb8939321a89fa1b1e75fc43492f4b38d1db765e75a0137c831a245f58,csi-pairs-v6-software-fixture,ded1ec639ff3e6fd5eba769d42db1ed36222a48af333a30a670254b30b164b74,620f300cbec1f56da4691882bc7dbe52593dc597fc62f6ae925c0f6ac72f1c6b,True,FORBIDDEN,0901433cbfe906073eae45118a1466e03afab04a766a3061a988ffe089ba4e01,9548a24a4faf5db17b5251df407b4402de033ae8648ec321c850fe6105002cf1,8128818d8ea8f5c3517d04da28955f010269df61e756429957a0a032386f6c51
fixture-bank-13:3:source-b:fixture-bank-13:p0001,wrong_city,fixture-base-13,f5927760d3b1814b4517f2d4ec916c38c996cc08756aa052f486f1e0d64db008,cd6fbc5fb7763b3b83939b07a307c9a94efa49be29a928c55fe2712340b36782,csi-pairs-v6-software-fixture,ded1ec639ff3e6fd5eba769d42db1ed36222a48af333a30a670254b30b164b74,620f300cbec1f56da4691882bc7dbe52593dc597fc62f6ae925c0f6ac72f1c6b,True,FORBIDDEN,0901433cbfe906073eae45118a1466e03afab04a766a3061a988ffe089ba4e01,9548a24a4faf5db17b5251df407b4402de033ae8648ec321c850fe6105002cf1,8128818d8ea8f5c3517d04da28955f010269df61e756429957a0a032386f6c51
fixture-bank-13:3:source-b:fixture-bank-13:p0003,correct,fixture-base-13,73b7697b52607a165cb9ffaaa7e5afbfdfa002bc0fab1b1b612fc4d7517991ae,23bc76fd36d1490877c3d533b77daa34101fee5b32e5371bb67f3a556051ad6d,csi-pairs-v6-software-fixture,ded1ec639ff3e6fd5eba769d42db1ed36222a48af333a30a670254b30b164b74,620f300cbec1f56da4691882bc7dbe52593dc597fc62f6ae925c0f6ac72f1c6b,True,FORBIDDEN,0901433cbfe906073eae45118a1466e03afab04a766a3061a988ffe089ba4e01,9548a24a4faf5db17b5251df407b4402de033ae8648ec321c850fe6105002cf1,8128818d8ea8f5c3517d04da28955f010269df61e756429957a0a032386f6c51
fixture-bank-13:3:source-b:fixture-bank-13:p0003,empty,fixture-base-13,80422bc3d307b4a25bdafcc84ac7fb01cb55a09810e8b0f37bb12e0edb5c48ca,9e55c822c8873725352f0c67ef4fee4f2aaffcd3ca9f5ff0b09459833c18bb65,csi-pairs-v6-software-fixture,ded1ec639ff3e6fd5eba769d42db1ed36222a48af333a30a670254b30b164b74,620f300cbec1f56da4691882bc7dbe52593dc597fc62f6ae925c0f6ac72f1c6b,True,FORBIDDEN,0901433cbfe906073eae45118a1466e03afab04a766a3061a988ffe089ba4e01,9548a24a4faf5db17b5251df407b4402de033ae8648ec321c850fe6105002cf1,8128818d8ea8f5c3517d04da28955f010269df61e756429957a0a032386f6c51
fixture-bank-13:3:source-b:fixture-bank-13:p0003,geometry_destroyed,fixture-base-13,ed99811a4d0c67f7e672303de1330113602590138068ab8c296517ba3dc59b9e,668aa1e4b33d38df51f3c5dfb22b1d9eb0dd680eb50ff3d4ee2f3bea8587c66b,csi-pairs-v6-software-fixture,ded1ec639ff3e6fd5eba769d42db1ed36222a48af333a30a670254b30b164b74,620f300cbec1f56da4691882bc7dbe52593dc597fc62f6ae925c0f6ac72f1c6b,True,FORBIDDEN,0901433cbfe906073eae45118a1466e03afab04a766a3061a988ffe089ba4e01,9548a24a4faf5db17b5251df407b4402de033ae8648ec321c850fe6105002cf1,8128818d8ea8f5c3517d04da28955f010269df61e756429957a0a032386f6c51
fixture-bank-13:3:source-b:fixture-bank-13:p0003,paired_active_alternative,fixture-base-13,d5562de0e2a83eb75a5283cc308d5029c8fdf9ff8641aa0a418d47978400e998,206068a1ce872629c58e270c88b151c7dfc3808ae0bfc81c287415931ac1ed09,csi-pairs-v6-software-fixture,ded1ec639ff3e6fd5eba769d42db1ed36222a48af333a30a670254b30b164b74,620f300cbec1f56da4691882bc7dbe52593dc597fc62f6ae925c0f6ac72f1c6b,True,FORBIDDEN,0901433cbfe906073eae45118a1466e03afab04a766a3061a988ffe089ba4e01,9548a24a4faf5db17b5251df407b4402de033ae8648ec321c850fe6105002cf1,8128818d8ea8f5c3517d04da28955f010269df61e756429957a0a032386f6c51
fixture-bank-13:3:source-b:fixture-bank-13:p0003,paired_null_alternative,fixture-base-13,951bcb74358e1e4e230d49916479269dba31a44b603453729743a4e281303dfc,6b8479198747206bea03ca2071f5f5cbe29025498fdebfd3077e6a17c27b5927,csi-pairs-v6-software-fixture,ded1ec639ff3e6fd5eba769d42db1ed36222a48af333a30a670254b30b164b74,620f300cbec1f56da4691882bc7dbe52593dc597fc62f6ae925c0f6ac72f1c6b,True,FORBIDDEN,0901433cbfe906073eae45118a1466e03afab04a766a3061a988ffe089ba4e01,9548a24a4faf5db17b5251df407b4402de033ae8648ec321c850fe6105002cf1,8128818d8ea8f5c3517d04da28955f010269df61e756429957a0a032386f6c51
fixture-bank-13:3:source-b:fixture-bank-13:p0003,wrong_city,fixture-base-13,f5927760d3b1814b4517f2d4ec916c38c996cc08756aa052f486f1e0d64db008,cd6fbc5fb7763b3b83939b07a307c9a94efa49be29a928c55fe2712340b36782,csi-pairs-v6-software-fixture,ded1ec639ff3e6fd5eba769d42db1ed36222a48af333a30a670254b30b164b74,620f300cbec1f56da4691882bc7dbe52593dc597fc62f6ae925c0f6ac72f1c6b,True,FORBIDDEN,0901433cbfe906073eae45118a1466e03afab04a766a3061a988ffe089ba4e01,9548a24a4faf5db17b5251df407b4402de033ae8648ec321c850fe6105002cf1,8128818d8ea8f5c3517d04da28955f010269df61e756429957a0a032386f6c51
fixture-bank-13:3:source-b:fixture-bank-13:p0005,correct,fixture-base-13,73b7697b52607a165cb9ffaaa7e5afbfdfa002bc0fab1b1b612fc4d7517991ae,23bc76fd36d1490877c3d533b77daa34101fee5b32e5371bb67f3a556051ad6d,csi-pairs-v6-software-fixture,ded1ec639ff3e6fd5eba769d42db1ed36222a48af333a30a670254b30b164b74,620f300cbec1f56da4691882bc7dbe52593dc597fc62f6ae925c0f6ac72f1c6b,True,FORBIDDEN,0901433cbfe906073eae45118a1466e03afab04a766a3061a988ffe089ba4e01,9548a24a4faf5db17b5251df407b4402de033ae8648ec321c850fe6105002cf1,8128818d8ea8f5c3517d04da28955f010269df61e756429957a0a032386f6c51
fixture-bank-13:3:source-b:fixture-bank-13:p0005,empty,fixture-base-13,80422bc3d307b4a25bdafcc84ac7fb01cb55a09810e8b0f37bb12e0edb5c48ca,9e55c822c8873725352f0c67ef4fee4f2aaffcd3ca9f5ff0b09459833c18bb65,csi-pairs-v6-software-fixture,ded1ec639ff3e6fd5eba769d42db1ed36222a48af333a30a670254b30b164b74,620f300cbec1f56da4691882bc7dbe52593dc597fc62f6ae925c0f6ac72f1c6b,True,FORBIDDEN,0901433cbfe906073eae45118a1466e03afab04a766a3061a988ffe089ba4e01,9548a24a4faf5db17b5251df407b4402de033ae8648ec321c850fe6105002cf1,8128818d8ea8f5c3517d04da28955f010269df61e756429957a0a032386f6c51
fixture-bank-13:3:source-b:fixture-bank-13:p0005,geometry_destroyed,fixture-base-13,7ee0ecef996a6fa545b42401fb6424bb9888c48da3e55321eef2452033803b24,668aa1e4b33d38df51f3c5dfb22b1d9eb0dd680eb50ff3d4ee2f3bea8587c66b,csi-pairs-v6-software-fixture,ded1ec639ff3e6fd5eba769d42db1ed36222a48af333a30a670254b30b164b74,620f300cbec1f56da4691882bc7dbe52593dc597fc62f6ae925c0f6ac72f1c6b,True,FORBIDDEN,0901433cbfe906073eae45118a1466e03afab04a766a3061a988ffe089ba4e01,9548a24a4faf5db17b5251df407b4402de033ae8648ec321c850fe6105002cf1,8128818d8ea8f5c3517d04da28955f010269df61e756429957a0a032386f6c51
fixture-bank-13:3:source-b:fixture-bank-13:p0005,paired_active_alternative,fixture-base-13,951bcb74358e1e4e230d49916479269dba31a44b603453729743a4e281303dfc,97b2eed7561b9b0b588bd3d6f9dddecdaffbb7108cdc42da9a790983014d7d96,csi-pairs-v6-software-fixture,ded1ec639ff3e6fd5eba769d42db1ed36222a48af333a30a670254b30b164b74,620f300cbec1f56da4691882bc7dbe52593dc597fc62f6ae925c0f6ac72f1c6b,True,FORBIDDEN,0901433cbfe906073eae45118a1466e03afab04a766a3061a988ffe089ba4e01,9548a24a4faf5db17b5251df407b4402de033ae8648ec321c850fe6105002cf1,8128818d8ea8f5c3517d04da28955f010269df61e756429957a0a032386f6c51
fixture-bank-13:3:source-b:fixture-bank-13:p0005,paired_null_alternative,fixture-base-13,d5562de0e2a83eb75a5283cc308d5029c8fdf9ff8641aa0a418d47978400e998,14f7b4bb8939321a89fa1b1e75fc43492f4b38d1db765e75a0137c831a245f58,csi-pairs-v6-software-fixture,ded1ec639ff3e6fd5eba769d42db1ed36222a48af333a30a670254b30b164b74,620f300cbec1f56da4691882bc7dbe52593dc597fc62f6ae925c0f6ac72f1c6b,True,FORBIDDEN,0901433cbfe906073eae45118a1466e03afab04a766a3061a988ffe089ba4e01,9548a24a4faf5db17b5251df407b4402de033ae8648ec321c850fe6105002cf1,8128818d8ea8f5c3517d04da28955f010269df61e756429957a0a032386f6c51
fixture-bank-13:3:source-b:fixture-bank-13:p0005,wrong_city,fixture-base-13,f5927760d3b1814b4517f2d4ec916c38c996cc08756aa052f486f1e0d64db008,cd6fbc5fb7763b3b83939b07a307c9a94efa49be29a928c55fe2712340b36782,csi-pairs-v6-software-fixture,ded1ec639ff3e6fd5eba769d42db1ed36222a48af333a30a670254b30b164b74,620f300cbec1f56da4691882bc7dbe52593dc597fc62f6ae925c0f6ac72f1c6b,True,FORBIDDEN,0901433cbfe906073eae45118a1466e03afab04a766a3061a988ffe089ba4e01,9548a24a4faf5db17b5251df407b4402de033ae8648ec321c850fe6105002cf1,8128818d8ea8f5c3517d04da28955f010269df61e756429957a0a032386f6c51
fixture-bank-13:3:source-b:fixture-bank-13:p0006,correct,fixture-base-13,73b7697b52607a165cb9ffaaa7e5afbfdfa002bc0fab1b1b612fc4d7517991ae,23bc76fd36d1490877c3d533b77daa34101fee5b32e5371bb67f3a556051ad6d,csi-pairs-v6-software-fixture,ded1ec639ff3e6fd5eba769d42db1ed36222a48af333a30a670254b30b164b74,620f300cbec1f56da4691882bc7dbe52593dc597fc62f6ae925c0f6ac72f1c6b,True,FORBIDDEN,0901433cbfe906073eae45118a1466e03afab04a766a3061a988ffe089ba4e01,9548a24a4faf5db17b5251df407b4402de033ae8648ec321c850fe6105002cf1,8128818d8ea8f5c3517d04da28955f010269df61e756429957a0a032386f6c51
fixture-bank-13:3:source-b:fixture-bank-13:p0006,empty,fixture-base-13,80422bc3d307b4a25bdafcc84ac7fb01cb55a09810e8b0f37bb12e0edb5c48ca,9e55c822c8873725352f0c67ef4fee4f2aaffcd3ca9f5ff0b09459833c18bb65,csi-pairs-v6-software-fixture,ded1ec639ff3e6fd5eba769d42db1ed36222a48af333a30a670254b30b164b74,620f300cbec1f56da4691882bc7dbe52593dc597fc62f6ae925c0f6ac72f1c6b,True,FORBIDDEN,0901433cbfe906073eae45118a1466e03afab04a766a3061a988ffe089ba4e01,9548a24a4faf5db17b5251df407b4402de033ae8648ec321c850fe6105002cf1,8128818d8ea8f5c3517d04da28955f010269df61e756429957a0a032386f6c51
fixture-bank-13:3:source-b:fixture-bank-13:p0006,geometry_destroyed,fixture-base-13,dab7bc22d89efc88cf1299d8e5486b2f25cd46500cddd36c553b4f31f5c359d2,668aa1e4b33d38df51f3c5dfb22b1d9eb0dd680eb50ff3d4ee2f3bea8587c66b,csi-pairs-v6-software-fixture,ded1ec639ff3e6fd5eba769d42db1ed36222a48af333a30a670254b30b164b74,620f300cbec1f56da4691882bc7dbe52593dc597fc62f6ae925c0f6ac72f1c6b,True,FORBIDDEN,0901433cbfe906073eae45118a1466e03afab04a766a3061a988ffe089ba4e01,9548a24a4faf5db17b5251df407b4402de033ae8648ec321c850fe6105002cf1,8128818d8ea8f5c3517d04da28955f010269df61e756429957a0a032386f6c51
fixture-bank-13:3:source-b:fixture-bank-13:p0006,paired_active_alternative,fixture-base-13,d5562de0e2a83eb75a5283cc308d5029c8fdf9ff8641aa0a418d47978400e998,206068a1ce872629c58e270c88b151c7dfc3808ae0bfc81c287415931ac1ed09,csi-pairs-v6-software-fixture,ded1ec639ff3e6fd5eba769d42db1ed36222a48af333a30a670254b30b164b74,620f300cbec1f56da4691882bc7dbe52593dc597fc62f6ae925c0f6ac72f1c6b,True,FORBIDDEN,0901433cbfe906073eae45118a1466e03afab04a766a3061a988ffe089ba4e01,9548a24a4faf5db17b5251df407b4402de033ae8648ec321c850fe6105002cf1,8128818d8ea8f5c3517d04da28955f010269df61e756429957a0a032386f6c51
fixture-bank-13:3:source-b:fixture-bank-13:p0006,paired_null_alternative,fixture-base-13,951bcb74358e1e4e230d49916479269dba31a44b603453729743a4e281303dfc,6b8479198747206bea03ca2071f5f5cbe29025498fdebfd3077e6a17c27b5927,csi-pairs-v6-software-fixture,ded1ec639ff3e6fd5eba769d42db1ed36222a48af333a30a670254b30b164b74,620f300cbec1f56da4691882bc7dbe52593dc597fc62f6ae925c0f6ac72f1c6b,True,FORBIDDEN,0901433cbfe906073eae45118a1466e03afab04a766a3061a988ffe089ba4e01,9548a24a4faf5db17b5251df407b4402de033ae8648ec321c850fe6105002cf1,8128818d8ea8f5c3517d04da28955f010269df61e756429957a0a032386f6c51
fixture-bank-13:3:source-b:fixture-bank-13:p0006,wrong_city,fixture-base-13,f5927760d3b1814b4517f2d4ec916c38c996cc08756aa052f486f1e0d64db008,cd6fbc5fb7763b3b83939b07a307c9a94efa49be29a928c55fe2712340b36782,csi-pairs-v6-software-fixture,ded1ec639ff3e6fd5eba769d42db1ed36222a48af333a30a670254b30b164b74,620f300cbec1f56da4691882bc7dbe52593dc597fc62f6ae925c0f6ac72f1c6b,True,FORBIDDEN,0901433cbfe906073eae45118a1466e03afab04a766a3061a988ffe089ba4e01,9548a24a4faf5db17b5251df407b4402de033ae8648ec321c850fe6105002cf1,8128818d8ea8f5c3517d04da28955f010269df61e756429957a0a032386f6c51
fixture-bank-13:3:source-b:fixture-bank-13:p0007,correct,fixture-base-13,73b7697b52607a165cb9ffaaa7e5afbfdfa002bc0fab1b1b612fc4d7517991ae,23bc76fd36d1490877c3d533b77daa34101fee5b32e5371bb67f3a556051ad6d,csi-pairs-v6-software-fixture,ded1ec639ff3e6fd5eba769d42db1ed36222a48af333a30a670254b30b164b74,620f300cbec1f56da4691882bc7dbe52593dc597fc62f6ae925c0f6ac72f1c6b,True,FORBIDDEN,0901433cbfe906073eae45118a1466e03afab04a766a3061a988ffe089ba4e01,9548a24a4faf5db17b5251df407b4402de033ae8648ec321c850fe6105002cf1,8128818d8ea8f5c3517d04da28955f010269df61e756429957a0a032386f6c51
fixture-bank-13:3:source-b:fixture-bank-13:p0007,empty,fixture-base-13,80422bc3d307b4a25bdafcc84ac7fb01cb55a09810e8b0f37bb12e0edb5c48ca,9e55c822c8873725352f0c67ef4fee4f2aaffcd3ca9f5ff0b09459833c18bb65,csi-pairs-v6-software-fixture,ded1ec639ff3e6fd5eba769d42db1ed36222a48af333a30a670254b30b164b74,620f300cbec1f56da4691882bc7dbe52593dc597fc62f6ae925c0f6ac72f1c6b,True,FORBIDDEN,0901433cbfe906073eae45118a1466e03afab04a766a3061a988ffe089ba4e01,9548a24a4faf5db17b5251df407b4402de033ae8648ec321c850fe6105002cf1,8128818d8ea8f5c3517d04da28955f010269df61e756429957a0a032386f6c51
fixture-bank-13:3:source-b:fixture-bank-13:p0007,geometry_destroyed,fixture-base-13,1ee8f64144f5a1ed688e7c6b3e5f3ee540218001bbfab724b395f45718ca3c3c,668aa1e4b33d38df51f3c5dfb22b1d9eb0dd680eb50ff3d4ee2f3bea8587c66b,csi-pairs-v6-software-fixture,ded1ec639ff3e6fd5eba769d42db1ed36222a48af333a30a670254b30b164b74,620f300cbec1f56da4691882bc7dbe52593dc597fc62f6ae925c0f6ac72f1c6b,True,FORBIDDEN,0901433cbfe906073eae45118a1466e03afab04a766a3061a988ffe089ba4e01,9548a24a4faf5db17b5251df407b4402de033ae8648ec321c850fe6105002cf1,8128818d8ea8f5c3517d04da28955f010269df61e756429957a0a032386f6c51
fixture-bank-13:3:source-b:fixture-bank-13:p0007,paired_active_alternative,fixture-base-13,d5562de0e2a83eb75a5283cc308d5029c8fdf9ff8641aa0a418d47978400e998,206068a1ce872629c58e270c88b151c7dfc3808ae0bfc81c287415931ac1ed09,csi-pairs-v6-software-fixture,ded1ec639ff3e6fd5eba769d42db1ed36222a48af333a30a670254b30b164b74,620f300cbec1f56da4691882bc7dbe52593dc597fc62f6ae925c0f6ac72f1c6b,True,FORBIDDEN,0901433cbfe906073eae45118a1466e03afab04a766a3061a988ffe089ba4e01,9548a24a4faf5db17b5251df407b4402de033ae8648ec321c850fe6105002cf1,8128818d8ea8f5c3517d04da28955f010269df61e756429957a0a032386f6c51
fixture-bank-13:3:source-b:fixture-bank-13:p0007,paired_null_alternative,fixture-base-13,951bcb74358e1e4e230d49916479269dba31a44b603453729743a4e281303dfc,6b8479198747206bea03ca2071f5f5cbe29025498fdebfd3077e6a17c27b5927,csi-pairs-v6-software-fixture,ded1ec639ff3e6fd5eba769d42db1ed36222a48af333a30a670254b30b164b74,620f300cbec1f56da4691882bc7dbe52593dc597fc62f6ae925c0f6ac72f1c6b,True,FORBIDDEN,0901433cbfe906073eae45118a1466e03afab04a766a3061a988ffe089ba4e01,9548a24a4faf5db17b5251df407b4402de033ae8648ec321c850fe6105002cf1,8128818d8ea8f5c3517d04da28955f010269df61e756429957a0a032386f6c51
fixture-bank-13:3:source-b:fixture-bank-13:p0007,wrong_city,fixture-base-13,f5927760d3b1814b4517f2d4ec916c38c996cc08756aa052f486f1e0d64db008,cd6fbc5fb7763b3b83939b07a307c9a94efa49be29a928c55fe2712340b36782,csi-pairs-v6-software-fixture,ded1ec639ff3e6fd5eba769d42db1ed36222a48af333a30a670254b30b164b74,620f300cbec1f56da4691882bc7dbe52593dc597fc62f6ae925c0f6ac72f1c6b,True,FORBIDDEN,0901433cbfe906073eae45118a1466e03afab04a766a3061a988ffe089ba4e01,9548a24a4faf5db17b5251df407b4402de033ae8648ec321c850fe6105002cf1,8128818d8ea8f5c3517d04da28955f010269df61e756429957a0a032386f6c51
fixture-bank-14:0:target-a:fixture-bank-14:p0006,correct,fixture-base-14,ff963d85d64acc87d9746e75be8bdebfc2f1270f6df2973bbec8333c48c059de,23bc76fd36d1490877c3d533b77daa34101fee5b32e5371bb67f3a556051ad6d,csi-pairs-v6-software-fixture,ded1ec639ff3e6fd5eba769d42db1ed36222a48af333a30a670254b30b164b74,620f300cbec1f56da4691882bc7dbe52593dc597fc62f6ae925c0f6ac72f1c6b,True,FORBIDDEN,0901433cbfe906073eae45118a1466e03afab04a766a3061a988ffe089ba4e01,9548a24a4faf5db17b5251df407b4402de033ae8648ec321c850fe6105002cf1,8128818d8ea8f5c3517d04da28955f010269df61e756429957a0a032386f6c51
fixture-bank-14:0:target-a:fixture-bank-14:p0006,empty,fixture-base-14,80422bc3d307b4a25bdafcc84ac7fb01cb55a09810e8b0f37bb12e0edb5c48ca,9e55c822c8873725352f0c67ef4fee4f2aaffcd3ca9f5ff0b09459833c18bb65,csi-pairs-v6-software-fixture,ded1ec639ff3e6fd5eba769d42db1ed36222a48af333a30a670254b30b164b74,620f300cbec1f56da4691882bc7dbe52593dc597fc62f6ae925c0f6ac72f1c6b,True,FORBIDDEN,0901433cbfe906073eae45118a1466e03afab04a766a3061a988ffe089ba4e01,9548a24a4faf5db17b5251df407b4402de033ae8648ec321c850fe6105002cf1,8128818d8ea8f5c3517d04da28955f010269df61e756429957a0a032386f6c51
fixture-bank-14:0:target-a:fixture-bank-14:p0006,geometry_destroyed,fixture-base-14,35d02644d40f5e4dd13222ef6cfcebaa8e2ddcf15a6f4e7824d9330e3e7ce2e7,668aa1e4b33d38df51f3c5dfb22b1d9eb0dd680eb50ff3d4ee2f3bea8587c66b,csi-pairs-v6-software-fixture,ded1ec639ff3e6fd5eba769d42db1ed36222a48af333a30a670254b30b164b74,620f300cbec1f56da4691882bc7dbe52593dc597fc62f6ae925c0f6ac72f1c6b,True,FORBIDDEN,0901433cbfe906073eae45118a1466e03afab04a766a3061a988ffe089ba4e01,9548a24a4faf5db17b5251df407b4402de033ae8648ec321c850fe6105002cf1,8128818d8ea8f5c3517d04da28955f010269df61e756429957a0a032386f6c51
fixture-bank-14:0:target-a:fixture-bank-14:p0006,paired_active_alternative,fixture-base-14,951bcb74358e1e4e230d49916479269dba31a44b603453729743a4e281303dfc,eb9f4ff4c31beda2b58c8c1627df055ff5a7fcdfa8fc0adb0a917ab4f12df679,csi-pairs-v6-software-fixture,ded1ec639ff3e6fd5eba769d42db1ed36222a48af333a30a670254b30b164b74,620f300cbec1f56da4691882bc7dbe52593dc597fc62f6ae925c0f6ac72f1c6b,True,FORBIDDEN,0901433cbfe906073eae45118a1466e03afab04a766a3061a988ffe089ba4e01,9548a24a4faf5db17b5251df407b4402de033ae8648ec321c850fe6105002cf1,8128818d8ea8f5c3517d04da28955f010269df61e756429957a0a032386f6c51
fixture-bank-14:0:target-a:fixture-bank-14:p0006,paired_null_alternative,fixture-base-14,356dd05be1947b527772591a0e92b0143f218ef9133b91d5300309a222993b62,5a17d5ed3fd5860ae6c61ec5b77e9584a2af339a2c7b195465a9e19651e3613a,csi-pairs-v6-software-fixture,ded1ec639ff3e6fd5eba769d42db1ed36222a48af333a30a670254b30b164b74,620f300cbec1f56da4691882bc7dbe52593dc597fc62f6ae925c0f6ac72f1c6b,True,FORBIDDEN,0901433cbfe906073eae45118a1466e03afab04a766a3061a988ffe089ba4e01,9548a24a4faf5db17b5251df407b4402de033ae8648ec321c850fe6105002cf1,8128818d8ea8f5c3517d04da28955f010269df61e756429957a0a032386f6c51
fixture-bank-14:0:target-a:fixture-bank-14:p0006,wrong_city,fixture-base-14,f5927760d3b1814b4517f2d4ec916c38c996cc08756aa052f486f1e0d64db008,cd6fbc5fb7763b3b83939b07a307c9a94efa49be29a928c55fe2712340b36782,csi-pairs-v6-software-fixture,ded1ec639ff3e6fd5eba769d42db1ed36222a48af333a30a670254b30b164b74,620f300cbec1f56da4691882bc7dbe52593dc597fc62f6ae925c0f6ac72f1c6b,True,FORBIDDEN,0901433cbfe906073eae45118a1466e03afab04a766a3061a988ffe089ba4e01,9548a24a4faf5db17b5251df407b4402de033ae8648ec321c850fe6105002cf1,8128818d8ea8f5c3517d04da28955f010269df61e756429957a0a032386f6c51
fixture-bank-14:0:target-a:fixture-bank-14:p0007,correct,fixture-base-14,ff963d85d64acc87d9746e75be8bdebfc2f1270f6df2973bbec8333c48c059de,23bc76fd36d1490877c3d533b77daa34101fee5b32e5371bb67f3a556051ad6d,csi-pairs-v6-software-fixture,ded1ec639ff3e6fd5eba769d42db1ed36222a48af333a30a670254b30b164b74,620f300cbec1f56da4691882bc7dbe52593dc597fc62f6ae925c0f6ac72f1c6b,True,FORBIDDEN,0901433cbfe906073eae45118a1466e03afab04a766a3061a988ffe089ba4e01,9548a24a4faf5db17b5251df407b4402de033ae8648ec321c850fe6105002cf1,8128818d8ea8f5c3517d04da28955f010269df61e756429957a0a032386f6c51
fixture-bank-14:0:target-a:fixture-bank-14:p0007,empty,fixture-base-14,80422bc3d307b4a25bdafcc84ac7fb01cb55a09810e8b0f37bb12e0edb5c48ca,9e55c822c8873725352f0c67ef4fee4f2aaffcd3ca9f5ff0b09459833c18bb65,csi-pairs-v6-software-fixture,ded1ec639ff3e6fd5eba769d42db1ed36222a48af333a30a670254b30b164b74,620f300cbec1f56da4691882bc7dbe52593dc597fc62f6ae925c0f6ac72f1c6b,True,FORBIDDEN,0901433cbfe906073eae45118a1466e03afab04a766a3061a988ffe089ba4e01,9548a24a4faf5db17b5251df407b4402de033ae8648ec321c850fe6105002cf1,8128818d8ea8f5c3517d04da28955f010269df61e756429957a0a032386f6c51
fixture-bank-14:0:target-a:fixture-bank-14:p0007,geometry_destroyed,fixture-base-14,6ce8fa65640b2d6a9e44621992efa37746028d911be30dffbf3f3eb0b2267450,668aa1e4b33d38df51f3c5dfb22b1d9eb0dd680eb50ff3d4ee2f3bea8587c66b,csi-pairs-v6-software-fixture,ded1ec639ff3e6fd5eba769d42db1ed36222a48af333a30a670254b30b164b74,620f300cbec1f56da4691882bc7dbe52593dc597fc62f6ae925c0f6ac72f1c6b,True,FORBIDDEN,0901433cbfe906073eae45118a1466e03afab04a766a3061a988ffe089ba4e01,9548a24a4faf5db17b5251df407b4402de033ae8648ec321c850fe6105002cf1,8128818d8ea8f5c3517d04da28955f010269df61e756429957a0a032386f6c51
fixture-bank-14:0:target-a:fixture-bank-14:p0007,paired_active_alternative,fixture-base-14,951bcb74358e1e4e230d49916479269dba31a44b603453729743a4e281303dfc,eb9f4ff4c31beda2b58c8c1627df055ff5a7fcdfa8fc0adb0a917ab4f12df679,csi-pairs-v6-software-fixture,ded1ec639ff3e6fd5eba769d42db1ed36222a48af333a30a670254b30b164b74,620f300cbec1f56da4691882bc7dbe52593dc597fc62f6ae925c0f6ac72f1c6b,True,FORBIDDEN,0901433cbfe906073eae45118a1466e03afab04a766a3061a988ffe089ba4e01,9548a24a4faf5db17b5251df407b4402de033ae8648ec321c850fe6105002cf1,8128818d8ea8f5c3517d04da28955f010269df61e756429957a0a032386f6c51
fixture-bank-14:0:target-a:fixture-bank-14:p0007,paired_null_alternative,fixture-base-14,356dd05be1947b527772591a0e92b0143f218ef9133b91d5300309a222993b62,5a17d5ed3fd5860ae6c61ec5b77e9584a2af339a2c7b195465a9e19651e3613a,csi-pairs-v6-software-fixture,ded1ec639ff3e6fd5eba769d42db1ed36222a48af333a30a670254b30b164b74,620f300cbec1f56da4691882bc7dbe52593dc597fc62f6ae925c0f6ac72f1c6b,True,FORBIDDEN,0901433cbfe906073eae45118a1466e03afab04a766a3061a988ffe089ba4e01,9548a24a4faf5db17b5251df407b4402de033ae8648ec321c850fe6105002cf1,8128818d8ea8f5c3517d04da28955f010269df61e756429957a0a032386f6c51
fixture-bank-14:0:target-a:fixture-bank-14:p0007,wrong_city,fixture-base-14,f5927760d3b1814b4517f2d4ec916c38c996cc08756aa052f486f1e0d64db008,cd6fbc5fb7763b3b83939b07a307c9a94efa49be29a928c55fe2712340b36782,csi-pairs-v6-software-fixture,ded1ec639ff3e6fd5eba769d42db1ed36222a48af333a30a670254b30b164b74,620f300cbec1f56da4691882bc7dbe52593dc597fc62f6ae925c0f6ac72f1c6b,True,FORBIDDEN,0901433cbfe906073eae45118a1466e03afab04a766a3061a988ffe089ba4e01,9548a24a4faf5db17b5251df407b4402de033ae8648ec321c850fe6105002cf1,8128818d8ea8f5c3517d04da28955f010269df61e756429957a0a032386f6c51
fixture-bank-14:1:target-a:fixture-bank-14:p0006,correct,fixture-base-14,951bcb74358e1e4e230d49916479269dba31a44b603453729743a4e281303dfc,23bc76fd36d1490877c3d533b77daa34101fee5b32e5371bb67f3a556051ad6d,csi-pairs-v6-software-fixture,ded1ec639ff3e6fd5eba769d42db1ed36222a48af333a30a670254b30b164b74,620f300cbec1f56da4691882bc7dbe52593dc597fc62f6ae925c0f6ac72f1c6b,True,FORBIDDEN,0901433cbfe906073eae45118a1466e03afab04a766a3061a988ffe089ba4e01,9548a24a4faf5db17b5251df407b4402de033ae8648ec321c850fe6105002cf1,8128818d8ea8f5c3517d04da28955f010269df61e756429957a0a032386f6c51
fixture-bank-14:1:target-a:fixture-bank-14:p0006,empty,fixture-base-14,80422bc3d307b4a25bdafcc84ac7fb01cb55a09810e8b0f37bb12e0edb5c48ca,9e55c822c8873725352f0c67ef4fee4f2aaffcd3ca9f5ff0b09459833c18bb65,csi-pairs-v6-software-fixture,ded1ec639ff3e6fd5eba769d42db1ed36222a48af333a30a670254b30b164b74,620f300cbec1f56da4691882bc7dbe52593dc597fc62f6ae925c0f6ac72f1c6b,True,FORBIDDEN,0901433cbfe906073eae45118a1466e03afab04a766a3061a988ffe089ba4e01,9548a24a4faf5db17b5251df407b4402de033ae8648ec321c850fe6105002cf1,8128818d8ea8f5c3517d04da28955f010269df61e756429957a0a032386f6c51
fixture-bank-14:1:target-a:fixture-bank-14:p0006,geometry_destroyed,fixture-base-14,d5245b9c11dedc4a92ca52b91df94b6d5e67d68edd52a134dbe185f1f9b4ca0a,668aa1e4b33d38df51f3c5dfb22b1d9eb0dd680eb50ff3d4ee2f3bea8587c66b,csi-pairs-v6-software-fixture,ded1ec639ff3e6fd5eba769d42db1ed36222a48af333a30a670254b30b164b74,620f300cbec1f56da4691882bc7dbe52593dc597fc62f6ae925c0f6ac72f1c6b,True,FORBIDDEN,0901433cbfe906073eae45118a1466e03afab04a766a3061a988ffe089ba4e01,9548a24a4faf5db17b5251df407b4402de033ae8648ec321c850fe6105002cf1,8128818d8ea8f5c3517d04da28955f010269df61e756429957a0a032386f6c51
fixture-bank-14:1:target-a:fixture-bank-14:p0006,paired_active_alternative,fixture-base-14,ff963d85d64acc87d9746e75be8bdebfc2f1270f6df2973bbec8333c48c059de,953754fcda9fefb0fe51569c49c53f60b360596c76bc87f67af93b1ed0b2c3a9,csi-pairs-v6-software-fixture,ded1ec639ff3e6fd5eba769d42db1ed36222a48af333a30a670254b30b164b74,620f300cbec1f56da4691882bc7dbe52593dc597fc62f6ae925c0f6ac72f1c6b,True,FORBIDDEN,0901433cbfe906073eae45118a1466e03afab04a766a3061a988ffe089ba4e01,9548a24a4faf5db17b5251df407b4402de033ae8648ec321c850fe6105002cf1,8128818d8ea8f5c3517d04da28955f010269df61e756429957a0a032386f6c51
fixture-bank-14:1:target-a:fixture-bank-14:p0006,paired_null_alternative,fixture-base-14,ceba4283ea9f9c59eae17d69a5c938aa38329978d867faa591e78af010c79752,809207241c4e6187b80849afd140c666e1fb16db4a1af75210a3f677180f55c9,csi-pairs-v6-software-fixture,ded1ec639ff3e6fd5eba769d42db1ed36222a48af333a30a670254b30b164b74,620f300cbec1f56da4691882bc7dbe52593dc597fc62f6ae925c0f6ac72f1c6b,True,FORBIDDEN,0901433cbfe906073eae45118a1466e03afab04a766a3061a988ffe089ba4e01,9548a24a4faf5db17b5251df407b4402de033ae8648ec321c850fe6105002cf1,8128818d8ea8f5c3517d04da28955f010269df61e756429957a0a032386f6c51
fixture-bank-14:1:target-a:fixture-bank-14:p0006,wrong_city,fixture-base-14,f5927760d3b1814b4517f2d4ec916c38c996cc08756aa052f486f1e0d64db008,cd6fbc5fb7763b3b83939b07a307c9a94efa49be29a928c55fe2712340b36782,csi-pairs-v6-software-fixture,ded1ec639ff3e6fd5eba769d42db1ed36222a48af333a30a670254b30b164b74,620f300cbec1f56da4691882bc7dbe52593dc597fc62f6ae925c0f6ac72f1c6b,True,FORBIDDEN,0901433cbfe906073eae45118a1466e03afab04a766a3061a988ffe089ba4e01,9548a24a4faf5db17b5251df407b4402de033ae8648ec321c850fe6105002cf1,8128818d8ea8f5c3517d04da28955f010269df61e756429957a0a032386f6c51
fixture-bank-14:1:target-a:fixture-bank-14:p0007,correct,fixture-base-14,951bcb74358e1e4e230d49916479269dba31a44b603453729743a4e281303dfc,23bc76fd36d1490877c3d533b77daa34101fee5b32e5371bb67f3a556051ad6d,csi-pairs-v6-software-fixture,ded1ec639ff3e6fd5eba769d42db1ed36222a48af333a30a670254b30b164b74,620f300cbec1f56da4691882bc7dbe52593dc597fc62f6ae925c0f6ac72f1c6b,True,FORBIDDEN,0901433cbfe906073eae45118a1466e03afab04a766a3061a988ffe089ba4e01,9548a24a4faf5db17b5251df407b4402de033ae8648ec321c850fe6105002cf1,8128818d8ea8f5c3517d04da28955f010269df61e756429957a0a032386f6c51
fixture-bank-14:1:target-a:fixture-bank-14:p0007,empty,fixture-base-14,80422bc3d307b4a25bdafcc84ac7fb01cb55a09810e8b0f37bb12e0edb5c48ca,9e55c822c8873725352f0c67ef4fee4f2aaffcd3ca9f5ff0b09459833c18bb65,csi-pairs-v6-software-fixture,ded1ec639ff3e6fd5eba769d42db1ed36222a48af333a30a670254b30b164b74,620f300cbec1f56da4691882bc7dbe52593dc597fc62f6ae925c0f6ac72f1c6b,True,FORBIDDEN,0901433cbfe906073eae45118a1466e03afab04a766a3061a988ffe089ba4e01,9548a24a4faf5db17b5251df407b4402de033ae8648ec321c850fe6105002cf1,8128818d8ea8f5c3517d04da28955f010269df61e756429957a0a032386f6c51
fixture-bank-14:1:target-a:fixture-bank-14:p0007,geometry_destroyed,fixture-base-14,fdf1d9d0fd7c1bb0b424d447d793ef3b209b868fa3455bc6870f40b4bb6e671c,668aa1e4b33d38df51f3c5dfb22b1d9eb0dd680eb50ff3d4ee2f3bea8587c66b,csi-pairs-v6-software-fixture,ded1ec639ff3e6fd5eba769d42db1ed36222a48af333a30a670254b30b164b74,620f300cbec1f56da4691882bc7dbe52593dc597fc62f6ae925c0f6ac72f1c6b,True,FORBIDDEN,0901433cbfe906073eae45118a1466e03afab04a766a3061a988ffe089ba4e01,9548a24a4faf5db17b5251df407b4402de033ae8648ec321c850fe6105002cf1,8128818d8ea8f5c3517d04da28955f010269df61e756429957a0a032386f6c51
fixture-bank-14:1:target-a:fixture-bank-14:p0007,paired_active_alternative,fixture-base-14,ff963d85d64acc87d9746e75be8bdebfc2f1270f6df2973bbec8333c48c059de,953754fcda9fefb0fe51569c49c53f60b360596c76bc87f67af93b1ed0b2c3a9,csi-pairs-v6-software-fixture,ded1ec639ff3e6fd5eba769d42db1ed36222a48af333a30a670254b30b164b74,620f300cbec1f56da4691882bc7dbe52593dc597fc62f6ae925c0f6ac72f1c6b,True,FORBIDDEN,0901433cbfe906073eae45118a1466e03afab04a766a3061a988ffe089ba4e01,9548a24a4faf5db17b5251df407b4402de033ae8648ec321c850fe6105002cf1,8128818d8ea8f5c3517d04da28955f010269df61e756429957a0a032386f6c51
fixture-bank-14:1:target-a:fixture-bank-14:p0007,paired_null_alternative,fixture-base-14,ceba4283ea9f9c59eae17d69a5c938aa38329978d867faa591e78af010c79752,809207241c4e6187b80849afd140c666e1fb16db4a1af75210a3f677180f55c9,csi-pairs-v6-software-fixture,ded1ec639ff3e6fd5eba769d42db1ed36222a48af333a30a670254b30b164b74,620f300cbec1f56da4691882bc7dbe52593dc597fc62f6ae925c0f6ac72f1c6b,True,FORBIDDEN,0901433cbfe906073eae45118a1466e03afab04a766a3061a988ffe089ba4e01,9548a24a4faf5db17b5251df407b4402de033ae8648ec321c850fe6105002cf1,8128818d8ea8f5c3517d04da28955f010269df61e756429957a0a032386f6c51
fixture-bank-14:1:target-a:fixture-bank-14:p0007,wrong_city,fixture-base-14,f5927760d3b1814b4517f2d4ec916c38c996cc08756aa052f486f1e0d64db008,cd6fbc5fb7763b3b83939b07a307c9a94efa49be29a928c55fe2712340b36782,csi-pairs-v6-software-fixture,ded1ec639ff3e6fd5eba769d42db1ed36222a48af333a30a670254b30b164b74,620f300cbec1f56da4691882bc7dbe52593dc597fc62f6ae925c0f6ac72f1c6b,True,FORBIDDEN,0901433cbfe906073eae45118a1466e03afab04a766a3061a988ffe089ba4e01,9548a24a4faf5db17b5251df407b4402de033ae8648ec321c850fe6105002cf1,8128818d8ea8f5c3517d04da28955f010269df61e756429957a0a032386f6c51
fixture-bank-14:2:target-a:fixture-bank-14:p0006,correct,fixture-base-14,356dd05be1947b527772591a0e92b0143f218ef9133b91d5300309a222993b62,23bc76fd36d1490877c3d533b77daa34101fee5b32e5371bb67f3a556051ad6d,csi-pairs-v6-software-fixture,ded1ec639ff3e6fd5eba769d42db1ed36222a48af333a30a670254b30b164b74,620f300cbec1f56da4691882bc7dbe52593dc597fc62f6ae925c0f6ac72f1c6b,True,FORBIDDEN,0901433cbfe906073eae45118a1466e03afab04a766a3061a988ffe089ba4e01,9548a24a4faf5db17b5251df407b4402de033ae8648ec321c850fe6105002cf1,8128818d8ea8f5c3517d04da28955f010269df61e756429957a0a032386f6c51
fixture-bank-14:2:target-a:fixture-bank-14:p0006,empty,fixture-base-14,80422bc3d307b4a25bdafcc84ac7fb01cb55a09810e8b0f37bb12e0edb5c48ca,9e55c822c8873725352f0c67ef4fee4f2aaffcd3ca9f5ff0b09459833c18bb65,csi-pairs-v6-software-fixture,ded1ec639ff3e6fd5eba769d42db1ed36222a48af333a30a670254b30b164b74,620f300cbec1f56da4691882bc7dbe52593dc597fc62f6ae925c0f6ac72f1c6b,True,FORBIDDEN,0901433cbfe906073eae45118a1466e03afab04a766a3061a988ffe089ba4e01,9548a24a4faf5db17b5251df407b4402de033ae8648ec321c850fe6105002cf1,8128818d8ea8f5c3517d04da28955f010269df61e756429957a0a032386f6c51
fixture-bank-14:2:target-a:fixture-bank-14:p0006,geometry_destroyed,fixture-base-14,9d04f0e9cb575e1a4db54a4c229474fff2779895c30b7ab1f89409823d0f6b4f,668aa1e4b33d38df51f3c5dfb22b1d9eb0dd680eb50ff3d4ee2f3bea8587c66b,csi-pairs-v6-software-fixture,ded1ec639ff3e6fd5eba769d42db1ed36222a48af333a30a670254b30b164b74,620f300cbec1f56da4691882bc7dbe52593dc597fc62f6ae925c0f6ac72f1c6b,True,FORBIDDEN,0901433cbfe906073eae45118a1466e03afab04a766a3061a988ffe089ba4e01,9548a24a4faf5db17b5251df407b4402de033ae8648ec321c850fe6105002cf1,8128818d8ea8f5c3517d04da28955f010269df61e756429957a0a032386f6c51
fixture-bank-14:2:target-a:fixture-bank-14:p0006,paired_active_alternative,fixture-base-14,ceba4283ea9f9c59eae17d69a5c938aa38329978d867faa591e78af010c79752,99ad10c860e8410cf77e29bbd0e9e0128e0faa1dcb91865155b10463b0fc3d56,csi-pairs-v6-software-fixture,ded1ec639ff3e6fd5eba769d42db1ed36222a48af333a30a670254b30b164b74,620f300cbec1f56da4691882bc7dbe52593dc597fc62f6ae925c0f6ac72f1c6b,True,FORBIDDEN,0901433cbfe906073eae45118a1466e03afab04a766a3061a988ffe089ba4e01,9548a24a4faf5db17b5251df407b4402de033ae8648ec321c850fe6105002cf1,8128818d8ea8f5c3517d04da28955f010269df61e756429957a0a032386f6c51
fixture-bank-14:2:target-a:fixture-bank-14:p0006,paired_null_alternative,fixture-base-14,ff963d85d64acc87d9746e75be8bdebfc2f1270f6df2973bbec8333c48c059de,6953cb6341bf4ecdd063a238f2b5387c933f61d6ca9d0516528de2478e94f8d4,csi-pairs-v6-software-fixture,ded1ec639ff3e6fd5eba769d42db1ed36222a48af333a30a670254b30b164b74,620f300cbec1f56da4691882bc7dbe52593dc597fc62f6ae925c0f6ac72f1c6b,True,FORBIDDEN,0901433cbfe906073eae45118a1466e03afab04a766a3061a988ffe089ba4e01,9548a24a4faf5db17b5251df407b4402de033ae8648ec321c850fe6105002cf1,8128818d8ea8f5c3517d04da28955f010269df61e756429957a0a032386f6c51
fixture-bank-14:2:target-a:fixture-bank-14:p0006,wrong_city,fixture-base-14,f5927760d3b1814b4517f2d4ec916c38c996cc08756aa052f486f1e0d64db008,cd6fbc5fb7763b3b83939b07a307c9a94efa49be29a928c55fe2712340b36782,csi-pairs-v6-software-fixture,ded1ec639ff3e6fd5eba769d42db1ed36222a48af333a30a670254b30b164b74,620f300cbec1f56da4691882bc7dbe52593dc597fc62f6ae925c0f6ac72f1c6b,True,FORBIDDEN,0901433cbfe906073eae45118a1466e03afab04a766a3061a988ffe089ba4e01,9548a24a4faf5db17b5251df407b4402de033ae8648ec321c850fe6105002cf1,8128818d8ea8f5c3517d04da28955f010269df61e756429957a0a032386f6c51
fixture-bank-14:2:target-a:fixture-bank-14:p0007,correct,fixture-base-14,356dd05be1947b527772591a0e92b0143f218ef9133b91d5300309a222993b62,23bc76fd36d1490877c3d533b77daa34101fee5b32e5371bb67f3a556051ad6d,csi-pairs-v6-software-fixture,ded1ec639ff3e6fd5eba769d42db1ed36222a48af333a30a670254b30b164b74,620f300cbec1f56da4691882bc7dbe52593dc597fc62f6ae925c0f6ac72f1c6b,True,FORBIDDEN,0901433cbfe906073eae45118a1466e03afab04a766a3061a988ffe089ba4e01,9548a24a4faf5db17b5251df407b4402de033ae8648ec321c850fe6105002cf1,8128818d8ea8f5c3517d04da28955f010269df61e756429957a0a032386f6c51
fixture-bank-14:2:target-a:fixture-bank-14:p0007,empty,fixture-base-14,80422bc3d307b4a25bdafcc84ac7fb01cb55a09810e8b0f37bb12e0edb5c48ca,9e55c822c8873725352f0c67ef4fee4f2aaffcd3ca9f5ff0b09459833c18bb65,csi-pairs-v6-software-fixture,ded1ec639ff3e6fd5eba769d42db1ed36222a48af333a30a670254b30b164b74,620f300cbec1f56da4691882bc7dbe52593dc597fc62f6ae925c0f6ac72f1c6b,True,FORBIDDEN,0901433cbfe906073eae45118a1466e03afab04a766a3061a988ffe089ba4e01,9548a24a4faf5db17b5251df407b4402de033ae8648ec321c850fe6105002cf1,8128818d8ea8f5c3517d04da28955f010269df61e756429957a0a032386f6c51
fixture-bank-14:2:target-a:fixture-bank-14:p0007,geometry_destroyed,fixture-base-14,5eb75535f7b3efcb0cea6a751608399e93eec898d92428568c0a0e658be0783a,668aa1e4b33d38df51f3c5dfb22b1d9eb0dd680eb50ff3d4ee2f3bea8587c66b,csi-pairs-v6-software-fixture,ded1ec639ff3e6fd5eba769d42db1ed36222a48af333a30a670254b30b164b74,620f300cbec1f56da4691882bc7dbe52593dc597fc62f6ae925c0f6ac72f1c6b,True,FORBIDDEN,0901433cbfe906073eae45118a1466e03afab04a766a3061a988ffe089ba4e01,9548a24a4faf5db17b5251df407b4402de033ae8648ec321c850fe6105002cf1,8128818d8ea8f5c3517d04da28955f010269df61e756429957a0a032386f6c51
fixture-bank-14:2:target-a:fixture-bank-14:p0007,paired_active_alternative,fixture-base-14,ceba4283ea9f9c59eae17d69a5c938aa38329978d867faa591e78af010c79752,99ad10c860e8410cf77e29bbd0e9e0128e0faa1dcb91865155b10463b0fc3d56,csi-pairs-v6-software-fixture,ded1ec639ff3e6fd5eba769d42db1ed36222a48af333a30a670254b30b164b74,620f300cbec1f56da4691882bc7dbe52593dc597fc62f6ae925c0f6ac72f1c6b,True,FORBIDDEN,0901433cbfe906073eae45118a1466e03afab04a766a3061a988ffe089ba4e01,9548a24a4faf5db17b5251df407b4402de033ae8648ec321c850fe6105002cf1,8128818d8ea8f5c3517d04da28955f010269df61e756429957a0a032386f6c51
fixture-bank-14:2:target-a:fixture-bank-14:p0007,paired_null_alternative,fixture-base-14,ff963d85d64acc87d9746e75be8bdebfc2f1270f6df2973bbec8333c48c059de,6953cb6341bf4ecdd063a238f2b5387c933f61d6ca9d0516528de2478e94f8d4,csi-pairs-v6-software-fixture,ded1ec639ff3e6fd5eba769d42db1ed36222a48af333a30a670254b30b164b74,620f300cbec1f56da4691882bc7dbe52593dc597fc62f6ae925c0f6ac72f1c6b,True,FORBIDDEN,0901433cbfe906073eae45118a1466e03afab04a766a3061a988ffe089ba4e01,9548a24a4faf5db17b5251df407b4402de033ae8648ec321c850fe6105002cf1,8128818d8ea8f5c3517d04da28955f010269df61e756429957a0a032386f6c51
fixture-bank-14:2:target-a:fixture-bank-14:p0007,wrong_city,fixture-base-14,f5927760d3b1814b4517f2d4ec916c38c996cc08756aa052f486f1e0d64db008,cd6fbc5fb7763b3b83939b07a307c9a94efa49be29a928c55fe2712340b36782,csi-pairs-v6-software-fixture,ded1ec639ff3e6fd5eba769d42db1ed36222a48af333a30a670254b30b164b74,620f300cbec1f56da4691882bc7dbe52593dc597fc62f6ae925c0f6ac72f1c6b,True,FORBIDDEN,0901433cbfe906073eae45118a1466e03afab04a766a3061a988ffe089ba4e01,9548a24a4faf5db17b5251df407b4402de033ae8648ec321c850fe6105002cf1,8128818d8ea8f5c3517d04da28955f010269df61e756429957a0a032386f6c51
fixture-bank-14:3:target-a:fixture-bank-14:p0006,correct,fixture-base-14,ceba4283ea9f9c59eae17d69a5c938aa38329978d867faa591e78af010c79752,23bc76fd36d1490877c3d533b77daa34101fee5b32e5371bb67f3a556051ad6d,csi-pairs-v6-software-fixture,ded1ec639ff3e6fd5eba769d42db1ed36222a48af333a30a670254b30b164b74,620f300cbec1f56da4691882bc7dbe52593dc597fc62f6ae925c0f6ac72f1c6b,True,FORBIDDEN,0901433cbfe906073eae45118a1466e03afab04a766a3061a988ffe089ba4e01,9548a24a4faf5db17b5251df407b4402de033ae8648ec321c850fe6105002cf1,8128818d8ea8f5c3517d04da28955f010269df61e756429957a0a032386f6c51
fixture-bank-14:3:target-a:fixture-bank-14:p0006,empty,fixture-base-14,80422bc3d307b4a25bdafcc84ac7fb01cb55a09810e8b0f37bb12e0edb5c48ca,9e55c822c8873725352f0c67ef4fee4f2aaffcd3ca9f5ff0b09459833c18bb65,csi-pairs-v6-software-fixture,ded1ec639ff3e6fd5eba769d42db1ed36222a48af333a30a670254b30b164b74,620f300cbec1f56da4691882bc7dbe52593dc597fc62f6ae925c0f6ac72f1c6b,True,FORBIDDEN,0901433cbfe906073eae45118a1466e03afab04a766a3061a988ffe089ba4e01,9548a24a4faf5db17b5251df407b4402de033ae8648ec321c850fe6105002cf1,8128818d8ea8f5c3517d04da28955f010269df61e756429957a0a032386f6c51
fixture-bank-14:3:target-a:fixture-bank-14:p0006,geometry_destroyed,fixture-base-14,007f69448fb0c4f7a32f866b55313330e23a46dee0f8be53af97422243148bc8,668aa1e4b33d38df51f3c5dfb22b1d9eb0dd680eb50ff3d4ee2f3bea8587c66b,csi-pairs-v6-software-fixture,ded1ec639ff3e6fd5eba769d42db1ed36222a48af333a30a670254b30b164b74,620f300cbec1f56da4691882bc7dbe52593dc597fc62f6ae925c0f6ac72f1c6b,True,FORBIDDEN,0901433cbfe906073eae45118a1466e03afab04a766a3061a988ffe089ba4e01,9548a24a4faf5db17b5251df407b4402de033ae8648ec321c850fe6105002cf1,8128818d8ea8f5c3517d04da28955f010269df61e756429957a0a032386f6c51
fixture-bank-14:3:target-a:fixture-bank-14:p0006,paired_active_alternative,fixture-base-14,356dd05be1947b527772591a0e92b0143f218ef9133b91d5300309a222993b62,38d2eee754fa4712c9ba273f503f2bca683c5e736c80abf7050581ca94e9f1b7,csi-pairs-v6-software-fixture,ded1ec639ff3e6fd5eba769d42db1ed36222a48af333a30a670254b30b164b74,620f300cbec1f56da4691882bc7dbe52593dc597fc62f6ae925c0f6ac72f1c6b,True,FORBIDDEN,0901433cbfe906073eae45118a1466e03afab04a766a3061a988ffe089ba4e01,9548a24a4faf5db17b5251df407b4402de033ae8648ec321c850fe6105002cf1,8128818d8ea8f5c3517d04da28955f010269df61e756429957a0a032386f6c51
fixture-bank-14:3:target-a:fixture-bank-14:p0006,paired_null_alternative,fixture-base-14,951bcb74358e1e4e230d49916479269dba31a44b603453729743a4e281303dfc,5e54c2ceb54dd41e805701d800c8d8cff642a41072c9d56e5235f3b2509e9288,csi-pairs-v6-software-fixture,ded1ec639ff3e6fd5eba769d42db1ed36222a48af333a30a670254b30b164b74,620f300cbec1f56da4691882bc7dbe52593dc597fc62f6ae925c0f6ac72f1c6b,True,FORBIDDEN,0901433cbfe906073eae45118a1466e03afab04a766a3061a988ffe089ba4e01,9548a24a4faf5db17b5251df407b4402de033ae8648ec321c850fe6105002cf1,8128818d8ea8f5c3517d04da28955f010269df61e756429957a0a032386f6c51
fixture-bank-14:3:target-a:fixture-bank-14:p0006,wrong_city,fixture-base-14,f5927760d3b1814b4517f2d4ec916c38c996cc08756aa052f486f1e0d64db008,cd6fbc5fb7763b3b83939b07a307c9a94efa49be29a928c55fe2712340b36782,csi-pairs-v6-software-fixture,ded1ec639ff3e6fd5eba769d42db1ed36222a48af333a30a670254b30b164b74,620f300cbec1f56da4691882bc7dbe52593dc597fc62f6ae925c0f6ac72f1c6b,True,FORBIDDEN,0901433cbfe906073eae45118a1466e03afab04a766a3061a988ffe089ba4e01,9548a24a4faf5db17b5251df407b4402de033ae8648ec321c850fe6105002cf1,8128818d8ea8f5c3517d04da28955f010269df61e756429957a0a032386f6c51
fixture-bank-14:3:target-a:fixture-bank-14:p0007,correct,fixture-base-14,ceba4283ea9f9c59eae17d69a5c938aa38329978d867faa591e78af010c79752,23bc76fd36d1490877c3d533b77daa34101fee5b32e5371bb67f3a556051ad6d,csi-pairs-v6-software-fixture,ded1ec639ff3e6fd5eba769d42db1ed36222a48af333a30a670254b30b164b74,620f300cbec1f56da4691882bc7dbe52593dc597fc62f6ae925c0f6ac72f1c6b,True,FORBIDDEN,0901433cbfe906073eae45118a1466e03afab04a766a3061a988ffe089ba4e01,9548a24a4faf5db17b5251df407b4402de033ae8648ec321c850fe6105002cf1,8128818d8ea8f5c3517d04da28955f010269df61e756429957a0a032386f6c51
fixture-bank-14:3:target-a:fixture-bank-14:p0007,empty,fixture-base-14,80422bc3d307b4a25bdafcc84ac7fb01cb55a09810e8b0f37bb12e0edb5c48ca,9e55c822c8873725352f0c67ef4fee4f2aaffcd3ca9f5ff0b09459833c18bb65,csi-pairs-v6-software-fixture,ded1ec639ff3e6fd5eba769d42db1ed36222a48af333a30a670254b30b164b74,620f300cbec1f56da4691882bc7dbe52593dc597fc62f6ae925c0f6ac72f1c6b,True,FORBIDDEN,0901433cbfe906073eae45118a1466e03afab04a766a3061a988ffe089ba4e01,9548a24a4faf5db17b5251df407b4402de033ae8648ec321c850fe6105002cf1,8128818d8ea8f5c3517d04da28955f010269df61e756429957a0a032386f6c51
fixture-bank-14:3:target-a:fixture-bank-14:p0007,geometry_destroyed,fixture-base-14,4f238be64696620e6a52823ba78ec5e70f6dee554958910f5b5dc03a3ea5f3d4,668aa1e4b33d38df51f3c5dfb22b1d9eb0dd680eb50ff3d4ee2f3bea8587c66b,csi-pairs-v6-software-fixture,ded1ec639ff3e6fd5eba769d42db1ed36222a48af333a30a670254b30b164b74,620f300cbec1f56da4691882bc7dbe52593dc597fc62f6ae925c0f6ac72f1c6b,True,FORBIDDEN,0901433cbfe906073eae45118a1466e03afab04a766a3061a988ffe089ba4e01,9548a24a4faf5db17b5251df407b4402de033ae8648ec321c850fe6105002cf1,8128818d8ea8f5c3517d04da28955f010269df61e756429957a0a032386f6c51
fixture-bank-14:3:target-a:fixture-bank-14:p0007,paired_active_alternative,fixture-base-14,356dd05be1947b527772591a0e92b0143f218ef9133b91d5300309a222993b62,38d2eee754fa4712c9ba273f503f2bca683c5e736c80abf7050581ca94e9f1b7,csi-pairs-v6-software-fixture,ded1ec639ff3e6fd5eba769d42db1ed36222a48af333a30a670254b30b164b74,620f300cbec1f56da4691882bc7dbe52593dc597fc62f6ae925c0f6ac72f1c6b,True,FORBIDDEN,0901433cbfe906073eae45118a1466e03afab04a766a3061a988ffe089ba4e01,9548a24a4faf5db17b5251df407b4402de033ae8648ec321c850fe6105002cf1,8128818d8ea8f5c3517d04da28955f010269df61e756429957a0a032386f6c51
fixture-bank-14:3:target-a:fixture-bank-14:p0007,paired_null_alternative,fixture-base-14,951bcb74358e1e4e230d49916479269dba31a44b603453729743a4e281303dfc,5e54c2ceb54dd41e805701d800c8d8cff642a41072c9d56e5235f3b2509e9288,csi-pairs-v6-software-fixture,ded1ec639ff3e6fd5eba769d42db1ed36222a48af333a30a670254b30b164b74,620f300cbec1f56da4691882bc7dbe52593dc597fc62f6ae925c0f6ac72f1c6b,True,FORBIDDEN,0901433cbfe906073eae45118a1466e03afab04a766a3061a988ffe089ba4e01,9548a24a4faf5db17b5251df407b4402de033ae8648ec321c850fe6105002cf1,8128818d8ea8f5c3517d04da28955f010269df61e756429957a0a032386f6c51
fixture-bank-14:3:target-a:fixture-bank-14:p0007,wrong_city,fixture-base-14,f5927760d3b1814b4517f2d4ec916c38c996cc08756aa052f486f1e0d64db008,cd6fbc5fb7763b3b83939b07a307c9a94efa49be29a928c55fe2712340b36782,csi-pairs-v6-software-fixture,ded1ec639ff3e6fd5eba769d42db1ed36222a48af333a30a670254b30b164b74,620f300cbec1f56da4691882bc7dbe52593dc597fc62f6ae925c0f6ac72f1c6b,True,FORBIDDEN,0901433cbfe906073eae45118a1466e03afab04a766a3061a988ffe089ba4e01,9548a24a4faf5db17b5251df407b4402de033ae8648ec321c850fe6105002cf1,8128818d8ea8f5c3517d04da28955f010269df61e756429957a0a032386f6c51
fixture-bank-15:0:target-b:fixture-bank-15:p0004,correct,fixture-base-15,f5927760d3b1814b4517f2d4ec916c38c996cc08756aa052f486f1e0d64db008,23bc76fd36d1490877c3d533b77daa34101fee5b32e5371bb67f3a556051ad6d,csi-pairs-v6-software-fixture,ded1ec639ff3e6fd5eba769d42db1ed36222a48af333a30a670254b30b164b74,620f300cbec1f56da4691882bc7dbe52593dc597fc62f6ae925c0f6ac72f1c6b,True,FORBIDDEN,0901433cbfe906073eae45118a1466e03afab04a766a3061a988ffe089ba4e01,9548a24a4faf5db17b5251df407b4402de033ae8648ec321c850fe6105002cf1,8128818d8ea8f5c3517d04da28955f010269df61e756429957a0a032386f6c51
fixture-bank-15:0:target-b:fixture-bank-15:p0004,empty,fixture-base-15,80422bc3d307b4a25bdafcc84ac7fb01cb55a09810e8b0f37bb12e0edb5c48ca,9e55c822c8873725352f0c67ef4fee4f2aaffcd3ca9f5ff0b09459833c18bb65,csi-pairs-v6-software-fixture,ded1ec639ff3e6fd5eba769d42db1ed36222a48af333a30a670254b30b164b74,620f300cbec1f56da4691882bc7dbe52593dc597fc62f6ae925c0f6ac72f1c6b,True,FORBIDDEN,0901433cbfe906073eae45118a1466e03afab04a766a3061a988ffe089ba4e01,9548a24a4faf5db17b5251df407b4402de033ae8648ec321c850fe6105002cf1,8128818d8ea8f5c3517d04da28955f010269df61e756429957a0a032386f6c51
fixture-bank-15:0:target-b:fixture-bank-15:p0004,geometry_destroyed,fixture-base-15,904c1d1de123febf4358fa847bfe96fb4b2f573be3f545992208894a1bb14dbd,668aa1e4b33d38df51f3c5dfb22b1d9eb0dd680eb50ff3d4ee2f3bea8587c66b,csi-pairs-v6-software-fixture,ded1ec639ff3e6fd5eba769d42db1ed36222a48af333a30a670254b30b164b74,620f300cbec1f56da4691882bc7dbe52593dc597fc62f6ae925c0f6ac72f1c6b,True,FORBIDDEN,0901433cbfe906073eae45118a1466e03afab04a766a3061a988ffe089ba4e01,9548a24a4faf5db17b5251df407b4402de033ae8648ec321c850fe6105002cf1,8128818d8ea8f5c3517d04da28955f010269df61e756429957a0a032386f6c51
fixture-bank-15:0:target-b:fixture-bank-15:p0004,paired_active_alternative,fixture-base-15,e8de7d7a53648d151882d0e4934ed3f5dd2c991772925bf4c4c98216305f4084,09b8d53d9054b3b88fa6808da7564d6310a6ecbb122ef08e91bee51e09c39608,csi-pairs-v6-software-fixture,ded1ec639ff3e6fd5eba769d42db1ed36222a48af333a30a670254b30b164b74,620f300cbec1f56da4691882bc7dbe52593dc597fc62f6ae925c0f6ac72f1c6b,True,FORBIDDEN,0901433cbfe906073eae45118a1466e03afab04a766a3061a988ffe089ba4e01,9548a24a4faf5db17b5251df407b4402de033ae8648ec321c850fe6105002cf1,8128818d8ea8f5c3517d04da28955f010269df61e756429957a0a032386f6c51
fixture-bank-15:0:target-b:fixture-bank-15:p0004,paired_null_alternative,fixture-base-15,43fc05ca825c7ff2e7c00c016f80b1cce1f9303158dc70eba6d35120eb50ac68,66b48752aec25a0d8344e984c3ba90d195057d847f682c9cdb73f7d74e64056d,csi-pairs-v6-software-fixture,ded1ec639ff3e6fd5eba769d42db1ed36222a48af333a30a670254b30b164b74,620f300cbec1f56da4691882bc7dbe52593dc597fc62f6ae925c0f6ac72f1c6b,True,FORBIDDEN,0901433cbfe906073eae45118a1466e03afab04a766a3061a988ffe089ba4e01,9548a24a4faf5db17b5251df407b4402de033ae8648ec321c850fe6105002cf1,8128818d8ea8f5c3517d04da28955f010269df61e756429957a0a032386f6c51
fixture-bank-15:0:target-b:fixture-bank-15:p0004,wrong_city,fixture-base-15,f5927760d3b1814b4517f2d4ec916c38c996cc08756aa052f486f1e0d64db008,cd6fbc5fb7763b3b83939b07a307c9a94efa49be29a928c55fe2712340b36782,csi-pairs-v6-software-fixture,ded1ec639ff3e6fd5eba769d42db1ed36222a48af333a30a670254b30b164b74,620f300cbec1f56da4691882bc7dbe52593dc597fc62f6ae925c0f6ac72f1c6b,True,FORBIDDEN,0901433cbfe906073eae45118a1466e03afab04a766a3061a988ffe089ba4e01,9548a24a4faf5db17b5251df407b4402de033ae8648ec321c850fe6105002cf1,8128818d8ea8f5c3517d04da28955f010269df61e756429957a0a032386f6c51
fixture-bank-15:0:target-b:fixture-bank-15:p0005,correct,fixture-base-15,f5927760d3b1814b4517f2d4ec916c38c996cc08756aa052f486f1e0d64db008,23bc76fd36d1490877c3d533b77daa34101fee5b32e5371bb67f3a556051ad6d,csi-pairs-v6-software-fixture,ded1ec639ff3e6fd5eba769d42db1ed36222a48af333a30a670254b30b164b74,620f300cbec1f56da4691882bc7dbe52593dc597fc62f6ae925c0f6ac72f1c6b,True,FORBIDDEN,0901433cbfe906073eae45118a1466e03afab04a766a3061a988ffe089ba4e01,9548a24a4faf5db17b5251df407b4402de033ae8648ec321c850fe6105002cf1,8128818d8ea8f5c3517d04da28955f010269df61e756429957a0a032386f6c51
fixture-bank-15:0:target-b:fixture-bank-15:p0005,empty,fixture-base-15,80422bc3d307b4a25bdafcc84ac7fb01cb55a09810e8b0f37bb12e0edb5c48ca,9e55c822c8873725352f0c67ef4fee4f2aaffcd3ca9f5ff0b09459833c18bb65,csi-pairs-v6-software-fixture,ded1ec639ff3e6fd5eba769d42db1ed36222a48af333a30a670254b30b164b74,620f300cbec1f56da4691882bc7dbe52593dc597fc62f6ae925c0f6ac72f1c6b,True,FORBIDDEN,0901433cbfe906073eae45118a1466e03afab04a766a3061a988ffe089ba4e01,9548a24a4faf5db17b5251df407b4402de033ae8648ec321c850fe6105002cf1,8128818d8ea8f5c3517d04da28955f010269df61e756429957a0a032386f6c51
fixture-bank-15:0:target-b:fixture-bank-15:p0005,geometry_destroyed,fixture-base-15,affa9114ba97c1adba8be06afb65f5968dbc04b03bc4d00dc8fc5c53550305c1,668aa1e4b33d38df51f3c5dfb22b1d9eb0dd680eb50ff3d4ee2f3bea8587c66b,csi-pairs-v6-software-fixture,ded1ec639ff3e6fd5eba769d42db1ed36222a48af333a30a670254b30b164b74,620f300cbec1f56da4691882bc7dbe52593dc597fc62f6ae925c0f6ac72f1c6b,True,FORBIDDEN,0901433cbfe906073eae45118a1466e03afab04a766a3061a988ffe089ba4e01,9548a24a4faf5db17b5251df407b4402de033ae8648ec321c850fe6105002cf1,8128818d8ea8f5c3517d04da28955f010269df61e756429957a0a032386f6c51
fixture-bank-15:0:target-b:fixture-bank-15:p0005,paired_active_alternative,fixture-base-15,e8de7d7a53648d151882d0e4934ed3f5dd2c991772925bf4c4c98216305f4084,09b8d53d9054b3b88fa6808da7564d6310a6ecbb122ef08e91bee51e09c39608,csi-pairs-v6-software-fixture,ded1ec639ff3e6fd5eba769d42db1ed36222a48af333a30a670254b30b164b74,620f300cbec1f56da4691882bc7dbe52593dc597fc62f6ae925c0f6ac72f1c6b,True,FORBIDDEN,0901433cbfe906073eae45118a1466e03afab04a766a3061a988ffe089ba4e01,9548a24a4faf5db17b5251df407b4402de033ae8648ec321c850fe6105002cf1,8128818d8ea8f5c3517d04da28955f010269df61e756429957a0a032386f6c51
fixture-bank-15:0:target-b:fixture-bank-15:p0005,paired_null_alternative,fixture-base-15,43fc05ca825c7ff2e7c00c016f80b1cce1f9303158dc70eba6d35120eb50ac68,66b48752aec25a0d8344e984c3ba90d195057d847f682c9cdb73f7d74e64056d,csi-pairs-v6-software-fixture,ded1ec639ff3e6fd5eba769d42db1ed36222a48af333a30a670254b30b164b74,620f300cbec1f56da4691882bc7dbe52593dc597fc62f6ae925c0f6ac72f1c6b,True,FORBIDDEN,0901433cbfe906073eae45118a1466e03afab04a766a3061a988ffe089ba4e01,9548a24a4faf5db17b5251df407b4402de033ae8648ec321c850fe6105002cf1,8128818d8ea8f5c3517d04da28955f010269df61e756429957a0a032386f6c51
fixture-bank-15:0:target-b:fixture-bank-15:p0005,wrong_city,fixture-base-15,f5927760d3b1814b4517f2d4ec916c38c996cc08756aa052f486f1e0d64db008,cd6fbc5fb7763b3b83939b07a307c9a94efa49be29a928c55fe2712340b36782,csi-pairs-v6-software-fixture,ded1ec639ff3e6fd5eba769d42db1ed36222a48af333a30a670254b30b164b74,620f300cbec1f56da4691882bc7dbe52593dc597fc62f6ae925c0f6ac72f1c6b,True,FORBIDDEN,0901433cbfe906073eae45118a1466e03afab04a766a3061a988ffe089ba4e01,9548a24a4faf5db17b5251df407b4402de033ae8648ec321c850fe6105002cf1,8128818d8ea8f5c3517d04da28955f010269df61e756429957a0a032386f6c51
fixture-bank-15:0:target-b:fixture-bank-15:p0006,correct,fixture-base-15,f5927760d3b1814b4517f2d4ec916c38c996cc08756aa052f486f1e0d64db008,23bc76fd36d1490877c3d533b77daa34101fee5b32e5371bb67f3a556051ad6d,csi-pairs-v6-software-fixture,ded1ec639ff3e6fd5eba769d42db1ed36222a48af333a30a670254b30b164b74,620f300cbec1f56da4691882bc7dbe52593dc597fc62f6ae925c0f6ac72f1c6b,True,FORBIDDEN,0901433cbfe906073eae45118a1466e03afab04a766a3061a988ffe089ba4e01,9548a24a4faf5db17b5251df407b4402de033ae8648ec321c850fe6105002cf1,8128818d8ea8f5c3517d04da28955f010269df61e756429957a0a032386f6c51
fixture-bank-15:0:target-b:fixture-bank-15:p0006,empty,fixture-base-15,80422bc3d307b4a25bdafcc84ac7fb01cb55a09810e8b0f37bb12e0edb5c48ca,9e55c822c8873725352f0c67ef4fee4f2aaffcd3ca9f5ff0b09459833c18bb65,csi-pairs-v6-software-fixture,ded1ec639ff3e6fd5eba769d42db1ed36222a48af333a30a670254b30b164b74,620f300cbec1f56da4691882bc7dbe52593dc597fc62f6ae925c0f6ac72f1c6b,True,FORBIDDEN,0901433cbfe906073eae45118a1466e03afab04a766a3061a988ffe089ba4e01,9548a24a4faf5db17b5251df407b4402de033ae8648ec321c850fe6105002cf1,8128818d8ea8f5c3517d04da28955f010269df61e756429957a0a032386f6c51
fixture-bank-15:0:target-b:fixture-bank-15:p0006,geometry_destroyed,fixture-base-15,b47ee37706a39f27dc8a807df3f4ce1848525668ef0457702692eec5bc3ff56b,668aa1e4b33d38df51f3c5dfb22b1d9eb0dd680eb50ff3d4ee2f3bea8587c66b,csi-pairs-v6-software-fixture,ded1ec639ff3e6fd5eba769d42db1ed36222a48af333a30a670254b30b164b74,620f300cbec1f56da4691882bc7dbe52593dc597fc62f6ae925c0f6ac72f1c6b,True,FORBIDDEN,0901433cbfe906073eae45118a1466e03afab04a766a3061a988ffe089ba4e01,9548a24a4faf5db17b5251df407b4402de033ae8648ec321c850fe6105002cf1,8128818d8ea8f5c3517d04da28955f010269df61e756429957a0a032386f6c51
fixture-bank-15:0:target-b:fixture-bank-15:p0006,paired_active_alternative,fixture-base-15,43fc05ca825c7ff2e7c00c016f80b1cce1f9303158dc70eba6d35120eb50ac68,5492e5d28505aa47172deba2c3d34393a12b275ce6a005157b638bc9dc6ff29f,csi-pairs-v6-software-fixture,ded1ec639ff3e6fd5eba769d42db1ed36222a48af333a30a670254b30b164b74,620f300cbec1f56da4691882bc7dbe52593dc597fc62f6ae925c0f6ac72f1c6b,True,FORBIDDEN,0901433cbfe906073eae45118a1466e03afab04a766a3061a988ffe089ba4e01,9548a24a4faf5db17b5251df407b4402de033ae8648ec321c850fe6105002cf1,8128818d8ea8f5c3517d04da28955f010269df61e756429957a0a032386f6c51
fixture-bank-15:0:target-b:fixture-bank-15:p0006,paired_null_alternative,fixture-base-15,e8de7d7a53648d151882d0e4934ed3f5dd2c991772925bf4c4c98216305f4084,001759dc4c85eb3d880dc67f610f5efe56d770ebd1619d81f089c5439fd54906,csi-pairs-v6-software-fixture,ded1ec639ff3e6fd5eba769d42db1ed36222a48af333a30a670254b30b164b74,620f300cbec1f56da4691882bc7dbe52593dc597fc62f6ae925c0f6ac72f1c6b,True,FORBIDDEN,0901433cbfe906073eae45118a1466e03afab04a766a3061a988ffe089ba4e01,9548a24a4faf5db17b5251df407b4402de033ae8648ec321c850fe6105002cf1,8128818d8ea8f5c3517d04da28955f010269df61e756429957a0a032386f6c51
fixture-bank-15:0:target-b:fixture-bank-15:p0006,wrong_city,fixture-base-15,f5927760d3b1814b4517f2d4ec916c38c996cc08756aa052f486f1e0d64db008,cd6fbc5fb7763b3b83939b07a307c9a94efa49be29a928c55fe2712340b36782,csi-pairs-v6-software-fixture,ded1ec639ff3e6fd5eba769d42db1ed36222a48af333a30a670254b30b164b74,620f300cbec1f56da4691882bc7dbe52593dc597fc62f6ae925c0f6ac72f1c6b,True,FORBIDDEN,0901433cbfe906073eae45118a1466e03afab04a766a3061a988ffe089ba4e01,9548a24a4faf5db17b5251df407b4402de033ae8648ec321c850fe6105002cf1,8128818d8ea8f5c3517d04da28955f010269df61e756429957a0a032386f6c51
fixture-bank-15:0:target-b:fixture-bank-15:p0007,correct,fixture-base-15,f5927760d3b1814b4517f2d4ec916c38c996cc08756aa052f486f1e0d64db008,23bc76fd36d1490877c3d533b77daa34101fee5b32e5371bb67f3a556051ad6d,csi-pairs-v6-software-fixture,ded1ec639ff3e6fd5eba769d42db1ed36222a48af333a30a670254b30b164b74,620f300cbec1f56da4691882bc7dbe52593dc597fc62f6ae925c0f6ac72f1c6b,True,FORBIDDEN,0901433cbfe906073eae45118a1466e03afab04a766a3061a988ffe089ba4e01,9548a24a4faf5db17b5251df407b4402de033ae8648ec321c850fe6105002cf1,8128818d8ea8f5c3517d04da28955f010269df61e756429957a0a032386f6c51
fixture-bank-15:0:target-b:fixture-bank-15:p0007,empty,fixture-base-15,80422bc3d307b4a25bdafcc84ac7fb01cb55a09810e8b0f37bb12e0edb5c48ca,9e55c822c8873725352f0c67ef4fee4f2aaffcd3ca9f5ff0b09459833c18bb65,csi-pairs-v6-software-fixture,ded1ec639ff3e6fd5eba769d42db1ed36222a48af333a30a670254b30b164b74,620f300cbec1f56da4691882bc7dbe52593dc597fc62f6ae925c0f6ac72f1c6b,True,FORBIDDEN,0901433cbfe906073eae45118a1466e03afab04a766a3061a988ffe089ba4e01,9548a24a4faf5db17b5251df407b4402de033ae8648ec321c850fe6105002cf1,8128818d8ea8f5c3517d04da28955f010269df61e756429957a0a032386f6c51
fixture-bank-15:0:target-b:fixture-bank-15:p0007,geometry_destroyed,fixture-base-15,7c8dffc903ad8a63e96c45d94807525c15940f0b9da96caf094b191c481e6179,668aa1e4b33d38df51f3c5dfb22b1d9eb0dd680eb50ff3d4ee2f3bea8587c66b,csi-pairs-v6-software-fixture,ded1ec639ff3e6fd5eba769d42db1ed36222a48af333a30a670254b30b164b74,620f300cbec1f56da4691882bc7dbe52593dc597fc62f6ae925c0f6ac72f1c6b,True,FORBIDDEN,0901433cbfe906073eae45118a1466e03afab04a766a3061a988ffe089ba4e01,9548a24a4faf5db17b5251df407b4402de033ae8648ec321c850fe6105002cf1,8128818d8ea8f5c3517d04da28955f010269df61e756429957a0a032386f6c51
fixture-bank-15:0:target-b:fixture-bank-15:p0007,paired_active_alternative,fixture-base-15,43fc05ca825c7ff2e7c00c016f80b1cce1f9303158dc70eba6d35120eb50ac68,5492e5d28505aa47172deba2c3d34393a12b275ce6a005157b638bc9dc6ff29f,csi-pairs-v6-software-fixture,ded1ec639ff3e6fd5eba769d42db1ed36222a48af333a30a670254b30b164b74,620f300cbec1f56da4691882bc7dbe52593dc597fc62f6ae925c0f6ac72f1c6b,True,FORBIDDEN,0901433cbfe906073eae45118a1466e03afab04a766a3061a988ffe089ba4e01,9548a24a4faf5db17b5251df407b4402de033ae8648ec321c850fe6105002cf1,8128818d8ea8f5c3517d04da28955f010269df61e756429957a0a032386f6c51
fixture-bank-15:0:target-b:fixture-bank-15:p0007,paired_null_alternative,fixture-base-15,e8de7d7a53648d151882d0e4934ed3f5dd2c991772925bf4c4c98216305f4084,001759dc4c85eb3d880dc67f610f5efe56d770ebd1619d81f089c5439fd54906,csi-pairs-v6-software-fixture,ded1ec639ff3e6fd5eba769d42db1ed36222a48af333a30a670254b30b164b74,620f300cbec1f56da4691882bc7dbe52593dc597fc62f6ae925c0f6ac72f1c6b,True,FORBIDDEN,0901433cbfe906073eae45118a1466e03afab04a766a3061a988ffe089ba4e01,9548a24a4faf5db17b5251df407b4402de033ae8648ec321c850fe6105002cf1,8128818d8ea8f5c3517d04da28955f010269df61e756429957a0a032386f6c51
fixture-bank-15:0:target-b:fixture-bank-15:p0007,wrong_city,fixture-base-15,f5927760d3b1814b4517f2d4ec916c38c996cc08756aa052f486f1e0d64db008,cd6fbc5fb7763b3b83939b07a307c9a94efa49be29a928c55fe2712340b36782,csi-pairs-v6-software-fixture,ded1ec639ff3e6fd5eba769d42db1ed36222a48af333a30a670254b30b164b74,620f300cbec1f56da4691882bc7dbe52593dc597fc62f6ae925c0f6ac72f1c6b,True,FORBIDDEN,0901433cbfe906073eae45118a1466e03afab04a766a3061a988ffe089ba4e01,9548a24a4faf5db17b5251df407b4402de033ae8648ec321c850fe6105002cf1,8128818d8ea8f5c3517d04da28955f010269df61e756429957a0a032386f6c51
fixture-bank-15:1:target-b:fixture-bank-15:p0004,correct,fixture-base-15,e8de7d7a53648d151882d0e4934ed3f5dd2c991772925bf4c4c98216305f4084,23bc76fd36d1490877c3d533b77daa34101fee5b32e5371bb67f3a556051ad6d,csi-pairs-v6-software-fixture,ded1ec639ff3e6fd5eba769d42db1ed36222a48af333a30a670254b30b164b74,620f300cbec1f56da4691882bc7dbe52593dc597fc62f6ae925c0f6ac72f1c6b,True,FORBIDDEN,0901433cbfe906073eae45118a1466e03afab04a766a3061a988ffe089ba4e01,9548a24a4faf5db17b5251df407b4402de033ae8648ec321c850fe6105002cf1,8128818d8ea8f5c3517d04da28955f010269df61e756429957a0a032386f6c51
fixture-bank-15:1:target-b:fixture-bank-15:p0004,empty,fixture-base-15,80422bc3d307b4a25bdafcc84ac7fb01cb55a09810e8b0f37bb12e0edb5c48ca,9e55c822c8873725352f0c67ef4fee4f2aaffcd3ca9f5ff0b09459833c18bb65,csi-pairs-v6-software-fixture,ded1ec639ff3e6fd5eba769d42db1ed36222a48af333a30a670254b30b164b74,620f300cbec1f56da4691882bc7dbe52593dc597fc62f6ae925c0f6ac72f1c6b,True,FORBIDDEN,0901433cbfe906073eae45118a1466e03afab04a766a3061a988ffe089ba4e01,9548a24a4faf5db17b5251df407b4402de033ae8648ec321c850fe6105002cf1,8128818d8ea8f5c3517d04da28955f010269df61e756429957a0a032386f6c51
fixture-bank-15:1:target-b:fixture-bank-15:p0004,geometry_destroyed,fixture-base-15,d0aa53bde1139b0cffb031bd8495d388f484d5664db3665a3743b1884eda8449,668aa1e4b33d38df51f3c5dfb22b1d9eb0dd680eb50ff3d4ee2f3bea8587c66b,csi-pairs-v6-software-fixture,ded1ec639ff3e6fd5eba769d42db1ed36222a48af333a30a670254b30b164b74,620f300cbec1f56da4691882bc7dbe52593dc597fc62f6ae925c0f6ac72f1c6b,True,FORBIDDEN,0901433cbfe906073eae45118a1466e03afab04a766a3061a988ffe089ba4e01,9548a24a4faf5db17b5251df407b4402de033ae8648ec321c850fe6105002cf1,8128818d8ea8f5c3517d04da28955f010269df61e756429957a0a032386f6c51
fixture-bank-15:1:target-b:fixture-bank-15:p0004,paired_active_alternative,fixture-base-15,f5927760d3b1814b4517f2d4ec916c38c996cc08756aa052f486f1e0d64db008,fb993d1f20d994685cb542c26f2f4d2682566ab8aec49d8a92e473b2f6ecc204,csi-pairs-v6-software-fixture,ded1ec639ff3e6fd5eba769d42db1ed36222a48af333a30a670254b30b164b74,620f300cbec1f56da4691882bc7dbe52593dc597fc62f6ae925c0f6ac72f1c6b,True,FORBIDDEN,0901433cbfe906073eae45118a1466e03afab04a766a3061a988ffe089ba4e01,9548a24a4faf5db17b5251df407b4402de033ae8648ec321c850fe6105002cf1,8128818d8ea8f5c3517d04da28955f010269df61e756429957a0a032386f6c51
fixture-bank-15:1:target-b:fixture-bank-15:p0004,paired_null_alternative,fixture-base-15,46c00c10273ec76fe790c0ad0ffd5f5ab6d5272ca49c460f7dd57c488cb2c66e,62d7305f77ded3a998ec5b0acdc984ac41047c78d79aa7accc173e097d8f5cb3,csi-pairs-v6-software-fixture,ded1ec639ff3e6fd5eba769d42db1ed36222a48af333a30a670254b30b164b74,620f300cbec1f56da4691882bc7dbe52593dc597fc62f6ae925c0f6ac72f1c6b,True,FORBIDDEN,0901433cbfe906073eae45118a1466e03afab04a766a3061a988ffe089ba4e01,9548a24a4faf5db17b5251df407b4402de033ae8648ec321c850fe6105002cf1,8128818d8ea8f5c3517d04da28955f010269df61e756429957a0a032386f6c51
fixture-bank-15:1:target-b:fixture-bank-15:p0004,wrong_city,fixture-base-15,f5927760d3b1814b4517f2d4ec916c38c996cc08756aa052f486f1e0d64db008,cd6fbc5fb7763b3b83939b07a307c9a94efa49be29a928c55fe2712340b36782,csi-pairs-v6-software-fixture,ded1ec639ff3e6fd5eba769d42db1ed36222a48af333a30a670254b30b164b74,620f300cbec1f56da4691882bc7dbe52593dc597fc62f6ae925c0f6ac72f1c6b,True,FORBIDDEN,0901433cbfe906073eae45118a1466e03afab04a766a3061a988ffe089ba4e01,9548a24a4faf5db17b5251df407b4402de033ae8648ec321c850fe6105002cf1,8128818d8ea8f5c3517d04da28955f010269df61e756429957a0a032386f6c51
fixture-bank-15:1:target-b:fixture-bank-15:p0005,correct,fixture-base-15,e8de7d7a53648d151882d0e4934ed3f5dd2c991772925bf4c4c98216305f4084,23bc76fd36d1490877c3d533b77daa34101fee5b32e5371bb67f3a556051ad6d,csi-pairs-v6-software-fixture,ded1ec639ff3e6fd5eba769d42db1ed36222a48af333a30a670254b30b164b74,620f300cbec1f56da4691882bc7dbe52593dc597fc62f6ae925c0f6ac72f1c6b,True,FORBIDDEN,0901433cbfe906073eae45118a1466e03afab04a766a3061a988ffe089ba4e01,9548a24a4faf5db17b5251df407b4402de033ae8648ec321c850fe6105002cf1,8128818d8ea8f5c3517d04da28955f010269df61e756429957a0a032386f6c51
fixture-bank-15:1:target-b:fixture-bank-15:p0005,empty,fixture-base-15,80422bc3d307b4a25bdafcc84ac7fb01cb55a09810e8b0f37bb12e0edb5c48ca,9e55c822c8873725352f0c67ef4fee4f2aaffcd3ca9f5ff0b09459833c18bb65,csi-pairs-v6-software-fixture,ded1ec639ff3e6fd5eba769d42db1ed36222a48af333a30a670254b30b164b74,620f300cbec1f56da4691882bc7dbe52593dc597fc62f6ae925c0f6ac72f1c6b,True,FORBIDDEN,0901433cbfe906073eae45118a1466e03afab04a766a3061a988ffe089ba4e01,9548a24a4faf5db17b5251df407b4402de033ae8648ec321c850fe6105002cf1,8128818d8ea8f5c3517d04da28955f010269df61e756429957a0a032386f6c51
fixture-bank-15:1:target-b:fixture-bank-15:p0005,geometry_destroyed,fixture-base-15,1beb685ffdcadd00ea56a14f8c453e37ad70ae70da606ec8fa9e0cc2dc8ba757,668aa1e4b33d38df51f3c5dfb22b1d9eb0dd680eb50ff3d4ee2f3bea8587c66b,csi-pairs-v6-software-fixture,ded1ec639ff3e6fd5eba769d42db1ed36222a48af333a30a670254b30b164b74,620f300cbec1f56da4691882bc7dbe52593dc597fc62f6ae925c0f6ac72f1c6b,True,FORBIDDEN,0901433cbfe906073eae45118a1466e03afab04a766a3061a988ffe089ba4e01,9548a24a4faf5db17b5251df407b4402de033ae8648ec321c850fe6105002cf1,8128818d8ea8f5c3517d04da28955f010269df61e756429957a0a032386f6c51
fixture-bank-15:1:target-b:fixture-bank-15:p0005,paired_active_alternative,fixture-base-15,f5927760d3b1814b4517f2d4ec916c38c996cc08756aa052f486f1e0d64db008,fb993d1f20d994685cb542c26f2f4d2682566ab8aec49d8a92e473b2f6ecc204,csi-pairs-v6-software-fixture,ded1ec639ff3e6fd5eba769d42db1ed36222a48af333a30a670254b30b164b74,620f300cbec1f56da4691882bc7dbe52593dc597fc62f6ae925c0f6ac72f1c6b,True,FORBIDDEN,0901433cbfe906073eae45118a1466e03afab04a766a3061a988ffe089ba4e01,9548a24a4faf5db17b5251df407b4402de033ae8648ec321c850fe6105002cf1,8128818d8ea8f5c3517d04da28955f010269df61e756429957a0a032386f6c51
fixture-bank-15:1:target-b:fixture-bank-15:p0005,paired_null_alternative,fixture-base-15,46c00c10273ec76fe790c0ad0ffd5f5ab6d5272ca49c460f7dd57c488cb2c66e,62d7305f77ded3a998ec5b0acdc984ac41047c78d79aa7accc173e097d8f5cb3,csi-pairs-v6-software-fixture,ded1ec639ff3e6fd5eba769d42db1ed36222a48af333a30a670254b30b164b74,620f300cbec1f56da4691882bc7dbe52593dc597fc62f6ae925c0f6ac72f1c6b,True,FORBIDDEN,0901433cbfe906073eae45118a1466e03afab04a766a3061a988ffe089ba4e01,9548a24a4faf5db17b5251df407b4402de033ae8648ec321c850fe6105002cf1,8128818d8ea8f5c3517d04da28955f010269df61e756429957a0a032386f6c51
fixture-bank-15:1:target-b:fixture-bank-15:p0005,wrong_city,fixture-base-15,f5927760d3b1814b4517f2d4ec916c38c996cc08756aa052f486f1e0d64db008,cd6fbc5fb7763b3b83939b07a307c9a94efa49be29a928c55fe2712340b36782,csi-pairs-v6-software-fixture,ded1ec639ff3e6fd5eba769d42db1ed36222a48af333a30a670254b30b164b74,620f300cbec1f56da4691882bc7dbe52593dc597fc62f6ae925c0f6ac72f1c6b,True,FORBIDDEN,0901433cbfe906073eae45118a1466e03afab04a766a3061a988ffe089ba4e01,9548a24a4faf5db17b5251df407b4402de033ae8648ec321c850fe6105002cf1,8128818d8ea8f5c3517d04da28955f010269df61e756429957a0a032386f6c51
fixture-bank-15:1:target-b:fixture-bank-15:p0006,correct,fixture-base-15,e8de7d7a53648d151882d0e4934ed3f5dd2c991772925bf4c4c98216305f4084,23bc76fd36d1490877c3d533b77daa34101fee5b32e5371bb67f3a556051ad6d,csi-pairs-v6-software-fixture,ded1ec639ff3e6fd5eba769d42db1ed36222a48af333a30a670254b30b164b74,620f300cbec1f56da4691882bc7dbe52593dc597fc62f6ae925c0f6ac72f1c6b,True,FORBIDDEN,0901433cbfe906073eae45118a1466e03afab04a766a3061a988ffe089ba4e01,9548a24a4faf5db17b5251df407b4402de033ae8648ec321c850fe6105002cf1,8128818d8ea8f5c3517d04da28955f010269df61e756429957a0a032386f6c51
fixture-bank-15:1:target-b:fixture-bank-15:p0006,empty,fixture-base-15,80422bc3d307b4a25bdafcc84ac7fb01cb55a09810e8b0f37bb12e0edb5c48ca,9e55c822c8873725352f0c67ef4fee4f2aaffcd3ca9f5ff0b09459833c18bb65,csi-pairs-v6-software-fixture,ded1ec639ff3e6fd5eba769d42db1ed36222a48af333a30a670254b30b164b74,620f300cbec1f56da4691882bc7dbe52593dc597fc62f6ae925c0f6ac72f1c6b,True,FORBIDDEN,0901433cbfe906073eae45118a1466e03afab04a766a3061a988ffe089ba4e01,9548a24a4faf5db17b5251df407b4402de033ae8648ec321c850fe6105002cf1,8128818d8ea8f5c3517d04da28955f010269df61e756429957a0a032386f6c51
fixture-bank-15:1:target-b:fixture-bank-15:p0006,geometry_destroyed,fixture-base-15,bc49c8e9eda8b19c60b5f1d45e7c08afc0ad747c97f90404625f7384775c1599,668aa1e4b33d38df51f3c5dfb22b1d9eb0dd680eb50ff3d4ee2f3bea8587c66b,csi-pairs-v6-software-fixture,ded1ec639ff3e6fd5eba769d42db1ed36222a48af333a30a670254b30b164b74,620f300cbec1f56da4691882bc7dbe52593dc597fc62f6ae925c0f6ac72f1c6b,True,FORBIDDEN,0901433cbfe906073eae45118a1466e03afab04a766a3061a988ffe089ba4e01,9548a24a4faf5db17b5251df407b4402de033ae8648ec321c850fe6105002cf1,8128818d8ea8f5c3517d04da28955f010269df61e756429957a0a032386f6c51
fixture-bank-15:1:target-b:fixture-bank-15:p0006,paired_active_alternative,fixture-base-15,46c00c10273ec76fe790c0ad0ffd5f5ab6d5272ca49c460f7dd57c488cb2c66e,eb6f3d8398dcc28c7b1b0b6e56a090a6b00388520f1fe0c728bcbad0f02c09fd,csi-pairs-v6-software-fixture,ded1ec639ff3e6fd5eba769d42db1ed36222a48af333a30a670254b30b164b74,620f300cbec1f56da4691882bc7dbe52593dc597fc62f6ae925c0f6ac72f1c6b,True,FORBIDDEN,0901433cbfe906073eae45118a1466e03afab04a766a3061a988ffe089ba4e01,9548a24a4faf5db17b5251df407b4402de033ae8648ec321c850fe6105002cf1,8128818d8ea8f5c3517d04da28955f010269df61e756429957a0a032386f6c51
fixture-bank-15:1:target-b:fixture-bank-15:p0006,paired_null_alternative,fixture-base-15,f5927760d3b1814b4517f2d4ec916c38c996cc08756aa052f486f1e0d64db008,0c3f8a7c10b57d102ecc75f1f5338d204d3b075da66df990e863e2b541992902,csi-pairs-v6-software-fixture,ded1ec639ff3e6fd5eba769d42db1ed36222a48af333a30a670254b30b164b74,620f300cbec1f56da4691882bc7dbe52593dc597fc62f6ae925c0f6ac72f1c6b,True,FORBIDDEN,0901433cbfe906073eae45118a1466e03afab04a766a3061a988ffe089ba4e01,9548a24a4faf5db17b5251df407b4402de033ae8648ec321c850fe6105002cf1,8128818d8ea8f5c3517d04da28955f010269df61e756429957a0a032386f6c51
fixture-bank-15:1:target-b:fixture-bank-15:p0006,wrong_city,fixture-base-15,f5927760d3b1814b4517f2d4ec916c38c996cc08756aa052f486f1e0d64db008,cd6fbc5fb7763b3b83939b07a307c9a94efa49be29a928c55fe2712340b36782,csi-pairs-v6-software-fixture,ded1ec639ff3e6fd5eba769d42db1ed36222a48af333a30a670254b30b164b74,620f300cbec1f56da4691882bc7dbe52593dc597fc62f6ae925c0f6ac72f1c6b,True,FORBIDDEN,0901433cbfe906073eae45118a1466e03afab04a766a3061a988ffe089ba4e01,9548a24a4faf5db17b5251df407b4402de033ae8648ec321c850fe6105002cf1,8128818d8ea8f5c3517d04da28955f010269df61e756429957a0a032386f6c51
fixture-bank-15:1:target-b:fixture-bank-15:p0007,correct,fixture-base-15,e8de7d7a53648d151882d0e4934ed3f5dd2c991772925bf4c4c98216305f4084,23bc76fd36d1490877c3d533b77daa34101fee5b32e5371bb67f3a556051ad6d,csi-pairs-v6-software-fixture,ded1ec639ff3e6fd5eba769d42db1ed36222a48af333a30a670254b30b164b74,620f300cbec1f56da4691882bc7dbe52593dc597fc62f6ae925c0f6ac72f1c6b,True,FORBIDDEN,0901433cbfe906073eae45118a1466e03afab04a766a3061a988ffe089ba4e01,9548a24a4faf5db17b5251df407b4402de033ae8648ec321c850fe6105002cf1,8128818d8ea8f5c3517d04da28955f010269df61e756429957a0a032386f6c51
fixture-bank-15:1:target-b:fixture-bank-15:p0007,empty,fixture-base-15,80422bc3d307b4a25bdafcc84ac7fb01cb55a09810e8b0f37bb12e0edb5c48ca,9e55c822c8873725352f0c67ef4fee4f2aaffcd3ca9f5ff0b09459833c18bb65,csi-pairs-v6-software-fixture,ded1ec639ff3e6fd5eba769d42db1ed36222a48af333a30a670254b30b164b74,620f300cbec1f56da4691882bc7dbe52593dc597fc62f6ae925c0f6ac72f1c6b,True,FORBIDDEN,0901433cbfe906073eae45118a1466e03afab04a766a3061a988ffe089ba4e01,9548a24a4faf5db17b5251df407b4402de033ae8648ec321c850fe6105002cf1,8128818d8ea8f5c3517d04da28955f010269df61e756429957a0a032386f6c51
fixture-bank-15:1:target-b:fixture-bank-15:p0007,geometry_destroyed,fixture-base-15,26858cde9f43e689936fe8910e005f0106933d926f0fd07e6faf9099de4b2560,668aa1e4b33d38df51f3c5dfb22b1d9eb0dd680eb50ff3d4ee2f3bea8587c66b,csi-pairs-v6-software-fixture,ded1ec639ff3e6fd5eba769d42db1ed36222a48af333a30a670254b30b164b74,620f300cbec1f56da4691882bc7dbe52593dc597fc62f6ae925c0f6ac72f1c6b,True,FORBIDDEN,0901433cbfe906073eae45118a1466e03afab04a766a3061a988ffe089ba4e01,9548a24a4faf5db17b5251df407b4402de033ae8648ec321c850fe6105002cf1,8128818d8ea8f5c3517d04da28955f010269df61e756429957a0a032386f6c51
fixture-bank-15:1:target-b:fixture-bank-15:p0007,paired_active_alternative,fixture-base-15,46c00c10273ec76fe790c0ad0ffd5f5ab6d5272ca49c460f7dd57c488cb2c66e,eb6f3d8398dcc28c7b1b0b6e56a090a6b00388520f1fe0c728bcbad0f02c09fd,csi-pairs-v6-software-fixture,ded1ec639ff3e6fd5eba769d42db1ed36222a48af333a30a670254b30b164b74,620f300cbec1f56da4691882bc7dbe52593dc597fc62f6ae925c0f6ac72f1c6b,True,FORBIDDEN,0901433cbfe906073eae45118a1466e03afab04a766a3061a988ffe089ba4e01,9548a24a4faf5db17b5251df407b4402de033ae8648ec321c850fe6105002cf1,8128818d8ea8f5c3517d04da28955f010269df61e756429957a0a032386f6c51
fixture-bank-15:1:target-b:fixture-bank-15:p0007,paired_null_alternative,fixture-base-15,f5927760d3b1814b4517f2d4ec916c38c996cc08756aa052f486f1e0d64db008,0c3f8a7c10b57d102ecc75f1f5338d204d3b075da66df990e863e2b541992902,csi-pairs-v6-software-fixture,ded1ec639ff3e6fd5eba769d42db1ed36222a48af333a30a670254b30b164b74,620f300cbec1f56da4691882bc7dbe52593dc597fc62f6ae925c0f6ac72f1c6b,True,FORBIDDEN,0901433cbfe906073eae45118a1466e03afab04a766a3061a988ffe089ba4e01,9548a24a4faf5db17b5251df407b4402de033ae8648ec321c850fe6105002cf1,8128818d8ea8f5c3517d04da28955f010269df61e756429957a0a032386f6c51
fixture-bank-15:1:target-b:fixture-bank-15:p0007,wrong_city,fixture-base-15,f5927760d3b1814b4517f2d4ec916c38c996cc08756aa052f486f1e0d64db008,cd6fbc5fb7763b3b83939b07a307c9a94efa49be29a928c55fe2712340b36782,csi-pairs-v6-software-fixture,ded1ec639ff3e6fd5eba769d42db1ed36222a48af333a30a670254b30b164b74,620f300cbec1f56da4691882bc7dbe52593dc597fc62f6ae925c0f6ac72f1c6b,True,FORBIDDEN,0901433cbfe906073eae45118a1466e03afab04a766a3061a988ffe089ba4e01,9548a24a4faf5db17b5251df407b4402de033ae8648ec321c850fe6105002cf1,8128818d8ea8f5c3517d04da28955f010269df61e756429957a0a032386f6c51
fixture-bank-15:2:target-b:fixture-bank-15:p0004,correct,fixture-base-15,43fc05ca825c7ff2e7c00c016f80b1cce1f9303158dc70eba6d35120eb50ac68,23bc76fd36d1490877c3d533b77daa34101fee5b32e5371bb67f3a556051ad6d,csi-pairs-v6-software-fixture,ded1ec639ff3e6fd5eba769d42db1ed36222a48af333a30a670254b30b164b74,620f300cbec1f56da4691882bc7dbe52593dc597fc62f6ae925c0f6ac72f1c6b,True,FORBIDDEN,0901433cbfe906073eae45118a1466e03afab04a766a3061a988ffe089ba4e01,9548a24a4faf5db17b5251df407b4402de033ae8648ec321c850fe6105002cf1,8128818d8ea8f5c3517d04da28955f010269df61e756429957a0a032386f6c51
fixture-bank-15:2:target-b:fixture-bank-15:p0004,empty,fixture-base-15,80422bc3d307b4a25bdafcc84ac7fb01cb55a09810e8b0f37bb12e0edb5c48ca,9e55c822c8873725352f0c67ef4fee4f2aaffcd3ca9f5ff0b09459833c18bb65,csi-pairs-v6-software-fixture,ded1ec639ff3e6fd5eba769d42db1ed36222a48af333a30a670254b30b164b74,620f300cbec1f56da4691882bc7dbe52593dc597fc62f6ae925c0f6ac72f1c6b,True,FORBIDDEN,0901433cbfe906073eae45118a1466e03afab04a766a3061a988ffe089ba4e01,9548a24a4faf5db17b5251df407b4402de033ae8648ec321c850fe6105002cf1,8128818d8ea8f5c3517d04da28955f010269df61e756429957a0a032386f6c51
fixture-bank-15:2:target-b:fixture-bank-15:p0004,geometry_destroyed,fixture-base-15,39d337a030842e8bf75aa4ed78f3d6dfb266ed15ad24c66b1a2d7da61cd2dc4f,668aa1e4b33d38df51f3c5dfb22b1d9eb0dd680eb50ff3d4ee2f3bea8587c66b,csi-pairs-v6-software-fixture,ded1ec639ff3e6fd5eba769d42db1ed36222a48af333a30a670254b30b164b74,620f300cbec1f56da4691882bc7dbe52593dc597fc62f6ae925c0f6ac72f1c6b,True,FORBIDDEN,0901433cbfe906073eae45118a1466e03afab04a766a3061a988ffe089ba4e01,9548a24a4faf5db17b5251df407b4402de033ae8648ec321c850fe6105002cf1,8128818d8ea8f5c3517d04da28955f010269df61e756429957a0a032386f6c51
fixture-bank-15:2:target-b:fixture-bank-15:p0004,paired_active_alternative,fixture-base-15,46c00c10273ec76fe790c0ad0ffd5f5ab6d5272ca49c460f7dd57c488cb2c66e,9342cf861ca09ede8f2ad330b0a43fc44a87f29cd4b4f300a32223abbd8ff439,csi-pairs-v6-software-fixture,ded1ec639ff3e6fd5eba769d42db1ed36222a48af333a30a670254b30b164b74,620f300cbec1f56da4691882bc7dbe52593dc597fc62f6ae925c0f6ac72f1c6b,True,FORBIDDEN,0901433cbfe906073eae45118a1466e03afab04a766a3061a988ffe089ba4e01,9548a24a4faf5db17b5251df407b4402de033ae8648ec321c850fe6105002cf1,8128818d8ea8f5c3517d04da28955f010269df61e756429957a0a032386f6c51
fixture-bank-15:2:target-b:fixture-bank-15:p0004,paired_null_alternative,fixture-base-15,f5927760d3b1814b4517f2d4ec916c38c996cc08756aa052f486f1e0d64db008,dc604e21f06e2238c055dda77df6b29500b87d1ccd6f1220d16d28e0132afd63,csi-pairs-v6-software-fixture,ded1ec639ff3e6fd5eba769d42db1ed36222a48af333a30a670254b30b164b74,620f300cbec1f56da4691882bc7dbe52593dc597fc62f6ae925c0f6ac72f1c6b,True,FORBIDDEN,0901433cbfe906073eae45118a1466e03afab04a766a3061a988ffe089ba4e01,9548a24a4faf5db17b5251df407b4402de033ae8648ec321c850fe6105002cf1,8128818d8ea8f5c3517d04da28955f010269df61e756429957a0a032386f6c51
fixture-bank-15:2:target-b:fixture-bank-15:p0004,wrong_city,fixture-base-15,f5927760d3b1814b4517f2d4ec916c38c996cc08756aa052f486f1e0d64db008,cd6fbc5fb7763b3b83939b07a307c9a94efa49be29a928c55fe2712340b36782,csi-pairs-v6-software-fixture,ded1ec639ff3e6fd5eba769d42db1ed36222a48af333a30a670254b30b164b74,620f300cbec1f56da4691882bc7dbe52593dc597fc62f6ae925c0f6ac72f1c6b,True,FORBIDDEN,0901433cbfe906073eae45118a1466e03afab04a766a3061a988ffe089ba4e01,9548a24a4faf5db17b5251df407b4402de033ae8648ec321c850fe6105002cf1,8128818d8ea8f5c3517d04da28955f010269df61e756429957a0a032386f6c51
fixture-bank-15:2:target-b:fixture-bank-15:p0005,correct,fixture-base-15,43fc05ca825c7ff2e7c00c016f80b1cce1f9303158dc70eba6d35120eb50ac68,23bc76fd36d1490877c3d533b77daa34101fee5b32e5371bb67f3a556051ad6d,csi-pairs-v6-software-fixture,ded1ec639ff3e6fd5eba769d42db1ed36222a48af333a30a670254b30b164b74,620f300cbec1f56da4691882bc7dbe52593dc597fc62f6ae925c0f6ac72f1c6b,True,FORBIDDEN,0901433cbfe906073eae45118a1466e03afab04a766a3061a988ffe089ba4e01,9548a24a4faf5db17b5251df407b4402de033ae8648ec321c850fe6105002cf1,8128818d8ea8f5c3517d04da28955f010269df61e756429957a0a032386f6c51
fixture-bank-15:2:target-b:fixture-bank-15:p0005,empty,fixture-base-15,80422bc3d307b4a25bdafcc84ac7fb01cb55a09810e8b0f37bb12e0edb5c48ca,9e55c822c8873725352f0c67ef4fee4f2aaffcd3ca9f5ff0b09459833c18bb65,csi-pairs-v6-software-fixture,ded1ec639ff3e6fd5eba769d42db1ed36222a48af333a30a670254b30b164b74,620f300cbec1f56da4691882bc7dbe52593dc597fc62f6ae925c0f6ac72f1c6b,True,FORBIDDEN,0901433cbfe906073eae45118a1466e03afab04a766a3061a988ffe089ba4e01,9548a24a4faf5db17b5251df407b4402de033ae8648ec321c850fe6105002cf1,8128818d8ea8f5c3517d04da28955f010269df61e756429957a0a032386f6c51
fixture-bank-15:2:target-b:fixture-bank-15:p0005,geometry_destroyed,fixture-base-15,d8ef429c723f34cfacd06d4d793586a5294fe0389c72f8d6d9ece8a3c2bec260,668aa1e4b33d38df51f3c5dfb22b1d9eb0dd680eb50ff3d4ee2f3bea8587c66b,csi-pairs-v6-software-fixture,ded1ec639ff3e6fd5eba769d42db1ed36222a48af333a30a670254b30b164b74,620f300cbec1f56da4691882bc7dbe52593dc597fc62f6ae925c0f6ac72f1c6b,True,FORBIDDEN,0901433cbfe906073eae45118a1466e03afab04a766a3061a988ffe089ba4e01,9548a24a4faf5db17b5251df407b4402de033ae8648ec321c850fe6105002cf1,8128818d8ea8f5c3517d04da28955f010269df61e756429957a0a032386f6c51
fixture-bank-15:2:target-b:fixture-bank-15:p0005,paired_active_alternative,fixture-base-15,46c00c10273ec76fe790c0ad0ffd5f5ab6d5272ca49c460f7dd57c488cb2c66e,9342cf861ca09ede8f2ad330b0a43fc44a87f29cd4b4f300a32223abbd8ff439,csi-pairs-v6-software-fixture,ded1ec639ff3e6fd5eba769d42db1ed36222a48af333a30a670254b30b164b74,620f300cbec1f56da4691882bc7dbe52593dc597fc62f6ae925c0f6ac72f1c6b,True,FORBIDDEN,0901433cbfe906073eae45118a1466e03afab04a766a3061a988ffe089ba4e01,9548a24a4faf5db17b5251df407b4402de033ae8648ec321c850fe6105002cf1,8128818d8ea8f5c3517d04da28955f010269df61e756429957a0a032386f6c51
fixture-bank-15:2:target-b:fixture-bank-15:p0005,paired_null_alternative,fixture-base-15,f5927760d3b1814b4517f2d4ec916c38c996cc08756aa052f486f1e0d64db008,dc604e21f06e2238c055dda77df6b29500b87d1ccd6f1220d16d28e0132afd63,csi-pairs-v6-software-fixture,ded1ec639ff3e6fd5eba769d42db1ed36222a48af333a30a670254b30b164b74,620f300cbec1f56da4691882bc7dbe52593dc597fc62f6ae925c0f6ac72f1c6b,True,FORBIDDEN,0901433cbfe906073eae45118a1466e03afab04a766a3061a988ffe089ba4e01,9548a24a4faf5db17b5251df407b4402de033ae8648ec321c850fe6105002cf1,8128818d8ea8f5c3517d04da28955f010269df61e756429957a0a032386f6c51
fixture-bank-15:2:target-b:fixture-bank-15:p0005,wrong_city,fixture-base-15,f5927760d3b1814b4517f2d4ec916c38c996cc08756aa052f486f1e0d64db008,cd6fbc5fb7763b3b83939b07a307c9a94efa49be29a928c55fe2712340b36782,csi-pairs-v6-software-fixture,ded1ec639ff3e6fd5eba769d42db1ed36222a48af333a30a670254b30b164b74,620f300cbec1f56da4691882bc7dbe52593dc597fc62f6ae925c0f6ac72f1c6b,True,FORBIDDEN,0901433cbfe906073eae45118a1466e03afab04a766a3061a988ffe089ba4e01,9548a24a4faf5db17b5251df407b4402de033ae8648ec321c850fe6105002cf1,8128818d8ea8f5c3517d04da28955f010269df61e756429957a0a032386f6c51
fixture-bank-15:2:target-b:fixture-bank-15:p0006,correct,fixture-base-15,43fc05ca825c7ff2e7c00c016f80b1cce1f9303158dc70eba6d35120eb50ac68,23bc76fd36d1490877c3d533b77daa34101fee5b32e5371bb67f3a556051ad6d,csi-pairs-v6-software-fixture,ded1ec639ff3e6fd5eba769d42db1ed36222a48af333a30a670254b30b164b74,620f300cbec1f56da4691882bc7dbe52593dc597fc62f6ae925c0f6ac72f1c6b,True,FORBIDDEN,0901433cbfe906073eae45118a1466e03afab04a766a3061a988ffe089ba4e01,9548a24a4faf5db17b5251df407b4402de033ae8648ec321c850fe6105002cf1,8128818d8ea8f5c3517d04da28955f010269df61e756429957a0a032386f6c51
fixture-bank-15:2:target-b:fixture-bank-15:p0006,empty,fixture-base-15,80422bc3d307b4a25bdafcc84ac7fb01cb55a09810e8b0f37bb12e0edb5c48ca,9e55c822c8873725352f0c67ef4fee4f2aaffcd3ca9f5ff0b09459833c18bb65,csi-pairs-v6-software-fixture,ded1ec639ff3e6fd5eba769d42db1ed36222a48af333a30a670254b30b164b74,620f300cbec1f56da4691882bc7dbe52593dc597fc62f6ae925c0f6ac72f1c6b,True,FORBIDDEN,0901433cbfe906073eae45118a1466e03afab04a766a3061a988ffe089ba4e01,9548a24a4faf5db17b5251df407b4402de033ae8648ec321c850fe6105002cf1,8128818d8ea8f5c3517d04da28955f010269df61e756429957a0a032386f6c51
fixture-bank-15:2:target-b:fixture-bank-15:p0006,geometry_destroyed,fixture-base-15,32f87d947f70705572a1dc851b015d10ea4cac90060e629043bae0832aa69b1e,668aa1e4b33d38df51f3c5dfb22b1d9eb0dd680eb50ff3d4ee2f3bea8587c66b,csi-pairs-v6-software-fixture,ded1ec639ff3e6fd5eba769d42db1ed36222a48af333a30a670254b30b164b74,620f300cbec1f56da4691882bc7dbe52593dc597fc62f6ae925c0f6ac72f1c6b,True,FORBIDDEN,0901433cbfe906073eae45118a1466e03afab04a766a3061a988ffe089ba4e01,9548a24a4faf5db17b5251df407b4402de033ae8648ec321c850fe6105002cf1,8128818d8ea8f5c3517d04da28955f010269df61e756429957a0a032386f6c51
fixture-bank-15:2:target-b:fixture-bank-15:p0006,paired_active_alternative,fixture-base-15,f5927760d3b1814b4517f2d4ec916c38c996cc08756aa052f486f1e0d64db008,0b31628d91747416d598239ad80b02ecfc0fae08307e393cee01fb056f795e98,csi-pairs-v6-software-fixture,ded1ec639ff3e6fd5eba769d42db1ed36222a48af333a30a670254b30b164b74,620f300cbec1f56da4691882bc7dbe52593dc597fc62f6ae925c0f6ac72f1c6b,True,FORBIDDEN,0901433cbfe906073eae45118a1466e03afab04a766a3061a988ffe089ba4e01,9548a24a4faf5db17b5251df407b4402de033ae8648ec321c850fe6105002cf1,8128818d8ea8f5c3517d04da28955f010269df61e756429957a0a032386f6c51
fixture-bank-15:2:target-b:fixture-bank-15:p0006,paired_null_alternative,fixture-base-15,46c00c10273ec76fe790c0ad0ffd5f5ab6d5272ca49c460f7dd57c488cb2c66e,5fc3415ed5103230b624481971a0a9602b76f4a7dd5023483aded77a1c493001,csi-pairs-v6-software-fixture,ded1ec639ff3e6fd5eba769d42db1ed36222a48af333a30a670254b30b164b74,620f300cbec1f56da4691882bc7dbe52593dc597fc62f6ae925c0f6ac72f1c6b,True,FORBIDDEN,0901433cbfe906073eae45118a1466e03afab04a766a3061a988ffe089ba4e01,9548a24a4faf5db17b5251df407b4402de033ae8648ec321c850fe6105002cf1,8128818d8ea8f5c3517d04da28955f010269df61e756429957a0a032386f6c51
fixture-bank-15:2:target-b:fixture-bank-15:p0006,wrong_city,fixture-base-15,f5927760d3b1814b4517f2d4ec916c38c996cc08756aa052f486f1e0d64db008,cd6fbc5fb7763b3b83939b07a307c9a94efa49be29a928c55fe2712340b36782,csi-pairs-v6-software-fixture,ded1ec639ff3e6fd5eba769d42db1ed36222a48af333a30a670254b30b164b74,620f300cbec1f56da4691882bc7dbe52593dc597fc62f6ae925c0f6ac72f1c6b,True,FORBIDDEN,0901433cbfe906073eae45118a1466e03afab04a766a3061a988ffe089ba4e01,9548a24a4faf5db17b5251df407b4402de033ae8648ec321c850fe6105002cf1,8128818d8ea8f5c3517d04da28955f010269df61e756429957a0a032386f6c51
fixture-bank-15:2:target-b:fixture-bank-15:p0007,correct,fixture-base-15,43fc05ca825c7ff2e7c00c016f80b1cce1f9303158dc70eba6d35120eb50ac68,23bc76fd36d1490877c3d533b77daa34101fee5b32e5371bb67f3a556051ad6d,csi-pairs-v6-software-fixture,ded1ec639ff3e6fd5eba769d42db1ed36222a48af333a30a670254b30b164b74,620f300cbec1f56da4691882bc7dbe52593dc597fc62f6ae925c0f6ac72f1c6b,True,FORBIDDEN,0901433cbfe906073eae45118a1466e03afab04a766a3061a988ffe089ba4e01,9548a24a4faf5db17b5251df407b4402de033ae8648ec321c850fe6105002cf1,8128818d8ea8f5c3517d04da28955f010269df61e756429957a0a032386f6c51
fixture-bank-15:2:target-b:fixture-bank-15:p0007,empty,fixture-base-15,80422bc3d307b4a25bdafcc84ac7fb01cb55a09810e8b0f37bb12e0edb5c48ca,9e55c822c8873725352f0c67ef4fee4f2aaffcd3ca9f5ff0b09459833c18bb65,csi-pairs-v6-software-fixture,ded1ec639ff3e6fd5eba769d42db1ed36222a48af333a30a670254b30b164b74,620f300cbec1f56da4691882bc7dbe52593dc597fc62f6ae925c0f6ac72f1c6b,True,FORBIDDEN,0901433cbfe906073eae45118a1466e03afab04a766a3061a988ffe089ba4e01,9548a24a4faf5db17b5251df407b4402de033ae8648ec321c850fe6105002cf1,8128818d8ea8f5c3517d04da28955f010269df61e756429957a0a032386f6c51
fixture-bank-15:2:target-b:fixture-bank-15:p0007,geometry_destroyed,fixture-base-15,1cc24104a33007689ea707db545f91cc41fd52037b46a5a7c7035fe0c86cc9db,668aa1e4b33d38df51f3c5dfb22b1d9eb0dd680eb50ff3d4ee2f3bea8587c66b,csi-pairs-v6-software-fixture,ded1ec639ff3e6fd5eba769d42db1ed36222a48af333a30a670254b30b164b74,620f300cbec1f56da4691882bc7dbe52593dc597fc62f6ae925c0f6ac72f1c6b,True,FORBIDDEN,0901433cbfe906073eae45118a1466e03afab04a766a3061a988ffe089ba4e01,9548a24a4faf5db17b5251df407b4402de033ae8648ec321c850fe6105002cf1,8128818d8ea8f5c3517d04da28955f010269df61e756429957a0a032386f6c51
fixture-bank-15:2:target-b:fixture-bank-15:p0007,paired_active_alternative,fixture-base-15,f5927760d3b1814b4517f2d4ec916c38c996cc08756aa052f486f1e0d64db008,0b31628d91747416d598239ad80b02ecfc0fae08307e393cee01fb056f795e98,csi-pairs-v6-software-fixture,ded1ec639ff3e6fd5eba769d42db1ed36222a48af333a30a670254b30b164b74,620f300cbec1f56da4691882bc7dbe52593dc597fc62f6ae925c0f6ac72f1c6b,True,FORBIDDEN,0901433cbfe906073eae45118a1466e03afab04a766a3061a988ffe089ba4e01,9548a24a4faf5db17b5251df407b4402de033ae8648ec321c850fe6105002cf1,8128818d8ea8f5c3517d04da28955f010269df61e756429957a0a032386f6c51
fixture-bank-15:2:target-b:fixture-bank-15:p0007,paired_null_alternative,fixture-base-15,46c00c10273ec76fe790c0ad0ffd5f5ab6d5272ca49c460f7dd57c488cb2c66e,5fc3415ed5103230b624481971a0a9602b76f4a7dd5023483aded77a1c493001,csi-pairs-v6-software-fixture,ded1ec639ff3e6fd5eba769d42db1ed36222a48af333a30a670254b30b164b74,620f300cbec1f56da4691882bc7dbe52593dc597fc62f6ae925c0f6ac72f1c6b,True,FORBIDDEN,0901433cbfe906073eae45118a1466e03afab04a766a3061a988ffe089ba4e01,9548a24a4faf5db17b5251df407b4402de033ae8648ec321c850fe6105002cf1,8128818d8ea8f5c3517d04da28955f010269df61e756429957a0a032386f6c51
fixture-bank-15:2:target-b:fixture-bank-15:p0007,wrong_city,fixture-base-15,f5927760d3b1814b4517f2d4ec916c38c996cc08756aa052f486f1e0d64db008,cd6fbc5fb7763b3b83939b07a307c9a94efa49be29a928c55fe2712340b36782,csi-pairs-v6-software-fixture,ded1ec639ff3e6fd5eba769d42db1ed36222a48af333a30a670254b30b164b74,620f300cbec1f56da4691882bc7dbe52593dc597fc62f6ae925c0f6ac72f1c6b,True,FORBIDDEN,0901433cbfe906073eae45118a1466e03afab04a766a3061a988ffe089ba4e01,9548a24a4faf5db17b5251df407b4402de033ae8648ec321c850fe6105002cf1,8128818d8ea8f5c3517d04da28955f010269df61e756429957a0a032386f6c51
fixture-bank-15:3:target-b:fixture-bank-15:p0004,correct,fixture-base-15,46c00c10273ec76fe790c0ad0ffd5f5ab6d5272ca49c460f7dd57c488cb2c66e,23bc76fd36d1490877c3d533b77daa34101fee5b32e5371bb67f3a556051ad6d,csi-pairs-v6-software-fixture,ded1ec639ff3e6fd5eba769d42db1ed36222a48af333a30a670254b30b164b74,620f300cbec1f56da4691882bc7dbe52593dc597fc62f6ae925c0f6ac72f1c6b,True,FORBIDDEN,0901433cbfe906073eae45118a1466e03afab04a766a3061a988ffe089ba4e01,9548a24a4faf5db17b5251df407b4402de033ae8648ec321c850fe6105002cf1,8128818d8ea8f5c3517d04da28955f010269df61e756429957a0a032386f6c51
fixture-bank-15:3:target-b:fixture-bank-15:p0004,empty,fixture-base-15,80422bc3d307b4a25bdafcc84ac7fb01cb55a09810e8b0f37bb12e0edb5c48ca,9e55c822c8873725352f0c67ef4fee4f2aaffcd3ca9f5ff0b09459833c18bb65,csi-pairs-v6-software-fixture,ded1ec639ff3e6fd5eba769d42db1ed36222a48af333a30a670254b30b164b74,620f300cbec1f56da4691882bc7dbe52593dc597fc62f6ae925c0f6ac72f1c6b,True,FORBIDDEN,0901433cbfe906073eae45118a1466e03afab04a766a3061a988ffe089ba4e01,9548a24a4faf5db17b5251df407b4402de033ae8648ec321c850fe6105002cf1,8128818d8ea8f5c3517d04da28955f010269df61e756429957a0a032386f6c51
fixture-bank-15:3:target-b:fixture-bank-15:p0004,geometry_destroyed,fixture-base-15,9e7891b79d11cef53f4360c703decd22110f31852fcb8e705cff4d30261fd2ba,668aa1e4b33d38df51f3c5dfb22b1d9eb0dd680eb50ff3d4ee2f3bea8587c66b,csi-pairs-v6-software-fixture,ded1ec639ff3e6fd5eba769d42db1ed36222a48af333a30a670254b30b164b74,620f300cbec1f56da4691882bc7dbe52593dc597fc62f6ae925c0f6ac72f1c6b,True,FORBIDDEN,0901433cbfe906073eae45118a1466e03afab04a766a3061a988ffe089ba4e01,9548a24a4faf5db17b5251df407b4402de033ae8648ec321c850fe6105002cf1,8128818d8ea8f5c3517d04da28955f010269df61e756429957a0a032386f6c51
fixture-bank-15:3:target-b:fixture-bank-15:p0004,paired_active_alternative,fixture-base-15,43fc05ca825c7ff2e7c00c016f80b1cce1f9303158dc70eba6d35120eb50ac68,97b2eed7561b9b0b588bd3d6f9dddecdaffbb7108cdc42da9a790983014d7d96,csi-pairs-v6-software-fixture,ded1ec639ff3e6fd5eba769d42db1ed36222a48af333a30a670254b30b164b74,620f300cbec1f56da4691882bc7dbe52593dc597fc62f6ae925c0f6ac72f1c6b,True,FORBIDDEN,0901433cbfe906073eae45118a1466e03afab04a766a3061a988ffe089ba4e01,9548a24a4faf5db17b5251df407b4402de033ae8648ec321c850fe6105002cf1,8128818d8ea8f5c3517d04da28955f010269df61e756429957a0a032386f6c51
fixture-bank-15:3:target-b:fixture-bank-15:p0004,paired_null_alternative,fixture-base-15,e8de7d7a53648d151882d0e4934ed3f5dd2c991772925bf4c4c98216305f4084,14f7b4bb8939321a89fa1b1e75fc43492f4b38d1db765e75a0137c831a245f58,csi-pairs-v6-software-fixture,ded1ec639ff3e6fd5eba769d42db1ed36222a48af333a30a670254b30b164b74,620f300cbec1f56da4691882bc7dbe52593dc597fc62f6ae925c0f6ac72f1c6b,True,FORBIDDEN,0901433cbfe906073eae45118a1466e03afab04a766a3061a988ffe089ba4e01,9548a24a4faf5db17b5251df407b4402de033ae8648ec321c850fe6105002cf1,8128818d8ea8f5c3517d04da28955f010269df61e756429957a0a032386f6c51
fixture-bank-15:3:target-b:fixture-bank-15:p0004,wrong_city,fixture-base-15,f5927760d3b1814b4517f2d4ec916c38c996cc08756aa052f486f1e0d64db008,cd6fbc5fb7763b3b83939b07a307c9a94efa49be29a928c55fe2712340b36782,csi-pairs-v6-software-fixture,ded1ec639ff3e6fd5eba769d42db1ed36222a48af333a30a670254b30b164b74,620f300cbec1f56da4691882bc7dbe52593dc597fc62f6ae925c0f6ac72f1c6b,True,FORBIDDEN,0901433cbfe906073eae45118a1466e03afab04a766a3061a988ffe089ba4e01,9548a24a4faf5db17b5251df407b4402de033ae8648ec321c850fe6105002cf1,8128818d8ea8f5c3517d04da28955f010269df61e756429957a0a032386f6c51
fixture-bank-15:3:target-b:fixture-bank-15:p0005,correct,fixture-base-15,46c00c10273ec76fe790c0ad0ffd5f5ab6d5272ca49c460f7dd57c488cb2c66e,23bc76fd36d1490877c3d533b77daa34101fee5b32e5371bb67f3a556051ad6d,csi-pairs-v6-software-fixture,ded1ec639ff3e6fd5eba769d42db1ed36222a48af333a30a670254b30b164b74,620f300cbec1f56da4691882bc7dbe52593dc597fc62f6ae925c0f6ac72f1c6b,True,FORBIDDEN,0901433cbfe906073eae45118a1466e03afab04a766a3061a988ffe089ba4e01,9548a24a4faf5db17b5251df407b4402de033ae8648ec321c850fe6105002cf1,8128818d8ea8f5c3517d04da28955f010269df61e756429957a0a032386f6c51
fixture-bank-15:3:target-b:fixture-bank-15:p0005,empty,fixture-base-15,80422bc3d307b4a25bdafcc84ac7fb01cb55a09810e8b0f37bb12e0edb5c48ca,9e55c822c8873725352f0c67ef4fee4f2aaffcd3ca9f5ff0b09459833c18bb65,csi-pairs-v6-software-fixture,ded1ec639ff3e6fd5eba769d42db1ed36222a48af333a30a670254b30b164b74,620f300cbec1f56da4691882bc7dbe52593dc597fc62f6ae925c0f6ac72f1c6b,True,FORBIDDEN,0901433cbfe906073eae45118a1466e03afab04a766a3061a988ffe089ba4e01,9548a24a4faf5db17b5251df407b4402de033ae8648ec321c850fe6105002cf1,8128818d8ea8f5c3517d04da28955f010269df61e756429957a0a032386f6c51
fixture-bank-15:3:target-b:fixture-bank-15:p0005,geometry_destroyed,fixture-base-15,ea66f9c447a6223fba62b57d083e0bfce3780da25aa2ece8bb5322247c844907,668aa1e4b33d38df51f3c5dfb22b1d9eb0dd680eb50ff3d4ee2f3bea8587c66b,csi-pairs-v6-software-fixture,ded1ec639ff3e6fd5eba769d42db1ed36222a48af333a30a670254b30b164b74,620f300cbec1f56da4691882bc7dbe52593dc597fc62f6ae925c0f6ac72f1c6b,True,FORBIDDEN,0901433cbfe906073eae45118a1466e03afab04a766a3061a988ffe089ba4e01,9548a24a4faf5db17b5251df407b4402de033ae8648ec321c850fe6105002cf1,8128818d8ea8f5c3517d04da28955f010269df61e756429957a0a032386f6c51
fixture-bank-15:3:target-b:fixture-bank-15:p0005,paired_active_alternative,fixture-base-15,43fc05ca825c7ff2e7c00c016f80b1cce1f9303158dc70eba6d35120eb50ac68,97b2eed7561b9b0b588bd3d6f9dddecdaffbb7108cdc42da9a790983014d7d96,csi-pairs-v6-software-fixture,ded1ec639ff3e6fd5eba769d42db1ed36222a48af333a30a670254b30b164b74,620f300cbec1f56da4691882bc7dbe52593dc597fc62f6ae925c0f6ac72f1c6b,True,FORBIDDEN,0901433cbfe906073eae45118a1466e03afab04a766a3061a988ffe089ba4e01,9548a24a4faf5db17b5251df407b4402de033ae8648ec321c850fe6105002cf1,8128818d8ea8f5c3517d04da28955f010269df61e756429957a0a032386f6c51
fixture-bank-15:3:target-b:fixture-bank-15:p0005,paired_null_alternative,fixture-base-15,e8de7d7a53648d151882d0e4934ed3f5dd2c991772925bf4c4c98216305f4084,14f7b4bb8939321a89fa1b1e75fc43492f4b38d1db765e75a0137c831a245f58,csi-pairs-v6-software-fixture,ded1ec639ff3e6fd5eba769d42db1ed36222a48af333a30a670254b30b164b74,620f300cbec1f56da4691882bc7dbe52593dc597fc62f6ae925c0f6ac72f1c6b,True,FORBIDDEN,0901433cbfe906073eae45118a1466e03afab04a766a3061a988ffe089ba4e01,9548a24a4faf5db17b5251df407b4402de033ae8648ec321c850fe6105002cf1,8128818d8ea8f5c3517d04da28955f010269df61e756429957a0a032386f6c51
fixture-bank-15:3:target-b:fixture-bank-15:p0005,wrong_city,fixture-base-15,f5927760d3b1814b4517f2d4ec916c38c996cc08756aa052f486f1e0d64db008,cd6fbc5fb7763b3b83939b07a307c9a94efa49be29a928c55fe2712340b36782,csi-pairs-v6-software-fixture,ded1ec639ff3e6fd5eba769d42db1ed36222a48af333a30a670254b30b164b74,620f300cbec1f56da4691882bc7dbe52593dc597fc62f6ae925c0f6ac72f1c6b,True,FORBIDDEN,0901433cbfe906073eae45118a1466e03afab04a766a3061a988ffe089ba4e01,9548a24a4faf5db17b5251df407b4402de033ae8648ec321c850fe6105002cf1,8128818d8ea8f5c3517d04da28955f010269df61e756429957a0a032386f6c51
fixture-bank-15:3:target-b:fixture-bank-15:p0006,correct,fixture-base-15,46c00c10273ec76fe790c0ad0ffd5f5ab6d5272ca49c460f7dd57c488cb2c66e,23bc76fd36d1490877c3d533b77daa34101fee5b32e5371bb67f3a556051ad6d,csi-pairs-v6-software-fixture,ded1ec639ff3e6fd5eba769d42db1ed36222a48af333a30a670254b30b164b74,620f300cbec1f56da4691882bc7dbe52593dc597fc62f6ae925c0f6ac72f1c6b,True,FORBIDDEN,0901433cbfe906073eae45118a1466e03afab04a766a3061a988ffe089ba4e01,9548a24a4faf5db17b5251df407b4402de033ae8648ec321c850fe6105002cf1,8128818d8ea8f5c3517d04da28955f010269df61e756429957a0a032386f6c51
fixture-bank-15:3:target-b:fixture-bank-15:p0006,empty,fixture-base-15,80422bc3d307b4a25bdafcc84ac7fb01cb55a09810e8b0f37bb12e0edb5c48ca,9e55c822c8873725352f0c67ef4fee4f2aaffcd3ca9f5ff0b09459833c18bb65,csi-pairs-v6-software-fixture,ded1ec639ff3e6fd5eba769d42db1ed36222a48af333a30a670254b30b164b74,620f300cbec1f56da4691882bc7dbe52593dc597fc62f6ae925c0f6ac72f1c6b,True,FORBIDDEN,0901433cbfe906073eae45118a1466e03afab04a766a3061a988ffe089ba4e01,9548a24a4faf5db17b5251df407b4402de033ae8648ec321c850fe6105002cf1,8128818d8ea8f5c3517d04da28955f010269df61e756429957a0a032386f6c51
fixture-bank-15:3:target-b:fixture-bank-15:p0006,geometry_destroyed,fixture-base-15,778b7741c275ff8c2fee6db6fb117ff1e3a3844eb3d2d491ac8b3277af98ecd7,668aa1e4b33d38df51f3c5dfb22b1d9eb0dd680eb50ff3d4ee2f3bea8587c66b,csi-pairs-v6-software-fixture,ded1ec639ff3e6fd5eba769d42db1ed36222a48af333a30a670254b30b164b74,620f300cbec1f56da4691882bc7dbe52593dc597fc62f6ae925c0f6ac72f1c6b,True,FORBIDDEN,0901433cbfe906073eae45118a1466e03afab04a766a3061a988ffe089ba4e01,9548a24a4faf5db17b5251df407b4402de033ae8648ec321c850fe6105002cf1,8128818d8ea8f5c3517d04da28955f010269df61e756429957a0a032386f6c51
fixture-bank-15:3:target-b:fixture-bank-15:p0006,paired_active_alternative,fixture-base-15,e8de7d7a53648d151882d0e4934ed3f5dd2c991772925bf4c4c98216305f4084,206068a1ce872629c58e270c88b151c7dfc3808ae0bfc81c287415931ac1ed09,csi-pairs-v6-software-fixture,ded1ec639ff3e6fd5eba769d42db1ed36222a48af333a30a670254b30b164b74,620f300cbec1f56da4691882bc7dbe52593dc597fc62f6ae925c0f6ac72f1c6b,True,FORBIDDEN,0901433cbfe906073eae45118a1466e03afab04a766a3061a988ffe089ba4e01,9548a24a4faf5db17b5251df407b4402de033ae8648ec321c850fe6105002cf1,8128818d8ea8f5c3517d04da28955f010269df61e756429957a0a032386f6c51
fixture-bank-15:3:target-b:fixture-bank-15:p0006,paired_null_alternative,fixture-base-15,43fc05ca825c7ff2e7c00c016f80b1cce1f9303158dc70eba6d35120eb50ac68,6b8479198747206bea03ca2071f5f5cbe29025498fdebfd3077e6a17c27b5927,csi-pairs-v6-software-fixture,ded1ec639ff3e6fd5eba769d42db1ed36222a48af333a30a670254b30b164b74,620f300cbec1f56da4691882bc7dbe52593dc597fc62f6ae925c0f6ac72f1c6b,True,FORBIDDEN,0901433cbfe906073eae45118a1466e03afab04a766a3061a988ffe089ba4e01,9548a24a4faf5db17b5251df407b4402de033ae8648ec321c850fe6105002cf1,8128818d8ea8f5c3517d04da28955f010269df61e756429957a0a032386f6c51
fixture-bank-15:3:target-b:fixture-bank-15:p0006,wrong_city,fixture-base-15,f5927760d3b1814b4517f2d4ec916c38c996cc08756aa052f486f1e0d64db008,cd6fbc5fb7763b3b83939b07a307c9a94efa49be29a928c55fe2712340b36782,csi-pairs-v6-software-fixture,ded1ec639ff3e6fd5eba769d42db1ed36222a48af333a30a670254b30b164b74,620f300cbec1f56da4691882bc7dbe52593dc597fc62f6ae925c0f6ac72f1c6b,True,FORBIDDEN,0901433cbfe906073eae45118a1466e03afab04a766a3061a988ffe089ba4e01,9548a24a4faf5db17b5251df407b4402de033ae8648ec321c850fe6105002cf1,8128818d8ea8f5c3517d04da28955f010269df61e756429957a0a032386f6c51
fixture-bank-15:3:target-b:fixture-bank-15:p0007,correct,fixture-base-15,46c00c10273ec76fe790c0ad0ffd5f5ab6d5272ca49c460f7dd57c488cb2c66e,23bc76fd36d1490877c3d533b77daa34101fee5b32e5371bb67f3a556051ad6d,csi-pairs-v6-software-fixture,ded1ec639ff3e6fd5eba769d42db1ed36222a48af333a30a670254b30b164b74,620f300cbec1f56da4691882bc7dbe52593dc597fc62f6ae925c0f6ac72f1c6b,True,FORBIDDEN,0901433cbfe906073eae45118a1466e03afab04a766a3061a988ffe089ba4e01,9548a24a4faf5db17b5251df407b4402de033ae8648ec321c850fe6105002cf1,8128818d8ea8f5c3517d04da28955f010269df61e756429957a0a032386f6c51
fixture-bank-15:3:target-b:fixture-bank-15:p0007,empty,fixture-base-15,80422bc3d307b4a25bdafcc84ac7fb01cb55a09810e8b0f37bb12e0edb5c48ca,9e55c822c8873725352f0c67ef4fee4f2aaffcd3ca9f5ff0b09459833c18bb65,csi-pairs-v6-software-fixture,ded1ec639ff3e6fd5eba769d42db1ed36222a48af333a30a670254b30b164b74,620f300cbec1f56da4691882bc7dbe52593dc597fc62f6ae925c0f6ac72f1c6b,True,FORBIDDEN,0901433cbfe906073eae45118a1466e03afab04a766a3061a988ffe089ba4e01,9548a24a4faf5db17b5251df407b4402de033ae8648ec321c850fe6105002cf1,8128818d8ea8f5c3517d04da28955f010269df61e756429957a0a032386f6c51
fixture-bank-15:3:target-b:fixture-bank-15:p0007,geometry_destroyed,fixture-base-15,201114bd02509862539d9da98da483d3ef2edb80d951e0c533667e38dd14ee06,668aa1e4b33d38df51f3c5dfb22b1d9eb0dd680eb50ff3d4ee2f3bea8587c66b,csi-pairs-v6-software-fixture,ded1ec639ff3e6fd5eba769d42db1ed36222a48af333a30a670254b30b164b74,620f300cbec1f56da4691882bc7dbe52593dc597fc62f6ae925c0f6ac72f1c6b,True,FORBIDDEN,0901433cbfe906073eae45118a1466e03afab04a766a3061a988ffe089ba4e01,9548a24a4faf5db17b5251df407b4402de033ae8648ec321c850fe6105002cf1,8128818d8ea8f5c3517d04da28955f010269df61e756429957a0a032386f6c51
fixture-bank-15:3:target-b:fixture-bank-15:p0007,paired_active_alternative,fixture-base-15,e8de7d7a53648d151882d0e4934ed3f5dd2c991772925bf4c4c98216305f4084,206068a1ce872629c58e270c88b151c7dfc3808ae0bfc81c287415931ac1ed09,csi-pairs-v6-software-fixture,ded1ec639ff3e6fd5eba769d42db1ed36222a48af333a30a670254b30b164b74,620f300cbec1f56da4691882bc7dbe52593dc597fc62f6ae925c0f6ac72f1c6b,True,FORBIDDEN,0901433cbfe906073eae45118a1466e03afab04a766a3061a988ffe089ba4e01,9548a24a4faf5db17b5251df407b4402de033ae8648ec321c850fe6105002cf1,8128818d8ea8f5c3517d04da28955f010269df61e756429957a0a032386f6c51
fixture-bank-15:3:target-b:fixture-bank-15:p0007,paired_null_alternative,fixture-base-15,43fc05ca825c7ff2e7c00c016f80b1cce1f9303158dc70eba6d35120eb50ac68,6b8479198747206bea03ca2071f5f5cbe29025498fdebfd3077e6a17c27b5927,csi-pairs-v6-software-fixture,ded1ec639ff3e6fd5eba769d42db1ed36222a48af333a30a670254b30b164b74,620f300cbec1f56da4691882bc7dbe52593dc597fc62f6ae925c0f6ac72f1c6b,True,FORBIDDEN,0901433cbfe906073eae45118a1466e03afab04a766a3061a988ffe089ba4e01,9548a24a4faf5db17b5251df407b4402de033ae8648ec321c850fe6105002cf1,8128818d8ea8f5c3517d04da28955f010269df61e756429957a0a032386f6c51
fixture-bank-15:3:target-b:fixture-bank-15:p0007,wrong_city,fixture-base-15,f5927760d3b1814b4517f2d4ec916c38c996cc08756aa052f486f1e0d64db008,cd6fbc5fb7763b3b83939b07a307c9a94efa49be29a928c55fe2712340b36782,csi-pairs-v6-software-fixture,ded1ec639ff3e6fd5eba769d42db1ed36222a48af333a30a670254b30b164b74,620f300cbec1f56da4691882bc7dbe52593dc597fc62f6ae925c0f6ac72f1c6b,True,FORBIDDEN,0901433cbfe906073eae45118a1466e03afab04a766a3061a988ffe089ba4e01,9548a24a4faf5db17b5251df407b4402de033ae8648ec321c850fe6105002cf1,8128818d8ea8f5c3517d04da28955f010269df61e756429957a0a032386f6c51
fixture-bank-16:0:target-a:fixture-bank-16:p0006,correct,fixture-base-16,f5927760d3b1814b4517f2d4ec916c38c996cc08756aa052f486f1e0d64db008,23bc76fd36d1490877c3d533b77daa34101fee5b32e5371bb67f3a556051ad6d,csi-pairs-v6-software-fixture,ded1ec639ff3e6fd5eba769d42db1ed36222a48af333a30a670254b30b164b74,620f300cbec1f56da4691882bc7dbe52593dc597fc62f6ae925c0f6ac72f1c6b,True,FORBIDDEN,0901433cbfe906073eae45118a1466e03afab04a766a3061a988ffe089ba4e01,9548a24a4faf5db17b5251df407b4402de033ae8648ec321c850fe6105002cf1,8128818d8ea8f5c3517d04da28955f010269df61e756429957a0a032386f6c51
fixture-bank-16:0:target-a:fixture-bank-16:p0006,empty,fixture-base-16,80422bc3d307b4a25bdafcc84ac7fb01cb55a09810e8b0f37bb12e0edb5c48ca,9e55c822c8873725352f0c67ef4fee4f2aaffcd3ca9f5ff0b09459833c18bb65,csi-pairs-v6-software-fixture,ded1ec639ff3e6fd5eba769d42db1ed36222a48af333a30a670254b30b164b74,620f300cbec1f56da4691882bc7dbe52593dc597fc62f6ae925c0f6ac72f1c6b,True,FORBIDDEN,0901433cbfe906073eae45118a1466e03afab04a766a3061a988ffe089ba4e01,9548a24a4faf5db17b5251df407b4402de033ae8648ec321c850fe6105002cf1,8128818d8ea8f5c3517d04da28955f010269df61e756429957a0a032386f6c51
fixture-bank-16:0:target-a:fixture-bank-16:p0006,geometry_destroyed,fixture-base-16,222976523803a337896d63bea4266f511c37aba8164df548de1a2243222485ad,668aa1e4b33d38df51f3c5dfb22b1d9eb0dd680eb50ff3d4ee2f3bea8587c66b,csi-pairs-v6-software-fixture,ded1ec639ff3e6fd5eba769d42db1ed36222a48af333a30a670254b30b164b74,620f300cbec1f56da4691882bc7dbe52593dc597fc62f6ae925c0f6ac72f1c6b,True,FORBIDDEN,0901433cbfe906073eae45118a1466e03afab04a766a3061a988ffe089ba4e01,9548a24a4faf5db17b5251df407b4402de033ae8648ec321c850fe6105002cf1,8128818d8ea8f5c3517d04da28955f010269df61e756429957a0a032386f6c51
fixture-bank-16:0:target-a:fixture-bank-16:p0006,paired_active_alternative,fixture-base-16,43fc05ca825c7ff2e7c00c016f80b1cce1f9303158dc70eba6d35120eb50ac68,eb9f4ff4c31beda2b58c8c1627df055ff5a7fcdfa8fc0adb0a917ab4f12df679,csi-pairs-v6-software-fixture,ded1ec639ff3e6fd5eba769d42db1ed36222a48af333a30a670254b30b164b74,620f300cbec1f56da4691882bc7dbe52593dc597fc62f6ae925c0f6ac72f1c6b,True,FORBIDDEN,0901433cbfe906073eae45118a1466e03afab04a766a3061a988ffe089ba4e01,9548a24a4faf5db17b5251df407b4402de033ae8648ec321c850fe6105002cf1,8128818d8ea8f5c3517d04da28955f010269df61e756429957a0a032386f6c51
fixture-bank-16:0:target-a:fixture-bank-16:p0006,paired_null_alternative,fixture-base-16,8d2c6d3ad657216758cb61a91554f699ef6b692f87e6208b2f34dfa43603b79c,5a17d5ed3fd5860ae6c61ec5b77e9584a2af339a2c7b195465a9e19651e3613a,csi-pairs-v6-software-fixture,ded1ec639ff3e6fd5eba769d42db1ed36222a48af333a30a670254b30b164b74,620f300cbec1f56da4691882bc7dbe52593dc597fc62f6ae925c0f6ac72f1c6b,True,FORBIDDEN,0901433cbfe906073eae45118a1466e03afab04a766a3061a988ffe089ba4e01,9548a24a4faf5db17b5251df407b4402de033ae8648ec321c850fe6105002cf1,8128818d8ea8f5c3517d04da28955f010269df61e756429957a0a032386f6c51
fixture-bank-16:0:target-a:fixture-bank-16:p0006,wrong_city,fixture-base-16,f5927760d3b1814b4517f2d4ec916c38c996cc08756aa052f486f1e0d64db008,cd6fbc5fb7763b3b83939b07a307c9a94efa49be29a928c55fe2712340b36782,csi-pairs-v6-software-fixture,ded1ec639ff3e6fd5eba769d42db1ed36222a48af333a30a670254b30b164b74,620f300cbec1f56da4691882bc7dbe52593dc597fc62f6ae925c0f6ac72f1c6b,True,FORBIDDEN,0901433cbfe906073eae45118a1466e03afab04a766a3061a988ffe089ba4e01,9548a24a4faf5db17b5251df407b4402de033ae8648ec321c850fe6105002cf1,8128818d8ea8f5c3517d04da28955f010269df61e756429957a0a032386f6c51
fixture-bank-16:0:target-a:fixture-bank-16:p0007,correct,fixture-base-16,f5927760d3b1814b4517f2d4ec916c38c996cc08756aa052f486f1e0d64db008,23bc76fd36d1490877c3d533b77daa34101fee5b32e5371bb67f3a556051ad6d,csi-pairs-v6-software-fixture,ded1ec639ff3e6fd5eba769d42db1ed36222a48af333a30a670254b30b164b74,620f300cbec1f56da4691882bc7dbe52593dc597fc62f6ae925c0f6ac72f1c6b,True,FORBIDDEN,0901433cbfe906073eae45118a1466e03afab04a766a3061a988ffe089ba4e01,9548a24a4faf5db17b5251df407b4402de033ae8648ec321c850fe6105002cf1,8128818d8ea8f5c3517d04da28955f010269df61e756429957a0a032386f6c51
fixture-bank-16:0:target-a:fixture-bank-16:p0007,empty,fixture-base-16,80422bc3d307b4a25bdafcc84ac7fb01cb55a09810e8b0f37bb12e0edb5c48ca,9e55c822c8873725352f0c67ef4fee4f2aaffcd3ca9f5ff0b09459833c18bb65,csi-pairs-v6-software-fixture,ded1ec639ff3e6fd5eba769d42db1ed36222a48af333a30a670254b30b164b74,620f300cbec1f56da4691882bc7dbe52593dc597fc62f6ae925c0f6ac72f1c6b,True,FORBIDDEN,0901433cbfe906073eae45118a1466e03afab04a766a3061a988ffe089ba4e01,9548a24a4faf5db17b5251df407b4402de033ae8648ec321c850fe6105002cf1,8128818d8ea8f5c3517d04da28955f010269df61e756429957a0a032386f6c51
fixture-bank-16:0:target-a:fixture-bank-16:p0007,geometry_destroyed,fixture-base-16,4519ebee85345b07d1ea900555d5ca676f15ed93c0cdf4eb8f7b0dfeeb022291,668aa1e4b33d38df51f3c5dfb22b1d9eb0dd680eb50ff3d4ee2f3bea8587c66b,csi-pairs-v6-software-fixture,ded1ec639ff3e6fd5eba769d42db1ed36222a48af333a30a670254b30b164b74,620f300cbec1f56da4691882bc7dbe52593dc597fc62f6ae925c0f6ac72f1c6b,True,FORBIDDEN,0901433cbfe906073eae45118a1466e03afab04a766a3061a988ffe089ba4e01,9548a24a4faf5db17b5251df407b4402de033ae8648ec321c850fe6105002cf1,8128818d8ea8f5c3517d04da28955f010269df61e756429957a0a032386f6c51
fixture-bank-16:0:target-a:fixture-bank-16:p0007,paired_active_alternative,fixture-base-16,43fc05ca825c7ff2e7c00c016f80b1cce1f9303158dc70eba6d35120eb50ac68,eb9f4ff4c31beda2b58c8c1627df055ff5a7fcdfa8fc0adb0a917ab4f12df679,csi-pairs-v6-software-fixture,ded1ec639ff3e6fd5eba769d42db1ed36222a48af333a30a670254b30b164b74,620f300cbec1f56da4691882bc7dbe52593dc597fc62f6ae925c0f6ac72f1c6b,True,FORBIDDEN,0901433cbfe906073eae45118a1466e03afab04a766a3061a988ffe089ba4e01,9548a24a4faf5db17b5251df407b4402de033ae8648ec321c850fe6105002cf1,8128818d8ea8f5c3517d04da28955f010269df61e756429957a0a032386f6c51
fixture-bank-16:0:target-a:fixture-bank-16:p0007,paired_null_alternative,fixture-base-16,8d2c6d3ad657216758cb61a91554f699ef6b692f87e6208b2f34dfa43603b79c,5a17d5ed3fd5860ae6c61ec5b77e9584a2af339a2c7b195465a9e19651e3613a,csi-pairs-v6-software-fixture,ded1ec639ff3e6fd5eba769d42db1ed36222a48af333a30a670254b30b164b74,620f300cbec1f56da4691882bc7dbe52593dc597fc62f6ae925c0f6ac72f1c6b,True,FORBIDDEN,0901433cbfe906073eae45118a1466e03afab04a766a3061a988ffe089ba4e01,9548a24a4faf5db17b5251df407b4402de033ae8648ec321c850fe6105002cf1,8128818d8ea8f5c3517d04da28955f010269df61e756429957a0a032386f6c51
fixture-bank-16:0:target-a:fixture-bank-16:p0007,wrong_city,fixture-base-16,f5927760d3b1814b4517f2d4ec916c38c996cc08756aa052f486f1e0d64db008,cd6fbc5fb7763b3b83939b07a307c9a94efa49be29a928c55fe2712340b36782,csi-pairs-v6-software-fixture,ded1ec639ff3e6fd5eba769d42db1ed36222a48af333a30a670254b30b164b74,620f300cbec1f56da4691882bc7dbe52593dc597fc62f6ae925c0f6ac72f1c6b,True,FORBIDDEN,0901433cbfe906073eae45118a1466e03afab04a766a3061a988ffe089ba4e01,9548a24a4faf5db17b5251df407b4402de033ae8648ec321c850fe6105002cf1,8128818d8ea8f5c3517d04da28955f010269df61e756429957a0a032386f6c51
fixture-bank-16:1:target-a:fixture-bank-16:p0006,correct,fixture-base-16,43fc05ca825c7ff2e7c00c016f80b1cce1f9303158dc70eba6d35120eb50ac68,23bc76fd36d1490877c3d533b77daa34101fee5b32e5371bb67f3a556051ad6d,csi-pairs-v6-software-fixture,ded1ec639ff3e6fd5eba769d42db1ed36222a48af333a30a670254b30b164b74,620f300cbec1f56da4691882bc7dbe52593dc597fc62f6ae925c0f6ac72f1c6b,True,FORBIDDEN,0901433cbfe906073eae45118a1466e03afab04a766a3061a988ffe089ba4e01,9548a24a4faf5db17b5251df407b4402de033ae8648ec321c850fe6105002cf1,8128818d8ea8f5c3517d04da28955f010269df61e756429957a0a032386f6c51
fixture-bank-16:1:target-a:fixture-bank-16:p0006,empty,fixture-base-16,80422bc3d307b4a25bdafcc84ac7fb01cb55a09810e8b0f37bb12e0edb5c48ca,9e55c822c8873725352f0c67ef4fee4f2aaffcd3ca9f5ff0b09459833c18bb65,csi-pairs-v6-software-fixture,ded1ec639ff3e6fd5eba769d42db1ed36222a48af333a30a670254b30b164b74,620f300cbec1f56da4691882bc7dbe52593dc597fc62f6ae925c0f6ac72f1c6b,True,FORBIDDEN,0901433cbfe906073eae45118a1466e03afab04a766a3061a988ffe089ba4e01,9548a24a4faf5db17b5251df407b4402de033ae8648ec321c850fe6105002cf1,8128818d8ea8f5c3517d04da28955f010269df61e756429957a0a032386f6c51
fixture-bank-16:1:target-a:fixture-bank-16:p0006,geometry_destroyed,fixture-base-16,0e3846fd6a4e19b4b5d6e212ae9ea9d5680b030fe628ad231f226bc1b6423c92,668aa1e4b33d38df51f3c5dfb22b1d9eb0dd680eb50ff3d4ee2f3bea8587c66b,csi-pairs-v6-software-fixture,ded1ec639ff3e6fd5eba769d42db1ed36222a48af333a30a670254b30b164b74,620f300cbec1f56da4691882bc7dbe52593dc597fc62f6ae925c0f6ac72f1c6b,True,FORBIDDEN,0901433cbfe906073eae45118a1466e03afab04a766a3061a988ffe089ba4e01,9548a24a4faf5db17b5251df407b4402de033ae8648ec321c850fe6105002cf1,8128818d8ea8f5c3517d04da28955f010269df61e756429957a0a032386f6c51
fixture-bank-16:1:target-a:fixture-bank-16:p0006,paired_active_alternative,fixture-base-16,f5927760d3b1814b4517f2d4ec916c38c996cc08756aa052f486f1e0d64db008,953754fcda9fefb0fe51569c49c53f60b360596c76bc87f67af93b1ed0b2c3a9,csi-pairs-v6-software-fixture,ded1ec639ff3e6fd5eba769d42db1ed36222a48af333a30a670254b30b164b74,620f300cbec1f56da4691882bc7dbe52593dc597fc62f6ae925c0f6ac72f1c6b,True,FORBIDDEN,0901433cbfe906073eae45118a1466e03afab04a766a3061a988ffe089ba4e01,9548a24a4faf5db17b5251df407b4402de033ae8648ec321c850fe6105002cf1,8128818d8ea8f5c3517d04da28955f010269df61e756429957a0a032386f6c51
fixture-bank-16:1:target-a:fixture-bank-16:p0006,paired_null_alternative,fixture-base-16,e4d64cf26bec851e0163f1b51622c7a073fc8730f9da6393e327cba58d3ab99e,809207241c4e6187b80849afd140c666e1fb16db4a1af75210a3f677180f55c9,csi-pairs-v6-software-fixture,ded1ec639ff3e6fd5eba769d42db1ed36222a48af333a30a670254b30b164b74,620f300cbec1f56da4691882bc7dbe52593dc597fc62f6ae925c0f6ac72f1c6b,True,FORBIDDEN,0901433cbfe906073eae45118a1466e03afab04a766a3061a988ffe089ba4e01,9548a24a4faf5db17b5251df407b4402de033ae8648ec321c850fe6105002cf1,8128818d8ea8f5c3517d04da28955f010269df61e756429957a0a032386f6c51
fixture-bank-16:1:target-a:fixture-bank-16:p0006,wrong_city,fixture-base-16,f5927760d3b1814b4517f2d4ec916c38c996cc08756aa052f486f1e0d64db008,cd6fbc5fb7763b3b83939b07a307c9a94efa49be29a928c55fe2712340b36782,csi-pairs-v6-software-fixture,ded1ec639ff3e6fd5eba769d42db1ed36222a48af333a30a670254b30b164b74,620f300cbec1f56da4691882bc7dbe52593dc597fc62f6ae925c0f6ac72f1c6b,True,FORBIDDEN,0901433cbfe906073eae45118a1466e03afab04a766a3061a988ffe089ba4e01,9548a24a4faf5db17b5251df407b4402de033ae8648ec321c850fe6105002cf1,8128818d8ea8f5c3517d04da28955f010269df61e756429957a0a032386f6c51
fixture-bank-16:1:target-a:fixture-bank-16:p0007,correct,fixture-base-16,43fc05ca825c7ff2e7c00c016f80b1cce1f9303158dc70eba6d35120eb50ac68,23bc76fd36d1490877c3d533b77daa34101fee5b32e5371bb67f3a556051ad6d,csi-pairs-v6-software-fixture,ded1ec639ff3e6fd5eba769d42db1ed36222a48af333a30a670254b30b164b74,620f300cbec1f56da4691882bc7dbe52593dc597fc62f6ae925c0f6ac72f1c6b,True,FORBIDDEN,0901433cbfe906073eae45118a1466e03afab04a766a3061a988ffe089ba4e01,9548a24a4faf5db17b5251df407b4402de033ae8648ec321c850fe6105002cf1,8128818d8ea8f5c3517d04da28955f010269df61e756429957a0a032386f6c51
fixture-bank-16:1:target-a:fixture-bank-16:p0007,empty,fixture-base-16,80422bc3d307b4a25bdafcc84ac7fb01cb55a09810e8b0f37bb12e0edb5c48ca,9e55c822c8873725352f0c67ef4fee4f2aaffcd3ca9f5ff0b09459833c18bb65,csi-pairs-v6-software-fixture,ded1ec639ff3e6fd5eba769d42db1ed36222a48af333a30a670254b30b164b74,620f300cbec1f56da4691882bc7dbe52593dc597fc62f6ae925c0f6ac72f1c6b,True,FORBIDDEN,0901433cbfe906073eae45118a1466e03afab04a766a3061a988ffe089ba4e01,9548a24a4faf5db17b5251df407b4402de033ae8648ec321c850fe6105002cf1,8128818d8ea8f5c3517d04da28955f010269df61e756429957a0a032386f6c51
fixture-bank-16:1:target-a:fixture-bank-16:p0007,geometry_destroyed,fixture-base-16,dae38f2d0394257a3008332e5fcfcb52accfce8009bca79aaeb8c2fafa02d6f7,668aa1e4b33d38df51f3c5dfb22b1d9eb0dd680eb50ff3d4ee2f3bea8587c66b,csi-pairs-v6-software-fixture,ded1ec639ff3e6fd5eba769d42db1ed36222a48af333a30a670254b30b164b74,620f300cbec1f56da4691882bc7dbe52593dc597fc62f6ae925c0f6ac72f1c6b,True,FORBIDDEN,0901433cbfe906073eae45118a1466e03afab04a766a3061a988ffe089ba4e01,9548a24a4faf5db17b5251df407b4402de033ae8648ec321c850fe6105002cf1,8128818d8ea8f5c3517d04da28955f010269df61e756429957a0a032386f6c51
fixture-bank-16:1:target-a:fixture-bank-16:p0007,paired_active_alternative,fixture-base-16,f5927760d3b1814b4517f2d4ec916c38c996cc08756aa052f486f1e0d64db008,953754fcda9fefb0fe51569c49c53f60b360596c76bc87f67af93b1ed0b2c3a9,csi-pairs-v6-software-fixture,ded1ec639ff3e6fd5eba769d42db1ed36222a48af333a30a670254b30b164b74,620f300cbec1f56da4691882bc7dbe52593dc597fc62f6ae925c0f6ac72f1c6b,True,FORBIDDEN,0901433cbfe906073eae45118a1466e03afab04a766a3061a988ffe089ba4e01,9548a24a4faf5db17b5251df407b4402de033ae8648ec321c850fe6105002cf1,8128818d8ea8f5c3517d04da28955f010269df61e756429957a0a032386f6c51
fixture-bank-16:1:target-a:fixture-bank-16:p0007,paired_null_alternative,fixture-base-16,e4d64cf26bec851e0163f1b51622c7a073fc8730f9da6393e327cba58d3ab99e,809207241c4e6187b80849afd140c666e1fb16db4a1af75210a3f677180f55c9,csi-pairs-v6-software-fixture,ded1ec639ff3e6fd5eba769d42db1ed36222a48af333a30a670254b30b164b74,620f300cbec1f56da4691882bc7dbe52593dc597fc62f6ae925c0f6ac72f1c6b,True,FORBIDDEN,0901433cbfe906073eae45118a1466e03afab04a766a3061a988ffe089ba4e01,9548a24a4faf5db17b5251df407b4402de033ae8648ec321c850fe6105002cf1,8128818d8ea8f5c3517d04da28955f010269df61e756429957a0a032386f6c51
fixture-bank-16:1:target-a:fixture-bank-16:p0007,wrong_city,fixture-base-16,f5927760d3b1814b4517f2d4ec916c38c996cc08756aa052f486f1e0d64db008,cd6fbc5fb7763b3b83939b07a307c9a94efa49be29a928c55fe2712340b36782,csi-pairs-v6-software-fixture,ded1ec639ff3e6fd5eba769d42db1ed36222a48af333a30a670254b30b164b74,620f300cbec1f56da4691882bc7dbe52593dc597fc62f6ae925c0f6ac72f1c6b,True,FORBIDDEN,0901433cbfe906073eae45118a1466e03afab04a766a3061a988ffe089ba4e01,9548a24a4faf5db17b5251df407b4402de033ae8648ec321c850fe6105002cf1,8128818d8ea8f5c3517d04da28955f010269df61e756429957a0a032386f6c51
fixture-bank-16:2:target-a:fixture-bank-16:p0006,correct,fixture-base-16,8d2c6d3ad657216758cb61a91554f699ef6b692f87e6208b2f34dfa43603b79c,23bc76fd36d1490877c3d533b77daa34101fee5b32e5371bb67f3a556051ad6d,csi-pairs-v6-software-fixture,ded1ec639ff3e6fd5eba769d42db1ed36222a48af333a30a670254b30b164b74,620f300cbec1f56da4691882bc7dbe52593dc597fc62f6ae925c0f6ac72f1c6b,True,FORBIDDEN,0901433cbfe906073eae45118a1466e03afab04a766a3061a988ffe089ba4e01,9548a24a4faf5db17b5251df407b4402de033ae8648ec321c850fe6105002cf1,8128818d8ea8f5c3517d04da28955f010269df61e756429957a0a032386f6c51
fixture-bank-16:2:target-a:fixture-bank-16:p0006,empty,fixture-base-16,80422bc3d307b4a25bdafcc84ac7fb01cb55a09810e8b0f37bb12e0edb5c48ca,9e55c822c8873725352f0c67ef4fee4f2aaffcd3ca9f5ff0b09459833c18bb65,csi-pairs-v6-software-fixture,ded1ec639ff3e6fd5eba769d42db1ed36222a48af333a30a670254b30b164b74,620f300cbec1f56da4691882bc7dbe52593dc597fc62f6ae925c0f6ac72f1c6b,True,FORBIDDEN,0901433cbfe906073eae45118a1466e03afab04a766a3061a988ffe089ba4e01,9548a24a4faf5db17b5251df407b4402de033ae8648ec321c850fe6105002cf1,8128818d8ea8f5c3517d04da28955f010269df61e756429957a0a032386f6c51
fixture-bank-16:2:target-a:fixture-bank-16:p0006,geometry_destroyed,fixture-base-16,82bce0b97ba0b67cc085acb5120093a4b6a02630843739bae18bf49f54bf6be0,668aa1e4b33d38df51f3c5dfb22b1d9eb0dd680eb50ff3d4ee2f3bea8587c66b,csi-pairs-v6-software-fixture,ded1ec639ff3e6fd5eba769d42db1ed36222a48af333a30a670254b30b164b74,620f300cbec1f56da4691882bc7dbe52593dc597fc62f6ae925c0f6ac72f1c6b,True,FORBIDDEN,0901433cbfe906073eae45118a1466e03afab04a766a3061a988ffe089ba4e01,9548a24a4faf5db17b5251df407b4402de033ae8648ec321c850fe6105002cf1,8128818d8ea8f5c3517d04da28955f010269df61e756429957a0a032386f6c51
fixture-bank-16:2:target-a:fixture-bank-16:p0006,paired_active_alternative,fixture-base-16,e4d64cf26bec851e0163f1b51622c7a073fc8730f9da6393e327cba58d3ab99e,99ad10c860e8410cf77e29bbd0e9e0128e0faa1dcb91865155b10463b0fc3d56,csi-pairs-v6-software-fixture,ded1ec639ff3e6fd5eba769d42db1ed36222a48af333a30a670254b30b164b74,620f300cbec1f56da4691882bc7dbe52593dc597fc62f6ae925c0f6ac72f1c6b,True,FORBIDDEN,0901433cbfe906073eae45118a1466e03afab04a766a3061a988ffe089ba4e01,9548a24a4faf5db17b5251df407b4402de033ae8648ec321c850fe6105002cf1,8128818d8ea8f5c3517d04da28955f010269df61e756429957a0a032386f6c51
fixture-bank-16:2:target-a:fixture-bank-16:p0006,paired_null_alternative,fixture-base-16,f5927760d3b1814b4517f2d4ec916c38c996cc08756aa052f486f1e0d64db008,6953cb6341bf4ecdd063a238f2b5387c933f61d6ca9d0516528de2478e94f8d4,csi-pairs-v6-software-fixture,ded1ec639ff3e6fd5eba769d42db1ed36222a48af333a30a670254b30b164b74,620f300cbec1f56da4691882bc7dbe52593dc597fc62f6ae925c0f6ac72f1c6b,True,FORBIDDEN,0901433cbfe906073eae45118a1466e03afab04a766a3061a988ffe089ba4e01,9548a24a4faf5db17b5251df407b4402de033ae8648ec321c850fe6105002cf1,8128818d8ea8f5c3517d04da28955f010269df61e756429957a0a032386f6c51
fixture-bank-16:2:target-a:fixture-bank-16:p0006,wrong_city,fixture-base-16,f5927760d3b1814b4517f2d4ec916c38c996cc08756aa052f486f1e0d64db008,cd6fbc5fb7763b3b83939b07a307c9a94efa49be29a928c55fe2712340b36782,csi-pairs-v6-software-fixture,ded1ec639ff3e6fd5eba769d42db1ed36222a48af333a30a670254b30b164b74,620f300cbec1f56da4691882bc7dbe52593dc597fc62f6ae925c0f6ac72f1c6b,True,FORBIDDEN,0901433cbfe906073eae45118a1466e03afab04a766a3061a988ffe089ba4e01,9548a24a4faf5db17b5251df407b4402de033ae8648ec321c850fe6105002cf1,8128818d8ea8f5c3517d04da28955f010269df61e756429957a0a032386f6c51
fixture-bank-16:2:target-a:fixture-bank-16:p0007,correct,fixture-base-16,8d2c6d3ad657216758cb61a91554f699ef6b692f87e6208b2f34dfa43603b79c,23bc76fd36d1490877c3d533b77daa34101fee5b32e5371bb67f3a556051ad6d,csi-pairs-v6-software-fixture,ded1ec639ff3e6fd5eba769d42db1ed36222a48af333a30a670254b30b164b74,620f300cbec1f56da4691882bc7dbe52593dc597fc62f6ae925c0f6ac72f1c6b,True,FORBIDDEN,0901433cbfe906073eae45118a1466e03afab04a766a3061a988ffe089ba4e01,9548a24a4faf5db17b5251df407b4402de033ae8648ec321c850fe6105002cf1,8128818d8ea8f5c3517d04da28955f010269df61e756429957a0a032386f6c51
fixture-bank-16:2:target-a:fixture-bank-16:p0007,empty,fixture-base-16,80422bc3d307b4a25bdafcc84ac7fb01cb55a09810e8b0f37bb12e0edb5c48ca,9e55c822c8873725352f0c67ef4fee4f2aaffcd3ca9f5ff0b09459833c18bb65,csi-pairs-v6-software-fixture,ded1ec639ff3e6fd5eba769d42db1ed36222a48af333a30a670254b30b164b74,620f300cbec1f56da4691882bc7dbe52593dc597fc62f6ae925c0f6ac72f1c6b,True,FORBIDDEN,0901433cbfe906073eae45118a1466e03afab04a766a3061a988ffe089ba4e01,9548a24a4faf5db17b5251df407b4402de033ae8648ec321c850fe6105002cf1,8128818d8ea8f5c3517d04da28955f010269df61e756429957a0a032386f6c51
fixture-bank-16:2:target-a:fixture-bank-16:p0007,geometry_destroyed,fixture-base-16,6d3bded649f75114964d0a093913f8b64d82aa2d460c1aef0d88d3cc6795f5ff,668aa1e4b33d38df51f3c5dfb22b1d9eb0dd680eb50ff3d4ee2f3bea8587c66b,csi-pairs-v6-software-fixture,ded1ec639ff3e6fd5eba769d42db1ed36222a48af333a30a670254b30b164b74,620f300cbec1f56da4691882bc7dbe52593dc597fc62f6ae925c0f6ac72f1c6b,True,FORBIDDEN,0901433cbfe906073eae45118a1466e03afab04a766a3061a988ffe089ba4e01,9548a24a4faf5db17b5251df407b4402de033ae8648ec321c850fe6105002cf1,8128818d8ea8f5c3517d04da28955f010269df61e756429957a0a032386f6c51
fixture-bank-16:2:target-a:fixture-bank-16:p0007,paired_active_alternative,fixture-base-16,e4d64cf26bec851e0163f1b51622c7a073fc8730f9da6393e327cba58d3ab99e,99ad10c860e8410cf77e29bbd0e9e0128e0faa1dcb91865155b10463b0fc3d56,csi-pairs-v6-software-fixture,ded1ec639ff3e6fd5eba769d42db1ed36222a48af333a30a670254b30b164b74,620f300cbec1f56da4691882bc7dbe52593dc597fc62f6ae925c0f6ac72f1c6b,True,FORBIDDEN,0901433cbfe906073eae45118a1466e03afab04a766a3061a988ffe089ba4e01,9548a24a4faf5db17b5251df407b4402de033ae8648ec321c850fe6105002cf1,8128818d8ea8f5c3517d04da28955f010269df61e756429957a0a032386f6c51
fixture-bank-16:2:target-a:fixture-bank-16:p0007,paired_null_alternative,fixture-base-16,f5927760d3b1814b4517f2d4ec916c38c996cc08756aa052f486f1e0d64db008,6953cb6341bf4ecdd063a238f2b5387c933f61d6ca9d0516528de2478e94f8d4,csi-pairs-v6-software-fixture,ded1ec639ff3e6fd5eba769d42db1ed36222a48af333a30a670254b30b164b74,620f300cbec1f56da4691882bc7dbe52593dc597fc62f6ae925c0f6ac72f1c6b,True,FORBIDDEN,0901433cbfe906073eae45118a1466e03afab04a766a3061a988ffe089ba4e01,9548a24a4faf5db17b5251df407b4402de033ae8648ec321c850fe6105002cf1,8128818d8ea8f5c3517d04da28955f010269df61e756429957a0a032386f6c51
fixture-bank-16:2:target-a:fixture-bank-16:p0007,wrong_city,fixture-base-16,f5927760d3b1814b4517f2d4ec916c38c996cc08756aa052f486f1e0d64db008,cd6fbc5fb7763b3b83939b07a307c9a94efa49be29a928c55fe2712340b36782,csi-pairs-v6-software-fixture,ded1ec639ff3e6fd5eba769d42db1ed36222a48af333a30a670254b30b164b74,620f300cbec1f56da4691882bc7dbe52593dc597fc62f6ae925c0f6ac72f1c6b,True,FORBIDDEN,0901433cbfe906073eae45118a1466e03afab04a766a3061a988ffe089ba4e01,9548a24a4faf5db17b5251df407b4402de033ae8648ec321c850fe6105002cf1,8128818d8ea8f5c3517d04da28955f010269df61e756429957a0a032386f6c51
fixture-bank-16:3:target-a:fixture-bank-16:p0006,correct,fixture-base-16,e4d64cf26bec851e0163f1b51622c7a073fc8730f9da6393e327cba58d3ab99e,23bc76fd36d1490877c3d533b77daa34101fee5b32e5371bb67f3a556051ad6d,csi-pairs-v6-software-fixture,ded1ec639ff3e6fd5eba769d42db1ed36222a48af333a30a670254b30b164b74,620f300cbec1f56da4691882bc7dbe52593dc597fc62f6ae925c0f6ac72f1c6b,True,FORBIDDEN,0901433cbfe906073eae45118a1466e03afab04a766a3061a988ffe089ba4e01,9548a24a4faf5db17b5251df407b4402de033ae8648ec321c850fe6105002cf1,8128818d8ea8f5c3517d04da28955f010269df61e756429957a0a032386f6c51
fixture-bank-16:3:target-a:fixture-bank-16:p0006,empty,fixture-base-16,80422bc3d307b4a25bdafcc84ac7fb01cb55a09810e8b0f37bb12e0edb5c48ca,9e55c822c8873725352f0c67ef4fee4f2aaffcd3ca9f5ff0b09459833c18bb65,csi-pairs-v6-software-fixture,ded1ec639ff3e6fd5eba769d42db1ed36222a48af333a30a670254b30b164b74,620f300cbec1f56da4691882bc7dbe52593dc597fc62f6ae925c0f6ac72f1c6b,True,FORBIDDEN,0901433cbfe906073eae45118a1466e03afab04a766a3061a988ffe089ba4e01,9548a24a4faf5db17b5251df407b4402de033ae8648ec321c850fe6105002cf1,8128818d8ea8f5c3517d04da28955f010269df61e756429957a0a032386f6c51
fixture-bank-16:3:target-a:fixture-bank-16:p0006,geometry_destroyed,fixture-base-16,877be1a759576b9755e2d2e31fc4ff3410858d4a3400147ee783391dd551189f,668aa1e4b33d38df51f3c5dfb22b1d9eb0dd680eb50ff3d4ee2f3bea8587c66b,csi-pairs-v6-software-fixture,ded1ec639ff3e6fd5eba769d42db1ed36222a48af333a30a670254b30b164b74,620f300cbec1f56da4691882bc7dbe52593dc597fc62f6ae925c0f6ac72f1c6b,True,FORBIDDEN,0901433cbfe906073eae45118a1466e03afab04a766a3061a988ffe089ba4e01,9548a24a4faf5db17b5251df407b4402de033ae8648ec321c850fe6105002cf1,8128818d8ea8f5c3517d04da28955f010269df61e756429957a0a032386f6c51
fixture-bank-16:3:target-a:fixture-bank-16:p0006,paired_active_alternative,fixture-base-16,8d2c6d3ad657216758cb61a91554f699ef6b692f87e6208b2f34dfa43603b79c,38d2eee754fa4712c9ba273f503f2bca683c5e736c80abf7050581ca94e9f1b7,csi-pairs-v6-software-fixture,ded1ec639ff3e6fd5eba769d42db1ed36222a48af333a30a670254b30b164b74,620f300cbec1f56da4691882bc7dbe52593dc597fc62f6ae925c0f6ac72f1c6b,True,FORBIDDEN,0901433cbfe906073eae45118a1466e03afab04a766a3061a988ffe089ba4e01,9548a24a4faf5db17b5251df407b4402de033ae8648ec321c850fe6105002cf1,8128818d8ea8f5c3517d04da28955f010269df61e756429957a0a032386f6c51
fixture-bank-16:3:target-a:fixture-bank-16:p0006,paired_null_alternative,fixture-base-16,43fc05ca825c7ff2e7c00c016f80b1cce1f9303158dc70eba6d35120eb50ac68,5e54c2ceb54dd41e805701d800c8d8cff642a41072c9d56e5235f3b2509e9288,csi-pairs-v6-software-fixture,ded1ec639ff3e6fd5eba769d42db1ed36222a48af333a30a670254b30b164b74,620f300cbec1f56da4691882bc7dbe52593dc597fc62f6ae925c0f6ac72f1c6b,True,FORBIDDEN,0901433cbfe906073eae45118a1466e03afab04a766a3061a988ffe089ba4e01,9548a24a4faf5db17b5251df407b4402de033ae8648ec321c850fe6105002cf1,8128818d8ea8f5c3517d04da28955f010269df61e756429957a0a032386f6c51
fixture-bank-16:3:target-a:fixture-bank-16:p0006,wrong_city,fixture-base-16,f5927760d3b1814b4517f2d4ec916c38c996cc08756aa052f486f1e0d64db008,cd6fbc5fb7763b3b83939b07a307c9a94efa49be29a928c55fe2712340b36782,csi-pairs-v6-software-fixture,ded1ec639ff3e6fd5eba769d42db1ed36222a48af333a30a670254b30b164b74,620f300cbec1f56da4691882bc7dbe52593dc597fc62f6ae925c0f6ac72f1c6b,True,FORBIDDEN,0901433cbfe906073eae45118a1466e03afab04a766a3061a988ffe089ba4e01,9548a24a4faf5db17b5251df407b4402de033ae8648ec321c850fe6105002cf1,8128818d8ea8f5c3517d04da28955f010269df61e756429957a0a032386f6c51
fixture-bank-16:3:target-a:fixture-bank-16:p0007,correct,fixture-base-16,e4d64cf26bec851e0163f1b51622c7a073fc8730f9da6393e327cba58d3ab99e,23bc76fd36d1490877c3d533b77daa34101fee5b32e5371bb67f3a556051ad6d,csi-pairs-v6-software-fixture,ded1ec639ff3e6fd5eba769d42db1ed36222a48af333a30a670254b30b164b74,620f300cbec1f56da4691882bc7dbe52593dc597fc62f6ae925c0f6ac72f1c6b,True,FORBIDDEN,0901433cbfe906073eae45118a1466e03afab04a766a3061a988ffe089ba4e01,9548a24a4faf5db17b5251df407b4402de033ae8648ec321c850fe6105002cf1,8128818d8ea8f5c3517d04da28955f010269df61e756429957a0a032386f6c51
fixture-bank-16:3:target-a:fixture-bank-16:p0007,empty,fixture-base-16,80422bc3d307b4a25bdafcc84ac7fb01cb55a09810e8b0f37bb12e0edb5c48ca,9e55c822c8873725352f0c67ef4fee4f2aaffcd3ca9f5ff0b09459833c18bb65,csi-pairs-v6-software-fixture,ded1ec639ff3e6fd5eba769d42db1ed36222a48af333a30a670254b30b164b74,620f300cbec1f56da4691882bc7dbe52593dc597fc62f6ae925c0f6ac72f1c6b,True,FORBIDDEN,0901433cbfe906073eae45118a1466e03afab04a766a3061a988ffe089ba4e01,9548a24a4faf5db17b5251df407b4402de033ae8648ec321c850fe6105002cf1,8128818d8ea8f5c3517d04da28955f010269df61e756429957a0a032386f6c51
fixture-bank-16:3:target-a:fixture-bank-16:p0007,geometry_destroyed,fixture-base-16,05d2f808e7a1023b0a448b43da5145ea7fa7ac6c3ec76d1db3ad0b990ab9fdb9,668aa1e4b33d38df51f3c5dfb22b1d9eb0dd680eb50ff3d4ee2f3bea8587c66b,csi-pairs-v6-software-fixture,ded1ec639ff3e6fd5eba769d42db1ed36222a48af333a30a670254b30b164b74,620f300cbec1f56da4691882bc7dbe52593dc597fc62f6ae925c0f6ac72f1c6b,True,FORBIDDEN,0901433cbfe906073eae45118a1466e03afab04a766a3061a988ffe089ba4e01,9548a24a4faf5db17b5251df407b4402de033ae8648ec321c850fe6105002cf1,8128818d8ea8f5c3517d04da28955f010269df61e756429957a0a032386f6c51
fixture-bank-16:3:target-a:fixture-bank-16:p0007,paired_active_alternative,fixture-base-16,8d2c6d3ad657216758cb61a91554f699ef6b692f87e6208b2f34dfa43603b79c,38d2eee754fa4712c9ba273f503f2bca683c5e736c80abf7050581ca94e9f1b7,csi-pairs-v6-software-fixture,ded1ec639ff3e6fd5eba769d42db1ed36222a48af333a30a670254b30b164b74,620f300cbec1f56da4691882bc7dbe52593dc597fc62f6ae925c0f6ac72f1c6b,True,FORBIDDEN,0901433cbfe906073eae45118a1466e03afab04a766a3061a988ffe089ba4e01,9548a24a4faf5db17b5251df407b4402de033ae8648ec321c850fe6105002cf1,8128818d8ea8f5c3517d04da28955f010269df61e756429957a0a032386f6c51
fixture-bank-16:3:target-a:fixture-bank-16:p0007,paired_null_alternative,fixture-base-16,43fc05ca825c7ff2e7c00c016f80b1cce1f9303158dc70eba6d35120eb50ac68,5e54c2ceb54dd41e805701d800c8d8cff642a41072c9d56e5235f3b2509e9288,csi-pairs-v6-software-fixture,ded1ec639ff3e6fd5eba769d42db1ed36222a48af333a30a670254b30b164b74,620f300cbec1f56da4691882bc7dbe52593dc597fc62f6ae925c0f6ac72f1c6b,True,FORBIDDEN,0901433cbfe906073eae45118a1466e03afab04a766a3061a988ffe089ba4e01,9548a24a4faf5db17b5251df407b4402de033ae8648ec321c850fe6105002cf1,8128818d8ea8f5c3517d04da28955f010269df61e756429957a0a032386f6c51
fixture-bank-16:3:target-a:fixture-bank-16:p0007,wrong_city,fixture-base-16,f5927760d3b1814b4517f2d4ec916c38c996cc08756aa052f486f1e0d64db008,cd6fbc5fb7763b3b83939b07a307c9a94efa49be29a928c55fe2712340b36782,csi-pairs-v6-software-fixture,ded1ec639ff3e6fd5eba769d42db1ed36222a48af333a30a670254b30b164b74,620f300cbec1f56da4691882bc7dbe52593dc597fc62f6ae925c0f6ac72f1c6b,True,FORBIDDEN,0901433cbfe906073eae45118a1466e03afab04a766a3061a988ffe089ba4e01,9548a24a4faf5db17b5251df407b4402de033ae8648ec321c850fe6105002cf1,8128818d8ea8f5c3517d04da28955f010269df61e756429957a0a032386f6c51
fixture-bank-17:0:target-b:fixture-bank-17:p0005,correct,fixture-base-17,ff963d85d64acc87d9746e75be8bdebfc2f1270f6df2973bbec8333c48c059de,23bc76fd36d1490877c3d533b77daa34101fee5b32e5371bb67f3a556051ad6d,csi-pairs-v6-software-fixture,ded1ec639ff3e6fd5eba769d42db1ed36222a48af333a30a670254b30b164b74,620f300cbec1f56da4691882bc7dbe52593dc597fc62f6ae925c0f6ac72f1c6b,True,FORBIDDEN,0901433cbfe906073eae45118a1466e03afab04a766a3061a988ffe089ba4e01,9548a24a4faf5db17b5251df407b4402de033ae8648ec321c850fe6105002cf1,8128818d8ea8f5c3517d04da28955f010269df61e756429957a0a032386f6c51
fixture-bank-17:0:target-b:fixture-bank-17:p0005,empty,fixture-base-17,80422bc3d307b4a25bdafcc84ac7fb01cb55a09810e8b0f37bb12e0edb5c48ca,9e55c822c8873725352f0c67ef4fee4f2aaffcd3ca9f5ff0b09459833c18bb65,csi-pairs-v6-software-fixture,ded1ec639ff3e6fd5eba769d42db1ed36222a48af333a30a670254b30b164b74,620f300cbec1f56da4691882bc7dbe52593dc597fc62f6ae925c0f6ac72f1c6b,True,FORBIDDEN,0901433cbfe906073eae45118a1466e03afab04a766a3061a988ffe089ba4e01,9548a24a4faf5db17b5251df407b4402de033ae8648ec321c850fe6105002cf1,8128818d8ea8f5c3517d04da28955f010269df61e756429957a0a032386f6c51
fixture-bank-17:0:target-b:fixture-bank-17:p0005,geometry_destroyed,fixture-base-17,29af6eaa57bd5d4f5e2102d87b61b2347f51442c81e9e77a21b65ea9eb9b6616,668aa1e4b33d38df51f3c5dfb22b1d9eb0dd680eb50ff3d4ee2f3bea8587c66b,csi-pairs-v6-software-fixture,ded1ec639ff3e6fd5eba769d42db1ed36222a48af333a30a670254b30b164b74,620f300cbec1f56da4691882bc7dbe52593dc597fc62f6ae925c0f6ac72f1c6b,True,FORBIDDEN,0901433cbfe906073eae45118a1466e03afab04a766a3061a988ffe089ba4e01,9548a24a4faf5db17b5251df407b4402de033ae8648ec321c850fe6105002cf1,8128818d8ea8f5c3517d04da28955f010269df61e756429957a0a032386f6c51
fixture-bank-17:0:target-b:fixture-bank-17:p0005,paired_active_alternative,fixture-base-17,d5562de0e2a83eb75a5283cc308d5029c8fdf9ff8641aa0a418d47978400e998,09b8d53d9054b3b88fa6808da7564d6310a6ecbb122ef08e91bee51e09c39608,csi-pairs-v6-software-fixture,ded1ec639ff3e6fd5eba769d42db1ed36222a48af333a30a670254b30b164b74,620f300cbec1f56da4691882bc7dbe52593dc597fc62f6ae925c0f6ac72f1c6b,True,FORBIDDEN,0901433cbfe906073eae45118a1466e03afab04a766a3061a988ffe089ba4e01,9548a24a4faf5db17b5251df407b4402de033ae8648ec321c850fe6105002cf1,8128818d8ea8f5c3517d04da28955f010269df61e756429957a0a032386f6c51
fixture-bank-17:0:target-b:fixture-bank-17:p0005,paired_null_alternative,fixture-base-17,951bcb74358e1e4e230d49916479269dba31a44b603453729743a4e281303dfc,66b48752aec25a0d8344e984c3ba90d195057d847f682c9cdb73f7d74e64056d,csi-pairs-v6-software-fixture,ded1ec639ff3e6fd5eba769d42db1ed36222a48af333a30a670254b30b164b74,620f300cbec1f56da4691882bc7dbe52593dc597fc62f6ae925c0f6ac72f1c6b,True,FORBIDDEN,0901433cbfe906073eae45118a1466e03afab04a766a3061a988ffe089ba4e01,9548a24a4faf5db17b5251df407b4402de033ae8648ec321c850fe6105002cf1,8128818d8ea8f5c3517d04da28955f010269df61e756429957a0a032386f6c51
fixture-bank-17:0:target-b:fixture-bank-17:p0005,wrong_city,fixture-base-17,f5927760d3b1814b4517f2d4ec916c38c996cc08756aa052f486f1e0d64db008,cd6fbc5fb7763b3b83939b07a307c9a94efa49be29a928c55fe2712340b36782,csi-pairs-v6-software-fixture,ded1ec639ff3e6fd5eba769d42db1ed36222a48af333a30a670254b30b164b74,620f300cbec1f56da4691882bc7dbe52593dc597fc62f6ae925c0f6ac72f1c6b,True,FORBIDDEN,0901433cbfe906073eae45118a1466e03afab04a766a3061a988ffe089ba4e01,9548a24a4faf5db17b5251df407b4402de033ae8648ec321c850fe6105002cf1,8128818d8ea8f5c3517d04da28955f010269df61e756429957a0a032386f6c51
fixture-bank-17:0:target-b:fixture-bank-17:p0006,correct,fixture-base-17,ff963d85d64acc87d9746e75be8bdebfc2f1270f6df2973bbec8333c48c059de,23bc76fd36d1490877c3d533b77daa34101fee5b32e5371bb67f3a556051ad6d,csi-pairs-v6-software-fixture,ded1ec639ff3e6fd5eba769d42db1ed36222a48af333a30a670254b30b164b74,620f300cbec1f56da4691882bc7dbe52593dc597fc62f6ae925c0f6ac72f1c6b,True,FORBIDDEN,0901433cbfe906073eae45118a1466e03afab04a766a3061a988ffe089ba4e01,9548a24a4faf5db17b5251df407b4402de033ae8648ec321c850fe6105002cf1,8128818d8ea8f5c3517d04da28955f010269df61e756429957a0a032386f6c51
fixture-bank-17:0:target-b:fixture-bank-17:p0006,empty,fixture-base-17,80422bc3d307b4a25bdafcc84ac7fb01cb55a09810e8b0f37bb12e0edb5c48ca,9e55c822c8873725352f0c67ef4fee4f2aaffcd3ca9f5ff0b09459833c18bb65,csi-pairs-v6-software-fixture,ded1ec639ff3e6fd5eba769d42db1ed36222a48af333a30a670254b30b164b74,620f300cbec1f56da4691882bc7dbe52593dc597fc62f6ae925c0f6ac72f1c6b,True,FORBIDDEN,0901433cbfe906073eae45118a1466e03afab04a766a3061a988ffe089ba4e01,9548a24a4faf5db17b5251df407b4402de033ae8648ec321c850fe6105002cf1,8128818d8ea8f5c3517d04da28955f010269df61e756429957a0a032386f6c51
fixture-bank-17:0:target-b:fixture-bank-17:p0006,geometry_destroyed,fixture-base-17,10d4de4e8351c622446d306c258cfd33c8779a8d6bfd04954b9d099acaea73d9,668aa1e4b33d38df51f3c5dfb22b1d9eb0dd680eb50ff3d4ee2f3bea8587c66b,csi-pairs-v6-software-fixture,ded1ec639ff3e6fd5eba769d42db1ed36222a48af333a30a670254b30b164b74,620f300cbec1f56da4691882bc7dbe52593dc597fc62f6ae925c0f6ac72f1c6b,True,FORBIDDEN,0901433cbfe906073eae45118a1466e03afab04a766a3061a988ffe089ba4e01,9548a24a4faf5db17b5251df407b4402de033ae8648ec321c850fe6105002cf1,8128818d8ea8f5c3517d04da28955f010269df61e756429957a0a032386f6c51
fixture-bank-17:0:target-b:fixture-bank-17:p0006,paired_active_alternative,fixture-base-17,951bcb74358e1e4e230d49916479269dba31a44b603453729743a4e281303dfc,5492e5d28505aa47172deba2c3d34393a12b275ce6a005157b638bc9dc6ff29f,csi-pairs-v6-software-fixture,ded1ec639ff3e6fd5eba769d42db1ed36222a48af333a30a670254b30b164b74,620f300cbec1f56da4691882bc7dbe52593dc597fc62f6ae925c0f6ac72f1c6b,True,FORBIDDEN,0901433cbfe906073eae45118a1466e03afab04a766a3061a988ffe089ba4e01,9548a24a4faf5db17b5251df407b4402de033ae8648ec321c850fe6105002cf1,8128818d8ea8f5c3517d04da28955f010269df61e756429957a0a032386f6c51
fixture-bank-17:0:target-b:fixture-bank-17:p0006,paired_null_alternative,fixture-base-17,d5562de0e2a83eb75a5283cc308d5029c8fdf9ff8641aa0a418d47978400e998,001759dc4c85eb3d880dc67f610f5efe56d770ebd1619d81f089c5439fd54906,csi-pairs-v6-software-fixture,ded1ec639ff3e6fd5eba769d42db1ed36222a48af333a30a670254b30b164b74,620f300cbec1f56da4691882bc7dbe52593dc597fc62f6ae925c0f6ac72f1c6b,True,FORBIDDEN,0901433cbfe906073eae45118a1466e03afab04a766a3061a988ffe089ba4e01,9548a24a4faf5db17b5251df407b4402de033ae8648ec321c850fe6105002cf1,8128818d8ea8f5c3517d04da28955f010269df61e756429957a0a032386f6c51
fixture-bank-17:0:target-b:fixture-bank-17:p0006,wrong_city,fixture-base-17,f5927760d3b1814b4517f2d4ec916c38c996cc08756aa052f486f1e0d64db008,cd6fbc5fb7763b3b83939b07a307c9a94efa49be29a928c55fe2712340b36782,csi-pairs-v6-software-fixture,ded1ec639ff3e6fd5eba769d42db1ed36222a48af333a30a670254b30b164b74,620f300cbec1f56da4691882bc7dbe52593dc597fc62f6ae925c0f6ac72f1c6b,True,FORBIDDEN,0901433cbfe906073eae45118a1466e03afab04a766a3061a988ffe089ba4e01,9548a24a4faf5db17b5251df407b4402de033ae8648ec321c850fe6105002cf1,8128818d8ea8f5c3517d04da28955f010269df61e756429957a0a032386f6c51
fixture-bank-17:0:target-b:fixture-bank-17:p0007,correct,fixture-base-17,ff963d85d64acc87d9746e75be8bdebfc2f1270f6df2973bbec8333c48c059de,23bc76fd36d1490877c3d533b77daa34101fee5b32e5371bb67f3a556051ad6d,csi-pairs-v6-software-fixture,ded1ec639ff3e6fd5eba769d42db1ed36222a48af333a30a670254b30b164b74,620f300cbec1f56da4691882bc7dbe52593dc597fc62f6ae925c0f6ac72f1c6b,True,FORBIDDEN,0901433cbfe906073eae45118a1466e03afab04a766a3061a988ffe089ba4e01,9548a24a4faf5db17b5251df407b4402de033ae8648ec321c850fe6105002cf1,8128818d8ea8f5c3517d04da28955f010269df61e756429957a0a032386f6c51
fixture-bank-17:0:target-b:fixture-bank-17:p0007,empty,fixture-base-17,80422bc3d307b4a25bdafcc84ac7fb01cb55a09810e8b0f37bb12e0edb5c48ca,9e55c822c8873725352f0c67ef4fee4f2aaffcd3ca9f5ff0b09459833c18bb65,csi-pairs-v6-software-fixture,ded1ec639ff3e6fd5eba769d42db1ed36222a48af333a30a670254b30b164b74,620f300cbec1f56da4691882bc7dbe52593dc597fc62f6ae925c0f6ac72f1c6b,True,FORBIDDEN,0901433cbfe906073eae45118a1466e03afab04a766a3061a988ffe089ba4e01,9548a24a4faf5db17b5251df407b4402de033ae8648ec321c850fe6105002cf1,8128818d8ea8f5c3517d04da28955f010269df61e756429957a0a032386f6c51
fixture-bank-17:0:target-b:fixture-bank-17:p0007,geometry_destroyed,fixture-base-17,822ba070e7365c87c44b18364f2fa5b3c1f9e49406d0c8e30d7a1099fa120513,668aa1e4b33d38df51f3c5dfb22b1d9eb0dd680eb50ff3d4ee2f3bea8587c66b,csi-pairs-v6-software-fixture,ded1ec639ff3e6fd5eba769d42db1ed36222a48af333a30a670254b30b164b74,620f300cbec1f56da4691882bc7dbe52593dc597fc62f6ae925c0f6ac72f1c6b,True,FORBIDDEN,0901433cbfe906073eae45118a1466e03afab04a766a3061a988ffe089ba4e01,9548a24a4faf5db17b5251df407b4402de033ae8648ec321c850fe6105002cf1,8128818d8ea8f5c3517d04da28955f010269df61e756429957a0a032386f6c51
fixture-bank-17:0:target-b:fixture-bank-17:p0007,paired_active_alternative,fixture-base-17,951bcb74358e1e4e230d49916479269dba31a44b603453729743a4e281303dfc,5492e5d28505aa47172deba2c3d34393a12b275ce6a005157b638bc9dc6ff29f,csi-pairs-v6-software-fixture,ded1ec639ff3e6fd5eba769d42db1ed36222a48af333a30a670254b30b164b74,620f300cbec1f56da4691882bc7dbe52593dc597fc62f6ae925c0f6ac72f1c6b,True,FORBIDDEN,0901433cbfe906073eae45118a1466e03afab04a766a3061a988ffe089ba4e01,9548a24a4faf5db17b5251df407b4402de033ae8648ec321c850fe6105002cf1,8128818d8ea8f5c3517d04da28955f010269df61e756429957a0a032386f6c51
fixture-bank-17:0:target-b:fixture-bank-17:p0007,paired_null_alternative,fixture-base-17,d5562de0e2a83eb75a5283cc308d5029c8fdf9ff8641aa0a418d47978400e998,001759dc4c85eb3d880dc67f610f5efe56d770ebd1619d81f089c5439fd54906,csi-pairs-v6-software-fixture,ded1ec639ff3e6fd5eba769d42db1ed36222a48af333a30a670254b30b164b74,620f300cbec1f56da4691882bc7dbe52593dc597fc62f6ae925c0f6ac72f1c6b,True,FORBIDDEN,0901433cbfe906073eae45118a1466e03afab04a766a3061a988ffe089ba4e01,9548a24a4faf5db17b5251df407b4402de033ae8648ec321c850fe6105002cf1,8128818d8ea8f5c3517d04da28955f010269df61e756429957a0a032386f6c51
fixture-bank-17:0:target-b:fixture-bank-17:p0007,wrong_city,fixture-base-17,f5927760d3b1814b4517f2d4ec916c38c996cc08756aa052f486f1e0d64db008,cd6fbc5fb7763b3b83939b07a307c9a94efa49be29a928c55fe2712340b36782,csi-pairs-v6-software-fixture,ded1ec639ff3e6fd5eba769d42db1ed36222a48af333a30a670254b30b164b74,620f300cbec1f56da4691882bc7dbe52593dc597fc62f6ae925c0f6ac72f1c6b,True,FORBIDDEN,0901433cbfe906073eae45118a1466e03afab04a766a3061a988ffe089ba4e01,9548a24a4faf5db17b5251df407b4402de033ae8648ec321c850fe6105002cf1,8128818d8ea8f5c3517d04da28955f010269df61e756429957a0a032386f6c51
fixture-bank-17:1:target-b:fixture-bank-17:p0005,correct,fixture-base-17,d5562de0e2a83eb75a5283cc308d5029c8fdf9ff8641aa0a418d47978400e998,23bc76fd36d1490877c3d533b77daa34101fee5b32e5371bb67f3a556051ad6d,csi-pairs-v6-software-fixture,ded1ec639ff3e6fd5eba769d42db1ed36222a48af333a30a670254b30b164b74,620f300cbec1f56da4691882bc7dbe52593dc597fc62f6ae925c0f6ac72f1c6b,True,FORBIDDEN,0901433cbfe906073eae45118a1466e03afab04a766a3061a988ffe089ba4e01,9548a24a4faf5db17b5251df407b4402de033ae8648ec321c850fe6105002cf1,8128818d8ea8f5c3517d04da28955f010269df61e756429957a0a032386f6c51
fixture-bank-17:1:target-b:fixture-bank-17:p0005,empty,fixture-base-17,80422bc3d307b4a25bdafcc84ac7fb01cb55a09810e8b0f37bb12e0edb5c48ca,9e55c822c8873725352f0c67ef4fee4f2aaffcd3ca9f5ff0b09459833c18bb65,csi-pairs-v6-software-fixture,ded1ec639ff3e6fd5eba769d42db1ed36222a48af333a30a670254b30b164b74,620f300cbec1f56da4691882bc7dbe52593dc597fc62f6ae925c0f6ac72f1c6b,True,FORBIDDEN,0901433cbfe906073eae45118a1466e03afab04a766a3061a988ffe089ba4e01,9548a24a4faf5db17b5251df407b4402de033ae8648ec321c850fe6105002cf1,8128818d8ea8f5c3517d04da28955f010269df61e756429957a0a032386f6c51
fixture-bank-17:1:target-b:fixture-bank-17:p0005,geometry_destroyed,fixture-base-17,1fc5242e3e4d0e1519f188095ee85fedbe86c05ca2f5de68a10acf8eef7aeafc,668aa1e4b33d38df51f3c5dfb22b1d9eb0dd680eb50ff3d4ee2f3bea8587c66b,csi-pairs-v6-software-fixture,ded1ec639ff3e6fd5eba769d42db1ed36222a48af333a30a670254b30b164b74,620f300cbec1f56da4691882bc7dbe52593dc597fc62f6ae925c0f6ac72f1c6b,True,FORBIDDEN,0901433cbfe906073eae45118a1466e03afab04a766a3061a988ffe089ba4e01,9548a24a4faf5db17b5251df407b4402de033ae8648ec321c850fe6105002cf1,8128818d8ea8f5c3517d04da28955f010269df61e756429957a0a032386f6c51
fixture-bank-17:1:target-b:fixture-bank-17:p0005,paired_active_alternative,fixture-base-17,ff963d85d64acc87d9746e75be8bdebfc2f1270f6df2973bbec8333c48c059de,fb993d1f20d994685cb542c26f2f4d2682566ab8aec49d8a92e473b2f6ecc204,csi-pairs-v6-software-fixture,ded1ec639ff3e6fd5eba769d42db1ed36222a48af333a30a670254b30b164b74,620f300cbec1f56da4691882bc7dbe52593dc597fc62f6ae925c0f6ac72f1c6b,True,FORBIDDEN,0901433cbfe906073eae45118a1466e03afab04a766a3061a988ffe089ba4e01,9548a24a4faf5db17b5251df407b4402de033ae8648ec321c850fe6105002cf1,8128818d8ea8f5c3517d04da28955f010269df61e756429957a0a032386f6c51
fixture-bank-17:1:target-b:fixture-bank-17:p0005,paired_null_alternative,fixture-base-17,73b7697b52607a165cb9ffaaa7e5afbfdfa002bc0fab1b1b612fc4d7517991ae,62d7305f77ded3a998ec5b0acdc984ac41047c78d79aa7accc173e097d8f5cb3,csi-pairs-v6-software-fixture,ded1ec639ff3e6fd5eba769d42db1ed36222a48af333a30a670254b30b164b74,620f300cbec1f56da4691882bc7dbe52593dc597fc62f6ae925c0f6ac72f1c6b,True,FORBIDDEN,0901433cbfe906073eae45118a1466e03afab04a766a3061a988ffe089ba4e01,9548a24a4faf5db17b5251df407b4402de033ae8648ec321c850fe6105002cf1,8128818d8ea8f5c3517d04da28955f010269df61e756429957a0a032386f6c51
fixture-bank-17:1:target-b:fixture-bank-17:p0005,wrong_city,fixture-base-17,f5927760d3b1814b4517f2d4ec916c38c996cc08756aa052f486f1e0d64db008,cd6fbc5fb7763b3b83939b07a307c9a94efa49be29a928c55fe2712340b36782,csi-pairs-v6-software-fixture,ded1ec639ff3e6fd5eba769d42db1ed36222a48af333a30a670254b30b164b74,620f300cbec1f56da4691882bc7dbe52593dc597fc62f6ae925c0f6ac72f1c6b,True,FORBIDDEN,0901433cbfe906073eae45118a1466e03afab04a766a3061a988ffe089ba4e01,9548a24a4faf5db17b5251df407b4402de033ae8648ec321c850fe6105002cf1,8128818d8ea8f5c3517d04da28955f010269df61e756429957a0a032386f6c51
fixture-bank-17:1:target-b:fixture-bank-17:p0006,correct,fixture-base-17,d5562de0e2a83eb75a5283cc308d5029c8fdf9ff8641aa0a418d47978400e998,23bc76fd36d1490877c3d533b77daa34101fee5b32e5371bb67f3a556051ad6d,csi-pairs-v6-software-fixture,ded1ec639ff3e6fd5eba769d42db1ed36222a48af333a30a670254b30b164b74,620f300cbec1f56da4691882bc7dbe52593dc597fc62f6ae925c0f6ac72f1c6b,True,FORBIDDEN,0901433cbfe906073eae45118a1466e03afab04a766a3061a988ffe089ba4e01,9548a24a4faf5db17b5251df407b4402de033ae8648ec321c850fe6105002cf1,8128818d8ea8f5c3517d04da28955f010269df61e756429957a0a032386f6c51
fixture-bank-17:1:target-b:fixture-bank-17:p0006,empty,fixture-base-17,80422bc3d307b4a25bdafcc84ac7fb01cb55a09810e8b0f37bb12e0edb5c48ca,9e55c822c8873725352f0c67ef4fee4f2aaffcd3ca9f5ff0b09459833c18bb65,csi-pairs-v6-software-fixture,ded1ec639ff3e6fd5eba769d42db1ed36222a48af333a30a670254b30b164b74,620f300cbec1f56da4691882bc7dbe52593dc597fc62f6ae925c0f6ac72f1c6b,True,FORBIDDEN,0901433cbfe906073eae45118a1466e03afab04a766a3061a988ffe089ba4e01,9548a24a4faf5db17b5251df407b4402de033ae8648ec321c850fe6105002cf1,8128818d8ea8f5c3517d04da28955f010269df61e756429957a0a032386f6c51
fixture-bank-17:1:target-b:fixture-bank-17:p0006,geometry_destroyed,fixture-base-17,68788d889856e25d41af36914243e283ac08f853c4b6db0124a3c71847357bf5,668aa1e4b33d38df51f3c5dfb22b1d9eb0dd680eb50ff3d4ee2f3bea8587c66b,csi-pairs-v6-software-fixture,ded1ec639ff3e6fd5eba769d42db1ed36222a48af333a30a670254b30b164b74,620f300cbec1f56da4691882bc7dbe52593dc597fc62f6ae925c0f6ac72f1c6b,True,FORBIDDEN,0901433cbfe906073eae45118a1466e03afab04a766a3061a988ffe089ba4e01,9548a24a4faf5db17b5251df407b4402de033ae8648ec321c850fe6105002cf1,8128818d8ea8f5c3517d04da28955f010269df61e756429957a0a032386f6c51
fixture-bank-17:1:target-b:fixture-bank-17:p0006,paired_active_alternative,fixture-base-17,73b7697b52607a165cb9ffaaa7e5afbfdfa002bc0fab1b1b612fc4d7517991ae,eb6f3d8398dcc28c7b1b0b6e56a090a6b00388520f1fe0c728bcbad0f02c09fd,csi-pairs-v6-software-fixture,ded1ec639ff3e6fd5eba769d42db1ed36222a48af333a30a670254b30b164b74,620f300cbec1f56da4691882bc7dbe52593dc597fc62f6ae925c0f6ac72f1c6b,True,FORBIDDEN,0901433cbfe906073eae45118a1466e03afab04a766a3061a988ffe089ba4e01,9548a24a4faf5db17b5251df407b4402de033ae8648ec321c850fe6105002cf1,8128818d8ea8f5c3517d04da28955f010269df61e756429957a0a032386f6c51
fixture-bank-17:1:target-b:fixture-bank-17:p0006,paired_null_alternative,fixture-base-17,ff963d85d64acc87d9746e75be8bdebfc2f1270f6df2973bbec8333c48c059de,0c3f8a7c10b57d102ecc75f1f5338d204d3b075da66df990e863e2b541992902,csi-pairs-v6-software-fixture,ded1ec639ff3e6fd5eba769d42db1ed36222a48af333a30a670254b30b164b74,620f300cbec1f56da4691882bc7dbe52593dc597fc62f6ae925c0f6ac72f1c6b,True,FORBIDDEN,0901433cbfe906073eae45118a1466e03afab04a766a3061a988ffe089ba4e01,9548a24a4faf5db17b5251df407b4402de033ae8648ec321c850fe6105002cf1,8128818d8ea8f5c3517d04da28955f010269df61e756429957a0a032386f6c51
fixture-bank-17:1:target-b:fixture-bank-17:p0006,wrong_city,fixture-base-17,f5927760d3b1814b4517f2d4ec916c38c996cc08756aa052f486f1e0d64db008,cd6fbc5fb7763b3b83939b07a307c9a94efa49be29a928c55fe2712340b36782,csi-pairs-v6-software-fixture,ded1ec639ff3e6fd5eba769d42db1ed36222a48af333a30a670254b30b164b74,620f300cbec1f56da4691882bc7dbe52593dc597fc62f6ae925c0f6ac72f1c6b,True,FORBIDDEN,0901433cbfe906073eae45118a1466e03afab04a766a3061a988ffe089ba4e01,9548a24a4faf5db17b5251df407b4402de033ae8648ec321c850fe6105002cf1,8128818d8ea8f5c3517d04da28955f010269df61e756429957a0a032386f6c51
fixture-bank-17:1:target-b:fixture-bank-17:p0007,correct,fixture-base-17,d5562de0e2a83eb75a5283cc308d5029c8fdf9ff8641aa0a418d47978400e998,23bc76fd36d1490877c3d533b77daa34101fee5b32e5371bb67f3a556051ad6d,csi-pairs-v6-software-fixture,ded1ec639ff3e6fd5eba769d42db1ed36222a48af333a30a670254b30b164b74,620f300cbec1f56da4691882bc7dbe52593dc597fc62f6ae925c0f6ac72f1c6b,True,FORBIDDEN,0901433cbfe906073eae45118a1466e03afab04a766a3061a988ffe089ba4e01,9548a24a4faf5db17b5251df407b4402de033ae8648ec321c850fe6105002cf1,8128818d8ea8f5c3517d04da28955f010269df61e756429957a0a032386f6c51
fixture-bank-17:1:target-b:fixture-bank-17:p0007,empty,fixture-base-17,80422bc3d307b4a25bdafcc84ac7fb01cb55a09810e8b0f37bb12e0edb5c48ca,9e55c822c8873725352f0c67ef4fee4f2aaffcd3ca9f5ff0b09459833c18bb65,csi-pairs-v6-software-fixture,ded1ec639ff3e6fd5eba769d42db1ed36222a48af333a30a670254b30b164b74,620f300cbec1f56da4691882bc7dbe52593dc597fc62f6ae925c0f6ac72f1c6b,True,FORBIDDEN,0901433cbfe906073eae45118a1466e03afab04a766a3061a988ffe089ba4e01,9548a24a4faf5db17b5251df407b4402de033ae8648ec321c850fe6105002cf1,8128818d8ea8f5c3517d04da28955f010269df61e756429957a0a032386f6c51
fixture-bank-17:1:target-b:fixture-bank-17:p0007,geometry_destroyed,fixture-base-17,97c295a65d90040a864b337c27769334ce5ac02c79fc634555c865b7ab5f7b3b,668aa1e4b33d38df51f3c5dfb22b1d9eb0dd680eb50ff3d4ee2f3bea8587c66b,csi-pairs-v6-software-fixture,ded1ec639ff3e6fd5eba769d42db1ed36222a48af333a30a670254b30b164b74,620f300cbec1f56da4691882bc7dbe52593dc597fc62f6ae925c0f6ac72f1c6b,True,FORBIDDEN,0901433cbfe906073eae45118a1466e03afab04a766a3061a988ffe089ba4e01,9548a24a4faf5db17b5251df407b4402de033ae8648ec321c850fe6105002cf1,8128818d8ea8f5c3517d04da28955f010269df61e756429957a0a032386f6c51
fixture-bank-17:1:target-b:fixture-bank-17:p0007,paired_active_alternative,fixture-base-17,73b7697b52607a165cb9ffaaa7e5afbfdfa002bc0fab1b1b612fc4d7517991ae,eb6f3d8398dcc28c7b1b0b6e56a090a6b00388520f1fe0c728bcbad0f02c09fd,csi-pairs-v6-software-fixture,ded1ec639ff3e6fd5eba769d42db1ed36222a48af333a30a670254b30b164b74,620f300cbec1f56da4691882bc7dbe52593dc597fc62f6ae925c0f6ac72f1c6b,True,FORBIDDEN,0901433cbfe906073eae45118a1466e03afab04a766a3061a988ffe089ba4e01,9548a24a4faf5db17b5251df407b4402de033ae8648ec321c850fe6105002cf1,8128818d8ea8f5c3517d04da28955f010269df61e756429957a0a032386f6c51
fixture-bank-17:1:target-b:fixture-bank-17:p0007,paired_null_alternative,fixture-base-17,ff963d85d64acc87d9746e75be8bdebfc2f1270f6df2973bbec8333c48c059de,0c3f8a7c10b57d102ecc75f1f5338d204d3b075da66df990e863e2b541992902,csi-pairs-v6-software-fixture,ded1ec639ff3e6fd5eba769d42db1ed36222a48af333a30a670254b30b164b74,620f300cbec1f56da4691882bc7dbe52593dc597fc62f6ae925c0f6ac72f1c6b,True,FORBIDDEN,0901433cbfe906073eae45118a1466e03afab04a766a3061a988ffe089ba4e01,9548a24a4faf5db17b5251df407b4402de033ae8648ec321c850fe6105002cf1,8128818d8ea8f5c3517d04da28955f010269df61e756429957a0a032386f6c51
fixture-bank-17:1:target-b:fixture-bank-17:p0007,wrong_city,fixture-base-17,f5927760d3b1814b4517f2d4ec916c38c996cc08756aa052f486f1e0d64db008,cd6fbc5fb7763b3b83939b07a307c9a94efa49be29a928c55fe2712340b36782,csi-pairs-v6-software-fixture,ded1ec639ff3e6fd5eba769d42db1ed36222a48af333a30a670254b30b164b74,620f300cbec1f56da4691882bc7dbe52593dc597fc62f6ae925c0f6ac72f1c6b,True,FORBIDDEN,0901433cbfe906073eae45118a1466e03afab04a766a3061a988ffe089ba4e01,9548a24a4faf5db17b5251df407b4402de033ae8648ec321c850fe6105002cf1,8128818d8ea8f5c3517d04da28955f010269df61e756429957a0a032386f6c51
fixture-bank-17:2:target-b:fixture-bank-17:p0005,correct,fixture-base-17,951bcb74358e1e4e230d49916479269dba31a44b603453729743a4e281303dfc,23bc76fd36d1490877c3d533b77daa34101fee5b32e5371bb67f3a556051ad6d,csi-pairs-v6-software-fixture,ded1ec639ff3e6fd5eba769d42db1ed36222a48af333a30a670254b30b164b74,620f300cbec1f56da4691882bc7dbe52593dc597fc62f6ae925c0f6ac72f1c6b,True,FORBIDDEN,0901433cbfe906073eae45118a1466e03afab04a766a3061a988ffe089ba4e01,9548a24a4faf5db17b5251df407b4402de033ae8648ec321c850fe6105002cf1,8128818d8ea8f5c3517d04da28955f010269df61e756429957a0a032386f6c51
fixture-bank-17:2:target-b:fixture-bank-17:p0005,empty,fixture-base-17,80422bc3d307b4a25bdafcc84ac7fb01cb55a09810e8b0f37bb12e0edb5c48ca,9e55c822c8873725352f0c67ef4fee4f2aaffcd3ca9f5ff0b09459833c18bb65,csi-pairs-v6-software-fixture,ded1ec639ff3e6fd5eba769d42db1ed36222a48af333a30a670254b30b164b74,620f300cbec1f56da4691882bc7dbe52593dc597fc62f6ae925c0f6ac72f1c6b,True,FORBIDDEN,0901433cbfe906073eae45118a1466e03afab04a766a3061a988ffe089ba4e01,9548a24a4faf5db17b5251df407b4402de033ae8648ec321c850fe6105002cf1,8128818d8ea8f5c3517d04da28955f010269df61e756429957a0a032386f6c51
fixture-bank-17:2:target-b:fixture-bank-17:p0005,geometry_destroyed,fixture-base-17,d6fd2275b97e1933d7ebb3fe086aaf2cfe74c7a12d79d8deed6f9efcee9aaf1c,668aa1e4b33d38df51f3c5dfb22b1d9eb0dd680eb50ff3d4ee2f3bea8587c66b,csi-pairs-v6-software-fixture,ded1ec639ff3e6fd5eba769d42db1ed36222a48af333a30a670254b30b164b74,620f300cbec1f56da4691882bc7dbe52593dc597fc62f6ae925c0f6ac72f1c6b,True,FORBIDDEN,0901433cbfe906073eae45118a1466e03afab04a766a3061a988ffe089ba4e01,9548a24a4faf5db17b5251df407b4402de033ae8648ec321c850fe6105002cf1,8128818d8ea8f5c3517d04da28955f010269df61e756429957a0a032386f6c51
fixture-bank-17:2:target-b:fixture-bank-17:p0005,paired_active_alternative,fixture-base-17,73b7697b52607a165cb9ffaaa7e5afbfdfa002bc0fab1b1b612fc4d7517991ae,9342cf861ca09ede8f2ad330b0a43fc44a87f29cd4b4f300a32223abbd8ff439,csi-pairs-v6-software-fixture,ded1ec639ff3e6fd5eba769d42db1ed36222a48af333a30a670254b30b164b74,620f300cbec1f56da4691882bc7dbe52593dc597fc62f6ae925c0f6ac72f1c6b,True,FORBIDDEN,0901433cbfe906073eae45118a1466e03afab04a766a3061a988ffe089ba4e01,9548a24a4faf5db17b5251df407b4402de033ae8648ec321c850fe6105002cf1,8128818d8ea8f5c3517d04da28955f010269df61e756429957a0a032386f6c51
fixture-bank-17:2:target-b:fixture-bank-17:p0005,paired_null_alternative,fixture-base-17,ff963d85d64acc87d9746e75be8bdebfc2f1270f6df2973bbec8333c48c059de,dc604e21f06e2238c055dda77df6b29500b87d1ccd6f1220d16d28e0132afd63,csi-pairs-v6-software-fixture,ded1ec639ff3e6fd5eba769d42db1ed36222a48af333a30a670254b30b164b74,620f300cbec1f56da4691882bc7dbe52593dc597fc62f6ae925c0f6ac72f1c6b,True,FORBIDDEN,0901433cbfe906073eae45118a1466e03afab04a766a3061a988ffe089ba4e01,9548a24a4faf5db17b5251df407b4402de033ae8648ec321c850fe6105002cf1,8128818d8ea8f5c3517d04da28955f010269df61e756429957a0a032386f6c51
fixture-bank-17:2:target-b:fixture-bank-17:p0005,wrong_city,fixture-base-17,f5927760d3b1814b4517f2d4ec916c38c996cc08756aa052f486f1e0d64db008,cd6fbc5fb7763b3b83939b07a307c9a94efa49be29a928c55fe2712340b36782,csi-pairs-v6-software-fixture,ded1ec639ff3e6fd5eba769d42db1ed36222a48af333a30a670254b30b164b74,620f300cbec1f56da4691882bc7dbe52593dc597fc62f6ae925c0f6ac72f1c6b,True,FORBIDDEN,0901433cbfe906073eae45118a1466e03afab04a766a3061a988ffe089ba4e01,9548a24a4faf5db17b5251df407b4402de033ae8648ec321c850fe6105002cf1,8128818d8ea8f5c3517d04da28955f010269df61e756429957a0a032386f6c51
fixture-bank-17:2:target-b:fixture-bank-17:p0006,correct,fixture-base-17,951bcb74358e1e4e230d49916479269dba31a44b603453729743a4e281303dfc,23bc76fd36d1490877c3d533b77daa34101fee5b32e5371bb67f3a556051ad6d,csi-pairs-v6-software-fixture,ded1ec639ff3e6fd5eba769d42db1ed36222a48af333a30a670254b30b164b74,620f300cbec1f56da4691882bc7dbe52593dc597fc62f6ae925c0f6ac72f1c6b,True,FORBIDDEN,0901433cbfe906073eae45118a1466e03afab04a766a3061a988ffe089ba4e01,9548a24a4faf5db17b5251df407b4402de033ae8648ec321c850fe6105002cf1,8128818d8ea8f5c3517d04da28955f010269df61e756429957a0a032386f6c51
fixture-bank-17:2:target-b:fixture-bank-17:p0006,empty,fixture-base-17,80422bc3d307b4a25bdafcc84ac7fb01cb55a09810e8b0f37bb12e0edb5c48ca,9e55c822c8873725352f0c67ef4fee4f2aaffcd3ca9f5ff0b09459833c18bb65,csi-pairs-v6-software-fixture,ded1ec639ff3e6fd5eba769d42db1ed36222a48af333a30a670254b30b164b74,620f300cbec1f56da4691882bc7dbe52593dc597fc62f6ae925c0f6ac72f1c6b,True,FORBIDDEN,0901433cbfe906073eae45118a1466e03afab04a766a3061a988ffe089ba4e01,9548a24a4faf5db17b5251df407b4402de033ae8648ec321c850fe6105002cf1,8128818d8ea8f5c3517d04da28955f010269df61e756429957a0a032386f6c51
fixture-bank-17:2:target-b:fixture-bank-17:p0006,geometry_destroyed,fixture-base-17,4c3839b87bff9d15cfa7a0644cbc27a54dc38526a909d109e22156aae771f51b,668aa1e4b33d38df51f3c5dfb22b1d9eb0dd680eb50ff3d4ee2f3bea8587c66b,csi-pairs-v6-software-fixture,ded1ec639ff3e6fd5eba769d42db1ed36222a48af333a30a670254b30b164b74,620f300cbec1f56da4691882bc7dbe52593dc597fc62f6ae925c0f6ac72f1c6b,True,FORBIDDEN,0901433cbfe906073eae45118a1466e03afab04a766a3061a988ffe089ba4e01,9548a24a4faf5db17b5251df407b4402de033ae8648ec321c850fe6105002cf1,8128818d8ea8f5c3517d04da28955f010269df61e756429957a0a032386f6c51
fixture-bank-17:2:target-b:fixture-bank-17:p0006,paired_active_alternative,fixture-base-17,ff963d85d64acc87d9746e75be8bdebfc2f1270f6df2973bbec8333c48c059de,0b31628d91747416d598239ad80b02ecfc0fae08307e393cee01fb056f795e98,csi-pairs-v6-software-fixture,ded1ec639ff3e6fd5eba769d42db1ed36222a48af333a30a670254b30b164b74,620f300cbec1f56da4691882bc7dbe52593dc597fc62f6ae925c0f6ac72f1c6b,True,FORBIDDEN,0901433cbfe906073eae45118a1466e03afab04a766a3061a988ffe089ba4e01,9548a24a4faf5db17b5251df407b4402de033ae8648ec321c850fe6105002cf1,8128818d8ea8f5c3517d04da28955f010269df61e756429957a0a032386f6c51
fixture-bank-17:2:target-b:fixture-bank-17:p0006,paired_null_alternative,fixture-base-17,73b7697b52607a165cb9ffaaa7e5afbfdfa002bc0fab1b1b612fc4d7517991ae,5fc3415ed5103230b624481971a0a9602b76f4a7dd5023483aded77a1c493001,csi-pairs-v6-software-fixture,ded1ec639ff3e6fd5eba769d42db1ed36222a48af333a30a670254b30b164b74,620f300cbec1f56da4691882bc7dbe52593dc597fc62f6ae925c0f6ac72f1c6b,True,FORBIDDEN,0901433cbfe906073eae45118a1466e03afab04a766a3061a988ffe089ba4e01,9548a24a4faf5db17b5251df407b4402de033ae8648ec321c850fe6105002cf1,8128818d8ea8f5c3517d04da28955f010269df61e756429957a0a032386f6c51
fixture-bank-17:2:target-b:fixture-bank-17:p0006,wrong_city,fixture-base-17,f5927760d3b1814b4517f2d4ec916c38c996cc08756aa052f486f1e0d64db008,cd6fbc5fb7763b3b83939b07a307c9a94efa49be29a928c55fe2712340b36782,csi-pairs-v6-software-fixture,ded1ec639ff3e6fd5eba769d42db1ed36222a48af333a30a670254b30b164b74,620f300cbec1f56da4691882bc7dbe52593dc597fc62f6ae925c0f6ac72f1c6b,True,FORBIDDEN,0901433cbfe906073eae45118a1466e03afab04a766a3061a988ffe089ba4e01,9548a24a4faf5db17b5251df407b4402de033ae8648ec321c850fe6105002cf1,8128818d8ea8f5c3517d04da28955f010269df61e756429957a0a032386f6c51
fixture-bank-17:2:target-b:fixture-bank-17:p0007,correct,fixture-base-17,951bcb74358e1e4e230d49916479269dba31a44b603453729743a4e281303dfc,23bc76fd36d1490877c3d533b77daa34101fee5b32e5371bb67f3a556051ad6d,csi-pairs-v6-software-fixture,ded1ec639ff3e6fd5eba769d42db1ed36222a48af333a30a670254b30b164b74,620f300cbec1f56da4691882bc7dbe52593dc597fc62f6ae925c0f6ac72f1c6b,True,FORBIDDEN,0901433cbfe906073eae45118a1466e03afab04a766a3061a988ffe089ba4e01,9548a24a4faf5db17b5251df407b4402de033ae8648ec321c850fe6105002cf1,8128818d8ea8f5c3517d04da28955f010269df61e756429957a0a032386f6c51
fixture-bank-17:2:target-b:fixture-bank-17:p0007,empty,fixture-base-17,80422bc3d307b4a25bdafcc84ac7fb01cb55a09810e8b0f37bb12e0edb5c48ca,9e55c822c8873725352f0c67ef4fee4f2aaffcd3ca9f5ff0b09459833c18bb65,csi-pairs-v6-software-fixture,ded1ec639ff3e6fd5eba769d42db1ed36222a48af333a30a670254b30b164b74,620f300cbec1f56da4691882bc7dbe52593dc597fc62f6ae925c0f6ac72f1c6b,True,FORBIDDEN,0901433cbfe906073eae45118a1466e03afab04a766a3061a988ffe089ba4e01,9548a24a4faf5db17b5251df407b4402de033ae8648ec321c850fe6105002cf1,8128818d8ea8f5c3517d04da28955f010269df61e756429957a0a032386f6c51
fixture-bank-17:2:target-b:fixture-bank-17:p0007,geometry_destroyed,fixture-base-17,dd0e3dbf3d85fac9f2460d5dbbed9494d97b66df95c301c7632a46c86a4e0d7e,668aa1e4b33d38df51f3c5dfb22b1d9eb0dd680eb50ff3d4ee2f3bea8587c66b,csi-pairs-v6-software-fixture,ded1ec639ff3e6fd5eba769d42db1ed36222a48af333a30a670254b30b164b74,620f300cbec1f56da4691882bc7dbe52593dc597fc62f6ae925c0f6ac72f1c6b,True,FORBIDDEN,0901433cbfe906073eae45118a1466e03afab04a766a3061a988ffe089ba4e01,9548a24a4faf5db17b5251df407b4402de033ae8648ec321c850fe6105002cf1,8128818d8ea8f5c3517d04da28955f010269df61e756429957a0a032386f6c51
fixture-bank-17:2:target-b:fixture-bank-17:p0007,paired_active_alternative,fixture-base-17,ff963d85d64acc87d9746e75be8bdebfc2f1270f6df2973bbec8333c48c059de,0b31628d91747416d598239ad80b02ecfc0fae08307e393cee01fb056f795e98,csi-pairs-v6-software-fixture,ded1ec639ff3e6fd5eba769d42db1ed36222a48af333a30a670254b30b164b74,620f300cbec1f56da4691882bc7dbe52593dc597fc62f6ae925c0f6ac72f1c6b,True,FORBIDDEN,0901433cbfe906073eae45118a1466e03afab04a766a3061a988ffe089ba4e01,9548a24a4faf5db17b5251df407b4402de033ae8648ec321c850fe6105002cf1,8128818d8ea8f5c3517d04da28955f010269df61e756429957a0a032386f6c51
fixture-bank-17:2:target-b:fixture-bank-17:p0007,paired_null_alternative,fixture-base-17,73b7697b52607a165cb9ffaaa7e5afbfdfa002bc0fab1b1b612fc4d7517991ae,5fc3415ed5103230b624481971a0a9602b76f4a7dd5023483aded77a1c493001,csi-pairs-v6-software-fixture,ded1ec639ff3e6fd5eba769d42db1ed36222a48af333a30a670254b30b164b74,620f300cbec1f56da4691882bc7dbe52593dc597fc62f6ae925c0f6ac72f1c6b,True,FORBIDDEN,0901433cbfe906073eae45118a1466e03afab04a766a3061a988ffe089ba4e01,9548a24a4faf5db17b5251df407b4402de033ae8648ec321c850fe6105002cf1,8128818d8ea8f5c3517d04da28955f010269df61e756429957a0a032386f6c51
fixture-bank-17:2:target-b:fixture-bank-17:p0007,wrong_city,fixture-base-17,f5927760d3b1814b4517f2d4ec916c38c996cc08756aa052f486f1e0d64db008,cd6fbc5fb7763b3b83939b07a307c9a94efa49be29a928c55fe2712340b36782,csi-pairs-v6-software-fixture,ded1ec639ff3e6fd5eba769d42db1ed36222a48af333a30a670254b30b164b74,620f300cbec1f56da4691882bc7dbe52593dc597fc62f6ae925c0f6ac72f1c6b,True,FORBIDDEN,0901433cbfe906073eae45118a1466e03afab04a766a3061a988ffe089ba4e01,9548a24a4faf5db17b5251df407b4402de033ae8648ec321c850fe6105002cf1,8128818d8ea8f5c3517d04da28955f010269df61e756429957a0a032386f6c51
fixture-bank-17:3:target-b:fixture-bank-17:p0005,correct,fixture-base-17,73b7697b52607a165cb9ffaaa7e5afbfdfa002bc0fab1b1b612fc4d7517991ae,23bc76fd36d1490877c3d533b77daa34101fee5b32e5371bb67f3a556051ad6d,csi-pairs-v6-software-fixture,ded1ec639ff3e6fd5eba769d42db1ed36222a48af333a30a670254b30b164b74,620f300cbec1f56da4691882bc7dbe52593dc597fc62f6ae925c0f6ac72f1c6b,True,FORBIDDEN,0901433cbfe906073eae45118a1466e03afab04a766a3061a988ffe089ba4e01,9548a24a4faf5db17b5251df407b4402de033ae8648ec321c850fe6105002cf1,8128818d8ea8f5c3517d04da28955f010269df61e756429957a0a032386f6c51
fixture-bank-17:3:target-b:fixture-bank-17:p0005,empty,fixture-base-17,80422bc3d307b4a25bdafcc84ac7fb01cb55a09810e8b0f37bb12e0edb5c48ca,9e55c822c8873725352f0c67ef4fee4f2aaffcd3ca9f5ff0b09459833c18bb65,csi-pairs-v6-software-fixture,ded1ec639ff3e6fd5eba769d42db1ed36222a48af333a30a670254b30b164b74,620f300cbec1f56da4691882bc7dbe52593dc597fc62f6ae925c0f6ac72f1c6b,True,FORBIDDEN,0901433cbfe906073eae45118a1466e03afab04a766a3061a988ffe089ba4e01,9548a24a4faf5db17b5251df407b4402de033ae8648ec321c850fe6105002cf1,8128818d8ea8f5c3517d04da28955f010269df61e756429957a0a032386f6c51
fixture-bank-17:3:target-b:fixture-bank-17:p0005,geometry_destroyed,fixture-base-17,6078334b41b4f87c08115429d57ff61a3ca9d912b2e8656836ed3359c849a2c2,668aa1e4b33d38df51f3c5dfb22b1d9eb0dd680eb50ff3d4ee2f3bea8587c66b,csi-pairs-v6-software-fixture,ded1ec639ff3e6fd5eba769d42db1ed36222a48af333a30a670254b30b164b74,620f300cbec1f56da4691882bc7dbe52593dc597fc62f6ae925c0f6ac72f1c6b,True,FORBIDDEN,0901433cbfe906073eae45118a1466e03afab04a766a3061a988ffe089ba4e01,9548a24a4faf5db17b5251df407b4402de033ae8648ec321c850fe6105002cf1,8128818d8ea8f5c3517d04da28955f010269df61e756429957a0a032386f6c51
fixture-bank-17:3:target-b:fixture-bank-17:p0005,paired_active_alternative,fixture-base-17,951bcb74358e1e4e230d49916479269dba31a44b603453729743a4e281303dfc,97b2eed7561b9b0b588bd3d6f9dddecdaffbb7108cdc42da9a790983014d7d96,csi-pairs-v6-software-fixture,ded1ec639ff3e6fd5eba769d42db1ed36222a48af333a30a670254b30b164b74,620f300cbec1f56da4691882bc7dbe52593dc597fc62f6ae925c0f6ac72f1c6b,True,FORBIDDEN,0901433cbfe906073eae45118a1466e03afab04a766a3061a988ffe089ba4e01,9548a24a4faf5db17b5251df407b4402de033ae8648ec321c850fe6105002cf1,8128818d8ea8f5c3517d04da28955f010269df61e756429957a0a032386f6c51
fixture-bank-17:3:target-b:fixture-bank-17:p0005,paired_null_alternative,fixture-base-17,d5562de0e2a83eb75a5283cc308d5029c8fdf9ff8641aa0a418d47978400e998,14f7b4bb8939321a89fa1b1e75fc43492f4b38d1db765e75a0137c831a245f58,csi-pairs-v6-software-fixture,ded1ec639ff3e6fd5eba769d42db1ed36222a48af333a30a670254b30b164b74,620f300cbec1f56da4691882bc7dbe52593dc597fc62f6ae925c0f6ac72f1c6b,True,FORBIDDEN,0901433cbfe906073eae45118a1466e03afab04a766a3061a988ffe089ba4e01,9548a24a4faf5db17b5251df407b4402de033ae8648ec321c850fe6105002cf1,8128818d8ea8f5c3517d04da28955f010269df61e756429957a0a032386f6c51
fixture-bank-17:3:target-b:fixture-bank-17:p0005,wrong_city,fixture-base-17,f5927760d3b1814b4517f2d4ec916c38c996cc08756aa052f486f1e0d64db008,cd6fbc5fb7763b3b83939b07a307c9a94efa49be29a928c55fe2712340b36782,csi-pairs-v6-software-fixture,ded1ec639ff3e6fd5eba769d42db1ed36222a48af333a30a670254b30b164b74,620f300cbec1f56da4691882bc7dbe52593dc597fc62f6ae925c0f6ac72f1c6b,True,FORBIDDEN,0901433cbfe906073eae45118a1466e03afab04a766a3061a988ffe089ba4e01,9548a24a4faf5db17b5251df407b4402de033ae8648ec321c850fe6105002cf1,8128818d8ea8f5c3517d04da28955f010269df61e756429957a0a032386f6c51
fixture-bank-17:3:target-b:fixture-bank-17:p0006,correct,fixture-base-17,73b7697b52607a165cb9ffaaa7e5afbfdfa002bc0fab1b1b612fc4d7517991ae,23bc76fd36d1490877c3d533b77daa34101fee5b32e5371bb67f3a556051ad6d,csi-pairs-v6-software-fixture,ded1ec639ff3e6fd5eba769d42db1ed36222a48af333a30a670254b30b164b74,620f300cbec1f56da4691882bc7dbe52593dc597fc62f6ae925c0f6ac72f1c6b,True,FORBIDDEN,0901433cbfe906073eae45118a1466e03afab04a766a3061a988ffe089ba4e01,9548a24a4faf5db17b5251df407b4402de033ae8648ec321c850fe6105002cf1,8128818d8ea8f5c3517d04da28955f010269df61e756429957a0a032386f6c51
fixture-bank-17:3:target-b:fixture-bank-17:p0006,empty,fixture-base-17,80422bc3d307b4a25bdafcc84ac7fb01cb55a09810e8b0f37bb12e0edb5c48ca,9e55c822c8873725352f0c67ef4fee4f2aaffcd3ca9f5ff0b09459833c18bb65,csi-pairs-v6-software-fixture,ded1ec639ff3e6fd5eba769d42db1ed36222a48af333a30a670254b30b164b74,620f300cbec1f56da4691882bc7dbe52593dc597fc62f6ae925c0f6ac72f1c6b,True,FORBIDDEN,0901433cbfe906073eae45118a1466e03afab04a766a3061a988ffe089ba4e01,9548a24a4faf5db17b5251df407b4402de033ae8648ec321c850fe6105002cf1,8128818d8ea8f5c3517d04da28955f010269df61e756429957a0a032386f6c51
fixture-bank-17:3:target-b:fixture-bank-17:p0006,geometry_destroyed,fixture-base-17,63f5c5a3f49f9d03250fb3864e414aecbe9214ae4a08bd62c205b6dd29f45fa6,668aa1e4b33d38df51f3c5dfb22b1d9eb0dd680eb50ff3d4ee2f3bea8587c66b,csi-pairs-v6-software-fixture,ded1ec639ff3e6fd5eba769d42db1ed36222a48af333a30a670254b30b164b74,620f300cbec1f56da4691882bc7dbe52593dc597fc62f6ae925c0f6ac72f1c6b,True,FORBIDDEN,0901433cbfe906073eae45118a1466e03afab04a766a3061a988ffe089ba4e01,9548a24a4faf5db17b5251df407b4402de033ae8648ec321c850fe6105002cf1,8128818d8ea8f5c3517d04da28955f010269df61e756429957a0a032386f6c51
fixture-bank-17:3:target-b:fixture-bank-17:p0006,paired_active_alternative,fixture-base-17,d5562de0e2a83eb75a5283cc308d5029c8fdf9ff8641aa0a418d47978400e998,206068a1ce872629c58e270c88b151c7dfc3808ae0bfc81c287415931ac1ed09,csi-pairs-v6-software-fixture,ded1ec639ff3e6fd5eba769d42db1ed36222a48af333a30a670254b30b164b74,620f300cbec1f56da4691882bc7dbe52593dc597fc62f6ae925c0f6ac72f1c6b,True,FORBIDDEN,0901433cbfe906073eae45118a1466e03afab04a766a3061a988ffe089ba4e01,9548a24a4faf5db17b5251df407b4402de033ae8648ec321c850fe6105002cf1,8128818d8ea8f5c3517d04da28955f010269df61e756429957a0a032386f6c51
fixture-bank-17:3:target-b:fixture-bank-17:p0006,paired_null_alternative,fixture-base-17,951bcb74358e1e4e230d49916479269dba31a44b603453729743a4e281303dfc,6b8479198747206bea03ca2071f5f5cbe29025498fdebfd3077e6a17c27b5927,csi-pairs-v6-software-fixture,ded1ec639ff3e6fd5eba769d42db1ed36222a48af333a30a670254b30b164b74,620f300cbec1f56da4691882bc7dbe52593dc597fc62f6ae925c0f6ac72f1c6b,True,FORBIDDEN,0901433cbfe906073eae45118a1466e03afab04a766a3061a988ffe089ba4e01,9548a24a4faf5db17b5251df407b4402de033ae8648ec321c850fe6105002cf1,8128818d8ea8f5c3517d04da28955f010269df61e756429957a0a032386f6c51
fixture-bank-17:3:target-b:fixture-bank-17:p0006,wrong_city,fixture-base-17,f5927760d3b1814b4517f2d4ec916c38c996cc08756aa052f486f1e0d64db008,cd6fbc5fb7763b3b83939b07a307c9a94efa49be29a928c55fe2712340b36782,csi-pairs-v6-software-fixture,ded1ec639ff3e6fd5eba769d42db1ed36222a48af333a30a670254b30b164b74,620f300cbec1f56da4691882bc7dbe52593dc597fc62f6ae925c0f6ac72f1c6b,True,FORBIDDEN,0901433cbfe906073eae45118a1466e03afab04a766a3061a988ffe089ba4e01,9548a24a4faf5db17b5251df407b4402de033ae8648ec321c850fe6105002cf1,8128818d8ea8f5c3517d04da28955f010269df61e756429957a0a032386f6c51
fixture-bank-17:3:target-b:fixture-bank-17:p0007,correct,fixture-base-17,73b7697b52607a165cb9ffaaa7e5afbfdfa002bc0fab1b1b612fc4d7517991ae,23bc76fd36d1490877c3d533b77daa34101fee5b32e5371bb67f3a556051ad6d,csi-pairs-v6-software-fixture,ded1ec639ff3e6fd5eba769d42db1ed36222a48af333a30a670254b30b164b74,620f300cbec1f56da4691882bc7dbe52593dc597fc62f6ae925c0f6ac72f1c6b,True,FORBIDDEN,0901433cbfe906073eae45118a1466e03afab04a766a3061a988ffe089ba4e01,9548a24a4faf5db17b5251df407b4402de033ae8648ec321c850fe6105002cf1,8128818d8ea8f5c3517d04da28955f010269df61e756429957a0a032386f6c51
fixture-bank-17:3:target-b:fixture-bank-17:p0007,empty,fixture-base-17,80422bc3d307b4a25bdafcc84ac7fb01cb55a09810e8b0f37bb12e0edb5c48ca,9e55c822c8873725352f0c67ef4fee4f2aaffcd3ca9f5ff0b09459833c18bb65,csi-pairs-v6-software-fixture,ded1ec639ff3e6fd5eba769d42db1ed36222a48af333a30a670254b30b164b74,620f300cbec1f56da4691882bc7dbe52593dc597fc62f6ae925c0f6ac72f1c6b,True,FORBIDDEN,0901433cbfe906073eae45118a1466e03afab04a766a3061a988ffe089ba4e01,9548a24a4faf5db17b5251df407b4402de033ae8648ec321c850fe6105002cf1,8128818d8ea8f5c3517d04da28955f010269df61e756429957a0a032386f6c51
fixture-bank-17:3:target-b:fixture-bank-17:p0007,geometry_destroyed,fixture-base-17,77adc81107c281bafad96878b3fffb22c66ad7050f09711e81a47c76663ba3ee,668aa1e4b33d38df51f3c5dfb22b1d9eb0dd680eb50ff3d4ee2f3bea8587c66b,csi-pairs-v6-software-fixture,ded1ec639ff3e6fd5eba769d42db1ed36222a48af333a30a670254b30b164b74,620f300cbec1f56da4691882bc7dbe52593dc597fc62f6ae925c0f6ac72f1c6b,True,FORBIDDEN,0901433cbfe906073eae45118a1466e03afab04a766a3061a988ffe089ba4e01,9548a24a4faf5db17b5251df407b4402de033ae8648ec321c850fe6105002cf1,8128818d8ea8f5c3517d04da28955f010269df61e756429957a0a032386f6c51
fixture-bank-17:3:target-b:fixture-bank-17:p0007,paired_active_alternative,fixture-base-17,d5562de0e2a83eb75a5283cc308d5029c8fdf9ff8641aa0a418d47978400e998,206068a1ce872629c58e270c88b151c7dfc3808ae0bfc81c287415931ac1ed09,csi-pairs-v6-software-fixture,ded1ec639ff3e6fd5eba769d42db1ed36222a48af333a30a670254b30b164b74,620f300cbec1f56da4691882bc7dbe52593dc597fc62f6ae925c0f6ac72f1c6b,True,FORBIDDEN,0901433cbfe906073eae45118a1466e03afab04a766a3061a988ffe089ba4e01,9548a24a4faf5db17b5251df407b4402de033ae8648ec321c850fe6105002cf1,8128818d8ea8f5c3517d04da28955f010269df61e756429957a0a032386f6c51
fixture-bank-17:3:target-b:fixture-bank-17:p0007,paired_null_alternative,fixture-base-17,951bcb74358e1e4e230d49916479269dba31a44b603453729743a4e281303dfc,6b8479198747206bea03ca2071f5f5cbe29025498fdebfd3077e6a17c27b5927,csi-pairs-v6-software-fixture,ded1ec639ff3e6fd5eba769d42db1ed36222a48af333a30a670254b30b164b74,620f300cbec1f56da4691882bc7dbe52593dc597fc62f6ae925c0f6ac72f1c6b,True,FORBIDDEN,0901433cbfe906073eae45118a1466e03afab04a766a3061a988ffe089ba4e01,9548a24a4faf5db17b5251df407b4402de033ae8648ec321c850fe6105002cf1,8128818d8ea8f5c3517d04da28955f010269df61e756429957a0a032386f6c51
fixture-bank-17:3:target-b:fixture-bank-17:p0007,wrong_city,fixture-base-17,f5927760d3b1814b4517f2d4ec916c38c996cc08756aa052f486f1e0d64db008,cd6fbc5fb7763b3b83939b07a307c9a94efa49be29a928c55fe2712340b36782,csi-pairs-v6-software-fixture,ded1ec639ff3e6fd5eba769d42db1ed36222a48af333a30a670254b30b164b74,620f300cbec1f56da4691882bc7dbe52593dc597fc62f6ae925c0f6ac72f1c6b,True,FORBIDDEN,0901433cbfe906073eae45118a1466e03afab04a766a3061a988ffe089ba4e01,9548a24a4faf5db17b5251df407b4402de033ae8648ec321c850fe6105002cf1,8128818d8ea8f5c3517d04da28955f010269df61e756429957a0a032386f6c51
