scene_id,bank_id,method,stratum,n,physical_patch_delta_nmse,artifact_label,dataset_sha256,config_sha256,fixture,scientific_use,source_tree_sha256,requirements_lock_sha256,runtime_provenance_sha256
osm-sionna-source-chicago-bank-16,osm-sionna-source-chicago-bank-16,no_x,all,262144,0.8586646982554893,csi-pairs-formal-v2.1-v6,060d8671380acaf43bd0beb2c77ac5c6ec112e4ddc083451ab36a5916b7c9cac,ce0d6de3d77ed6edde2c9eca5f7ce4ab92c262b63ce50b25113c1cffc8a3ca46,False,FORMAL_EXPERIMENT_ALLOWED,c63b699ed767134007e47157a733f68e4c31de8be4ca0c30d71ec46a08b85621,9548a24a4faf5db17b5251df407b4402de033ae8648ec321c850fe6105002cf1,f03e9b40548b237a49c65fc91de8d79034f2eebff1da0442b6af685a9adf95bd
osm-sionna-source-chicago-bank-16,osm-sionna-source-chicago-bank-16,no_x,active,49152,0.8432393024432838,csi-pairs-formal-v2.1-v6,060d8671380acaf43bd0beb2c77ac5c6ec112e4ddc083451ab36a5916b7c9cac,ce0d6de3d77ed6edde2c9eca5f7ce4ab92c262b63ce50b25113c1cffc8a3ca46,False,FORMAL_EXPERIMENT_ALLOWED,c63b699ed767134007e47157a733f68e4c31de8be4ca0c30d71ec46a08b85621,9548a24a4faf5db17b5251df407b4402de033ae8648ec321c850fe6105002cf1,f03e9b40548b237a49c65fc91de8d79034f2eebff1da0442b6af685a9adf95bd
osm-sionna-source-chicago-bank-16,osm-sionna-source-chicago-bank-16,no_x,null,212992,,csi-pairs-formal-v2.1-v6,060d8671380acaf43bd0beb2c77ac5c6ec112e4ddc083451ab36a5916b7c9cac,ce0d6de3d77ed6edde2c9eca5f7ce4ab92c262b63ce50b25113c1cffc8a3ca46,False,FORMAL_EXPERIMENT_ALLOWED,c63b699ed767134007e47157a733f68e4c31de8be4ca0c30d71ec46a08b85621,9548a24a4faf5db17b5251df407b4402de033ae8648ec321c850fe6105002cf1,f03e9b40548b237a49c65fc91de8d79034f2eebff1da0442b6af685a9adf95bd
osm-sionna-source-chicago-bank-16,osm-sionna-source-chicago-bank-16,oracle_x,all,262144,0.7976336881534201,csi-pairs-formal-v2.1-v6,060d8671380acaf43bd0beb2c77ac5c6ec112e4ddc083451ab36a5916b7c9cac,ce0d6de3d77ed6edde2c9eca5f7ce4ab92c262b63ce50b25113c1cffc8a3ca46,False,FORMAL_EXPERIMENT_ALLOWED,c63b699ed767134007e47157a733f68e4c31de8be4ca0c30d71ec46a08b85621,9548a24a4faf5db17b5251df407b4402de033ae8648ec321c850fe6105002cf1,f03e9b40548b237a49c65fc91de8d79034f2eebff1da0442b6af685a9adf95bd
osm-sionna-source-chicago-bank-16,osm-sionna-source-chicago-bank-16,oracle_x,active,49152,0.7976336881534201,csi-pairs-formal-v2.1-v6,060d8671380acaf43bd0beb2c77ac5c6ec112e4ddc083451ab36a5916b7c9cac,ce0d6de3d77ed6edde2c9eca5f7ce4ab92c262b63ce50b25113c1cffc8a3ca46,False,FORMAL_EXPERIMENT_ALLOWED,c63b699ed767134007e47157a733f68e4c31de8be4ca0c30d71ec46a08b85621,9548a24a4faf5db17b5251df407b4402de033ae8648ec321c850fe6105002cf1,f03e9b40548b237a49c65fc91de8d79034f2eebff1da0442b6af685a9adf95bd
osm-sionna-source-chicago-bank-16,osm-sionna-source-chicago-bank-16,oracle_x,null,212992,,csi-pairs-formal-v2.1-v6,060d8671380acaf43bd0beb2c77ac5c6ec112e4ddc083451ab36a5916b7c9cac,ce0d6de3d77ed6edde2c9eca5f7ce4ab92c262b63ce50b25113c1cffc8a3ca46,False,FORMAL_EXPERIMENT_ALLOWED,c63b699ed767134007e47157a733f68e4c31de8be4ca0c30d71ec46a08b85621,9548a24a4faf5db17b5251df407b4402de033ae8648ec321c850fe6105002cf1,f03e9b40548b237a49c65fc91de8d79034f2eebff1da0442b6af685a9adf95bd
osm-sionna-source-chicago-bank-16,osm-sionna-source-chicago-bank-16,map_edit_only,all,262144,0.9998906354944013,csi-pairs-formal-v2.1-v6,060d8671380acaf43bd0beb2c77ac5c6ec112e4ddc083451ab36a5916b7c9cac,ce0d6de3d77ed6edde2c9eca5f7ce4ab92c262b63ce50b25113c1cffc8a3ca46,False,FORMAL_EXPERIMENT_ALLOWED,c63b699ed767134007e47157a733f68e4c31de8be4ca0c30d71ec46a08b85621,9548a24a4faf5db17b5251df407b4402de033ae8648ec321c850fe6105002cf1,f03e9b40548b237a49c65fc91de8d79034f2eebff1da0442b6af685a9adf95bd
osm-sionna-source-chicago-bank-16,osm-sionna-source-chicago-bank-16,map_edit_only,active,49152,0.9998150394719664,csi-pairs-formal-v2.1-v6,060d8671380acaf43bd0beb2c77ac5c6ec112e4ddc083451ab36a5916b7c9cac,ce0d6de3d77ed6edde2c9eca5f7ce4ab92c262b63ce50b25113c1cffc8a3ca46,False,FORMAL_EXPERIMENT_ALLOWED,c63b699ed767134007e47157a733f68e4c31de8be4ca0c30d71ec46a08b85621,9548a24a4faf5db17b5251df407b4402de033ae8648ec321c850fe6105002cf1,f03e9b40548b237a49c65fc91de8d79034f2eebff1da0442b6af685a9adf95bd
osm-sionna-source-chicago-bank-16,osm-sionna-source-chicago-bank-16,map_edit_only,null,212992,,csi-pairs-formal-v2.1-v6,060d8671380acaf43bd0beb2c77ac5c6ec112e4ddc083451ab36a5916b7c9cac,ce0d6de3d77ed6edde2c9eca5f7ce4ab92c262b63ce50b25113c1cffc8a3ca46,False,FORMAL_EXPERIMENT_ALLOWED,c63b699ed767134007e47157a733f68e4c31de8be4ca0c30d71ec46a08b85621,9548a24a4faf5db17b5251df407b4402de033ae8648ec321c850fe6105002cf1,f03e9b40548b237a49c65fc91de8d79034f2eebff1da0442b6af685a9adf95bd
osm-sionna-source-chicago-bank-16,osm-sionna-source-chicago-bank-16,csi_only,all,262144,0.9988640078452599,csi-pairs-formal-v2.1-v6,060d8671380acaf43bd0beb2c77ac5c6ec112e4ddc083451ab36a5916b7c9cac,ce0d6de3d77ed6edde2c9eca5f7ce4ab92c262b63ce50b25113c1cffc8a3ca46,False,FORMAL_EXPERIMENT_ALLOWED,c63b699ed767134007e47157a733f68e4c31de8be4ca0c30d71ec46a08b85621,9548a24a4faf5db17b5251df407b4402de033ae8648ec321c850fe6105002cf1,f03e9b40548b237a49c65fc91de8d79034f2eebff1da0442b6af685a9adf95bd
osm-sionna-source-chicago-bank-16,osm-sionna-source-chicago-bank-16,csi_only,active,49152,0.9986550825508322,csi-pairs-formal-v2.1-v6,060d8671380acaf43bd0beb2c77ac5c6ec112e4ddc083451ab36a5916b7c9cac,ce0d6de3d77ed6edde2c9eca5f7ce4ab92c262b63ce50b25113c1cffc8a3ca46,False,FORMAL_EXPERIMENT_ALLOWED,c63b699ed767134007e47157a733f68e4c31de8be4ca0c30d71ec46a08b85621,9548a24a4faf5db17b5251df407b4402de033ae8648ec321c850fe6105002cf1,f03e9b40548b237a49c65fc91de8d79034f2eebff1da0442b6af685a9adf95bd
osm-sionna-source-chicago-bank-16,osm-sionna-source-chicago-bank-16,csi_only,null,212992,,csi-pairs-formal-v2.1-v6,060d8671380acaf43bd0beb2c77ac5c6ec112e4ddc083451ab36a5916b7c9cac,ce0d6de3d77ed6edde2c9eca5f7ce4ab92c262b63ce50b25113c1cffc8a3ca46,False,FORMAL_EXPERIMENT_ALLOWED,c63b699ed767134007e47157a733f68e4c31de8be4ca0c30d71ec46a08b85621,9548a24a4faf5db17b5251df407b4402de033ae8648ec321c850fe6105002cf1,f03e9b40548b237a49c65fc91de8d79034f2eebff1da0442b6af685a9adf95bd
osm-sionna-source-chicago-bank-16,osm-sionna-source-chicago-bank-16,variant_id_only,all,262144,1.0000035817282655,csi-pairs-formal-v2.1-v6,060d8671380acaf43bd0beb2c77ac5c6ec112e4ddc083451ab36a5916b7c9cac,ce0d6de3d77ed6edde2c9eca5f7ce4ab92c262b63ce50b25113c1cffc8a3ca46,False,FORMAL_EXPERIMENT_ALLOWED,c63b699ed767134007e47157a733f68e4c31de8be4ca0c30d71ec46a08b85621,9548a24a4faf5db17b5251df407b4402de033ae8648ec321c850fe6105002cf1,f03e9b40548b237a49c65fc91de8d79034f2eebff1da0442b6af685a9adf95bd
osm-sionna-source-chicago-bank-16,osm-sionna-source-chicago-bank-16,variant_id_only,active,49152,0.999999467303728,csi-pairs-formal-v2.1-v6,060d8671380acaf43bd0beb2c77ac5c6ec112e4ddc083451ab36a5916b7c9cac,ce0d6de3d77ed6edde2c9eca5f7ce4ab92c262b63ce50b25113c1cffc8a3ca46,False,FORMAL_EXPERIMENT_ALLOWED,c63b699ed767134007e47157a733f68e4c31de8be4ca0c30d71ec46a08b85621,9548a24a4faf5db17b5251df407b4402de033ae8648ec321c850fe6105002cf1,f03e9b40548b237a49c65fc91de8d79034f2eebff1da0442b6af685a9adf95bd
osm-sionna-source-chicago-bank-16,osm-sionna-source-chicago-bank-16,variant_id_only,null,212992,,csi-pairs-formal-v2.1-v6,060d8671380acaf43bd0beb2c77ac5c6ec112e4ddc083451ab36a5916b7c9cac,ce0d6de3d77ed6edde2c9eca5f7ce4ab92c262b63ce50b25113c1cffc8a3ca46,False,FORMAL_EXPERIMENT_ALLOWED,c63b699ed767134007e47157a733f68e4c31de8be4ca0c30d71ec46a08b85621,9548a24a4faf5db17b5251df407b4402de033ae8648ec321c850fe6105002cf1,f03e9b40548b237a49c65fc91de8d79034f2eebff1da0442b6af685a9adf95bd
osm-sionna-source-chicago-bank-16,osm-sionna-source-chicago-bank-16,copy,all,262144,1.0,csi-pairs-formal-v2.1-v6,060d8671380acaf43bd0beb2c77ac5c6ec112e4ddc083451ab36a5916b7c9cac,ce0d6de3d77ed6edde2c9eca5f7ce4ab92c262b63ce50b25113c1cffc8a3ca46,False,FORMAL_EXPERIMENT_ALLOWED,c63b699ed767134007e47157a733f68e4c31de8be4ca0c30d71ec46a08b85621,9548a24a4faf5db17b5251df407b4402de033ae8648ec321c850fe6105002cf1,f03e9b40548b237a49c65fc91de8d79034f2eebff1da0442b6af685a9adf95bd
osm-sionna-source-chicago-bank-16,osm-sionna-source-chicago-bank-16,copy,active,49152,1.0,csi-pairs-formal-v2.1-v6,060d8671380acaf43bd0beb2c77ac5c6ec112e4ddc083451ab36a5916b7c9cac,ce0d6de3d77ed6edde2c9eca5f7ce4ab92c262b63ce50b25113c1cffc8a3ca46,False,FORMAL_EXPERIMENT_ALLOWED,c63b699ed767134007e47157a733f68e4c31de8be4ca0c30d71ec46a08b85621,9548a24a4faf5db17b5251df407b4402de033ae8648ec321c850fe6105002cf1,f03e9b40548b237a49c65fc91de8d79034f2eebff1da0442b6af685a9adf95bd
osm-sionna-source-chicago-bank-16,osm-sionna-source-chicago-bank-16,copy,null,212992,,csi-pairs-formal-v2.1-v6,060d8671380acaf43bd0beb2c77ac5c6ec112e4ddc083451ab36a5916b7c9cac,ce0d6de3d77ed6edde2c9eca5f7ce4ab92c262b63ce50b25113c1cffc8a3ca46,False,FORMAL_EXPERIMENT_ALLOWED,c63b699ed767134007e47157a733f68e4c31de8be4ca0c30d71ec46a08b85621,9548a24a4faf5db17b5251df407b4402de033ae8648ec321c850fe6105002cf1,f03e9b40548b237a49c65fc91de8d79034f2eebff1da0442b6af685a9adf95bd
osm-sionna-source-chicago-bank-16,osm-sionna-source-chicago-bank-16,no_action,all,262144,1.0,csi-pairs-formal-v2.1-v6,060d8671380acaf43bd0beb2c77ac5c6ec112e4ddc083451ab36a5916b7c9cac,ce0d6de3d77ed6edde2c9eca5f7ce4ab92c262b63ce50b25113c1cffc8a3ca46,False,FORMAL_EXPERIMENT_ALLOWED,c63b699ed767134007e47157a733f68e4c31de8be4ca0c30d71ec46a08b85621,9548a24a4faf5db17b5251df407b4402de033ae8648ec321c850fe6105002cf1,f03e9b40548b237a49c65fc91de8d79034f2eebff1da0442b6af685a9adf95bd
osm-sionna-source-chicago-bank-16,osm-sionna-source-chicago-bank-16,no_action,active,49152,1.0,csi-pairs-formal-v2.1-v6,060d8671380acaf43bd0beb2c77ac5c6ec112e4ddc083451ab36a5916b7c9cac,ce0d6de3d77ed6edde2c9eca5f7ce4ab92c262b63ce50b25113c1cffc8a3ca46,False,FORMAL_EXPERIMENT_ALLOWED,c63b699ed767134007e47157a733f68e4c31de8be4ca0c30d71ec46a08b85621,9548a24a4faf5db17b5251df407b4402de033ae8648ec321c850fe6105002cf1,f03e9b40548b237a49c65fc91de8d79034f2eebff1da0442b6af685a9adf95bd
osm-sionna-source-chicago-bank-16,osm-sionna-source-chicago-bank-16,no_action,null,212992,,csi-pairs-formal-v2.1-v6,060d8671380acaf43bd0beb2c77ac5c6ec112e4ddc083451ab36a5916b7c9cac,ce0d6de3d77ed6edde2c9eca5f7ce4ab92c262b63ce50b25113c1cffc8a3ca46,False,FORMAL_EXPERIMENT_ALLOWED,c63b699ed767134007e47157a733f68e4c31de8be4ca0c30d71ec46a08b85621,9548a24a4faf5db17b5251df407b4402de033ae8648ec321c850fe6105002cf1,f03e9b40548b237a49c65fc91de8d79034f2eebff1da0442b6af685a9adf95bd
osm-sionna-source-chicago-bank-16,osm-sionna-source-chicago-bank-16,action_swap,all,262144,1.1499956201943171,csi-pairs-formal-v2.1-v6,060d8671380acaf43bd0beb2c77ac5c6ec112e4ddc083451ab36a5916b7c9cac,ce0d6de3d77ed6edde2c9eca5f7ce4ab92c262b63ce50b25113c1cffc8a3ca46,False,FORMAL_EXPERIMENT_ALLOWED,c63b699ed767134007e47157a733f68e4c31de8be4ca0c30d71ec46a08b85621,9548a24a4faf5db17b5251df407b4402de033ae8648ec321c850fe6105002cf1,f03e9b40548b237a49c65fc91de8d79034f2eebff1da0442b6af685a9adf95bd
osm-sionna-source-chicago-bank-16,osm-sionna-source-chicago-bank-16,action_swap,active,49152,1.040008083621623,csi-pairs-formal-v2.1-v6,060d8671380acaf43bd0beb2c77ac5c6ec112e4ddc083451ab36a5916b7c9cac,ce0d6de3d77ed6edde2c9eca5f7ce4ab92c262b63ce50b25113c1cffc8a3ca46,False,FORMAL_EXPERIMENT_ALLOWED,c63b699ed767134007e47157a733f68e4c31de8be4ca0c30d71ec46a08b85621,9548a24a4faf5db17b5251df407b4402de033ae8648ec321c850fe6105002cf1,f03e9b40548b237a49c65fc91de8d79034f2eebff1da0442b6af685a9adf95bd
osm-sionna-source-chicago-bank-16,osm-sionna-source-chicago-bank-16,action_swap,null,212992,,csi-pairs-formal-v2.1-v6,060d8671380acaf43bd0beb2c77ac5c6ec112e4ddc083451ab36a5916b7c9cac,ce0d6de3d77ed6edde2c9eca5f7ce4ab92c262b63ce50b25113c1cffc8a3ca46,False,FORMAL_EXPERIMENT_ALLOWED,c63b699ed767134007e47157a733f68e4c31de8be4ca0c30d71ec46a08b85621,9548a24a4faf5db17b5251df407b4402de033ae8648ec321c850fe6105002cf1,f03e9b40548b237a49c65fc91de8d79034f2eebff1da0442b6af685a9adf95bd
osm-sionna-source-chicago-bank-16,osm-sionna-source-chicago-bank-16,ridge_no_x_diagnostic,all,262144,0.9997989054699333,csi-pairs-formal-v2.1-v6,060d8671380acaf43bd0beb2c77ac5c6ec112e4ddc083451ab36a5916b7c9cac,ce0d6de3d77ed6edde2c9eca5f7ce4ab92c262b63ce50b25113c1cffc8a3ca46,False,FORMAL_EXPERIMENT_ALLOWED,c63b699ed767134007e47157a733f68e4c31de8be4ca0c30d71ec46a08b85621,9548a24a4faf5db17b5251df407b4402de033ae8648ec321c850fe6105002cf1,f03e9b40548b237a49c65fc91de8d79034f2eebff1da0442b6af685a9adf95bd
osm-sionna-source-chicago-bank-16,osm-sionna-source-chicago-bank-16,ridge_no_x_diagnostic,active,49152,0.9996981504100558,csi-pairs-formal-v2.1-v6,060d8671380acaf43bd0beb2c77ac5c6ec112e4ddc083451ab36a5916b7c9cac,ce0d6de3d77ed6edde2c9eca5f7ce4ab92c262b63ce50b25113c1cffc8a3ca46,False,FORMAL_EXPERIMENT_ALLOWED,c63b699ed767134007e47157a733f68e4c31de8be4ca0c30d71ec46a08b85621,9548a24a4faf5db17b5251df407b4402de033ae8648ec321c850fe6105002cf1,f03e9b40548b237a49c65fc91de8d79034f2eebff1da0442b6af685a9adf95bd
osm-sionna-source-chicago-bank-16,osm-sionna-source-chicago-bank-16,ridge_no_x_diagnostic,null,212992,,csi-pairs-formal-v2.1-v6,060d8671380acaf43bd0beb2c77ac5c6ec112e4ddc083451ab36a5916b7c9cac,ce0d6de3d77ed6edde2c9eca5f7ce4ab92c262b63ce50b25113c1cffc8a3ca46,False,FORMAL_EXPERIMENT_ALLOWED,c63b699ed767134007e47157a733f68e4c31de8be4ca0c30d71ec46a08b85621,9548a24a4faf5db17b5251df407b4402de033ae8648ec321c850fe6105002cf1,f03e9b40548b237a49c65fc91de8d79034f2eebff1da0442b6af685a9adf95bd
osm-sionna-source-chicago-bank-16,osm-sionna-source-chicago-bank-16,ridge_action_swap_diagnostic,all,262144,0.9999745556968201,csi-pairs-formal-v2.1-v6,060d8671380acaf43bd0beb2c77ac5c6ec112e4ddc083451ab36a5916b7c9cac,ce0d6de3d77ed6edde2c9eca5f7ce4ab92c262b63ce50b25113c1cffc8a3ca46,False,FORMAL_EXPERIMENT_ALLOWED,c63b699ed767134007e47157a733f68e4c31de8be4ca0c30d71ec46a08b85621,9548a24a4faf5db17b5251df407b4402de033ae8648ec321c850fe6105002cf1,f03e9b40548b237a49c65fc91de8d79034f2eebff1da0442b6af685a9adf95bd
osm-sionna-source-chicago-bank-16,osm-sionna-source-chicago-bank-16,ridge_action_swap_diagnostic,active,49152,0.9998736848115094,csi-pairs-formal-v2.1-v6,060d8671380acaf43bd0beb2c77ac5c6ec112e4ddc083451ab36a5916b7c9cac,ce0d6de3d77ed6edde2c9eca5f7ce4ab92c262b63ce50b25113c1cffc8a3ca46,False,FORMAL_EXPERIMENT_ALLOWED,c63b699ed767134007e47157a733f68e4c31de8be4ca0c30d71ec46a08b85621,9548a24a4faf5db17b5251df407b4402de033ae8648ec321c850fe6105002cf1,f03e9b40548b237a49c65fc91de8d79034f2eebff1da0442b6af685a9adf95bd
osm-sionna-source-chicago-bank-16,osm-sionna-source-chicago-bank-16,ridge_action_swap_diagnostic,null,212992,,csi-pairs-formal-v2.1-v6,060d8671380acaf43bd0beb2c77ac5c6ec112e4ddc083451ab36a5916b7c9cac,ce0d6de3d77ed6edde2c9eca5f7ce4ab92c262b63ce50b25113c1cffc8a3ca46,False,FORMAL_EXPERIMENT_ALLOWED,c63b699ed767134007e47157a733f68e4c31de8be4ca0c30d71ec46a08b85621,9548a24a4faf5db17b5251df407b4402de033ae8648ec321c850fe6105002cf1,f03e9b40548b237a49c65fc91de8d79034f2eebff1da0442b6af685a9adf95bd
osm-sionna-source-chicago-bank-16,osm-sionna-source-chicago-bank-16,ridge_oracle_x_diagnostic,all,262144,0.9998013968990839,csi-pairs-formal-v2.1-v6,060d8671380acaf43bd0beb2c77ac5c6ec112e4ddc083451ab36a5916b7c9cac,ce0d6de3d77ed6edde2c9eca5f7ce4ab92c262b63ce50b25113c1cffc8a3ca46,False,FORMAL_EXPERIMENT_ALLOWED,c63b699ed767134007e47157a733f68e4c31de8be4ca0c30d71ec46a08b85621,9548a24a4faf5db17b5251df407b4402de033ae8648ec321c850fe6105002cf1,f03e9b40548b237a49c65fc91de8d79034f2eebff1da0442b6af685a9adf95bd
osm-sionna-source-chicago-bank-16,osm-sionna-source-chicago-bank-16,ridge_oracle_x_diagnostic,active,49152,0.9997008037625479,csi-pairs-formal-v2.1-v6,060d8671380acaf43bd0beb2c77ac5c6ec112e4ddc083451ab36a5916b7c9cac,ce0d6de3d77ed6edde2c9eca5f7ce4ab92c262b63ce50b25113c1cffc8a3ca46,False,FORMAL_EXPERIMENT_ALLOWED,c63b699ed767134007e47157a733f68e4c31de8be4ca0c30d71ec46a08b85621,9548a24a4faf5db17b5251df407b4402de033ae8648ec321c850fe6105002cf1,f03e9b40548b237a49c65fc91de8d79034f2eebff1da0442b6af685a9adf95bd
osm-sionna-source-chicago-bank-16,osm-sionna-source-chicago-bank-16,ridge_oracle_x_diagnostic,null,212992,,csi-pairs-formal-v2.1-v6,060d8671380acaf43bd0beb2c77ac5c6ec112e4ddc083451ab36a5916b7c9cac,ce0d6de3d77ed6edde2c9eca5f7ce4ab92c262b63ce50b25113c1cffc8a3ca46,False,FORMAL_EXPERIMENT_ALLOWED,c63b699ed767134007e47157a733f68e4c31de8be4ca0c30d71ec46a08b85621,9548a24a4faf5db17b5251df407b4402de033ae8648ec321c850fe6105002cf1,f03e9b40548b237a49c65fc91de8d79034f2eebff1da0442b6af685a9adf95bd
osm-sionna-source-chicago-bank-17,osm-sionna-source-chicago-bank-17,no_x,all,262144,0.8463298170956886,csi-pairs-formal-v2.1-v6,060d8671380acaf43bd0beb2c77ac5c6ec112e4ddc083451ab36a5916b7c9cac,ce0d6de3d77ed6edde2c9eca5f7ce4ab92c262b63ce50b25113c1cffc8a3ca46,False,FORMAL_EXPERIMENT_ALLOWED,c63b699ed767134007e47157a733f68e4c31de8be4ca0c30d71ec46a08b85621,9548a24a4faf5db17b5251df407b4402de033ae8648ec321c850fe6105002cf1,f03e9b40548b237a49c65fc91de8d79034f2eebff1da0442b6af685a9adf95bd
osm-sionna-source-chicago-bank-17,osm-sionna-source-chicago-bank-17,no_x,active,49152,0.800711484743626,csi-pairs-formal-v2.1-v6,060d8671380acaf43bd0beb2c77ac5c6ec112e4ddc083451ab36a5916b7c9cac,ce0d6de3d77ed6edde2c9eca5f7ce4ab92c262b63ce50b25113c1cffc8a3ca46,False,FORMAL_EXPERIMENT_ALLOWED,c63b699ed767134007e47157a733f68e4c31de8be4ca0c30d71ec46a08b85621,9548a24a4faf5db17b5251df407b4402de033ae8648ec321c850fe6105002cf1,f03e9b40548b237a49c65fc91de8d79034f2eebff1da0442b6af685a9adf95bd
osm-sionna-source-chicago-bank-17,osm-sionna-source-chicago-bank-17,no_x,null,211840,4.920486683706962,csi-pairs-formal-v2.1-v6,060d8671380acaf43bd0beb2c77ac5c6ec112e4ddc083451ab36a5916b7c9cac,ce0d6de3d77ed6edde2c9eca5f7ce4ab92c262b63ce50b25113c1cffc8a3ca46,False,FORMAL_EXPERIMENT_ALLOWED,c63b699ed767134007e47157a733f68e4c31de8be4ca0c30d71ec46a08b85621,9548a24a4faf5db17b5251df407b4402de033ae8648ec321c850fe6105002cf1,f03e9b40548b237a49c65fc91de8d79034f2eebff1da0442b6af685a9adf95bd
osm-sionna-source-chicago-bank-17,osm-sionna-source-chicago-bank-17,oracle_x,all,262144,0.706195928224315,csi-pairs-formal-v2.1-v6,060d8671380acaf43bd0beb2c77ac5c6ec112e4ddc083451ab36a5916b7c9cac,ce0d6de3d77ed6edde2c9eca5f7ce4ab92c262b63ce50b25113c1cffc8a3ca46,False,FORMAL_EXPERIMENT_ALLOWED,c63b699ed767134007e47157a733f68e4c31de8be4ca0c30d71ec46a08b85621,9548a24a4faf5db17b5251df407b4402de033ae8648ec321c850fe6105002cf1,f03e9b40548b237a49c65fc91de8d79034f2eebff1da0442b6af685a9adf95bd
osm-sionna-source-chicago-bank-17,osm-sionna-source-chicago-bank-17,oracle_x,active,49152,0.7023608605069697,csi-pairs-formal-v2.1-v6,060d8671380acaf43bd0beb2c77ac5c6ec112e4ddc083451ab36a5916b7c9cac,ce0d6de3d77ed6edde2c9eca5f7ce4ab92c262b63ce50b25113c1cffc8a3ca46,False,FORMAL_EXPERIMENT_ALLOWED,c63b699ed767134007e47157a733f68e4c31de8be4ca0c30d71ec46a08b85621,9548a24a4faf5db17b5251df407b4402de033ae8648ec321c850fe6105002cf1,f03e9b40548b237a49c65fc91de8d79034f2eebff1da0442b6af685a9adf95bd
osm-sionna-source-chicago-bank-17,osm-sionna-source-chicago-bank-17,oracle_x,null,211840,1.0,csi-pairs-formal-v2.1-v6,060d8671380acaf43bd0beb2c77ac5c6ec112e4ddc083451ab36a5916b7c9cac,ce0d6de3d77ed6edde2c9eca5f7ce4ab92c262b63ce50b25113c1cffc8a3ca46,False,FORMAL_EXPERIMENT_ALLOWED,c63b699ed767134007e47157a733f68e4c31de8be4ca0c30d71ec46a08b85621,9548a24a4faf5db17b5251df407b4402de033ae8648ec321c850fe6105002cf1,f03e9b40548b237a49c65fc91de8d79034f2eebff1da0442b6af685a9adf95bd
osm-sionna-source-chicago-bank-17,osm-sionna-source-chicago-bank-17,map_edit_only,all,262144,1.0001424053633485,csi-pairs-formal-v2.1-v6,060d8671380acaf43bd0beb2c77ac5c6ec112e4ddc083451ab36a5916b7c9cac,ce0d6de3d77ed6edde2c9eca5f7ce4ab92c262b63ce50b25113c1cffc8a3ca46,False,FORMAL_EXPERIMENT_ALLOWED,c63b699ed767134007e47157a733f68e4c31de8be4ca0c30d71ec46a08b85621,9548a24a4faf5db17b5251df407b4402de033ae8648ec321c850fe6105002cf1,f03e9b40548b237a49c65fc91de8d79034f2eebff1da0442b6af685a9adf95bd
osm-sionna-source-chicago-bank-17,osm-sionna-source-chicago-bank-17,map_edit_only,active,49152,1.000079593252762,csi-pairs-formal-v2.1-v6,060d8671380acaf43bd0beb2c77ac5c6ec112e4ddc083451ab36a5916b7c9cac,ce0d6de3d77ed6edde2c9eca5f7ce4ab92c262b63ce50b25113c1cffc8a3ca46,False,FORMAL_EXPERIMENT_ALLOWED,c63b699ed767134007e47157a733f68e4c31de8be4ca0c30d71ec46a08b85621,9548a24a4faf5db17b5251df407b4402de033ae8648ec321c850fe6105002cf1,f03e9b40548b237a49c65fc91de8d79034f2eebff1da0442b6af685a9adf95bd
osm-sionna-source-chicago-bank-17,osm-sionna-source-chicago-bank-17,map_edit_only,null,211840,1.0059990958664906,csi-pairs-formal-v2.1-v6,060d8671380acaf43bd0beb2c77ac5c6ec112e4ddc083451ab36a5916b7c9cac,ce0d6de3d77ed6edde2c9eca5f7ce4ab92c262b63ce50b25113c1cffc8a3ca46,False,FORMAL_EXPERIMENT_ALLOWED,c63b699ed767134007e47157a733f68e4c31de8be4ca0c30d71ec46a08b85621,9548a24a4faf5db17b5251df407b4402de033ae8648ec321c850fe6105002cf1,f03e9b40548b237a49c65fc91de8d79034f2eebff1da0442b6af685a9adf95bd
osm-sionna-source-chicago-bank-17,osm-sionna-source-chicago-bank-17,csi_only,all,262144,0.9990584086446096,csi-pairs-formal-v2.1-v6,060d8671380acaf43bd0beb2c77ac5c6ec112e4ddc083451ab36a5916b7c9cac,ce0d6de3d77ed6edde2c9eca5f7ce4ab92c262b63ce50b25113c1cffc8a3ca46,False,FORMAL_EXPERIMENT_ALLOWED,c63b699ed767134007e47157a733f68e4c31de8be4ca0c30d71ec46a08b85621,9548a24a4faf5db17b5251df407b4402de033ae8648ec321c850fe6105002cf1,f03e9b40548b237a49c65fc91de8d79034f2eebff1da0442b6af685a9adf95bd
osm-sionna-source-chicago-bank-17,osm-sionna-source-chicago-bank-17,csi_only,active,49152,0.998713298507158,csi-pairs-formal-v2.1-v6,060d8671380acaf43bd0beb2c77ac5c6ec112e4ddc083451ab36a5916b7c9cac,ce0d6de3d77ed6edde2c9eca5f7ce4ab92c262b63ce50b25113c1cffc8a3ca46,False,FORMAL_EXPERIMENT_ALLOWED,c63b699ed767134007e47157a733f68e4c31de8be4ca0c30d71ec46a08b85621,9548a24a4faf5db17b5251df407b4402de033ae8648ec321c850fe6105002cf1,f03e9b40548b237a49c65fc91de8d79034f2eebff1da0442b6af685a9adf95bd
osm-sionna-source-chicago-bank-17,osm-sionna-source-chicago-bank-17,csi_only,null,211840,1.0296953137380944,csi-pairs-formal-v2.1-v6,060d8671380acaf43bd0beb2c77ac5c6ec112e4ddc083451ab36a5916b7c9cac,ce0d6de3d77ed6edde2c9eca5f7ce4ab92c262b63ce50b25113c1cffc8a3ca46,False,FORMAL_EXPERIMENT_ALLOWED,c63b699ed767134007e47157a733f68e4c31de8be4ca0c30d71ec46a08b85621,9548a24a4faf5db17b5251df407b4402de033ae8648ec321c850fe6105002cf1,f03e9b40548b237a49c65fc91de8d79034f2eebff1da0442b6af685a9adf95bd
osm-sionna-source-chicago-bank-17,osm-sionna-source-chicago-bank-17,variant_id_only,all,262144,0.9999990972740502,csi-pairs-formal-v2.1-v6,060d8671380acaf43bd0beb2c77ac5c6ec112e4ddc083451ab36a5916b7c9cac,ce0d6de3d77ed6edde2c9eca5f7ce4ab92c262b63ce50b25113c1cffc8a3ca46,False,FORMAL_EXPERIMENT_ALLOWED,c63b699ed767134007e47157a733f68e4c31de8be4ca0c30d71ec46a08b85621,9548a24a4faf5db17b5251df407b4402de033ae8648ec321c850fe6105002cf1,f03e9b40548b237a49c65fc91de8d79034f2eebff1da0442b6af685a9adf95bd
osm-sionna-source-chicago-bank-17,osm-sionna-source-chicago-bank-17,variant_id_only,active,49152,0.9999947210132955,csi-pairs-formal-v2.1-v6,060d8671380acaf43bd0beb2c77ac5c6ec112e4ddc083451ab36a5916b7c9cac,ce0d6de3d77ed6edde2c9eca5f7ce4ab92c262b63ce50b25113c1cffc8a3ca46,False,FORMAL_EXPERIMENT_ALLOWED,c63b699ed767134007e47157a733f68e4c31de8be4ca0c30d71ec46a08b85621,9548a24a4faf5db17b5251df407b4402de033ae8648ec321c850fe6105002cf1,f03e9b40548b237a49c65fc91de8d79034f2eebff1da0442b6af685a9adf95bd
osm-sionna-source-chicago-bank-17,osm-sionna-source-chicago-bank-17,variant_id_only,null,211840,1.0003918120794335,csi-pairs-formal-v2.1-v6,060d8671380acaf43bd0beb2c77ac5c6ec112e4ddc083451ab36a5916b7c9cac,ce0d6de3d77ed6edde2c9eca5f7ce4ab92c262b63ce50b25113c1cffc8a3ca46,False,FORMAL_EXPERIMENT_ALLOWED,c63b699ed767134007e47157a733f68e4c31de8be4ca0c30d71ec46a08b85621,9548a24a4faf5db17b5251df407b4402de033ae8648ec321c850fe6105002cf1,f03e9b40548b237a49c65fc91de8d79034f2eebff1da0442b6af685a9adf95bd
osm-sionna-source-chicago-bank-17,osm-sionna-source-chicago-bank-17,copy,all,262144,1.0,csi-pairs-formal-v2.1-v6,060d8671380acaf43bd0beb2c77ac5c6ec112e4ddc083451ab36a5916b7c9cac,ce0d6de3d77ed6edde2c9eca5f7ce4ab92c262b63ce50b25113c1cffc8a3ca46,False,FORMAL_EXPERIMENT_ALLOWED,c63b699ed767134007e47157a733f68e4c31de8be4ca0c30d71ec46a08b85621,9548a24a4faf5db17b5251df407b4402de033ae8648ec321c850fe6105002cf1,f03e9b40548b237a49c65fc91de8d79034f2eebff1da0442b6af685a9adf95bd
osm-sionna-source-chicago-bank-17,osm-sionna-source-chicago-bank-17,copy,active,49152,1.0,csi-pairs-formal-v2.1-v6,060d8671380acaf43bd0beb2c77ac5c6ec112e4ddc083451ab36a5916b7c9cac,ce0d6de3d77ed6edde2c9eca5f7ce4ab92c262b63ce50b25113c1cffc8a3ca46,False,FORMAL_EXPERIMENT_ALLOWED,c63b699ed767134007e47157a733f68e4c31de8be4ca0c30d71ec46a08b85621,9548a24a4faf5db17b5251df407b4402de033ae8648ec321c850fe6105002cf1,f03e9b40548b237a49c65fc91de8d79034f2eebff1da0442b6af685a9adf95bd
osm-sionna-source-chicago-bank-17,osm-sionna-source-chicago-bank-17,copy,null,211840,1.0,csi-pairs-formal-v2.1-v6,060d8671380acaf43bd0beb2c77ac5c6ec112e4ddc083451ab36a5916b7c9cac,ce0d6de3d77ed6edde2c9eca5f7ce4ab92c262b63ce50b25113c1cffc8a3ca46,False,FORMAL_EXPERIMENT_ALLOWED,c63b699ed767134007e47157a733f68e4c31de8be4ca0c30d71ec46a08b85621,9548a24a4faf5db17b5251df407b4402de033ae8648ec321c850fe6105002cf1,f03e9b40548b237a49c65fc91de8d79034f2eebff1da0442b6af685a9adf95bd
osm-sionna-source-chicago-bank-17,osm-sionna-source-chicago-bank-17,no_action,all,262144,1.0,csi-pairs-formal-v2.1-v6,060d8671380acaf43bd0beb2c77ac5c6ec112e4ddc083451ab36a5916b7c9cac,ce0d6de3d77ed6edde2c9eca5f7ce4ab92c262b63ce50b25113c1cffc8a3ca46,False,FORMAL_EXPERIMENT_ALLOWED,c63b699ed767134007e47157a733f68e4c31de8be4ca0c30d71ec46a08b85621,9548a24a4faf5db17b5251df407b4402de033ae8648ec321c850fe6105002cf1,f03e9b40548b237a49c65fc91de8d79034f2eebff1da0442b6af685a9adf95bd
osm-sionna-source-chicago-bank-17,osm-sionna-source-chicago-bank-17,no_action,active,49152,1.0,csi-pairs-formal-v2.1-v6,060d8671380acaf43bd0beb2c77ac5c6ec112e4ddc083451ab36a5916b7c9cac,ce0d6de3d77ed6edde2c9eca5f7ce4ab92c262b63ce50b25113c1cffc8a3ca46,False,FORMAL_EXPERIMENT_ALLOWED,c63b699ed767134007e47157a733f68e4c31de8be4ca0c30d71ec46a08b85621,9548a24a4faf5db17b5251df407b4402de033ae8648ec321c850fe6105002cf1,f03e9b40548b237a49c65fc91de8d79034f2eebff1da0442b6af685a9adf95bd
osm-sionna-source-chicago-bank-17,osm-sionna-source-chicago-bank-17,no_action,null,211840,1.0,csi-pairs-formal-v2.1-v6,060d8671380acaf43bd0beb2c77ac5c6ec112e4ddc083451ab36a5916b7c9cac,ce0d6de3d77ed6edde2c9eca5f7ce4ab92c262b63ce50b25113c1cffc8a3ca46,False,FORMAL_EXPERIMENT_ALLOWED,c63b699ed767134007e47157a733f68e4c31de8be4ca0c30d71ec46a08b85621,9548a24a4faf5db17b5251df407b4402de033ae8648ec321c850fe6105002cf1,f03e9b40548b237a49c65fc91de8d79034f2eebff1da0442b6af685a9adf95bd
osm-sionna-source-chicago-bank-17,osm-sionna-source-chicago-bank-17,action_swap,all,262144,1.3549610076902405,csi-pairs-formal-v2.1-v6,060d8671380acaf43bd0beb2c77ac5c6ec112e4ddc083451ab36a5916b7c9cac,ce0d6de3d77ed6edde2c9eca5f7ce4ab92c262b63ce50b25113c1cffc8a3ca46,False,FORMAL_EXPERIMENT_ALLOWED,c63b699ed767134007e47157a733f68e4c31de8be4ca0c30d71ec46a08b85621,9548a24a4faf5db17b5251df407b4402de033ae8648ec321c850fe6105002cf1,f03e9b40548b237a49c65fc91de8d79034f2eebff1da0442b6af685a9adf95bd
osm-sionna-source-chicago-bank-17,osm-sionna-source-chicago-bank-17,action_swap,active,49152,1.1446948819861713,csi-pairs-formal-v2.1-v6,060d8671380acaf43bd0beb2c77ac5c6ec112e4ddc083451ab36a5916b7c9cac,ce0d6de3d77ed6edde2c9eca5f7ce4ab92c262b63ce50b25113c1cffc8a3ca46,False,FORMAL_EXPERIMENT_ALLOWED,c63b699ed767134007e47157a733f68e4c31de8be4ca0c30d71ec46a08b85621,9548a24a4faf5db17b5251df407b4402de033ae8648ec321c850fe6105002cf1,f03e9b40548b237a49c65fc91de8d79034f2eebff1da0442b6af685a9adf95bd
osm-sionna-source-chicago-bank-17,osm-sionna-source-chicago-bank-17,action_swap,null,211840,20.397139346424463,csi-pairs-formal-v2.1-v6,060d8671380acaf43bd0beb2c77ac5c6ec112e4ddc083451ab36a5916b7c9cac,ce0d6de3d77ed6edde2c9eca5f7ce4ab92c262b63ce50b25113c1cffc8a3ca46,False,FORMAL_EXPERIMENT_ALLOWED,c63b699ed767134007e47157a733f68e4c31de8be4ca0c30d71ec46a08b85621,9548a24a4faf5db17b5251df407b4402de033ae8648ec321c850fe6105002cf1,f03e9b40548b237a49c65fc91de8d79034f2eebff1da0442b6af685a9adf95bd
osm-sionna-source-chicago-bank-17,osm-sionna-source-chicago-bank-17,ridge_no_x_diagnostic,all,262144,1.0002972420235976,csi-pairs-formal-v2.1-v6,060d8671380acaf43bd0beb2c77ac5c6ec112e4ddc083451ab36a5916b7c9cac,ce0d6de3d77ed6edde2c9eca5f7ce4ab92c262b63ce50b25113c1cffc8a3ca46,False,FORMAL_EXPERIMENT_ALLOWED,c63b699ed767134007e47157a733f68e4c31de8be4ca0c30d71ec46a08b85621,9548a24a4faf5db17b5251df407b4402de033ae8648ec321c850fe6105002cf1,f03e9b40548b237a49c65fc91de8d79034f2eebff1da0442b6af685a9adf95bd
osm-sionna-source-chicago-bank-17,osm-sionna-source-chicago-bank-17,ridge_no_x_diagnostic,active,49152,1.0002027100978326,csi-pairs-formal-v2.1-v6,060d8671380acaf43bd0beb2c77ac5c6ec112e4ddc083451ab36a5916b7c9cac,ce0d6de3d77ed6edde2c9eca5f7ce4ab92c262b63ce50b25113c1cffc8a3ca46,False,FORMAL_EXPERIMENT_ALLOWED,c63b699ed767134007e47157a733f68e4c31de8be4ca0c30d71ec46a08b85621,9548a24a4faf5db17b5251df407b4402de033ae8648ec321c850fe6105002cf1,f03e9b40548b237a49c65fc91de8d79034f2eebff1da0442b6af685a9adf95bd
osm-sionna-source-chicago-bank-17,osm-sionna-source-chicago-bank-17,ridge_no_x_diagnostic,null,211840,1.0086946558430496,csi-pairs-formal-v2.1-v6,060d8671380acaf43bd0beb2c77ac5c6ec112e4ddc083451ab36a5916b7c9cac,ce0d6de3d77ed6edde2c9eca5f7ce4ab92c262b63ce50b25113c1cffc8a3ca46,False,FORMAL_EXPERIMENT_ALLOWED,c63b699ed767134007e47157a733f68e4c31de8be4ca0c30d71ec46a08b85621,9548a24a4faf5db17b5251df407b4402de033ae8648ec321c850fe6105002cf1,f03e9b40548b237a49c65fc91de8d79034f2eebff1da0442b6af685a9adf95bd
osm-sionna-source-chicago-bank-17,osm-sionna-source-chicago-bank-17,ridge_action_swap_diagnostic,all,262144,1.0002258096517054,csi-pairs-formal-v2.1-v6,060d8671380acaf43bd0beb2c77ac5c6ec112e4ddc083451ab36a5916b7c9cac,ce0d6de3d77ed6edde2c9eca5f7ce4ab92c262b63ce50b25113c1cffc8a3ca46,False,FORMAL_EXPERIMENT_ALLOWED,c63b699ed767134007e47157a733f68e4c31de8be4ca0c30d71ec46a08b85621,9548a24a4faf5db17b5251df407b4402de033ae8648ec321c850fe6105002cf1,f03e9b40548b237a49c65fc91de8d79034f2eebff1da0442b6af685a9adf95bd
osm-sionna-source-chicago-bank-17,osm-sionna-source-chicago-bank-17,ridge_action_swap_diagnostic,active,49152,1.0001318111699609,csi-pairs-formal-v2.1-v6,060d8671380acaf43bd0beb2c77ac5c6ec112e4ddc083451ab36a5916b7c9cac,ce0d6de3d77ed6edde2c9eca5f7ce4ab92c262b63ce50b25113c1cffc8a3ca46,False,FORMAL_EXPERIMENT_ALLOWED,c63b699ed767134007e47157a733f68e4c31de8be4ca0c30d71ec46a08b85621,9548a24a4faf5db17b5251df407b4402de033ae8648ec321c850fe6105002cf1,f03e9b40548b237a49c65fc91de8d79034f2eebff1da0442b6af685a9adf95bd
osm-sionna-source-chicago-bank-17,osm-sionna-source-chicago-bank-17,ridge_action_swap_diagnostic,null,211840,1.0086435396733573,csi-pairs-formal-v2.1-v6,060d8671380acaf43bd0beb2c77ac5c6ec112e4ddc083451ab36a5916b7c9cac,ce0d6de3d77ed6edde2c9eca5f7ce4ab92c262b63ce50b25113c1cffc8a3ca46,False,FORMAL_EXPERIMENT_ALLOWED,c63b699ed767134007e47157a733f68e4c31de8be4ca0c30d71ec46a08b85621,9548a24a4faf5db17b5251df407b4402de033ae8648ec321c850fe6105002cf1,f03e9b40548b237a49c65fc91de8d79034f2eebff1da0442b6af685a9adf95bd
osm-sionna-source-chicago-bank-17,osm-sionna-source-chicago-bank-17,ridge_oracle_x_diagnostic,all,262144,1.0002979798951577,csi-pairs-formal-v2.1-v6,060d8671380acaf43bd0beb2c77ac5c6ec112e4ddc083451ab36a5916b7c9cac,ce0d6de3d77ed6edde2c9eca5f7ce4ab92c262b63ce50b25113c1cffc8a3ca46,False,FORMAL_EXPERIMENT_ALLOWED,c63b699ed767134007e47157a733f68e4c31de8be4ca0c30d71ec46a08b85621,9548a24a4faf5db17b5251df407b4402de033ae8648ec321c850fe6105002cf1,f03e9b40548b237a49c65fc91de8d79034f2eebff1da0442b6af685a9adf95bd
osm-sionna-source-chicago-bank-17,osm-sionna-source-chicago-bank-17,ridge_oracle_x_diagnostic,active,49152,1.000201387576256,csi-pairs-formal-v2.1-v6,060d8671380acaf43bd0beb2c77ac5c6ec112e4ddc083451ab36a5916b7c9cac,ce0d6de3d77ed6edde2c9eca5f7ce4ab92c262b63ce50b25113c1cffc8a3ca46,False,FORMAL_EXPERIMENT_ALLOWED,c63b699ed767134007e47157a733f68e4c31de8be4ca0c30d71ec46a08b85621,9548a24a4faf5db17b5251df407b4402de033ae8648ec321c850fe6105002cf1,f03e9b40548b237a49c65fc91de8d79034f2eebff1da0442b6af685a9adf95bd
osm-sionna-source-chicago-bank-17,osm-sionna-source-chicago-bank-17,ridge_oracle_x_diagnostic,null,211840,1.0088835587188596,csi-pairs-formal-v2.1-v6,060d8671380acaf43bd0beb2c77ac5c6ec112e4ddc083451ab36a5916b7c9cac,ce0d6de3d77ed6edde2c9eca5f7ce4ab92c262b63ce50b25113c1cffc8a3ca46,False,FORMAL_EXPERIMENT_ALLOWED,c63b699ed767134007e47157a733f68e4c31de8be4ca0c30d71ec46a08b85621,9548a24a4faf5db17b5251df407b4402de033ae8648ec321c850fe6105002cf1,f03e9b40548b237a49c65fc91de8d79034f2eebff1da0442b6af685a9adf95bd
osm-sionna-source-chicago-bank-18,osm-sionna-source-chicago-bank-18,no_x,all,262144,0.7825511895861278,csi-pairs-formal-v2.1-v6,060d8671380acaf43bd0beb2c77ac5c6ec112e4ddc083451ab36a5916b7c9cac,ce0d6de3d77ed6edde2c9eca5f7ce4ab92c262b63ce50b25113c1cffc8a3ca46,False,FORMAL_EXPERIMENT_ALLOWED,c63b699ed767134007e47157a733f68e4c31de8be4ca0c30d71ec46a08b85621,9548a24a4faf5db17b5251df407b4402de033ae8648ec321c850fe6105002cf1,f03e9b40548b237a49c65fc91de8d79034f2eebff1da0442b6af685a9adf95bd
osm-sionna-source-chicago-bank-18,osm-sionna-source-chicago-bank-18,no_x,active,49152,0.7729119209976929,csi-pairs-formal-v2.1-v6,060d8671380acaf43bd0beb2c77ac5c6ec112e4ddc083451ab36a5916b7c9cac,ce0d6de3d77ed6edde2c9eca5f7ce4ab92c262b63ce50b25113c1cffc8a3ca46,False,FORMAL_EXPERIMENT_ALLOWED,c63b699ed767134007e47157a733f68e4c31de8be4ca0c30d71ec46a08b85621,9548a24a4faf5db17b5251df407b4402de033ae8648ec321c850fe6105002cf1,f03e9b40548b237a49c65fc91de8d79034f2eebff1da0442b6af685a9adf95bd
osm-sionna-source-chicago-bank-18,osm-sionna-source-chicago-bank-18,no_x,null,212992,,csi-pairs-formal-v2.1-v6,060d8671380acaf43bd0beb2c77ac5c6ec112e4ddc083451ab36a5916b7c9cac,ce0d6de3d77ed6edde2c9eca5f7ce4ab92c262b63ce50b25113c1cffc8a3ca46,False,FORMAL_EXPERIMENT_ALLOWED,c63b699ed767134007e47157a733f68e4c31de8be4ca0c30d71ec46a08b85621,9548a24a4faf5db17b5251df407b4402de033ae8648ec321c850fe6105002cf1,f03e9b40548b237a49c65fc91de8d79034f2eebff1da0442b6af685a9adf95bd
osm-sionna-source-chicago-bank-18,osm-sionna-source-chicago-bank-18,oracle_x,all,262144,0.7491308443052775,csi-pairs-formal-v2.1-v6,060d8671380acaf43bd0beb2c77ac5c6ec112e4ddc083451ab36a5916b7c9cac,ce0d6de3d77ed6edde2c9eca5f7ce4ab92c262b63ce50b25113c1cffc8a3ca46,False,FORMAL_EXPERIMENT_ALLOWED,c63b699ed767134007e47157a733f68e4c31de8be4ca0c30d71ec46a08b85621,9548a24a4faf5db17b5251df407b4402de033ae8648ec321c850fe6105002cf1,f03e9b40548b237a49c65fc91de8d79034f2eebff1da0442b6af685a9adf95bd
osm-sionna-source-chicago-bank-18,osm-sionna-source-chicago-bank-18,oracle_x,active,49152,0.7491308443052775,csi-pairs-formal-v2.1-v6,060d8671380acaf43bd0beb2c77ac5c6ec112e4ddc083451ab36a5916b7c9cac,ce0d6de3d77ed6edde2c9eca5f7ce4ab92c262b63ce50b25113c1cffc8a3ca46,False,FORMAL_EXPERIMENT_ALLOWED,c63b699ed767134007e47157a733f68e4c31de8be4ca0c30d71ec46a08b85621,9548a24a4faf5db17b5251df407b4402de033ae8648ec321c850fe6105002cf1,f03e9b40548b237a49c65fc91de8d79034f2eebff1da0442b6af685a9adf95bd
osm-sionna-source-chicago-bank-18,osm-sionna-source-chicago-bank-18,oracle_x,null,212992,,csi-pairs-formal-v2.1-v6,060d8671380acaf43bd0beb2c77ac5c6ec112e4ddc083451ab36a5916b7c9cac,ce0d6de3d77ed6edde2c9eca5f7ce4ab92c262b63ce50b25113c1cffc8a3ca46,False,FORMAL_EXPERIMENT_ALLOWED,c63b699ed767134007e47157a733f68e4c31de8be4ca0c30d71ec46a08b85621,9548a24a4faf5db17b5251df407b4402de033ae8648ec321c850fe6105002cf1,f03e9b40548b237a49c65fc91de8d79034f2eebff1da0442b6af685a9adf95bd
osm-sionna-source-chicago-bank-18,osm-sionna-source-chicago-bank-18,map_edit_only,all,262144,1.0000786134446373,csi-pairs-formal-v2.1-v6,060d8671380acaf43bd0beb2c77ac5c6ec112e4ddc083451ab36a5916b7c9cac,ce0d6de3d77ed6edde2c9eca5f7ce4ab92c262b63ce50b25113c1cffc8a3ca46,False,FORMAL_EXPERIMENT_ALLOWED,c63b699ed767134007e47157a733f68e4c31de8be4ca0c30d71ec46a08b85621,9548a24a4faf5db17b5251df407b4402de033ae8648ec321c850fe6105002cf1,f03e9b40548b237a49c65fc91de8d79034f2eebff1da0442b6af685a9adf95bd
osm-sionna-source-chicago-bank-18,osm-sionna-source-chicago-bank-18,map_edit_only,active,49152,1.000040873859836,csi-pairs-formal-v2.1-v6,060d8671380acaf43bd0beb2c77ac5c6ec112e4ddc083451ab36a5916b7c9cac,ce0d6de3d77ed6edde2c9eca5f7ce4ab92c262b63ce50b25113c1cffc8a3ca46,False,FORMAL_EXPERIMENT_ALLOWED,c63b699ed767134007e47157a733f68e4c31de8be4ca0c30d71ec46a08b85621,9548a24a4faf5db17b5251df407b4402de033ae8648ec321c850fe6105002cf1,f03e9b40548b237a49c65fc91de8d79034f2eebff1da0442b6af685a9adf95bd
osm-sionna-source-chicago-bank-18,osm-sionna-source-chicago-bank-18,map_edit_only,null,212992,,csi-pairs-formal-v2.1-v6,060d8671380acaf43bd0beb2c77ac5c6ec112e4ddc083451ab36a5916b7c9cac,ce0d6de3d77ed6edde2c9eca5f7ce4ab92c262b63ce50b25113c1cffc8a3ca46,False,FORMAL_EXPERIMENT_ALLOWED,c63b699ed767134007e47157a733f68e4c31de8be4ca0c30d71ec46a08b85621,9548a24a4faf5db17b5251df407b4402de033ae8648ec321c850fe6105002cf1,f03e9b40548b237a49c65fc91de8d79034f2eebff1da0442b6af685a9adf95bd
osm-sionna-source-chicago-bank-18,osm-sionna-source-chicago-bank-18,csi_only,all,262144,0.998750035485149,csi-pairs-formal-v2.1-v6,060d8671380acaf43bd0beb2c77ac5c6ec112e4ddc083451ab36a5916b7c9cac,ce0d6de3d77ed6edde2c9eca5f7ce4ab92c262b63ce50b25113c1cffc8a3ca46,False,FORMAL_EXPERIMENT_ALLOWED,c63b699ed767134007e47157a733f68e4c31de8be4ca0c30d71ec46a08b85621,9548a24a4faf5db17b5251df407b4402de033ae8648ec321c850fe6105002cf1,f03e9b40548b237a49c65fc91de8d79034f2eebff1da0442b6af685a9adf95bd
osm-sionna-source-chicago-bank-18,osm-sionna-source-chicago-bank-18,csi_only,active,49152,0.9986141320043901,csi-pairs-formal-v2.1-v6,060d8671380acaf43bd0beb2c77ac5c6ec112e4ddc083451ab36a5916b7c9cac,ce0d6de3d77ed6edde2c9eca5f7ce4ab92c262b63ce50b25113c1cffc8a3ca46,False,FORMAL_EXPERIMENT_ALLOWED,c63b699ed767134007e47157a733f68e4c31de8be4ca0c30d71ec46a08b85621,9548a24a4faf5db17b5251df407b4402de033ae8648ec321c850fe6105002cf1,f03e9b40548b237a49c65fc91de8d79034f2eebff1da0442b6af685a9adf95bd
osm-sionna-source-chicago-bank-18,osm-sionna-source-chicago-bank-18,csi_only,null,212992,,csi-pairs-formal-v2.1-v6,060d8671380acaf43bd0beb2c77ac5c6ec112e4ddc083451ab36a5916b7c9cac,ce0d6de3d77ed6edde2c9eca5f7ce4ab92c262b63ce50b25113c1cffc8a3ca46,False,FORMAL_EXPERIMENT_ALLOWED,c63b699ed767134007e47157a733f68e4c31de8be4ca0c30d71ec46a08b85621,9548a24a4faf5db17b5251df407b4402de033ae8648ec321c850fe6105002cf1,f03e9b40548b237a49c65fc91de8d79034f2eebff1da0442b6af685a9adf95bd
osm-sionna-source-chicago-bank-18,osm-sionna-source-chicago-bank-18,variant_id_only,all,262144,1.00000932078937,csi-pairs-formal-v2.1-v6,060d8671380acaf43bd0beb2c77ac5c6ec112e4ddc083451ab36a5916b7c9cac,ce0d6de3d77ed6edde2c9eca5f7ce4ab92c262b63ce50b25113c1cffc8a3ca46,False,FORMAL_EXPERIMENT_ALLOWED,c63b699ed767134007e47157a733f68e4c31de8be4ca0c30d71ec46a08b85621,9548a24a4faf5db17b5251df407b4402de033ae8648ec321c850fe6105002cf1,f03e9b40548b237a49c65fc91de8d79034f2eebff1da0442b6af685a9adf95bd
osm-sionna-source-chicago-bank-18,osm-sionna-source-chicago-bank-18,variant_id_only,active,49152,1.0000052047943597,csi-pairs-formal-v2.1-v6,060d8671380acaf43bd0beb2c77ac5c6ec112e4ddc083451ab36a5916b7c9cac,ce0d6de3d77ed6edde2c9eca5f7ce4ab92c262b63ce50b25113c1cffc8a3ca46,False,FORMAL_EXPERIMENT_ALLOWED,c63b699ed767134007e47157a733f68e4c31de8be4ca0c30d71ec46a08b85621,9548a24a4faf5db17b5251df407b4402de033ae8648ec321c850fe6105002cf1,f03e9b40548b237a49c65fc91de8d79034f2eebff1da0442b6af685a9adf95bd
osm-sionna-source-chicago-bank-18,osm-sionna-source-chicago-bank-18,variant_id_only,null,212992,,csi-pairs-formal-v2.1-v6,060d8671380acaf43bd0beb2c77ac5c6ec112e4ddc083451ab36a5916b7c9cac,ce0d6de3d77ed6edde2c9eca5f7ce4ab92c262b63ce50b25113c1cffc8a3ca46,False,FORMAL_EXPERIMENT_ALLOWED,c63b699ed767134007e47157a733f68e4c31de8be4ca0c30d71ec46a08b85621,9548a24a4faf5db17b5251df407b4402de033ae8648ec321c850fe6105002cf1,f03e9b40548b237a49c65fc91de8d79034f2eebff1da0442b6af685a9adf95bd
osm-sionna-source-chicago-bank-18,osm-sionna-source-chicago-bank-18,copy,all,262144,1.0,csi-pairs-formal-v2.1-v6,060d8671380acaf43bd0beb2c77ac5c6ec112e4ddc083451ab36a5916b7c9cac,ce0d6de3d77ed6edde2c9eca5f7ce4ab92c262b63ce50b25113c1cffc8a3ca46,False,FORMAL_EXPERIMENT_ALLOWED,c63b699ed767134007e47157a733f68e4c31de8be4ca0c30d71ec46a08b85621,9548a24a4faf5db17b5251df407b4402de033ae8648ec321c850fe6105002cf1,f03e9b40548b237a49c65fc91de8d79034f2eebff1da0442b6af685a9adf95bd
osm-sionna-source-chicago-bank-18,osm-sionna-source-chicago-bank-18,copy,active,49152,1.0,csi-pairs-formal-v2.1-v6,060d8671380acaf43bd0beb2c77ac5c6ec112e4ddc083451ab36a5916b7c9cac,ce0d6de3d77ed6edde2c9eca5f7ce4ab92c262b63ce50b25113c1cffc8a3ca46,False,FORMAL_EXPERIMENT_ALLOWED,c63b699ed767134007e47157a733f68e4c31de8be4ca0c30d71ec46a08b85621,9548a24a4faf5db17b5251df407b4402de033ae8648ec321c850fe6105002cf1,f03e9b40548b237a49c65fc91de8d79034f2eebff1da0442b6af685a9adf95bd
osm-sionna-source-chicago-bank-18,osm-sionna-source-chicago-bank-18,copy,null,212992,,csi-pairs-formal-v2.1-v6,060d8671380acaf43bd0beb2c77ac5c6ec112e4ddc083451ab36a5916b7c9cac,ce0d6de3d77ed6edde2c9eca5f7ce4ab92c262b63ce50b25113c1cffc8a3ca46,False,FORMAL_EXPERIMENT_ALLOWED,c63b699ed767134007e47157a733f68e4c31de8be4ca0c30d71ec46a08b85621,9548a24a4faf5db17b5251df407b4402de033ae8648ec321c850fe6105002cf1,f03e9b40548b237a49c65fc91de8d79034f2eebff1da0442b6af685a9adf95bd
osm-sionna-source-chicago-bank-18,osm-sionna-source-chicago-bank-18,no_action,all,262144,1.0,csi-pairs-formal-v2.1-v6,060d8671380acaf43bd0beb2c77ac5c6ec112e4ddc083451ab36a5916b7c9cac,ce0d6de3d77ed6edde2c9eca5f7ce4ab92c262b63ce50b25113c1cffc8a3ca46,False,FORMAL_EXPERIMENT_ALLOWED,c63b699ed767134007e47157a733f68e4c31de8be4ca0c30d71ec46a08b85621,9548a24a4faf5db17b5251df407b4402de033ae8648ec321c850fe6105002cf1,f03e9b40548b237a49c65fc91de8d79034f2eebff1da0442b6af685a9adf95bd
osm-sionna-source-chicago-bank-18,osm-sionna-source-chicago-bank-18,no_action,active,49152,1.0,csi-pairs-formal-v2.1-v6,060d8671380acaf43bd0beb2c77ac5c6ec112e4ddc083451ab36a5916b7c9cac,ce0d6de3d77ed6edde2c9eca5f7ce4ab92c262b63ce50b25113c1cffc8a3ca46,False,FORMAL_EXPERIMENT_ALLOWED,c63b699ed767134007e47157a733f68e4c31de8be4ca0c30d71ec46a08b85621,9548a24a4faf5db17b5251df407b4402de033ae8648ec321c850fe6105002cf1,f03e9b40548b237a49c65fc91de8d79034f2eebff1da0442b6af685a9adf95bd
osm-sionna-source-chicago-bank-18,osm-sionna-source-chicago-bank-18,no_action,null,212992,,csi-pairs-formal-v2.1-v6,060d8671380acaf43bd0beb2c77ac5c6ec112e4ddc083451ab36a5916b7c9cac,ce0d6de3d77ed6edde2c9eca5f7ce4ab92c262b63ce50b25113c1cffc8a3ca46,False,FORMAL_EXPERIMENT_ALLOWED,c63b699ed767134007e47157a733f68e4c31de8be4ca0c30d71ec46a08b85621,9548a24a4faf5db17b5251df407b4402de033ae8648ec321c850fe6105002cf1,f03e9b40548b237a49c65fc91de8d79034f2eebff1da0442b6af685a9adf95bd
osm-sionna-source-chicago-bank-18,osm-sionna-source-chicago-bank-18,action_swap,all,262144,1.1399639009163551,csi-pairs-formal-v2.1-v6,060d8671380acaf43bd0beb2c77ac5c6ec112e4ddc083451ab36a5916b7c9cac,ce0d6de3d77ed6edde2c9eca5f7ce4ab92c262b63ce50b25113c1cffc8a3ca46,False,FORMAL_EXPERIMENT_ALLOWED,c63b699ed767134007e47157a733f68e4c31de8be4ca0c30d71ec46a08b85621,9548a24a4faf5db17b5251df407b4402de033ae8648ec321c850fe6105002cf1,f03e9b40548b237a49c65fc91de8d79034f2eebff1da0442b6af685a9adf95bd
osm-sionna-source-chicago-bank-18,osm-sionna-source-chicago-bank-18,action_swap,active,49152,1.0419492256187373,csi-pairs-formal-v2.1-v6,060d8671380acaf43bd0beb2c77ac5c6ec112e4ddc083451ab36a5916b7c9cac,ce0d6de3d77ed6edde2c9eca5f7ce4ab92c262b63ce50b25113c1cffc8a3ca46,False,FORMAL_EXPERIMENT_ALLOWED,c63b699ed767134007e47157a733f68e4c31de8be4ca0c30d71ec46a08b85621,9548a24a4faf5db17b5251df407b4402de033ae8648ec321c850fe6105002cf1,f03e9b40548b237a49c65fc91de8d79034f2eebff1da0442b6af685a9adf95bd
osm-sionna-source-chicago-bank-18,osm-sionna-source-chicago-bank-18,action_swap,null,212992,,csi-pairs-formal-v2.1-v6,060d8671380acaf43bd0beb2c77ac5c6ec112e4ddc083451ab36a5916b7c9cac,ce0d6de3d77ed6edde2c9eca5f7ce4ab92c262b63ce50b25113c1cffc8a3ca46,False,FORMAL_EXPERIMENT_ALLOWED,c63b699ed767134007e47157a733f68e4c31de8be4ca0c30d71ec46a08b85621,9548a24a4faf5db17b5251df407b4402de033ae8648ec321c850fe6105002cf1,f03e9b40548b237a49c65fc91de8d79034f2eebff1da0442b6af685a9adf95bd
osm-sionna-source-chicago-bank-18,osm-sionna-source-chicago-bank-18,ridge_no_x_diagnostic,all,262144,1.0000473593386106,csi-pairs-formal-v2.1-v6,060d8671380acaf43bd0beb2c77ac5c6ec112e4ddc083451ab36a5916b7c9cac,ce0d6de3d77ed6edde2c9eca5f7ce4ab92c262b63ce50b25113c1cffc8a3ca46,False,FORMAL_EXPERIMENT_ALLOWED,c63b699ed767134007e47157a733f68e4c31de8be4ca0c30d71ec46a08b85621,9548a24a4faf5db17b5251df407b4402de033ae8648ec321c850fe6105002cf1,f03e9b40548b237a49c65fc91de8d79034f2eebff1da0442b6af685a9adf95bd
osm-sionna-source-chicago-bank-18,osm-sionna-source-chicago-bank-18,ridge_no_x_diagnostic,active,49152,0.9999938915201921,csi-pairs-formal-v2.1-v6,060d8671380acaf43bd0beb2c77ac5c6ec112e4ddc083451ab36a5916b7c9cac,ce0d6de3d77ed6edde2c9eca5f7ce4ab92c262b63ce50b25113c1cffc8a3ca46,False,FORMAL_EXPERIMENT_ALLOWED,c63b699ed767134007e47157a733f68e4c31de8be4ca0c30d71ec46a08b85621,9548a24a4faf5db17b5251df407b4402de033ae8648ec321c850fe6105002cf1,f03e9b40548b237a49c65fc91de8d79034f2eebff1da0442b6af685a9adf95bd
osm-sionna-source-chicago-bank-18,osm-sionna-source-chicago-bank-18,ridge_no_x_diagnostic,null,212992,,csi-pairs-formal-v2.1-v6,060d8671380acaf43bd0beb2c77ac5c6ec112e4ddc083451ab36a5916b7c9cac,ce0d6de3d77ed6edde2c9eca5f7ce4ab92c262b63ce50b25113c1cffc8a3ca46,False,FORMAL_EXPERIMENT_ALLOWED,c63b699ed767134007e47157a733f68e4c31de8be4ca0c30d71ec46a08b85621,9548a24a4faf5db17b5251df407b4402de033ae8648ec321c850fe6105002cf1,f03e9b40548b237a49c65fc91de8d79034f2eebff1da0442b6af685a9adf95bd
osm-sionna-source-chicago-bank-18,osm-sionna-source-chicago-bank-18,ridge_action_swap_diagnostic,all,262144,1.0000633153954954,csi-pairs-formal-v2.1-v6,060d8671380acaf43bd0beb2c77ac5c6ec112e4ddc083451ab36a5916b7c9cac,ce0d6de3d77ed6edde2c9eca5f7ce4ab92c262b63ce50b25113c1cffc8a3ca46,False,FORMAL_EXPERIMENT_ALLOWED,c63b699ed767134007e47157a733f68e4c31de8be4ca0c30d71ec46a08b85621,9548a24a4faf5db17b5251df407b4402de033ae8648ec321c850fe6105002cf1,f03e9b40548b237a49c65fc91de8d79034f2eebff1da0442b6af685a9adf95bd
osm-sionna-source-chicago-bank-18,osm-sionna-source-chicago-bank-18,ridge_action_swap_diagnostic,active,49152,1.0000098520463756,csi-pairs-formal-v2.1-v6,060d8671380acaf43bd0beb2c77ac5c6ec112e4ddc083451ab36a5916b7c9cac,ce0d6de3d77ed6edde2c9eca5f7ce4ab92c262b63ce50b25113c1cffc8a3ca46,False,FORMAL_EXPERIMENT_ALLOWED,c63b699ed767134007e47157a733f68e4c31de8be4ca0c30d71ec46a08b85621,9548a24a4faf5db17b5251df407b4402de033ae8648ec321c850fe6105002cf1,f03e9b40548b237a49c65fc91de8d79034f2eebff1da0442b6af685a9adf95bd
osm-sionna-source-chicago-bank-18,osm-sionna-source-chicago-bank-18,ridge_action_swap_diagnostic,null,212992,,csi-pairs-formal-v2.1-v6,060d8671380acaf43bd0beb2c77ac5c6ec112e4ddc083451ab36a5916b7c9cac,ce0d6de3d77ed6edde2c9eca5f7ce4ab92c262b63ce50b25113c1cffc8a3ca46,False,FORMAL_EXPERIMENT_ALLOWED,c63b699ed767134007e47157a733f68e4c31de8be4ca0c30d71ec46a08b85621,9548a24a4faf5db17b5251df407b4402de033ae8648ec321c850fe6105002cf1,f03e9b40548b237a49c65fc91de8d79034f2eebff1da0442b6af685a9adf95bd
osm-sionna-source-chicago-bank-18,osm-sionna-source-chicago-bank-18,ridge_oracle_x_diagnostic,all,262144,1.0000459521376739,csi-pairs-formal-v2.1-v6,060d8671380acaf43bd0beb2c77ac5c6ec112e4ddc083451ab36a5916b7c9cac,ce0d6de3d77ed6edde2c9eca5f7ce4ab92c262b63ce50b25113c1cffc8a3ca46,False,FORMAL_EXPERIMENT_ALLOWED,c63b699ed767134007e47157a733f68e4c31de8be4ca0c30d71ec46a08b85621,9548a24a4faf5db17b5251df407b4402de033ae8648ec321c850fe6105002cf1,f03e9b40548b237a49c65fc91de8d79034f2eebff1da0442b6af685a9adf95bd
osm-sionna-source-chicago-bank-18,osm-sionna-source-chicago-bank-18,ridge_oracle_x_diagnostic,active,49152,0.9999925387084833,csi-pairs-formal-v2.1-v6,060d8671380acaf43bd0beb2c77ac5c6ec112e4ddc083451ab36a5916b7c9cac,ce0d6de3d77ed6edde2c9eca5f7ce4ab92c262b63ce50b25113c1cffc8a3ca46,False,FORMAL_EXPERIMENT_ALLOWED,c63b699ed767134007e47157a733f68e4c31de8be4ca0c30d71ec46a08b85621,9548a24a4faf5db17b5251df407b4402de033ae8648ec321c850fe6105002cf1,f03e9b40548b237a49c65fc91de8d79034f2eebff1da0442b6af685a9adf95bd
osm-sionna-source-chicago-bank-18,osm-sionna-source-chicago-bank-18,ridge_oracle_x_diagnostic,null,212992,,csi-pairs-formal-v2.1-v6,060d8671380acaf43bd0beb2c77ac5c6ec112e4ddc083451ab36a5916b7c9cac,ce0d6de3d77ed6edde2c9eca5f7ce4ab92c262b63ce50b25113c1cffc8a3ca46,False,FORMAL_EXPERIMENT_ALLOWED,c63b699ed767134007e47157a733f68e4c31de8be4ca0c30d71ec46a08b85621,9548a24a4faf5db17b5251df407b4402de033ae8648ec321c850fe6105002cf1,f03e9b40548b237a49c65fc91de8d79034f2eebff1da0442b6af685a9adf95bd
osm-sionna-source-chicago-bank-19,osm-sionna-source-chicago-bank-19,no_x,all,262144,0.8427908987555638,csi-pairs-formal-v2.1-v6,060d8671380acaf43bd0beb2c77ac5c6ec112e4ddc083451ab36a5916b7c9cac,ce0d6de3d77ed6edde2c9eca5f7ce4ab92c262b63ce50b25113c1cffc8a3ca46,False,FORMAL_EXPERIMENT_ALLOWED,c63b699ed767134007e47157a733f68e4c31de8be4ca0c30d71ec46a08b85621,9548a24a4faf5db17b5251df407b4402de033ae8648ec321c850fe6105002cf1,f03e9b40548b237a49c65fc91de8d79034f2eebff1da0442b6af685a9adf95bd
osm-sionna-source-chicago-bank-19,osm-sionna-source-chicago-bank-19,no_x,active,45056,0.8187750997316025,csi-pairs-formal-v2.1-v6,060d8671380acaf43bd0beb2c77ac5c6ec112e4ddc083451ab36a5916b7c9cac,ce0d6de3d77ed6edde2c9eca5f7ce4ab92c262b63ce50b25113c1cffc8a3ca46,False,FORMAL_EXPERIMENT_ALLOWED,c63b699ed767134007e47157a733f68e4c31de8be4ca0c30d71ec46a08b85621,9548a24a4faf5db17b5251df407b4402de033ae8648ec321c850fe6105002cf1,f03e9b40548b237a49c65fc91de8d79034f2eebff1da0442b6af685a9adf95bd
osm-sionna-source-chicago-bank-19,osm-sionna-source-chicago-bank-19,no_x,null,212992,5.740798413478256,csi-pairs-formal-v2.1-v6,060d8671380acaf43bd0beb2c77ac5c6ec112e4ddc083451ab36a5916b7c9cac,ce0d6de3d77ed6edde2c9eca5f7ce4ab92c262b63ce50b25113c1cffc8a3ca46,False,FORMAL_EXPERIMENT_ALLOWED,c63b699ed767134007e47157a733f68e4c31de8be4ca0c30d71ec46a08b85621,9548a24a4faf5db17b5251df407b4402de033ae8648ec321c850fe6105002cf1,f03e9b40548b237a49c65fc91de8d79034f2eebff1da0442b6af685a9adf95bd
osm-sionna-source-chicago-bank-19,osm-sionna-source-chicago-bank-19,oracle_x,all,262144,0.7544921909148224,csi-pairs-formal-v2.1-v6,060d8671380acaf43bd0beb2c77ac5c6ec112e4ddc083451ab36a5916b7c9cac,ce0d6de3d77ed6edde2c9eca5f7ce4ab92c262b63ce50b25113c1cffc8a3ca46,False,FORMAL_EXPERIMENT_ALLOWED,c63b699ed767134007e47157a733f68e4c31de8be4ca0c30d71ec46a08b85621,9548a24a4faf5db17b5251df407b4402de033ae8648ec321c850fe6105002cf1,f03e9b40548b237a49c65fc91de8d79034f2eebff1da0442b6af685a9adf95bd
osm-sionna-source-chicago-bank-19,osm-sionna-source-chicago-bank-19,oracle_x,active,45056,0.738289110807193,csi-pairs-formal-v2.1-v6,060d8671380acaf43bd0beb2c77ac5c6ec112e4ddc083451ab36a5916b7c9cac,ce0d6de3d77ed6edde2c9eca5f7ce4ab92c262b63ce50b25113c1cffc8a3ca46,False,FORMAL_EXPERIMENT_ALLOWED,c63b699ed767134007e47157a733f68e4c31de8be4ca0c30d71ec46a08b85621,9548a24a4faf5db17b5251df407b4402de033ae8648ec321c850fe6105002cf1,f03e9b40548b237a49c65fc91de8d79034f2eebff1da0442b6af685a9adf95bd
osm-sionna-source-chicago-bank-19,osm-sionna-source-chicago-bank-19,oracle_x,null,212992,1.0,csi-pairs-formal-v2.1-v6,060d8671380acaf43bd0beb2c77ac5c6ec112e4ddc083451ab36a5916b7c9cac,ce0d6de3d77ed6edde2c9eca5f7ce4ab92c262b63ce50b25113c1cffc8a3ca46,False,FORMAL_EXPERIMENT_ALLOWED,c63b699ed767134007e47157a733f68e4c31de8be4ca0c30d71ec46a08b85621,9548a24a4faf5db17b5251df407b4402de033ae8648ec321c850fe6105002cf1,f03e9b40548b237a49c65fc91de8d79034f2eebff1da0442b6af685a9adf95bd
osm-sionna-source-chicago-bank-19,osm-sionna-source-chicago-bank-19,map_edit_only,all,262144,1.0000498157197435,csi-pairs-formal-v2.1-v6,060d8671380acaf43bd0beb2c77ac5c6ec112e4ddc083451ab36a5916b7c9cac,ce0d6de3d77ed6edde2c9eca5f7ce4ab92c262b63ce50b25113c1cffc8a3ca46,False,FORMAL_EXPERIMENT_ALLOWED,c63b699ed767134007e47157a733f68e4c31de8be4ca0c30d71ec46a08b85621,9548a24a4faf5db17b5251df407b4402de033ae8648ec321c850fe6105002cf1,f03e9b40548b237a49c65fc91de8d79034f2eebff1da0442b6af685a9adf95bd
osm-sionna-source-chicago-bank-19,osm-sionna-source-chicago-bank-19,map_edit_only,active,45056,1.000027366736437,csi-pairs-formal-v2.1-v6,060d8671380acaf43bd0beb2c77ac5c6ec112e4ddc083451ab36a5916b7c9cac,ce0d6de3d77ed6edde2c9eca5f7ce4ab92c262b63ce50b25113c1cffc8a3ca46,False,FORMAL_EXPERIMENT_ALLOWED,c63b699ed767134007e47157a733f68e4c31de8be4ca0c30d71ec46a08b85621,9548a24a4faf5db17b5251df407b4402de033ae8648ec321c850fe6105002cf1,f03e9b40548b237a49c65fc91de8d79034f2eebff1da0442b6af685a9adf95bd
osm-sionna-source-chicago-bank-19,osm-sionna-source-chicago-bank-19,map_edit_only,null,212992,1.0068914627045251,csi-pairs-formal-v2.1-v6,060d8671380acaf43bd0beb2c77ac5c6ec112e4ddc083451ab36a5916b7c9cac,ce0d6de3d77ed6edde2c9eca5f7ce4ab92c262b63ce50b25113c1cffc8a3ca46,False,FORMAL_EXPERIMENT_ALLOWED,c63b699ed767134007e47157a733f68e4c31de8be4ca0c30d71ec46a08b85621,9548a24a4faf5db17b5251df407b4402de033ae8648ec321c850fe6105002cf1,f03e9b40548b237a49c65fc91de8d79034f2eebff1da0442b6af685a9adf95bd
osm-sionna-source-chicago-bank-19,osm-sionna-source-chicago-bank-19,csi_only,all,262144,0.9984261159398815,csi-pairs-formal-v2.1-v6,060d8671380acaf43bd0beb2c77ac5c6ec112e4ddc083451ab36a5916b7c9cac,ce0d6de3d77ed6edde2c9eca5f7ce4ab92c262b63ce50b25113c1cffc8a3ca46,False,FORMAL_EXPERIMENT_ALLOWED,c63b699ed767134007e47157a733f68e4c31de8be4ca0c30d71ec46a08b85621,9548a24a4faf5db17b5251df407b4402de033ae8648ec321c850fe6105002cf1,f03e9b40548b237a49c65fc91de8d79034f2eebff1da0442b6af685a9adf95bd
osm-sionna-source-chicago-bank-19,osm-sionna-source-chicago-bank-19,csi_only,active,45056,0.9982675182697528,csi-pairs-formal-v2.1-v6,060d8671380acaf43bd0beb2c77ac5c6ec112e4ddc083451ab36a5916b7c9cac,ce0d6de3d77ed6edde2c9eca5f7ce4ab92c262b63ce50b25113c1cffc8a3ca46,False,FORMAL_EXPERIMENT_ALLOWED,c63b699ed767134007e47157a733f68e4c31de8be4ca0c30d71ec46a08b85621,9548a24a4faf5db17b5251df407b4402de033ae8648ec321c850fe6105002cf1,f03e9b40548b237a49c65fc91de8d79034f2eebff1da0442b6af685a9adf95bd
osm-sionna-source-chicago-bank-19,osm-sionna-source-chicago-bank-19,csi_only,null,212992,1.0404651419755417,csi-pairs-formal-v2.1-v6,060d8671380acaf43bd0beb2c77ac5c6ec112e4ddc083451ab36a5916b7c9cac,ce0d6de3d77ed6edde2c9eca5f7ce4ab92c262b63ce50b25113c1cffc8a3ca46,False,FORMAL_EXPERIMENT_ALLOWED,c63b699ed767134007e47157a733f68e4c31de8be4ca0c30d71ec46a08b85621,9548a24a4faf5db17b5251df407b4402de033ae8648ec321c850fe6105002cf1,f03e9b40548b237a49c65fc91de8d79034f2eebff1da0442b6af685a9adf95bd
osm-sionna-source-chicago-bank-19,osm-sionna-source-chicago-bank-19,variant_id_only,all,262144,1.0000064096862573,csi-pairs-formal-v2.1-v6,060d8671380acaf43bd0beb2c77ac5c6ec112e4ddc083451ab36a5916b7c9cac,ce0d6de3d77ed6edde2c9eca5f7ce4ab92c262b63ce50b25113c1cffc8a3ca46,False,FORMAL_EXPERIMENT_ALLOWED,c63b699ed767134007e47157a733f68e4c31de8be4ca0c30d71ec46a08b85621,9548a24a4faf5db17b5251df407b4402de033ae8648ec321c850fe6105002cf1,f03e9b40548b237a49c65fc91de8d79034f2eebff1da0442b6af685a9adf95bd
osm-sionna-source-chicago-bank-19,osm-sionna-source-chicago-bank-19,variant_id_only,active,45056,1.000002731702834,csi-pairs-formal-v2.1-v6,060d8671380acaf43bd0beb2c77ac5c6ec112e4ddc083451ab36a5916b7c9cac,ce0d6de3d77ed6edde2c9eca5f7ce4ab92c262b63ce50b25113c1cffc8a3ca46,False,FORMAL_EXPERIMENT_ALLOWED,c63b699ed767134007e47157a733f68e4c31de8be4ca0c30d71ec46a08b85621,9548a24a4faf5db17b5251df407b4402de033ae8648ec321c850fe6105002cf1,f03e9b40548b237a49c65fc91de8d79034f2eebff1da0442b6af685a9adf95bd
osm-sionna-source-chicago-bank-19,osm-sionna-source-chicago-bank-19,variant_id_only,null,212992,1.0016148329758348,csi-pairs-formal-v2.1-v6,060d8671380acaf43bd0beb2c77ac5c6ec112e4ddc083451ab36a5916b7c9cac,ce0d6de3d77ed6edde2c9eca5f7ce4ab92c262b63ce50b25113c1cffc8a3ca46,False,FORMAL_EXPERIMENT_ALLOWED,c63b699ed767134007e47157a733f68e4c31de8be4ca0c30d71ec46a08b85621,9548a24a4faf5db17b5251df407b4402de033ae8648ec321c850fe6105002cf1,f03e9b40548b237a49c65fc91de8d79034f2eebff1da0442b6af685a9adf95bd
osm-sionna-source-chicago-bank-19,osm-sionna-source-chicago-bank-19,copy,all,262144,1.0,csi-pairs-formal-v2.1-v6,060d8671380acaf43bd0beb2c77ac5c6ec112e4ddc083451ab36a5916b7c9cac,ce0d6de3d77ed6edde2c9eca5f7ce4ab92c262b63ce50b25113c1cffc8a3ca46,False,FORMAL_EXPERIMENT_ALLOWED,c63b699ed767134007e47157a733f68e4c31de8be4ca0c30d71ec46a08b85621,9548a24a4faf5db17b5251df407b4402de033ae8648ec321c850fe6105002cf1,f03e9b40548b237a49c65fc91de8d79034f2eebff1da0442b6af685a9adf95bd
osm-sionna-source-chicago-bank-19,osm-sionna-source-chicago-bank-19,copy,active,45056,1.0,csi-pairs-formal-v2.1-v6,060d8671380acaf43bd0beb2c77ac5c6ec112e4ddc083451ab36a5916b7c9cac,ce0d6de3d77ed6edde2c9eca5f7ce4ab92c262b63ce50b25113c1cffc8a3ca46,False,FORMAL_EXPERIMENT_ALLOWED,c63b699ed767134007e47157a733f68e4c31de8be4ca0c30d71ec46a08b85621,9548a24a4faf5db17b5251df407b4402de033ae8648ec321c850fe6105002cf1,f03e9b40548b237a49c65fc91de8d79034f2eebff1da0442b6af685a9adf95bd
osm-sionna-source-chicago-bank-19,osm-sionna-source-chicago-bank-19,copy,null,212992,1.0,csi-pairs-formal-v2.1-v6,060d8671380acaf43bd0beb2c77ac5c6ec112e4ddc083451ab36a5916b7c9cac,ce0d6de3d77ed6edde2c9eca5f7ce4ab92c262b63ce50b25113c1cffc8a3ca46,False,FORMAL_EXPERIMENT_ALLOWED,c63b699ed767134007e47157a733f68e4c31de8be4ca0c30d71ec46a08b85621,9548a24a4faf5db17b5251df407b4402de033ae8648ec321c850fe6105002cf1,f03e9b40548b237a49c65fc91de8d79034f2eebff1da0442b6af685a9adf95bd
osm-sionna-source-chicago-bank-19,osm-sionna-source-chicago-bank-19,no_action,all,262144,1.0,csi-pairs-formal-v2.1-v6,060d8671380acaf43bd0beb2c77ac5c6ec112e4ddc083451ab36a5916b7c9cac,ce0d6de3d77ed6edde2c9eca5f7ce4ab92c262b63ce50b25113c1cffc8a3ca46,False,FORMAL_EXPERIMENT_ALLOWED,c63b699ed767134007e47157a733f68e4c31de8be4ca0c30d71ec46a08b85621,9548a24a4faf5db17b5251df407b4402de033ae8648ec321c850fe6105002cf1,f03e9b40548b237a49c65fc91de8d79034f2eebff1da0442b6af685a9adf95bd
osm-sionna-source-chicago-bank-19,osm-sionna-source-chicago-bank-19,no_action,active,45056,1.0,csi-pairs-formal-v2.1-v6,060d8671380acaf43bd0beb2c77ac5c6ec112e4ddc083451ab36a5916b7c9cac,ce0d6de3d77ed6edde2c9eca5f7ce4ab92c262b63ce50b25113c1cffc8a3ca46,False,FORMAL_EXPERIMENT_ALLOWED,c63b699ed767134007e47157a733f68e4c31de8be4ca0c30d71ec46a08b85621,9548a24a4faf5db17b5251df407b4402de033ae8648ec321c850fe6105002cf1,f03e9b40548b237a49c65fc91de8d79034f2eebff1da0442b6af685a9adf95bd
osm-sionna-source-chicago-bank-19,osm-sionna-source-chicago-bank-19,no_action,null,212992,1.0,csi-pairs-formal-v2.1-v6,060d8671380acaf43bd0beb2c77ac5c6ec112e4ddc083451ab36a5916b7c9cac,ce0d6de3d77ed6edde2c9eca5f7ce4ab92c262b63ce50b25113c1cffc8a3ca46,False,FORMAL_EXPERIMENT_ALLOWED,c63b699ed767134007e47157a733f68e4c31de8be4ca0c30d71ec46a08b85621,9548a24a4faf5db17b5251df407b4402de033ae8648ec321c850fe6105002cf1,f03e9b40548b237a49c65fc91de8d79034f2eebff1da0442b6af685a9adf95bd
osm-sionna-source-chicago-bank-19,osm-sionna-source-chicago-bank-19,action_swap,all,262144,1.126673931704687,csi-pairs-formal-v2.1-v6,060d8671380acaf43bd0beb2c77ac5c6ec112e4ddc083451ab36a5916b7c9cac,ce0d6de3d77ed6edde2c9eca5f7ce4ab92c262b63ce50b25113c1cffc8a3ca46,False,FORMAL_EXPERIMENT_ALLOWED,c63b699ed767134007e47157a733f68e4c31de8be4ca0c30d71ec46a08b85621,9548a24a4faf5db17b5251df407b4402de033ae8648ec321c850fe6105002cf1,f03e9b40548b237a49c65fc91de8d79034f2eebff1da0442b6af685a9adf95bd
osm-sionna-source-chicago-bank-19,osm-sionna-source-chicago-bank-19,action_swap,active,45056,1.0490948647278928,csi-pairs-formal-v2.1-v6,060d8671380acaf43bd0beb2c77ac5c6ec112e4ddc083451ab36a5916b7c9cac,ce0d6de3d77ed6edde2c9eca5f7ce4ab92c262b63ce50b25113c1cffc8a3ca46,False,FORMAL_EXPERIMENT_ALLOWED,c63b699ed767134007e47157a733f68e4c31de8be4ca0c30d71ec46a08b85621,9548a24a4faf5db17b5251df407b4402de033ae8648ec321c850fe6105002cf1,f03e9b40548b237a49c65fc91de8d79034f2eebff1da0442b6af685a9adf95bd
osm-sionna-source-chicago-bank-19,osm-sionna-source-chicago-bank-19,action_swap,null,212992,22.544116196632434,csi-pairs-formal-v2.1-v6,060d8671380acaf43bd0beb2c77ac5c6ec112e4ddc083451ab36a5916b7c9cac,ce0d6de3d77ed6edde2c9eca5f7ce4ab92c262b63ce50b25113c1cffc8a3ca46,False,FORMAL_EXPERIMENT_ALLOWED,c63b699ed767134007e47157a733f68e4c31de8be4ca0c30d71ec46a08b85621,9548a24a4faf5db17b5251df407b4402de033ae8648ec321c850fe6105002cf1,f03e9b40548b237a49c65fc91de8d79034f2eebff1da0442b6af685a9adf95bd
osm-sionna-source-chicago-bank-19,osm-sionna-source-chicago-bank-19,ridge_no_x_diagnostic,all,262144,1.0000314286286314,csi-pairs-formal-v2.1-v6,060d8671380acaf43bd0beb2c77ac5c6ec112e4ddc083451ab36a5916b7c9cac,ce0d6de3d77ed6edde2c9eca5f7ce4ab92c262b63ce50b25113c1cffc8a3ca46,False,FORMAL_EXPERIMENT_ALLOWED,c63b699ed767134007e47157a733f68e4c31de8be4ca0c30d71ec46a08b85621,9548a24a4faf5db17b5251df407b4402de033ae8648ec321c850fe6105002cf1,f03e9b40548b237a49c65fc91de8d79034f2eebff1da0442b6af685a9adf95bd
osm-sionna-source-chicago-bank-19,osm-sionna-source-chicago-bank-19,ridge_no_x_diagnostic,active,45056,0.9999916783805639,csi-pairs-formal-v2.1-v6,060d8671380acaf43bd0beb2c77ac5c6ec112e4ddc083451ab36a5916b7c9cac,ce0d6de3d77ed6edde2c9eca5f7ce4ab92c262b63ce50b25113c1cffc8a3ca46,False,FORMAL_EXPERIMENT_ALLOWED,c63b699ed767134007e47157a733f68e4c31de8be4ca0c30d71ec46a08b85621,9548a24a4faf5db17b5251df407b4402de033ae8648ec321c850fe6105002cf1,f03e9b40548b237a49c65fc91de8d79034f2eebff1da0442b6af685a9adf95bd
osm-sionna-source-chicago-bank-19,osm-sionna-source-chicago-bank-19,ridge_no_x_diagnostic,null,212992,1.0103539844894005,csi-pairs-formal-v2.1-v6,060d8671380acaf43bd0beb2c77ac5c6ec112e4ddc083451ab36a5916b7c9cac,ce0d6de3d77ed6edde2c9eca5f7ce4ab92c262b63ce50b25113c1cffc8a3ca46,False,FORMAL_EXPERIMENT_ALLOWED,c63b699ed767134007e47157a733f68e4c31de8be4ca0c30d71ec46a08b85621,9548a24a4faf5db17b5251df407b4402de033ae8648ec321c850fe6105002cf1,f03e9b40548b237a49c65fc91de8d79034f2eebff1da0442b6af685a9adf95bd
osm-sionna-source-chicago-bank-19,osm-sionna-source-chicago-bank-19,ridge_action_swap_diagnostic,all,262144,1.000034131801536,csi-pairs-formal-v2.1-v6,060d8671380acaf43bd0beb2c77ac5c6ec112e4ddc083451ab36a5916b7c9cac,ce0d6de3d77ed6edde2c9eca5f7ce4ab92c262b63ce50b25113c1cffc8a3ca46,False,FORMAL_EXPERIMENT_ALLOWED,c63b699ed767134007e47157a733f68e4c31de8be4ca0c30d71ec46a08b85621,9548a24a4faf5db17b5251df407b4402de033ae8648ec321c850fe6105002cf1,f03e9b40548b237a49c65fc91de8d79034f2eebff1da0442b6af685a9adf95bd
osm-sionna-source-chicago-bank-19,osm-sionna-source-chicago-bank-19,ridge_action_swap_diagnostic,active,45056,0.9999951817774329,csi-pairs-formal-v2.1-v6,060d8671380acaf43bd0beb2c77ac5c6ec112e4ddc083451ab36a5916b7c9cac,ce0d6de3d77ed6edde2c9eca5f7ce4ab92c262b63ce50b25113c1cffc8a3ca46,False,FORMAL_EXPERIMENT_ALLOWED,c63b699ed767134007e47157a733f68e4c31de8be4ca0c30d71ec46a08b85621,9548a24a4faf5db17b5251df407b4402de033ae8648ec321c850fe6105002cf1,f03e9b40548b237a49c65fc91de8d79034f2eebff1da0442b6af685a9adf95bd
osm-sionna-source-chicago-bank-19,osm-sionna-source-chicago-bank-19,ridge_action_swap_diagnostic,null,212992,1.0101596404577102,csi-pairs-formal-v2.1-v6,060d8671380acaf43bd0beb2c77ac5c6ec112e4ddc083451ab36a5916b7c9cac,ce0d6de3d77ed6edde2c9eca5f7ce4ab92c262b63ce50b25113c1cffc8a3ca46,False,FORMAL_EXPERIMENT_ALLOWED,c63b699ed767134007e47157a733f68e4c31de8be4ca0c30d71ec46a08b85621,9548a24a4faf5db17b5251df407b4402de033ae8648ec321c850fe6105002cf1,f03e9b40548b237a49c65fc91de8d79034f2eebff1da0442b6af685a9adf95bd
osm-sionna-source-chicago-bank-19,osm-sionna-source-chicago-bank-19,ridge_oracle_x_diagnostic,all,262144,1.00003304590659,csi-pairs-formal-v2.1-v6,060d8671380acaf43bd0beb2c77ac5c6ec112e4ddc083451ab36a5916b7c9cac,ce0d6de3d77ed6edde2c9eca5f7ce4ab92c262b63ce50b25113c1cffc8a3ca46,False,FORMAL_EXPERIMENT_ALLOWED,c63b699ed767134007e47157a733f68e4c31de8be4ca0c30d71ec46a08b85621,9548a24a4faf5db17b5251df407b4402de033ae8648ec321c850fe6105002cf1,f03e9b40548b237a49c65fc91de8d79034f2eebff1da0442b6af685a9adf95bd
osm-sionna-source-chicago-bank-19,osm-sionna-source-chicago-bank-19,ridge_oracle_x_diagnostic,active,45056,0.9999918784029994,csi-pairs-formal-v2.1-v6,060d8671380acaf43bd0beb2c77ac5c6ec112e4ddc083451ab36a5916b7c9cac,ce0d6de3d77ed6edde2c9eca5f7ce4ab92c262b63ce50b25113c1cffc8a3ca46,False,FORMAL_EXPERIMENT_ALLOWED,c63b699ed767134007e47157a733f68e4c31de8be4ca0c30d71ec46a08b85621,9548a24a4faf5db17b5251df407b4402de033ae8648ec321c850fe6105002cf1,f03e9b40548b237a49c65fc91de8d79034f2eebff1da0442b6af685a9adf95bd
osm-sionna-source-chicago-bank-19,osm-sionna-source-chicago-bank-19,ridge_oracle_x_diagnostic,null,212992,1.01077441328885,csi-pairs-formal-v2.1-v6,060d8671380acaf43bd0beb2c77ac5c6ec112e4ddc083451ab36a5916b7c9cac,ce0d6de3d77ed6edde2c9eca5f7ce4ab92c262b63ce50b25113c1cffc8a3ca46,False,FORMAL_EXPERIMENT_ALLOWED,c63b699ed767134007e47157a733f68e4c31de8be4ca0c30d71ec46a08b85621,9548a24a4faf5db17b5251df407b4402de033ae8648ec321c850fe6105002cf1,f03e9b40548b237a49c65fc91de8d79034f2eebff1da0442b6af685a9adf95bd
osm-sionna-source-austin-bank-16,osm-sionna-source-austin-bank-16,no_x,all,262144,0.9526586898330559,csi-pairs-formal-v2.1-v6,060d8671380acaf43bd0beb2c77ac5c6ec112e4ddc083451ab36a5916b7c9cac,ce0d6de3d77ed6edde2c9eca5f7ce4ab92c262b63ce50b25113c1cffc8a3ca46,False,FORMAL_EXPERIMENT_ALLOWED,c63b699ed767134007e47157a733f68e4c31de8be4ca0c30d71ec46a08b85621,9548a24a4faf5db17b5251df407b4402de033ae8648ec321c850fe6105002cf1,f03e9b40548b237a49c65fc91de8d79034f2eebff1da0442b6af685a9adf95bd
osm-sionna-source-austin-bank-16,osm-sionna-source-austin-bank-16,no_x,active,45984,0.8342460208659234,csi-pairs-formal-v2.1-v6,060d8671380acaf43bd0beb2c77ac5c6ec112e4ddc083451ab36a5916b7c9cac,ce0d6de3d77ed6edde2c9eca5f7ce4ab92c262b63ce50b25113c1cffc8a3ca46,False,FORMAL_EXPERIMENT_ALLOWED,c63b699ed767134007e47157a733f68e4c31de8be4ca0c30d71ec46a08b85621,9548a24a4faf5db17b5251df407b4402de033ae8648ec321c850fe6105002cf1,f03e9b40548b237a49c65fc91de8d79034f2eebff1da0442b6af685a9adf95bd
osm-sionna-source-austin-bank-16,osm-sionna-source-austin-bank-16,no_x,null,212992,423.87550122995253,csi-pairs-formal-v2.1-v6,060d8671380acaf43bd0beb2c77ac5c6ec112e4ddc083451ab36a5916b7c9cac,ce0d6de3d77ed6edde2c9eca5f7ce4ab92c262b63ce50b25113c1cffc8a3ca46,False,FORMAL_EXPERIMENT_ALLOWED,c63b699ed767134007e47157a733f68e4c31de8be4ca0c30d71ec46a08b85621,9548a24a4faf5db17b5251df407b4402de033ae8648ec321c850fe6105002cf1,f03e9b40548b237a49c65fc91de8d79034f2eebff1da0442b6af685a9adf95bd
osm-sionna-source-austin-bank-16,osm-sionna-source-austin-bank-16,oracle_x,all,262144,0.8250879274556421,csi-pairs-formal-v2.1-v6,060d8671380acaf43bd0beb2c77ac5c6ec112e4ddc083451ab36a5916b7c9cac,ce0d6de3d77ed6edde2c9eca5f7ce4ab92c262b63ce50b25113c1cffc8a3ca46,False,FORMAL_EXPERIMENT_ALLOWED,c63b699ed767134007e47157a733f68e4c31de8be4ca0c30d71ec46a08b85621,9548a24a4faf5db17b5251df407b4402de033ae8648ec321c850fe6105002cf1,f03e9b40548b237a49c65fc91de8d79034f2eebff1da0442b6af685a9adf95bd
osm-sionna-source-austin-bank-16,osm-sionna-source-austin-bank-16,oracle_x,active,45984,0.8198866321153964,csi-pairs-formal-v2.1-v6,060d8671380acaf43bd0beb2c77ac5c6ec112e4ddc083451ab36a5916b7c9cac,ce0d6de3d77ed6edde2c9eca5f7ce4ab92c262b63ce50b25113c1cffc8a3ca46,False,FORMAL_EXPERIMENT_ALLOWED,c63b699ed767134007e47157a733f68e4c31de8be4ca0c30d71ec46a08b85621,9548a24a4faf5db17b5251df407b4402de033ae8648ec321c850fe6105002cf1,f03e9b40548b237a49c65fc91de8d79034f2eebff1da0442b6af685a9adf95bd
osm-sionna-source-austin-bank-16,osm-sionna-source-austin-bank-16,oracle_x,null,212992,1.0,csi-pairs-formal-v2.1-v6,060d8671380acaf43bd0beb2c77ac5c6ec112e4ddc083451ab36a5916b7c9cac,ce0d6de3d77ed6edde2c9eca5f7ce4ab92c262b63ce50b25113c1cffc8a3ca46,False,FORMAL_EXPERIMENT_ALLOWED,c63b699ed767134007e47157a733f68e4c31de8be4ca0c30d71ec46a08b85621,9548a24a4faf5db17b5251df407b4402de033ae8648ec321c850fe6105002cf1,f03e9b40548b237a49c65fc91de8d79034f2eebff1da0442b6af685a9adf95bd
osm-sionna-source-austin-bank-16,osm-sionna-source-austin-bank-16,map_edit_only,all,262144,1.0001654756570109,csi-pairs-formal-v2.1-v6,060d8671380acaf43bd0beb2c77ac5c6ec112e4ddc083451ab36a5916b7c9cac,ce0d6de3d77ed6edde2c9eca5f7ce4ab92c262b63ce50b25113c1cffc8a3ca46,False,FORMAL_EXPERIMENT_ALLOWED,c63b699ed767134007e47157a733f68e4c31de8be4ca0c30d71ec46a08b85621,9548a24a4faf5db17b5251df407b4402de033ae8648ec321c850fe6105002cf1,f03e9b40548b237a49c65fc91de8d79034f2eebff1da0442b6af685a9adf95bd
osm-sionna-source-austin-bank-16,osm-sionna-source-austin-bank-16,map_edit_only,active,45984,1.000081151543609,csi-pairs-formal-v2.1-v6,060d8671380acaf43bd0beb2c77ac5c6ec112e4ddc083451ab36a5916b7c9cac,ce0d6de3d77ed6edde2c9eca5f7ce4ab92c262b63ce50b25113c1cffc8a3ca46,False,FORMAL_EXPERIMENT_ALLOWED,c63b699ed767134007e47157a733f68e4c31de8be4ca0c30d71ec46a08b85621,9548a24a4faf5db17b5251df407b4402de033ae8648ec321c850fe6105002cf1,f03e9b40548b237a49c65fc91de8d79034f2eebff1da0442b6af685a9adf95bd
osm-sionna-source-austin-bank-16,osm-sionna-source-austin-bank-16,map_edit_only,null,212992,1.3081453658555708,csi-pairs-formal-v2.1-v6,060d8671380acaf43bd0beb2c77ac5c6ec112e4ddc083451ab36a5916b7c9cac,ce0d6de3d77ed6edde2c9eca5f7ce4ab92c262b63ce50b25113c1cffc8a3ca46,False,FORMAL_EXPERIMENT_ALLOWED,c63b699ed767134007e47157a733f68e4c31de8be4ca0c30d71ec46a08b85621,9548a24a4faf5db17b5251df407b4402de033ae8648ec321c850fe6105002cf1,f03e9b40548b237a49c65fc91de8d79034f2eebff1da0442b6af685a9adf95bd
osm-sionna-source-austin-bank-16,osm-sionna-source-austin-bank-16,csi_only,all,262144,0.9990512033294056,csi-pairs-formal-v2.1-v6,060d8671380acaf43bd0beb2c77ac5c6ec112e4ddc083451ab36a5916b7c9cac,ce0d6de3d77ed6edde2c9eca5f7ce4ab92c262b63ce50b25113c1cffc8a3ca46,False,FORMAL_EXPERIMENT_ALLOWED,c63b699ed767134007e47157a733f68e4c31de8be4ca0c30d71ec46a08b85621,9548a24a4faf5db17b5251df407b4402de033ae8648ec321c850fe6105002cf1,f03e9b40548b237a49c65fc91de8d79034f2eebff1da0442b6af685a9adf95bd
osm-sionna-source-austin-bank-16,osm-sionna-source-austin-bank-16,csi_only,active,45984,0.9986279249546149,csi-pairs-formal-v2.1-v6,060d8671380acaf43bd0beb2c77ac5c6ec112e4ddc083451ab36a5916b7c9cac,ce0d6de3d77ed6edde2c9eca5f7ce4ab92c262b63ce50b25113c1cffc8a3ca46,False,FORMAL_EXPERIMENT_ALLOWED,c63b699ed767134007e47157a733f68e4c31de8be4ca0c30d71ec46a08b85621,9548a24a4faf5db17b5251df407b4402de033ae8648ec321c850fe6105002cf1,f03e9b40548b237a49c65fc91de8d79034f2eebff1da0442b6af685a9adf95bd
osm-sionna-source-austin-bank-16,osm-sionna-source-austin-bank-16,csi_only,null,212992,2.739225763319001,csi-pairs-formal-v2.1-v6,060d8671380acaf43bd0beb2c77ac5c6ec112e4ddc083451ab36a5916b7c9cac,ce0d6de3d77ed6edde2c9eca5f7ce4ab92c262b63ce50b25113c1cffc8a3ca46,False,FORMAL_EXPERIMENT_ALLOWED,c63b699ed767134007e47157a733f68e4c31de8be4ca0c30d71ec46a08b85621,9548a24a4faf5db17b5251df407b4402de033ae8648ec321c850fe6105002cf1,f03e9b40548b237a49c65fc91de8d79034f2eebff1da0442b6af685a9adf95bd
osm-sionna-source-austin-bank-16,osm-sionna-source-austin-bank-16,variant_id_only,all,262144,1.0000047382220698,csi-pairs-formal-v2.1-v6,060d8671380acaf43bd0beb2c77ac5c6ec112e4ddc083451ab36a5916b7c9cac,ce0d6de3d77ed6edde2c9eca5f7ce4ab92c262b63ce50b25113c1cffc8a3ca46,False,FORMAL_EXPERIMENT_ALLOWED,c63b699ed767134007e47157a733f68e4c31de8be4ca0c30d71ec46a08b85621,9548a24a4faf5db17b5251df407b4402de033ae8648ec321c850fe6105002cf1,f03e9b40548b237a49c65fc91de8d79034f2eebff1da0442b6af685a9adf95bd
osm-sionna-source-austin-bank-16,osm-sionna-source-austin-bank-16,variant_id_only,active,45984,0.9999993070311934,csi-pairs-formal-v2.1-v6,060d8671380acaf43bd0beb2c77ac5c6ec112e4ddc083451ab36a5916b7c9cac,ce0d6de3d77ed6edde2c9eca5f7ce4ab92c262b63ce50b25113c1cffc8a3ca46,False,FORMAL_EXPERIMENT_ALLOWED,c63b699ed767134007e47157a733f68e4c31de8be4ca0c30d71ec46a08b85621,9548a24a4faf5db17b5251df407b4402de033ae8648ec321c850fe6105002cf1,f03e9b40548b237a49c65fc91de8d79034f2eebff1da0442b6af685a9adf95bd
osm-sionna-source-austin-bank-16,osm-sionna-source-austin-bank-16,variant_id_only,null,212992,1.019071221047378,csi-pairs-formal-v2.1-v6,060d8671380acaf43bd0beb2c77ac5c6ec112e4ddc083451ab36a5916b7c9cac,ce0d6de3d77ed6edde2c9eca5f7ce4ab92c262b63ce50b25113c1cffc8a3ca46,False,FORMAL_EXPERIMENT_ALLOWED,c63b699ed767134007e47157a733f68e4c31de8be4ca0c30d71ec46a08b85621,9548a24a4faf5db17b5251df407b4402de033ae8648ec321c850fe6105002cf1,f03e9b40548b237a49c65fc91de8d79034f2eebff1da0442b6af685a9adf95bd
osm-sionna-source-austin-bank-16,osm-sionna-source-austin-bank-16,copy,all,262144,1.0,csi-pairs-formal-v2.1-v6,060d8671380acaf43bd0beb2c77ac5c6ec112e4ddc083451ab36a5916b7c9cac,ce0d6de3d77ed6edde2c9eca5f7ce4ab92c262b63ce50b25113c1cffc8a3ca46,False,FORMAL_EXPERIMENT_ALLOWED,c63b699ed767134007e47157a733f68e4c31de8be4ca0c30d71ec46a08b85621,9548a24a4faf5db17b5251df407b4402de033ae8648ec321c850fe6105002cf1,f03e9b40548b237a49c65fc91de8d79034f2eebff1da0442b6af685a9adf95bd
osm-sionna-source-austin-bank-16,osm-sionna-source-austin-bank-16,copy,active,45984,1.0,csi-pairs-formal-v2.1-v6,060d8671380acaf43bd0beb2c77ac5c6ec112e4ddc083451ab36a5916b7c9cac,ce0d6de3d77ed6edde2c9eca5f7ce4ab92c262b63ce50b25113c1cffc8a3ca46,False,FORMAL_EXPERIMENT_ALLOWED,c63b699ed767134007e47157a733f68e4c31de8be4ca0c30d71ec46a08b85621,9548a24a4faf5db17b5251df407b4402de033ae8648ec321c850fe6105002cf1,f03e9b40548b237a49c65fc91de8d79034f2eebff1da0442b6af685a9adf95bd
osm-sionna-source-austin-bank-16,osm-sionna-source-austin-bank-16,copy,null,212992,1.0,csi-pairs-formal-v2.1-v6,060d8671380acaf43bd0beb2c77ac5c6ec112e4ddc083451ab36a5916b7c9cac,ce0d6de3d77ed6edde2c9eca5f7ce4ab92c262b63ce50b25113c1cffc8a3ca46,False,FORMAL_EXPERIMENT_ALLOWED,c63b699ed767134007e47157a733f68e4c31de8be4ca0c30d71ec46a08b85621,9548a24a4faf5db17b5251df407b4402de033ae8648ec321c850fe6105002cf1,f03e9b40548b237a49c65fc91de8d79034f2eebff1da0442b6af685a9adf95bd
osm-sionna-source-austin-bank-16,osm-sionna-source-austin-bank-16,no_action,all,262144,1.0,csi-pairs-formal-v2.1-v6,060d8671380acaf43bd0beb2c77ac5c6ec112e4ddc083451ab36a5916b7c9cac,ce0d6de3d77ed6edde2c9eca5f7ce4ab92c262b63ce50b25113c1cffc8a3ca46,False,FORMAL_EXPERIMENT_ALLOWED,c63b699ed767134007e47157a733f68e4c31de8be4ca0c30d71ec46a08b85621,9548a24a4faf5db17b5251df407b4402de033ae8648ec321c850fe6105002cf1,f03e9b40548b237a49c65fc91de8d79034f2eebff1da0442b6af685a9adf95bd
osm-sionna-source-austin-bank-16,osm-sionna-source-austin-bank-16,no_action,active,45984,1.0,csi-pairs-formal-v2.1-v6,060d8671380acaf43bd0beb2c77ac5c6ec112e4ddc083451ab36a5916b7c9cac,ce0d6de3d77ed6edde2c9eca5f7ce4ab92c262b63ce50b25113c1cffc8a3ca46,False,FORMAL_EXPERIMENT_ALLOWED,c63b699ed767134007e47157a733f68e4c31de8be4ca0c30d71ec46a08b85621,9548a24a4faf5db17b5251df407b4402de033ae8648ec321c850fe6105002cf1,f03e9b40548b237a49c65fc91de8d79034f2eebff1da0442b6af685a9adf95bd
osm-sionna-source-austin-bank-16,osm-sionna-source-austin-bank-16,no_action,null,212992,1.0,csi-pairs-formal-v2.1-v6,060d8671380acaf43bd0beb2c77ac5c6ec112e4ddc083451ab36a5916b7c9cac,ce0d6de3d77ed6edde2c9eca5f7ce4ab92c262b63ce50b25113c1cffc8a3ca46,False,FORMAL_EXPERIMENT_ALLOWED,c63b699ed767134007e47157a733f68e4c31de8be4ca0c30d71ec46a08b85621,9548a24a4faf5db17b5251df407b4402de033ae8648ec321c850fe6105002cf1,f03e9b40548b237a49c65fc91de8d79034f2eebff1da0442b6af685a9adf95bd
osm-sionna-source-austin-bank-16,osm-sionna-source-austin-bank-16,action_swap,all,262144,1.315455960987663,csi-pairs-formal-v2.1-v6,060d8671380acaf43bd0beb2c77ac5c6ec112e4ddc083451ab36a5916b7c9cac,ce0d6de3d77ed6edde2c9eca5f7ce4ab92c262b63ce50b25113c1cffc8a3ca46,False,FORMAL_EXPERIMENT_ALLOWED,c63b699ed767134007e47157a733f68e4c31de8be4ca0c30d71ec46a08b85621,9548a24a4faf5db17b5251df407b4402de033ae8648ec321c850fe6105002cf1,f03e9b40548b237a49c65fc91de8d79034f2eebff1da0442b6af685a9adf95bd
osm-sionna-source-austin-bank-16,osm-sionna-source-austin-bank-16,action_swap,active,45984,1.1394379819835108,csi-pairs-formal-v2.1-v6,060d8671380acaf43bd0beb2c77ac5c6ec112e4ddc083451ab36a5916b7c9cac,ce0d6de3d77ed6edde2c9eca5f7ce4ab92c262b63ce50b25113c1cffc8a3ca46,False,FORMAL_EXPERIMENT_ALLOWED,c63b699ed767134007e47157a733f68e4c31de8be4ca0c30d71ec46a08b85621,9548a24a4faf5db17b5251df407b4402de033ae8648ec321c850fe6105002cf1,f03e9b40548b237a49c65fc91de8d79034f2eebff1da0442b6af685a9adf95bd
osm-sionna-source-austin-bank-16,osm-sionna-source-austin-bank-16,action_swap,null,212992,649.3747794772968,csi-pairs-formal-v2.1-v6,060d8671380acaf43bd0beb2c77ac5c6ec112e4ddc083451ab36a5916b7c9cac,ce0d6de3d77ed6edde2c9eca5f7ce4ab92c262b63ce50b25113c1cffc8a3ca46,False,FORMAL_EXPERIMENT_ALLOWED,c63b699ed767134007e47157a733f68e4c31de8be4ca0c30d71ec46a08b85621,9548a24a4faf5db17b5251df407b4402de033ae8648ec321c850fe6105002cf1,f03e9b40548b237a49c65fc91de8d79034f2eebff1da0442b6af685a9adf95bd
osm-sionna-source-austin-bank-16,osm-sionna-source-austin-bank-16,ridge_no_x_diagnostic,all,262144,1.0002003893830154,csi-pairs-formal-v2.1-v6,060d8671380acaf43bd0beb2c77ac5c6ec112e4ddc083451ab36a5916b7c9cac,ce0d6de3d77ed6edde2c9eca5f7ce4ab92c262b63ce50b25113c1cffc8a3ca46,False,FORMAL_EXPERIMENT_ALLOWED,c63b699ed767134007e47157a733f68e4c31de8be4ca0c30d71ec46a08b85621,9548a24a4faf5db17b5251df407b4402de033ae8648ec321c850fe6105002cf1,f03e9b40548b237a49c65fc91de8d79034f2eebff1da0442b6af685a9adf95bd
osm-sionna-source-austin-bank-16,osm-sionna-source-austin-bank-16,ridge_no_x_diagnostic,active,45984,1.0000545394978864,csi-pairs-formal-v2.1-v6,060d8671380acaf43bd0beb2c77ac5c6ec112e4ddc083451ab36a5916b7c9cac,ce0d6de3d77ed6edde2c9eca5f7ce4ab92c262b63ce50b25113c1cffc8a3ca46,False,FORMAL_EXPERIMENT_ALLOWED,c63b699ed767134007e47157a733f68e4c31de8be4ca0c30d71ec46a08b85621,9548a24a4faf5db17b5251df407b4402de033ae8648ec321c850fe6105002cf1,f03e9b40548b237a49c65fc91de8d79034f2eebff1da0442b6af685a9adf95bd
osm-sionna-source-austin-bank-16,osm-sionna-source-austin-bank-16,ridge_no_x_diagnostic,null,212992,1.5454480548763598,csi-pairs-formal-v2.1-v6,060d8671380acaf43bd0beb2c77ac5c6ec112e4ddc083451ab36a5916b7c9cac,ce0d6de3d77ed6edde2c9eca5f7ce4ab92c262b63ce50b25113c1cffc8a3ca46,False,FORMAL_EXPERIMENT_ALLOWED,c63b699ed767134007e47157a733f68e4c31de8be4ca0c30d71ec46a08b85621,9548a24a4faf5db17b5251df407b4402de033ae8648ec321c850fe6105002cf1,f03e9b40548b237a49c65fc91de8d79034f2eebff1da0442b6af685a9adf95bd
osm-sionna-source-austin-bank-16,osm-sionna-source-austin-bank-16,ridge_action_swap_diagnostic,all,262144,1.0001913983313242,csi-pairs-formal-v2.1-v6,060d8671380acaf43bd0beb2c77ac5c6ec112e4ddc083451ab36a5916b7c9cac,ce0d6de3d77ed6edde2c9eca5f7ce4ab92c262b63ce50b25113c1cffc8a3ca46,False,FORMAL_EXPERIMENT_ALLOWED,c63b699ed767134007e47157a733f68e4c31de8be4ca0c30d71ec46a08b85621,9548a24a4faf5db17b5251df407b4402de033ae8648ec321c850fe6105002cf1,f03e9b40548b237a49c65fc91de8d79034f2eebff1da0442b6af685a9adf95bd
osm-sionna-source-austin-bank-16,osm-sionna-source-austin-bank-16,ridge_action_swap_diagnostic,active,45984,1.0000453174177748,csi-pairs-formal-v2.1-v6,060d8671380acaf43bd0beb2c77ac5c6ec112e4ddc083451ab36a5916b7c9cac,ce0d6de3d77ed6edde2c9eca5f7ce4ab92c262b63ce50b25113c1cffc8a3ca46,False,FORMAL_EXPERIMENT_ALLOWED,c63b699ed767134007e47157a733f68e4c31de8be4ca0c30d71ec46a08b85621,9548a24a4faf5db17b5251df407b4402de033ae8648ec321c850fe6105002cf1,f03e9b40548b237a49c65fc91de8d79034f2eebff1da0442b6af685a9adf95bd
osm-sionna-source-austin-bank-16,osm-sionna-source-austin-bank-16,ridge_action_swap_diagnostic,null,212992,1.5457906021185555,csi-pairs-formal-v2.1-v6,060d8671380acaf43bd0beb2c77ac5c6ec112e4ddc083451ab36a5916b7c9cac,ce0d6de3d77ed6edde2c9eca5f7ce4ab92c262b63ce50b25113c1cffc8a3ca46,False,FORMAL_EXPERIMENT_ALLOWED,c63b699ed767134007e47157a733f68e4c31de8be4ca0c30d71ec46a08b85621,9548a24a4faf5db17b5251df407b4402de033ae8648ec321c850fe6105002cf1,f03e9b40548b237a49c65fc91de8d79034f2eebff1da0442b6af685a9adf95bd
osm-sionna-source-austin-bank-16,osm-sionna-source-austin-bank-16,ridge_oracle_x_diagnostic,all,262144,1.0002026039878198,csi-pairs-formal-v2.1-v6,060d8671380acaf43bd0beb2c77ac5c6ec112e4ddc083451ab36a5916b7c9cac,ce0d6de3d77ed6edde2c9eca5f7ce4ab92c262b63ce50b25113c1cffc8a3ca46,False,FORMAL_EXPERIMENT_ALLOWED,c63b699ed767134007e47157a733f68e4c31de8be4ca0c30d71ec46a08b85621,9548a24a4faf5db17b5251df407b4402de033ae8648ec321c850fe6105002cf1,f03e9b40548b237a49c65fc91de8d79034f2eebff1da0442b6af685a9adf95bd
osm-sionna-source-austin-bank-16,osm-sionna-source-austin-bank-16,ridge_oracle_x_diagnostic,active,45984,1.0000567204634747,csi-pairs-formal-v2.1-v6,060d8671380acaf43bd0beb2c77ac5c6ec112e4ddc083451ab36a5916b7c9cac,ce0d6de3d77ed6edde2c9eca5f7ce4ab92c262b63ce50b25113c1cffc8a3ca46,False,FORMAL_EXPERIMENT_ALLOWED,c63b699ed767134007e47157a733f68e4c31de8be4ca0c30d71ec46a08b85621,9548a24a4faf5db17b5251df407b4402de033ae8648ec321c850fe6105002cf1,f03e9b40548b237a49c65fc91de8d79034f2eebff1da0442b6af685a9adf95bd
osm-sionna-source-austin-bank-16,osm-sionna-source-austin-bank-16,ridge_oracle_x_diagnostic,null,212992,1.5463153781090366,csi-pairs-formal-v2.1-v6,060d8671380acaf43bd0beb2c77ac5c6ec112e4ddc083451ab36a5916b7c9cac,ce0d6de3d77ed6edde2c9eca5f7ce4ab92c262b63ce50b25113c1cffc8a3ca46,False,FORMAL_EXPERIMENT_ALLOWED,c63b699ed767134007e47157a733f68e4c31de8be4ca0c30d71ec46a08b85621,9548a24a4faf5db17b5251df407b4402de033ae8648ec321c850fe6105002cf1,f03e9b40548b237a49c65fc91de8d79034f2eebff1da0442b6af685a9adf95bd
osm-sionna-source-austin-bank-17,osm-sionna-source-austin-bank-17,no_x,all,262144,0.6129326643365155,csi-pairs-formal-v2.1-v6,060d8671380acaf43bd0beb2c77ac5c6ec112e4ddc083451ab36a5916b7c9cac,ce0d6de3d77ed6edde2c9eca5f7ce4ab92c262b63ce50b25113c1cffc8a3ca46,False,FORMAL_EXPERIMENT_ALLOWED,c63b699ed767134007e47157a733f68e4c31de8be4ca0c30d71ec46a08b85621,9548a24a4faf5db17b5251df407b4402de033ae8648ec321c850fe6105002cf1,f03e9b40548b237a49c65fc91de8d79034f2eebff1da0442b6af685a9adf95bd
osm-sionna-source-austin-bank-17,osm-sionna-source-austin-bank-17,no_x,active,49152,0.5314756879969267,csi-pairs-formal-v2.1-v6,060d8671380acaf43bd0beb2c77ac5c6ec112e4ddc083451ab36a5916b7c9cac,ce0d6de3d77ed6edde2c9eca5f7ce4ab92c262b63ce50b25113c1cffc8a3ca46,False,FORMAL_EXPERIMENT_ALLOWED,c63b699ed767134007e47157a733f68e4c31de8be4ca0c30d71ec46a08b85621,9548a24a4faf5db17b5251df407b4402de033ae8648ec321c850fe6105002cf1,f03e9b40548b237a49c65fc91de8d79034f2eebff1da0442b6af685a9adf95bd
osm-sionna-source-austin-bank-17,osm-sionna-source-austin-bank-17,no_x,null,212992,,csi-pairs-formal-v2.1-v6,060d8671380acaf43bd0beb2c77ac5c6ec112e4ddc083451ab36a5916b7c9cac,ce0d6de3d77ed6edde2c9eca5f7ce4ab92c262b63ce50b25113c1cffc8a3ca46,False,FORMAL_EXPERIMENT_ALLOWED,c63b699ed767134007e47157a733f68e4c31de8be4ca0c30d71ec46a08b85621,9548a24a4faf5db17b5251df407b4402de033ae8648ec321c850fe6105002cf1,f03e9b40548b237a49c65fc91de8d79034f2eebff1da0442b6af685a9adf95bd
osm-sionna-source-austin-bank-17,osm-sionna-source-austin-bank-17,oracle_x,all,262144,0.44195229650175355,csi-pairs-formal-v2.1-v6,060d8671380acaf43bd0beb2c77ac5c6ec112e4ddc083451ab36a5916b7c9cac,ce0d6de3d77ed6edde2c9eca5f7ce4ab92c262b63ce50b25113c1cffc8a3ca46,False,FORMAL_EXPERIMENT_ALLOWED,c63b699ed767134007e47157a733f68e4c31de8be4ca0c30d71ec46a08b85621,9548a24a4faf5db17b5251df407b4402de033ae8648ec321c850fe6105002cf1,f03e9b40548b237a49c65fc91de8d79034f2eebff1da0442b6af685a9adf95bd
osm-sionna-source-austin-bank-17,osm-sionna-source-austin-bank-17,oracle_x,active,49152,0.44195229650175355,csi-pairs-formal-v2.1-v6,060d8671380acaf43bd0beb2c77ac5c6ec112e4ddc083451ab36a5916b7c9cac,ce0d6de3d77ed6edde2c9eca5f7ce4ab92c262b63ce50b25113c1cffc8a3ca46,False,FORMAL_EXPERIMENT_ALLOWED,c63b699ed767134007e47157a733f68e4c31de8be4ca0c30d71ec46a08b85621,9548a24a4faf5db17b5251df407b4402de033ae8648ec321c850fe6105002cf1,f03e9b40548b237a49c65fc91de8d79034f2eebff1da0442b6af685a9adf95bd
osm-sionna-source-austin-bank-17,osm-sionna-source-austin-bank-17,oracle_x,null,212992,,csi-pairs-formal-v2.1-v6,060d8671380acaf43bd0beb2c77ac5c6ec112e4ddc083451ab36a5916b7c9cac,ce0d6de3d77ed6edde2c9eca5f7ce4ab92c262b63ce50b25113c1cffc8a3ca46,False,FORMAL_EXPERIMENT_ALLOWED,c63b699ed767134007e47157a733f68e4c31de8be4ca0c30d71ec46a08b85621,9548a24a4faf5db17b5251df407b4402de033ae8648ec321c850fe6105002cf1,f03e9b40548b237a49c65fc91de8d79034f2eebff1da0442b6af685a9adf95bd
osm-sionna-source-austin-bank-17,osm-sionna-source-austin-bank-17,map_edit_only,all,262144,1.000040083670047,csi-pairs-formal-v2.1-v6,060d8671380acaf43bd0beb2c77ac5c6ec112e4ddc083451ab36a5916b7c9cac,ce0d6de3d77ed6edde2c9eca5f7ce4ab92c262b63ce50b25113c1cffc8a3ca46,False,FORMAL_EXPERIMENT_ALLOWED,c63b699ed767134007e47157a733f68e4c31de8be4ca0c30d71ec46a08b85621,9548a24a4faf5db17b5251df407b4402de033ae8648ec321c850fe6105002cf1,f03e9b40548b237a49c65fc91de8d79034f2eebff1da0442b6af685a9adf95bd
osm-sionna-source-austin-bank-17,osm-sionna-source-austin-bank-17,map_edit_only,active,49152,0.9999836787204632,csi-pairs-formal-v2.1-v6,060d8671380acaf43bd0beb2c77ac5c6ec112e4ddc083451ab36a5916b7c9cac,ce0d6de3d77ed6edde2c9eca5f7ce4ab92c262b63ce50b25113c1cffc8a3ca46,False,FORMAL_EXPERIMENT_ALLOWED,c63b699ed767134007e47157a733f68e4c31de8be4ca0c30d71ec46a08b85621,9548a24a4faf5db17b5251df407b4402de033ae8648ec321c850fe6105002cf1,f03e9b40548b237a49c65fc91de8d79034f2eebff1da0442b6af685a9adf95bd
osm-sionna-source-austin-bank-17,osm-sionna-source-austin-bank-17,map_edit_only,null,212992,,csi-pairs-formal-v2.1-v6,060d8671380acaf43bd0beb2c77ac5c6ec112e4ddc083451ab36a5916b7c9cac,ce0d6de3d77ed6edde2c9eca5f7ce4ab92c262b63ce50b25113c1cffc8a3ca46,False,FORMAL_EXPERIMENT_ALLOWED,c63b699ed767134007e47157a733f68e4c31de8be4ca0c30d71ec46a08b85621,9548a24a4faf5db17b5251df407b4402de033ae8648ec321c850fe6105002cf1,f03e9b40548b237a49c65fc91de8d79034f2eebff1da0442b6af685a9adf95bd
osm-sionna-source-austin-bank-17,osm-sionna-source-austin-bank-17,csi_only,all,262144,0.9987465215296885,csi-pairs-formal-v2.1-v6,060d8671380acaf43bd0beb2c77ac5c6ec112e4ddc083451ab36a5916b7c9cac,ce0d6de3d77ed6edde2c9eca5f7ce4ab92c262b63ce50b25113c1cffc8a3ca46,False,FORMAL_EXPERIMENT_ALLOWED,c63b699ed767134007e47157a733f68e4c31de8be4ca0c30d71ec46a08b85621,9548a24a4faf5db17b5251df407b4402de033ae8648ec321c850fe6105002cf1,f03e9b40548b237a49c65fc91de8d79034f2eebff1da0442b6af685a9adf95bd
osm-sionna-source-austin-bank-17,osm-sionna-source-austin-bank-17,csi_only,active,49152,0.9985845795886128,csi-pairs-formal-v2.1-v6,060d8671380acaf43bd0beb2c77ac5c6ec112e4ddc083451ab36a5916b7c9cac,ce0d6de3d77ed6edde2c9eca5f7ce4ab92c262b63ce50b25113c1cffc8a3ca46,False,FORMAL_EXPERIMENT_ALLOWED,c63b699ed767134007e47157a733f68e4c31de8be4ca0c30d71ec46a08b85621,9548a24a4faf5db17b5251df407b4402de033ae8648ec321c850fe6105002cf1,f03e9b40548b237a49c65fc91de8d79034f2eebff1da0442b6af685a9adf95bd
osm-sionna-source-austin-bank-17,osm-sionna-source-austin-bank-17,csi_only,null,212992,,csi-pairs-formal-v2.1-v6,060d8671380acaf43bd0beb2c77ac5c6ec112e4ddc083451ab36a5916b7c9cac,ce0d6de3d77ed6edde2c9eca5f7ce4ab92c262b63ce50b25113c1cffc8a3ca46,False,FORMAL_EXPERIMENT_ALLOWED,c63b699ed767134007e47157a733f68e4c31de8be4ca0c30d71ec46a08b85621,9548a24a4faf5db17b5251df407b4402de033ae8648ec321c850fe6105002cf1,f03e9b40548b237a49c65fc91de8d79034f2eebff1da0442b6af685a9adf95bd
osm-sionna-source-austin-bank-17,osm-sionna-source-austin-bank-17,variant_id_only,all,262144,0.9999974592299796,csi-pairs-formal-v2.1-v6,060d8671380acaf43bd0beb2c77ac5c6ec112e4ddc083451ab36a5916b7c9cac,ce0d6de3d77ed6edde2c9eca5f7ce4ab92c262b63ce50b25113c1cffc8a3ca46,False,FORMAL_EXPERIMENT_ALLOWED,c63b699ed767134007e47157a733f68e4c31de8be4ca0c30d71ec46a08b85621,9548a24a4faf5db17b5251df407b4402de033ae8648ec321c850fe6105002cf1,f03e9b40548b237a49c65fc91de8d79034f2eebff1da0442b6af685a9adf95bd
osm-sionna-source-austin-bank-17,osm-sionna-source-austin-bank-17,variant_id_only,active,49152,0.9999921019710174,csi-pairs-formal-v2.1-v6,060d8671380acaf43bd0beb2c77ac5c6ec112e4ddc083451ab36a5916b7c9cac,ce0d6de3d77ed6edde2c9eca5f7ce4ab92c262b63ce50b25113c1cffc8a3ca46,False,FORMAL_EXPERIMENT_ALLOWED,c63b699ed767134007e47157a733f68e4c31de8be4ca0c30d71ec46a08b85621,9548a24a4faf5db17b5251df407b4402de033ae8648ec321c850fe6105002cf1,f03e9b40548b237a49c65fc91de8d79034f2eebff1da0442b6af685a9adf95bd
osm-sionna-source-austin-bank-17,osm-sionna-source-austin-bank-17,variant_id_only,null,212992,,csi-pairs-formal-v2.1-v6,060d8671380acaf43bd0beb2c77ac5c6ec112e4ddc083451ab36a5916b7c9cac,ce0d6de3d77ed6edde2c9eca5f7ce4ab92c262b63ce50b25113c1cffc8a3ca46,False,FORMAL_EXPERIMENT_ALLOWED,c63b699ed767134007e47157a733f68e4c31de8be4ca0c30d71ec46a08b85621,9548a24a4faf5db17b5251df407b4402de033ae8648ec321c850fe6105002cf1,f03e9b40548b237a49c65fc91de8d79034f2eebff1da0442b6af685a9adf95bd
osm-sionna-source-austin-bank-17,osm-sionna-source-austin-bank-17,copy,all,262144,1.0,csi-pairs-formal-v2.1-v6,060d8671380acaf43bd0beb2c77ac5c6ec112e4ddc083451ab36a5916b7c9cac,ce0d6de3d77ed6edde2c9eca5f7ce4ab92c262b63ce50b25113c1cffc8a3ca46,False,FORMAL_EXPERIMENT_ALLOWED,c63b699ed767134007e47157a733f68e4c31de8be4ca0c30d71ec46a08b85621,9548a24a4faf5db17b5251df407b4402de033ae8648ec321c850fe6105002cf1,f03e9b40548b237a49c65fc91de8d79034f2eebff1da0442b6af685a9adf95bd
osm-sionna-source-austin-bank-17,osm-sionna-source-austin-bank-17,copy,active,49152,1.0,csi-pairs-formal-v2.1-v6,060d8671380acaf43bd0beb2c77ac5c6ec112e4ddc083451ab36a5916b7c9cac,ce0d6de3d77ed6edde2c9eca5f7ce4ab92c262b63ce50b25113c1cffc8a3ca46,False,FORMAL_EXPERIMENT_ALLOWED,c63b699ed767134007e47157a733f68e4c31de8be4ca0c30d71ec46a08b85621,9548a24a4faf5db17b5251df407b4402de033ae8648ec321c850fe6105002cf1,f03e9b40548b237a49c65fc91de8d79034f2eebff1da0442b6af685a9adf95bd
osm-sionna-source-austin-bank-17,osm-sionna-source-austin-bank-17,copy,null,212992,,csi-pairs-formal-v2.1-v6,060d8671380acaf43bd0beb2c77ac5c6ec112e4ddc083451ab36a5916b7c9cac,ce0d6de3d77ed6edde2c9eca5f7ce4ab92c262b63ce50b25113c1cffc8a3ca46,False,FORMAL_EXPERIMENT_ALLOWED,c63b699ed767134007e47157a733f68e4c31de8be4ca0c30d71ec46a08b85621,9548a24a4faf5db17b5251df407b4402de033ae8648ec321c850fe6105002cf1,f03e9b40548b237a49c65fc91de8d79034f2eebff1da0442b6af685a9adf95bd
osm-sionna-source-austin-bank-17,osm-sionna-source-austin-bank-17,no_action,all,262144,1.0,csi-pairs-formal-v2.1-v6,060d8671380acaf43bd0beb2c77ac5c6ec112e4ddc083451ab36a5916b7c9cac,ce0d6de3d77ed6edde2c9eca5f7ce4ab92c262b63ce50b25113c1cffc8a3ca46,False,FORMAL_EXPERIMENT_ALLOWED,c63b699ed767134007e47157a733f68e4c31de8be4ca0c30d71ec46a08b85621,9548a24a4faf5db17b5251df407b4402de033ae8648ec321c850fe6105002cf1,f03e9b40548b237a49c65fc91de8d79034f2eebff1da0442b6af685a9adf95bd
osm-sionna-source-austin-bank-17,osm-sionna-source-austin-bank-17,no_action,active,49152,1.0,csi-pairs-formal-v2.1-v6,060d8671380acaf43bd0beb2c77ac5c6ec112e4ddc083451ab36a5916b7c9cac,ce0d6de3d77ed6edde2c9eca5f7ce4ab92c262b63ce50b25113c1cffc8a3ca46,False,FORMAL_EXPERIMENT_ALLOWED,c63b699ed767134007e47157a733f68e4c31de8be4ca0c30d71ec46a08b85621,9548a24a4faf5db17b5251df407b4402de033ae8648ec321c850fe6105002cf1,f03e9b40548b237a49c65fc91de8d79034f2eebff1da0442b6af685a9adf95bd
osm-sionna-source-austin-bank-17,osm-sionna-source-austin-bank-17,no_action,null,212992,,csi-pairs-formal-v2.1-v6,060d8671380acaf43bd0beb2c77ac5c6ec112e4ddc083451ab36a5916b7c9cac,ce0d6de3d77ed6edde2c9eca5f7ce4ab92c262b63ce50b25113c1cffc8a3ca46,False,FORMAL_EXPERIMENT_ALLOWED,c63b699ed767134007e47157a733f68e4c31de8be4ca0c30d71ec46a08b85621,9548a24a4faf5db17b5251df407b4402de033ae8648ec321c850fe6105002cf1,f03e9b40548b237a49c65fc91de8d79034f2eebff1da0442b6af685a9adf95bd
osm-sionna-source-austin-bank-17,osm-sionna-source-austin-bank-17,action_swap,all,262144,1.442152940216243,csi-pairs-formal-v2.1-v6,060d8671380acaf43bd0beb2c77ac5c6ec112e4ddc083451ab36a5916b7c9cac,ce0d6de3d77ed6edde2c9eca5f7ce4ab92c262b63ce50b25113c1cffc8a3ca46,False,FORMAL_EXPERIMENT_ALLOWED,c63b699ed767134007e47157a733f68e4c31de8be4ca0c30d71ec46a08b85621,9548a24a4faf5db17b5251df407b4402de033ae8648ec321c850fe6105002cf1,f03e9b40548b237a49c65fc91de8d79034f2eebff1da0442b6af685a9adf95bd
osm-sionna-source-austin-bank-17,osm-sionna-source-austin-bank-17,action_swap,active,49152,1.1614592506973975,csi-pairs-formal-v2.1-v6,060d8671380acaf43bd0beb2c77ac5c6ec112e4ddc083451ab36a5916b7c9cac,ce0d6de3d77ed6edde2c9eca5f7ce4ab92c262b63ce50b25113c1cffc8a3ca46,False,FORMAL_EXPERIMENT_ALLOWED,c63b699ed767134007e47157a733f68e4c31de8be4ca0c30d71ec46a08b85621,9548a24a4faf5db17b5251df407b4402de033ae8648ec321c850fe6105002cf1,f03e9b40548b237a49c65fc91de8d79034f2eebff1da0442b6af685a9adf95bd
osm-sionna-source-austin-bank-17,osm-sionna-source-austin-bank-17,action_swap,null,212992,,csi-pairs-formal-v2.1-v6,060d8671380acaf43bd0beb2c77ac5c6ec112e4ddc083451ab36a5916b7c9cac,ce0d6de3d77ed6edde2c9eca5f7ce4ab92c262b63ce50b25113c1cffc8a3ca46,False,FORMAL_EXPERIMENT_ALLOWED,c63b699ed767134007e47157a733f68e4c31de8be4ca0c30d71ec46a08b85621,9548a24a4faf5db17b5251df407b4402de033ae8648ec321c850fe6105002cf1,f03e9b40548b237a49c65fc91de8d79034f2eebff1da0442b6af685a9adf95bd
osm-sionna-source-austin-bank-17,osm-sionna-source-austin-bank-17,ridge_no_x_diagnostic,all,262144,1.0000896418218075,csi-pairs-formal-v2.1-v6,060d8671380acaf43bd0beb2c77ac5c6ec112e4ddc083451ab36a5916b7c9cac,ce0d6de3d77ed6edde2c9eca5f7ce4ab92c262b63ce50b25113c1cffc8a3ca46,False,FORMAL_EXPERIMENT_ALLOWED,c63b699ed767134007e47157a733f68e4c31de8be4ca0c30d71ec46a08b85621,9548a24a4faf5db17b5251df407b4402de033ae8648ec321c850fe6105002cf1,f03e9b40548b237a49c65fc91de8d79034f2eebff1da0442b6af685a9adf95bd
osm-sionna-source-austin-bank-17,osm-sionna-source-austin-bank-17,ridge_no_x_diagnostic,active,49152,1.0000127262352327,csi-pairs-formal-v2.1-v6,060d8671380acaf43bd0beb2c77ac5c6ec112e4ddc083451ab36a5916b7c9cac,ce0d6de3d77ed6edde2c9eca5f7ce4ab92c262b63ce50b25113c1cffc8a3ca46,False,FORMAL_EXPERIMENT_ALLOWED,c63b699ed767134007e47157a733f68e4c31de8be4ca0c30d71ec46a08b85621,9548a24a4faf5db17b5251df407b4402de033ae8648ec321c850fe6105002cf1,f03e9b40548b237a49c65fc91de8d79034f2eebff1da0442b6af685a9adf95bd
osm-sionna-source-austin-bank-17,osm-sionna-source-austin-bank-17,ridge_no_x_diagnostic,null,212992,,csi-pairs-formal-v2.1-v6,060d8671380acaf43bd0beb2c77ac5c6ec112e4ddc083451ab36a5916b7c9cac,ce0d6de3d77ed6edde2c9eca5f7ce4ab92c262b63ce50b25113c1cffc8a3ca46,False,FORMAL_EXPERIMENT_ALLOWED,c63b699ed767134007e47157a733f68e4c31de8be4ca0c30d71ec46a08b85621,9548a24a4faf5db17b5251df407b4402de033ae8648ec321c850fe6105002cf1,f03e9b40548b237a49c65fc91de8d79034f2eebff1da0442b6af685a9adf95bd
osm-sionna-source-austin-bank-17,osm-sionna-source-austin-bank-17,ridge_action_swap_diagnostic,all,262144,1.000125319444063,csi-pairs-formal-v2.1-v6,060d8671380acaf43bd0beb2c77ac5c6ec112e4ddc083451ab36a5916b7c9cac,ce0d6de3d77ed6edde2c9eca5f7ce4ab92c262b63ce50b25113c1cffc8a3ca46,False,FORMAL_EXPERIMENT_ALLOWED,c63b699ed767134007e47157a733f68e4c31de8be4ca0c30d71ec46a08b85621,9548a24a4faf5db17b5251df407b4402de033ae8648ec321c850fe6105002cf1,f03e9b40548b237a49c65fc91de8d79034f2eebff1da0442b6af685a9adf95bd
osm-sionna-source-austin-bank-17,osm-sionna-source-austin-bank-17,ridge_action_swap_diagnostic,active,49152,1.0000484136806316,csi-pairs-formal-v2.1-v6,060d8671380acaf43bd0beb2c77ac5c6ec112e4ddc083451ab36a5916b7c9cac,ce0d6de3d77ed6edde2c9eca5f7ce4ab92c262b63ce50b25113c1cffc8a3ca46,False,FORMAL_EXPERIMENT_ALLOWED,c63b699ed767134007e47157a733f68e4c31de8be4ca0c30d71ec46a08b85621,9548a24a4faf5db17b5251df407b4402de033ae8648ec321c850fe6105002cf1,f03e9b40548b237a49c65fc91de8d79034f2eebff1da0442b6af685a9adf95bd
osm-sionna-source-austin-bank-17,osm-sionna-source-austin-bank-17,ridge_action_swap_diagnostic,null,212992,,csi-pairs-formal-v2.1-v6,060d8671380acaf43bd0beb2c77ac5c6ec112e4ddc083451ab36a5916b7c9cac,ce0d6de3d77ed6edde2c9eca5f7ce4ab92c262b63ce50b25113c1cffc8a3ca46,False,FORMAL_EXPERIMENT_ALLOWED,c63b699ed767134007e47157a733f68e4c31de8be4ca0c30d71ec46a08b85621,9548a24a4faf5db17b5251df407b4402de033ae8648ec321c850fe6105002cf1,f03e9b40548b237a49c65fc91de8d79034f2eebff1da0442b6af685a9adf95bd
osm-sionna-source-austin-bank-17,osm-sionna-source-austin-bank-17,ridge_oracle_x_diagnostic,all,262144,1.000088356755343,csi-pairs-formal-v2.1-v6,060d8671380acaf43bd0beb2c77ac5c6ec112e4ddc083451ab36a5916b7c9cac,ce0d6de3d77ed6edde2c9eca5f7ce4ab92c262b63ce50b25113c1cffc8a3ca46,False,FORMAL_EXPERIMENT_ALLOWED,c63b699ed767134007e47157a733f68e4c31de8be4ca0c30d71ec46a08b85621,9548a24a4faf5db17b5251df407b4402de033ae8648ec321c850fe6105002cf1,f03e9b40548b237a49c65fc91de8d79034f2eebff1da0442b6af685a9adf95bd
osm-sionna-source-austin-bank-17,osm-sionna-source-austin-bank-17,ridge_oracle_x_diagnostic,active,49152,1.0000112883683119,csi-pairs-formal-v2.1-v6,060d8671380acaf43bd0beb2c77ac5c6ec112e4ddc083451ab36a5916b7c9cac,ce0d6de3d77ed6edde2c9eca5f7ce4ab92c262b63ce50b25113c1cffc8a3ca46,False,FORMAL_EXPERIMENT_ALLOWED,c63b699ed767134007e47157a733f68e4c31de8be4ca0c30d71ec46a08b85621,9548a24a4faf5db17b5251df407b4402de033ae8648ec321c850fe6105002cf1,f03e9b40548b237a49c65fc91de8d79034f2eebff1da0442b6af685a9adf95bd
osm-sionna-source-austin-bank-17,osm-sionna-source-austin-bank-17,ridge_oracle_x_diagnostic,null,212992,,csi-pairs-formal-v2.1-v6,060d8671380acaf43bd0beb2c77ac5c6ec112e4ddc083451ab36a5916b7c9cac,ce0d6de3d77ed6edde2c9eca5f7ce4ab92c262b63ce50b25113c1cffc8a3ca46,False,FORMAL_EXPERIMENT_ALLOWED,c63b699ed767134007e47157a733f68e4c31de8be4ca0c30d71ec46a08b85621,9548a24a4faf5db17b5251df407b4402de033ae8648ec321c850fe6105002cf1,f03e9b40548b237a49c65fc91de8d79034f2eebff1da0442b6af685a9adf95bd
osm-sionna-source-austin-bank-18,osm-sionna-source-austin-bank-18,no_x,all,262144,0.5850548071586711,csi-pairs-formal-v2.1-v6,060d8671380acaf43bd0beb2c77ac5c6ec112e4ddc083451ab36a5916b7c9cac,ce0d6de3d77ed6edde2c9eca5f7ce4ab92c262b63ce50b25113c1cffc8a3ca46,False,FORMAL_EXPERIMENT_ALLOWED,c63b699ed767134007e47157a733f68e4c31de8be4ca0c30d71ec46a08b85621,9548a24a4faf5db17b5251df407b4402de033ae8648ec321c850fe6105002cf1,f03e9b40548b237a49c65fc91de8d79034f2eebff1da0442b6af685a9adf95bd
osm-sionna-source-austin-bank-18,osm-sionna-source-austin-bank-18,no_x,active,45584,0.5019256498722918,csi-pairs-formal-v2.1-v6,060d8671380acaf43bd0beb2c77ac5c6ec112e4ddc083451ab36a5916b7c9cac,ce0d6de3d77ed6edde2c9eca5f7ce4ab92c262b63ce50b25113c1cffc8a3ca46,False,FORMAL_EXPERIMENT_ALLOWED,c63b699ed767134007e47157a733f68e4c31de8be4ca0c30d71ec46a08b85621,9548a24a4faf5db17b5251df407b4402de033ae8648ec321c850fe6105002cf1,f03e9b40548b237a49c65fc91de8d79034f2eebff1da0442b6af685a9adf95bd
osm-sionna-source-austin-bank-18,osm-sionna-source-austin-bank-18,no_x,null,212992,,csi-pairs-formal-v2.1-v6,060d8671380acaf43bd0beb2c77ac5c6ec112e4ddc083451ab36a5916b7c9cac,ce0d6de3d77ed6edde2c9eca5f7ce4ab92c262b63ce50b25113c1cffc8a3ca46,False,FORMAL_EXPERIMENT_ALLOWED,c63b699ed767134007e47157a733f68e4c31de8be4ca0c30d71ec46a08b85621,9548a24a4faf5db17b5251df407b4402de033ae8648ec321c850fe6105002cf1,f03e9b40548b237a49c65fc91de8d79034f2eebff1da0442b6af685a9adf95bd
osm-sionna-source-austin-bank-18,osm-sionna-source-austin-bank-18,oracle_x,all,262144,0.50383961861982,csi-pairs-formal-v2.1-v6,060d8671380acaf43bd0beb2c77ac5c6ec112e4ddc083451ab36a5916b7c9cac,ce0d6de3d77ed6edde2c9eca5f7ce4ab92c262b63ce50b25113c1cffc8a3ca46,False,FORMAL_EXPERIMENT_ALLOWED,c63b699ed767134007e47157a733f68e4c31de8be4ca0c30d71ec46a08b85621,9548a24a4faf5db17b5251df407b4402de033ae8648ec321c850fe6105002cf1,f03e9b40548b237a49c65fc91de8d79034f2eebff1da0442b6af685a9adf95bd
osm-sionna-source-austin-bank-18,osm-sionna-source-austin-bank-18,oracle_x,active,45584,0.48698383068334594,csi-pairs-formal-v2.1-v6,060d8671380acaf43bd0beb2c77ac5c6ec112e4ddc083451ab36a5916b7c9cac,ce0d6de3d77ed6edde2c9eca5f7ce4ab92c262b63ce50b25113c1cffc8a3ca46,False,FORMAL_EXPERIMENT_ALLOWED,c63b699ed767134007e47157a733f68e4c31de8be4ca0c30d71ec46a08b85621,9548a24a4faf5db17b5251df407b4402de033ae8648ec321c850fe6105002cf1,f03e9b40548b237a49c65fc91de8d79034f2eebff1da0442b6af685a9adf95bd
osm-sionna-source-austin-bank-18,osm-sionna-source-austin-bank-18,oracle_x,null,212992,,csi-pairs-formal-v2.1-v6,060d8671380acaf43bd0beb2c77ac5c6ec112e4ddc083451ab36a5916b7c9cac,ce0d6de3d77ed6edde2c9eca5f7ce4ab92c262b63ce50b25113c1cffc8a3ca46,False,FORMAL_EXPERIMENT_ALLOWED,c63b699ed767134007e47157a733f68e4c31de8be4ca0c30d71ec46a08b85621,9548a24a4faf5db17b5251df407b4402de033ae8648ec321c850fe6105002cf1,f03e9b40548b237a49c65fc91de8d79034f2eebff1da0442b6af685a9adf95bd
osm-sionna-source-austin-bank-18,osm-sionna-source-austin-bank-18,map_edit_only,all,262144,1.0000422480357916,csi-pairs-formal-v2.1-v6,060d8671380acaf43bd0beb2c77ac5c6ec112e4ddc083451ab36a5916b7c9cac,ce0d6de3d77ed6edde2c9eca5f7ce4ab92c262b63ce50b25113c1cffc8a3ca46,False,FORMAL_EXPERIMENT_ALLOWED,c63b699ed767134007e47157a733f68e4c31de8be4ca0c30d71ec46a08b85621,9548a24a4faf5db17b5251df407b4402de033ae8648ec321c850fe6105002cf1,f03e9b40548b237a49c65fc91de8d79034f2eebff1da0442b6af685a9adf95bd
osm-sionna-source-austin-bank-18,osm-sionna-source-austin-bank-18,map_edit_only,active,45584,0.999998668880181,csi-pairs-formal-v2.1-v6,060d8671380acaf43bd0beb2c77ac5c6ec112e4ddc083451ab36a5916b7c9cac,ce0d6de3d77ed6edde2c9eca5f7ce4ab92c262b63ce50b25113c1cffc8a3ca46,False,FORMAL_EXPERIMENT_ALLOWED,c63b699ed767134007e47157a733f68e4c31de8be4ca0c30d71ec46a08b85621,9548a24a4faf5db17b5251df407b4402de033ae8648ec321c850fe6105002cf1,f03e9b40548b237a49c65fc91de8d79034f2eebff1da0442b6af685a9adf95bd
osm-sionna-source-austin-bank-18,osm-sionna-source-austin-bank-18,map_edit_only,null,212992,,csi-pairs-formal-v2.1-v6,060d8671380acaf43bd0beb2c77ac5c6ec112e4ddc083451ab36a5916b7c9cac,ce0d6de3d77ed6edde2c9eca5f7ce4ab92c262b63ce50b25113c1cffc8a3ca46,False,FORMAL_EXPERIMENT_ALLOWED,c63b699ed767134007e47157a733f68e4c31de8be4ca0c30d71ec46a08b85621,9548a24a4faf5db17b5251df407b4402de033ae8648ec321c850fe6105002cf1,f03e9b40548b237a49c65fc91de8d79034f2eebff1da0442b6af685a9adf95bd
osm-sionna-source-austin-bank-18,osm-sionna-source-austin-bank-18,csi_only,all,262144,0.9990310064475122,csi-pairs-formal-v2.1-v6,060d8671380acaf43bd0beb2c77ac5c6ec112e4ddc083451ab36a5916b7c9cac,ce0d6de3d77ed6edde2c9eca5f7ce4ab92c262b63ce50b25113c1cffc8a3ca46,False,FORMAL_EXPERIMENT_ALLOWED,c63b699ed767134007e47157a733f68e4c31de8be4ca0c30d71ec46a08b85621,9548a24a4faf5db17b5251df407b4402de033ae8648ec321c850fe6105002cf1,f03e9b40548b237a49c65fc91de8d79034f2eebff1da0442b6af685a9adf95bd
osm-sionna-source-austin-bank-18,osm-sionna-source-austin-bank-18,csi_only,active,45584,0.9989198514965268,csi-pairs-formal-v2.1-v6,060d8671380acaf43bd0beb2c77ac5c6ec112e4ddc083451ab36a5916b7c9cac,ce0d6de3d77ed6edde2c9eca5f7ce4ab92c262b63ce50b25113c1cffc8a3ca46,False,FORMAL_EXPERIMENT_ALLOWED,c63b699ed767134007e47157a733f68e4c31de8be4ca0c30d71ec46a08b85621,9548a24a4faf5db17b5251df407b4402de033ae8648ec321c850fe6105002cf1,f03e9b40548b237a49c65fc91de8d79034f2eebff1da0442b6af685a9adf95bd
osm-sionna-source-austin-bank-18,osm-sionna-source-austin-bank-18,csi_only,null,212992,,csi-pairs-formal-v2.1-v6,060d8671380acaf43bd0beb2c77ac5c6ec112e4ddc083451ab36a5916b7c9cac,ce0d6de3d77ed6edde2c9eca5f7ce4ab92c262b63ce50b25113c1cffc8a3ca46,False,FORMAL_EXPERIMENT_ALLOWED,c63b699ed767134007e47157a733f68e4c31de8be4ca0c30d71ec46a08b85621,9548a24a4faf5db17b5251df407b4402de033ae8648ec321c850fe6105002cf1,f03e9b40548b237a49c65fc91de8d79034f2eebff1da0442b6af685a9adf95bd
osm-sionna-source-austin-bank-18,osm-sionna-source-austin-bank-18,variant_id_only,all,262144,1.0000040485902948,csi-pairs-formal-v2.1-v6,060d8671380acaf43bd0beb2c77ac5c6ec112e4ddc083451ab36a5916b7c9cac,ce0d6de3d77ed6edde2c9eca5f7ce4ab92c262b63ce50b25113c1cffc8a3ca46,False,FORMAL_EXPERIMENT_ALLOWED,c63b699ed767134007e47157a733f68e4c31de8be4ca0c30d71ec46a08b85621,9548a24a4faf5db17b5251df407b4402de033ae8648ec321c850fe6105002cf1,f03e9b40548b237a49c65fc91de8d79034f2eebff1da0442b6af685a9adf95bd
osm-sionna-source-austin-bank-18,osm-sionna-source-austin-bank-18,variant_id_only,active,45584,0.9999996379554243,csi-pairs-formal-v2.1-v6,060d8671380acaf43bd0beb2c77ac5c6ec112e4ddc083451ab36a5916b7c9cac,ce0d6de3d77ed6edde2c9eca5f7ce4ab92c262b63ce50b25113c1cffc8a3ca46,False,FORMAL_EXPERIMENT_ALLOWED,c63b699ed767134007e47157a733f68e4c31de8be4ca0c30d71ec46a08b85621,9548a24a4faf5db17b5251df407b4402de033ae8648ec321c850fe6105002cf1,f03e9b40548b237a49c65fc91de8d79034f2eebff1da0442b6af685a9adf95bd
osm-sionna-source-austin-bank-18,osm-sionna-source-austin-bank-18,variant_id_only,null,212992,,csi-pairs-formal-v2.1-v6,060d8671380acaf43bd0beb2c77ac5c6ec112e4ddc083451ab36a5916b7c9cac,ce0d6de3d77ed6edde2c9eca5f7ce4ab92c262b63ce50b25113c1cffc8a3ca46,False,FORMAL_EXPERIMENT_ALLOWED,c63b699ed767134007e47157a733f68e4c31de8be4ca0c30d71ec46a08b85621,9548a24a4faf5db17b5251df407b4402de033ae8648ec321c850fe6105002cf1,f03e9b40548b237a49c65fc91de8d79034f2eebff1da0442b6af685a9adf95bd
osm-sionna-source-austin-bank-18,osm-sionna-source-austin-bank-18,copy,all,262144,1.0,csi-pairs-formal-v2.1-v6,060d8671380acaf43bd0beb2c77ac5c6ec112e4ddc083451ab36a5916b7c9cac,ce0d6de3d77ed6edde2c9eca5f7ce4ab92c262b63ce50b25113c1cffc8a3ca46,False,FORMAL_EXPERIMENT_ALLOWED,c63b699ed767134007e47157a733f68e4c31de8be4ca0c30d71ec46a08b85621,9548a24a4faf5db17b5251df407b4402de033ae8648ec321c850fe6105002cf1,f03e9b40548b237a49c65fc91de8d79034f2eebff1da0442b6af685a9adf95bd
osm-sionna-source-austin-bank-18,osm-sionna-source-austin-bank-18,copy,active,45584,1.0,csi-pairs-formal-v2.1-v6,060d8671380acaf43bd0beb2c77ac5c6ec112e4ddc083451ab36a5916b7c9cac,ce0d6de3d77ed6edde2c9eca5f7ce4ab92c262b63ce50b25113c1cffc8a3ca46,False,FORMAL_EXPERIMENT_ALLOWED,c63b699ed767134007e47157a733f68e4c31de8be4ca0c30d71ec46a08b85621,9548a24a4faf5db17b5251df407b4402de033ae8648ec321c850fe6105002cf1,f03e9b40548b237a49c65fc91de8d79034f2eebff1da0442b6af685a9adf95bd
osm-sionna-source-austin-bank-18,osm-sionna-source-austin-bank-18,copy,null,212992,,csi-pairs-formal-v2.1-v6,060d8671380acaf43bd0beb2c77ac5c6ec112e4ddc083451ab36a5916b7c9cac,ce0d6de3d77ed6edde2c9eca5f7ce4ab92c262b63ce50b25113c1cffc8a3ca46,False,FORMAL_EXPERIMENT_ALLOWED,c63b699ed767134007e47157a733f68e4c31de8be4ca0c30d71ec46a08b85621,9548a24a4faf5db17b5251df407b4402de033ae8648ec321c850fe6105002cf1,f03e9b40548b237a49c65fc91de8d79034f2eebff1da0442b6af685a9adf95bd
osm-sionna-source-austin-bank-18,osm-sionna-source-austin-bank-18,no_action,all,262144,1.0,csi-pairs-formal-v2.1-v6,060d8671380acaf43bd0beb2c77ac5c6ec112e4ddc083451ab36a5916b7c9cac,ce0d6de3d77ed6edde2c9eca5f7ce4ab92c262b63ce50b25113c1cffc8a3ca46,False,FORMAL_EXPERIMENT_ALLOWED,c63b699ed767134007e47157a733f68e4c31de8be4ca0c30d71ec46a08b85621,9548a24a4faf5db17b5251df407b4402de033ae8648ec321c850fe6105002cf1,f03e9b40548b237a49c65fc91de8d79034f2eebff1da0442b6af685a9adf95bd
osm-sionna-source-austin-bank-18,osm-sionna-source-austin-bank-18,no_action,active,45584,1.0,csi-pairs-formal-v2.1-v6,060d8671380acaf43bd0beb2c77ac5c6ec112e4ddc083451ab36a5916b7c9cac,ce0d6de3d77ed6edde2c9eca5f7ce4ab92c262b63ce50b25113c1cffc8a3ca46,False,FORMAL_EXPERIMENT_ALLOWED,c63b699ed767134007e47157a733f68e4c31de8be4ca0c30d71ec46a08b85621,9548a24a4faf5db17b5251df407b4402de033ae8648ec321c850fe6105002cf1,f03e9b40548b237a49c65fc91de8d79034f2eebff1da0442b6af685a9adf95bd
osm-sionna-source-austin-bank-18,osm-sionna-source-austin-bank-18,no_action,null,212992,,csi-pairs-formal-v2.1-v6,060d8671380acaf43bd0beb2c77ac5c6ec112e4ddc083451ab36a5916b7c9cac,ce0d6de3d77ed6edde2c9eca5f7ce4ab92c262b63ce50b25113c1cffc8a3ca46,False,FORMAL_EXPERIMENT_ALLOWED,c63b699ed767134007e47157a733f68e4c31de8be4ca0c30d71ec46a08b85621,9548a24a4faf5db17b5251df407b4402de033ae8648ec321c850fe6105002cf1,f03e9b40548b237a49c65fc91de8d79034f2eebff1da0442b6af685a9adf95bd
osm-sionna-source-austin-bank-18,osm-sionna-source-austin-bank-18,action_swap,all,262144,1.3527613495623219,csi-pairs-formal-v2.1-v6,060d8671380acaf43bd0beb2c77ac5c6ec112e4ddc083451ab36a5916b7c9cac,ce0d6de3d77ed6edde2c9eca5f7ce4ab92c262b63ce50b25113c1cffc8a3ca46,False,FORMAL_EXPERIMENT_ALLOWED,c63b699ed767134007e47157a733f68e4c31de8be4ca0c30d71ec46a08b85621,9548a24a4faf5db17b5251df407b4402de033ae8648ec321c850fe6105002cf1,f03e9b40548b237a49c65fc91de8d79034f2eebff1da0442b6af685a9adf95bd
osm-sionna-source-austin-bank-18,osm-sionna-source-austin-bank-18,action_swap,active,45584,1.1075554278795419,csi-pairs-formal-v2.1-v6,060d8671380acaf43bd0beb2c77ac5c6ec112e4ddc083451ab36a5916b7c9cac,ce0d6de3d77ed6edde2c9eca5f7ce4ab92c262b63ce50b25113c1cffc8a3ca46,False,FORMAL_EXPERIMENT_ALLOWED,c63b699ed767134007e47157a733f68e4c31de8be4ca0c30d71ec46a08b85621,9548a24a4faf5db17b5251df407b4402de033ae8648ec321c850fe6105002cf1,f03e9b40548b237a49c65fc91de8d79034f2eebff1da0442b6af685a9adf95bd
osm-sionna-source-austin-bank-18,osm-sionna-source-austin-bank-18,action_swap,null,212992,,csi-pairs-formal-v2.1-v6,060d8671380acaf43bd0beb2c77ac5c6ec112e4ddc083451ab36a5916b7c9cac,ce0d6de3d77ed6edde2c9eca5f7ce4ab92c262b63ce50b25113c1cffc8a3ca46,False,FORMAL_EXPERIMENT_ALLOWED,c63b699ed767134007e47157a733f68e4c31de8be4ca0c30d71ec46a08b85621,9548a24a4faf5db17b5251df407b4402de033ae8648ec321c850fe6105002cf1,f03e9b40548b237a49c65fc91de8d79034f2eebff1da0442b6af685a9adf95bd
osm-sionna-source-austin-bank-18,osm-sionna-source-austin-bank-18,ridge_no_x_diagnostic,all,262144,0.9999921054169527,csi-pairs-formal-v2.1-v6,060d8671380acaf43bd0beb2c77ac5c6ec112e4ddc083451ab36a5916b7c9cac,ce0d6de3d77ed6edde2c9eca5f7ce4ab92c262b63ce50b25113c1cffc8a3ca46,False,FORMAL_EXPERIMENT_ALLOWED,c63b699ed767134007e47157a733f68e4c31de8be4ca0c30d71ec46a08b85621,9548a24a4faf5db17b5251df407b4402de033ae8648ec321c850fe6105002cf1,f03e9b40548b237a49c65fc91de8d79034f2eebff1da0442b6af685a9adf95bd
osm-sionna-source-austin-bank-18,osm-sionna-source-austin-bank-18,ridge_no_x_diagnostic,active,45584,0.9999360506952549,csi-pairs-formal-v2.1-v6,060d8671380acaf43bd0beb2c77ac5c6ec112e4ddc083451ab36a5916b7c9cac,ce0d6de3d77ed6edde2c9eca5f7ce4ab92c262b63ce50b25113c1cffc8a3ca46,False,FORMAL_EXPERIMENT_ALLOWED,c63b699ed767134007e47157a733f68e4c31de8be4ca0c30d71ec46a08b85621,9548a24a4faf5db17b5251df407b4402de033ae8648ec321c850fe6105002cf1,f03e9b40548b237a49c65fc91de8d79034f2eebff1da0442b6af685a9adf95bd
osm-sionna-source-austin-bank-18,osm-sionna-source-austin-bank-18,ridge_no_x_diagnostic,null,212992,,csi-pairs-formal-v2.1-v6,060d8671380acaf43bd0beb2c77ac5c6ec112e4ddc083451ab36a5916b7c9cac,ce0d6de3d77ed6edde2c9eca5f7ce4ab92c262b63ce50b25113c1cffc8a3ca46,False,FORMAL_EXPERIMENT_ALLOWED,c63b699ed767134007e47157a733f68e4c31de8be4ca0c30d71ec46a08b85621,9548a24a4faf5db17b5251df407b4402de033ae8648ec321c850fe6105002cf1,f03e9b40548b237a49c65fc91de8d79034f2eebff1da0442b6af685a9adf95bd
osm-sionna-source-austin-bank-18,osm-sionna-source-austin-bank-18,ridge_action_swap_diagnostic,all,262144,1.0000125069386983,csi-pairs-formal-v2.1-v6,060d8671380acaf43bd0beb2c77ac5c6ec112e4ddc083451ab36a5916b7c9cac,ce0d6de3d77ed6edde2c9eca5f7ce4ab92c262b63ce50b25113c1cffc8a3ca46,False,FORMAL_EXPERIMENT_ALLOWED,c63b699ed767134007e47157a733f68e4c31de8be4ca0c30d71ec46a08b85621,9548a24a4faf5db17b5251df407b4402de033ae8648ec321c850fe6105002cf1,f03e9b40548b237a49c65fc91de8d79034f2eebff1da0442b6af685a9adf95bd
osm-sionna-source-austin-bank-18,osm-sionna-source-austin-bank-18,ridge_action_swap_diagnostic,active,45584,0.9999561697983712,csi-pairs-formal-v2.1-v6,060d8671380acaf43bd0beb2c77ac5c6ec112e4ddc083451ab36a5916b7c9cac,ce0d6de3d77ed6edde2c9eca5f7ce4ab92c262b63ce50b25113c1cffc8a3ca46,False,FORMAL_EXPERIMENT_ALLOWED,c63b699ed767134007e47157a733f68e4c31de8be4ca0c30d71ec46a08b85621,9548a24a4faf5db17b5251df407b4402de033ae8648ec321c850fe6105002cf1,f03e9b40548b237a49c65fc91de8d79034f2eebff1da0442b6af685a9adf95bd
osm-sionna-source-austin-bank-18,osm-sionna-source-austin-bank-18,ridge_action_swap_diagnostic,null,212992,,csi-pairs-formal-v2.1-v6,060d8671380acaf43bd0beb2c77ac5c6ec112e4ddc083451ab36a5916b7c9cac,ce0d6de3d77ed6edde2c9eca5f7ce4ab92c262b63ce50b25113c1cffc8a3ca46,False,FORMAL_EXPERIMENT_ALLOWED,c63b699ed767134007e47157a733f68e4c31de8be4ca0c30d71ec46a08b85621,9548a24a4faf5db17b5251df407b4402de033ae8648ec321c850fe6105002cf1,f03e9b40548b237a49c65fc91de8d79034f2eebff1da0442b6af685a9adf95bd
osm-sionna-source-austin-bank-18,osm-sionna-source-austin-bank-18,ridge_oracle_x_diagnostic,all,262144,0.9999935838531177,csi-pairs-formal-v2.1-v6,060d8671380acaf43bd0beb2c77ac5c6ec112e4ddc083451ab36a5916b7c9cac,ce0d6de3d77ed6edde2c9eca5f7ce4ab92c262b63ce50b25113c1cffc8a3ca46,False,FORMAL_EXPERIMENT_ALLOWED,c63b699ed767134007e47157a733f68e4c31de8be4ca0c30d71ec46a08b85621,9548a24a4faf5db17b5251df407b4402de033ae8648ec321c850fe6105002cf1,f03e9b40548b237a49c65fc91de8d79034f2eebff1da0442b6af685a9adf95bd
osm-sionna-source-austin-bank-18,osm-sionna-source-austin-bank-18,ridge_oracle_x_diagnostic,active,45584,0.9999353096681204,csi-pairs-formal-v2.1-v6,060d8671380acaf43bd0beb2c77ac5c6ec112e4ddc083451ab36a5916b7c9cac,ce0d6de3d77ed6edde2c9eca5f7ce4ab92c262b63ce50b25113c1cffc8a3ca46,False,FORMAL_EXPERIMENT_ALLOWED,c63b699ed767134007e47157a733f68e4c31de8be4ca0c30d71ec46a08b85621,9548a24a4faf5db17b5251df407b4402de033ae8648ec321c850fe6105002cf1,f03e9b40548b237a49c65fc91de8d79034f2eebff1da0442b6af685a9adf95bd
osm-sionna-source-austin-bank-18,osm-sionna-source-austin-bank-18,ridge_oracle_x_diagnostic,null,212992,,csi-pairs-formal-v2.1-v6,060d8671380acaf43bd0beb2c77ac5c6ec112e4ddc083451ab36a5916b7c9cac,ce0d6de3d77ed6edde2c9eca5f7ce4ab92c262b63ce50b25113c1cffc8a3ca46,False,FORMAL_EXPERIMENT_ALLOWED,c63b699ed767134007e47157a733f68e4c31de8be4ca0c30d71ec46a08b85621,9548a24a4faf5db17b5251df407b4402de033ae8648ec321c850fe6105002cf1,f03e9b40548b237a49c65fc91de8d79034f2eebff1da0442b6af685a9adf95bd
osm-sionna-source-austin-bank-19,osm-sionna-source-austin-bank-19,no_x,all,262144,0.8250536908203324,csi-pairs-formal-v2.1-v6,060d8671380acaf43bd0beb2c77ac5c6ec112e4ddc083451ab36a5916b7c9cac,ce0d6de3d77ed6edde2c9eca5f7ce4ab92c262b63ce50b25113c1cffc8a3ca46,False,FORMAL_EXPERIMENT_ALLOWED,c63b699ed767134007e47157a733f68e4c31de8be4ca0c30d71ec46a08b85621,9548a24a4faf5db17b5251df407b4402de033ae8648ec321c850fe6105002cf1,f03e9b40548b237a49c65fc91de8d79034f2eebff1da0442b6af685a9adf95bd
osm-sionna-source-austin-bank-19,osm-sionna-source-austin-bank-19,no_x,active,49152,0.7736676778447238,csi-pairs-formal-v2.1-v6,060d8671380acaf43bd0beb2c77ac5c6ec112e4ddc083451ab36a5916b7c9cac,ce0d6de3d77ed6edde2c9eca5f7ce4ab92c262b63ce50b25113c1cffc8a3ca46,False,FORMAL_EXPERIMENT_ALLOWED,c63b699ed767134007e47157a733f68e4c31de8be4ca0c30d71ec46a08b85621,9548a24a4faf5db17b5251df407b4402de033ae8648ec321c850fe6105002cf1,f03e9b40548b237a49c65fc91de8d79034f2eebff1da0442b6af685a9adf95bd
osm-sionna-source-austin-bank-19,osm-sionna-source-austin-bank-19,no_x,null,212992,,csi-pairs-formal-v2.1-v6,060d8671380acaf43bd0beb2c77ac5c6ec112e4ddc083451ab36a5916b7c9cac,ce0d6de3d77ed6edde2c9eca5f7ce4ab92c262b63ce50b25113c1cffc8a3ca46,False,FORMAL_EXPERIMENT_ALLOWED,c63b699ed767134007e47157a733f68e4c31de8be4ca0c30d71ec46a08b85621,9548a24a4faf5db17b5251df407b4402de033ae8648ec321c850fe6105002cf1,f03e9b40548b237a49c65fc91de8d79034f2eebff1da0442b6af685a9adf95bd
osm-sionna-source-austin-bank-19,osm-sionna-source-austin-bank-19,oracle_x,all,262144,0.6872063865829335,csi-pairs-formal-v2.1-v6,060d8671380acaf43bd0beb2c77ac5c6ec112e4ddc083451ab36a5916b7c9cac,ce0d6de3d77ed6edde2c9eca5f7ce4ab92c262b63ce50b25113c1cffc8a3ca46,False,FORMAL_EXPERIMENT_ALLOWED,c63b699ed767134007e47157a733f68e4c31de8be4ca0c30d71ec46a08b85621,9548a24a4faf5db17b5251df407b4402de033ae8648ec321c850fe6105002cf1,f03e9b40548b237a49c65fc91de8d79034f2eebff1da0442b6af685a9adf95bd
osm-sionna-source-austin-bank-19,osm-sionna-source-austin-bank-19,oracle_x,active,49152,0.6872063865829335,csi-pairs-formal-v2.1-v6,060d8671380acaf43bd0beb2c77ac5c6ec112e4ddc083451ab36a5916b7c9cac,ce0d6de3d77ed6edde2c9eca5f7ce4ab92c262b63ce50b25113c1cffc8a3ca46,False,FORMAL_EXPERIMENT_ALLOWED,c63b699ed767134007e47157a733f68e4c31de8be4ca0c30d71ec46a08b85621,9548a24a4faf5db17b5251df407b4402de033ae8648ec321c850fe6105002cf1,f03e9b40548b237a49c65fc91de8d79034f2eebff1da0442b6af685a9adf95bd
osm-sionna-source-austin-bank-19,osm-sionna-source-austin-bank-19,oracle_x,null,212992,,csi-pairs-formal-v2.1-v6,060d8671380acaf43bd0beb2c77ac5c6ec112e4ddc083451ab36a5916b7c9cac,ce0d6de3d77ed6edde2c9eca5f7ce4ab92c262b63ce50b25113c1cffc8a3ca46,False,FORMAL_EXPERIMENT_ALLOWED,c63b699ed767134007e47157a733f68e4c31de8be4ca0c30d71ec46a08b85621,9548a24a4faf5db17b5251df407b4402de033ae8648ec321c850fe6105002cf1,f03e9b40548b237a49c65fc91de8d79034f2eebff1da0442b6af685a9adf95bd
osm-sionna-source-austin-bank-19,osm-sionna-source-austin-bank-19,map_edit_only,all,262144,1.0000994353732227,csi-pairs-formal-v2.1-v6,060d8671380acaf43bd0beb2c77ac5c6ec112e4ddc083451ab36a5916b7c9cac,ce0d6de3d77ed6edde2c9eca5f7ce4ab92c262b63ce50b25113c1cffc8a3ca46,False,FORMAL_EXPERIMENT_ALLOWED,c63b699ed767134007e47157a733f68e4c31de8be4ca0c30d71ec46a08b85621,9548a24a4faf5db17b5251df407b4402de033ae8648ec321c850fe6105002cf1,f03e9b40548b237a49c65fc91de8d79034f2eebff1da0442b6af685a9adf95bd
osm-sionna-source-austin-bank-19,osm-sionna-source-austin-bank-19,map_edit_only,active,49152,1.0000506741227297,csi-pairs-formal-v2.1-v6,060d8671380acaf43bd0beb2c77ac5c6ec112e4ddc083451ab36a5916b7c9cac,ce0d6de3d77ed6edde2c9eca5f7ce4ab92c262b63ce50b25113c1cffc8a3ca46,False,FORMAL_EXPERIMENT_ALLOWED,c63b699ed767134007e47157a733f68e4c31de8be4ca0c30d71ec46a08b85621,9548a24a4faf5db17b5251df407b4402de033ae8648ec321c850fe6105002cf1,f03e9b40548b237a49c65fc91de8d79034f2eebff1da0442b6af685a9adf95bd
osm-sionna-source-austin-bank-19,osm-sionna-source-austin-bank-19,map_edit_only,null,212992,,csi-pairs-formal-v2.1-v6,060d8671380acaf43bd0beb2c77ac5c6ec112e4ddc083451ab36a5916b7c9cac,ce0d6de3d77ed6edde2c9eca5f7ce4ab92c262b63ce50b25113c1cffc8a3ca46,False,FORMAL_EXPERIMENT_ALLOWED,c63b699ed767134007e47157a733f68e4c31de8be4ca0c30d71ec46a08b85621,9548a24a4faf5db17b5251df407b4402de033ae8648ec321c850fe6105002cf1,f03e9b40548b237a49c65fc91de8d79034f2eebff1da0442b6af685a9adf95bd
osm-sionna-source-austin-bank-19,osm-sionna-source-austin-bank-19,csi_only,all,262144,0.9989419117579514,csi-pairs-formal-v2.1-v6,060d8671380acaf43bd0beb2c77ac5c6ec112e4ddc083451ab36a5916b7c9cac,ce0d6de3d77ed6edde2c9eca5f7ce4ab92c262b63ce50b25113c1cffc8a3ca46,False,FORMAL_EXPERIMENT_ALLOWED,c63b699ed767134007e47157a733f68e4c31de8be4ca0c30d71ec46a08b85621,9548a24a4faf5db17b5251df407b4402de033ae8648ec321c850fe6105002cf1,f03e9b40548b237a49c65fc91de8d79034f2eebff1da0442b6af685a9adf95bd
osm-sionna-source-austin-bank-19,osm-sionna-source-austin-bank-19,csi_only,active,49152,0.9987549208243524,csi-pairs-formal-v2.1-v6,060d8671380acaf43bd0beb2c77ac5c6ec112e4ddc083451ab36a5916b7c9cac,ce0d6de3d77ed6edde2c9eca5f7ce4ab92c262b63ce50b25113c1cffc8a3ca46,False,FORMAL_EXPERIMENT_ALLOWED,c63b699ed767134007e47157a733f68e4c31de8be4ca0c30d71ec46a08b85621,9548a24a4faf5db17b5251df407b4402de033ae8648ec321c850fe6105002cf1,f03e9b40548b237a49c65fc91de8d79034f2eebff1da0442b6af685a9adf95bd
osm-sionna-source-austin-bank-19,osm-sionna-source-austin-bank-19,csi_only,null,212992,,csi-pairs-formal-v2.1-v6,060d8671380acaf43bd0beb2c77ac5c6ec112e4ddc083451ab36a5916b7c9cac,ce0d6de3d77ed6edde2c9eca5f7ce4ab92c262b63ce50b25113c1cffc8a3ca46,False,FORMAL_EXPERIMENT_ALLOWED,c63b699ed767134007e47157a733f68e4c31de8be4ca0c30d71ec46a08b85621,9548a24a4faf5db17b5251df407b4402de033ae8648ec321c850fe6105002cf1,f03e9b40548b237a49c65fc91de8d79034f2eebff1da0442b6af685a9adf95bd
osm-sionna-source-austin-bank-19,osm-sionna-source-austin-bank-19,variant_id_only,all,262144,1.0000115489823793,csi-pairs-formal-v2.1-v6,060d8671380acaf43bd0beb2c77ac5c6ec112e4ddc083451ab36a5916b7c9cac,ce0d6de3d77ed6edde2c9eca5f7ce4ab92c262b63ce50b25113c1cffc8a3ca46,False,FORMAL_EXPERIMENT_ALLOWED,c63b699ed767134007e47157a733f68e4c31de8be4ca0c30d71ec46a08b85621,9548a24a4faf5db17b5251df407b4402de033ae8648ec321c850fe6105002cf1,f03e9b40548b237a49c65fc91de8d79034f2eebff1da0442b6af685a9adf95bd
osm-sionna-source-austin-bank-19,osm-sionna-source-austin-bank-19,variant_id_only,active,49152,1.000007287108714,csi-pairs-formal-v2.1-v6,060d8671380acaf43bd0beb2c77ac5c6ec112e4ddc083451ab36a5916b7c9cac,ce0d6de3d77ed6edde2c9eca5f7ce4ab92c262b63ce50b25113c1cffc8a3ca46,False,FORMAL_EXPERIMENT_ALLOWED,c63b699ed767134007e47157a733f68e4c31de8be4ca0c30d71ec46a08b85621,9548a24a4faf5db17b5251df407b4402de033ae8648ec321c850fe6105002cf1,f03e9b40548b237a49c65fc91de8d79034f2eebff1da0442b6af685a9adf95bd
osm-sionna-source-austin-bank-19,osm-sionna-source-austin-bank-19,variant_id_only,null,212992,,csi-pairs-formal-v2.1-v6,060d8671380acaf43bd0beb2c77ac5c6ec112e4ddc083451ab36a5916b7c9cac,ce0d6de3d77ed6edde2c9eca5f7ce4ab92c262b63ce50b25113c1cffc8a3ca46,False,FORMAL_EXPERIMENT_ALLOWED,c63b699ed767134007e47157a733f68e4c31de8be4ca0c30d71ec46a08b85621,9548a24a4faf5db17b5251df407b4402de033ae8648ec321c850fe6105002cf1,f03e9b40548b237a49c65fc91de8d79034f2eebff1da0442b6af685a9adf95bd
osm-sionna-source-austin-bank-19,osm-sionna-source-austin-bank-19,copy,all,262144,1.0,csi-pairs-formal-v2.1-v6,060d8671380acaf43bd0beb2c77ac5c6ec112e4ddc083451ab36a5916b7c9cac,ce0d6de3d77ed6edde2c9eca5f7ce4ab92c262b63ce50b25113c1cffc8a3ca46,False,FORMAL_EXPERIMENT_ALLOWED,c63b699ed767134007e47157a733f68e4c31de8be4ca0c30d71ec46a08b85621,9548a24a4faf5db17b5251df407b4402de033ae8648ec321c850fe6105002cf1,f03e9b40548b237a49c65fc91de8d79034f2eebff1da0442b6af685a9adf95bd
osm-sionna-source-austin-bank-19,osm-sionna-source-austin-bank-19,copy,active,49152,1.0,csi-pairs-formal-v2.1-v6,060d8671380acaf43bd0beb2c77ac5c6ec112e4ddc083451ab36a5916b7c9cac,ce0d6de3d77ed6edde2c9eca5f7ce4ab92c262b63ce50b25113c1cffc8a3ca46,False,FORMAL_EXPERIMENT_ALLOWED,c63b699ed767134007e47157a733f68e4c31de8be4ca0c30d71ec46a08b85621,9548a24a4faf5db17b5251df407b4402de033ae8648ec321c850fe6105002cf1,f03e9b40548b237a49c65fc91de8d79034f2eebff1da0442b6af685a9adf95bd
osm-sionna-source-austin-bank-19,osm-sionna-source-austin-bank-19,copy,null,212992,,csi-pairs-formal-v2.1-v6,060d8671380acaf43bd0beb2c77ac5c6ec112e4ddc083451ab36a5916b7c9cac,ce0d6de3d77ed6edde2c9eca5f7ce4ab92c262b63ce50b25113c1cffc8a3ca46,False,FORMAL_EXPERIMENT_ALLOWED,c63b699ed767134007e47157a733f68e4c31de8be4ca0c30d71ec46a08b85621,9548a24a4faf5db17b5251df407b4402de033ae8648ec321c850fe6105002cf1,f03e9b40548b237a49c65fc91de8d79034f2eebff1da0442b6af685a9adf95bd
osm-sionna-source-austin-bank-19,osm-sionna-source-austin-bank-19,no_action,all,262144,1.0,csi-pairs-formal-v2.1-v6,060d8671380acaf43bd0beb2c77ac5c6ec112e4ddc083451ab36a5916b7c9cac,ce0d6de3d77ed6edde2c9eca5f7ce4ab92c262b63ce50b25113c1cffc8a3ca46,False,FORMAL_EXPERIMENT_ALLOWED,c63b699ed767134007e47157a733f68e4c31de8be4ca0c30d71ec46a08b85621,9548a24a4faf5db17b5251df407b4402de033ae8648ec321c850fe6105002cf1,f03e9b40548b237a49c65fc91de8d79034f2eebff1da0442b6af685a9adf95bd
osm-sionna-source-austin-bank-19,osm-sionna-source-austin-bank-19,no_action,active,49152,1.0,csi-pairs-formal-v2.1-v6,060d8671380acaf43bd0beb2c77ac5c6ec112e4ddc083451ab36a5916b7c9cac,ce0d6de3d77ed6edde2c9eca5f7ce4ab92c262b63ce50b25113c1cffc8a3ca46,False,FORMAL_EXPERIMENT_ALLOWED,c63b699ed767134007e47157a733f68e4c31de8be4ca0c30d71ec46a08b85621,9548a24a4faf5db17b5251df407b4402de033ae8648ec321c850fe6105002cf1,f03e9b40548b237a49c65fc91de8d79034f2eebff1da0442b6af685a9adf95bd
osm-sionna-source-austin-bank-19,osm-sionna-source-austin-bank-19,no_action,null,212992,,csi-pairs-formal-v2.1-v6,060d8671380acaf43bd0beb2c77ac5c6ec112e4ddc083451ab36a5916b7c9cac,ce0d6de3d77ed6edde2c9eca5f7ce4ab92c262b63ce50b25113c1cffc8a3ca46,False,FORMAL_EXPERIMENT_ALLOWED,c63b699ed767134007e47157a733f68e4c31de8be4ca0c30d71ec46a08b85621,9548a24a4faf5db17b5251df407b4402de033ae8648ec321c850fe6105002cf1,f03e9b40548b237a49c65fc91de8d79034f2eebff1da0442b6af685a9adf95bd
osm-sionna-source-austin-bank-19,osm-sionna-source-austin-bank-19,action_swap,all,262144,1.3679090526839133,csi-pairs-formal-v2.1-v6,060d8671380acaf43bd0beb2c77ac5c6ec112e4ddc083451ab36a5916b7c9cac,ce0d6de3d77ed6edde2c9eca5f7ce4ab92c262b63ce50b25113c1cffc8a3ca46,False,FORMAL_EXPERIMENT_ALLOWED,c63b699ed767134007e47157a733f68e4c31de8be4ca0c30d71ec46a08b85621,9548a24a4faf5db17b5251df407b4402de033ae8648ec321c850fe6105002cf1,f03e9b40548b237a49c65fc91de8d79034f2eebff1da0442b6af685a9adf95bd
osm-sionna-source-austin-bank-19,osm-sionna-source-austin-bank-19,action_swap,active,49152,1.143130807925592,csi-pairs-formal-v2.1-v6,060d8671380acaf43bd0beb2c77ac5c6ec112e4ddc083451ab36a5916b7c9cac,ce0d6de3d77ed6edde2c9eca5f7ce4ab92c262b63ce50b25113c1cffc8a3ca46,False,FORMAL_EXPERIMENT_ALLOWED,c63b699ed767134007e47157a733f68e4c31de8be4ca0c30d71ec46a08b85621,9548a24a4faf5db17b5251df407b4402de033ae8648ec321c850fe6105002cf1,f03e9b40548b237a49c65fc91de8d79034f2eebff1da0442b6af685a9adf95bd
osm-sionna-source-austin-bank-19,osm-sionna-source-austin-bank-19,action_swap,null,212992,,csi-pairs-formal-v2.1-v6,060d8671380acaf43bd0beb2c77ac5c6ec112e4ddc083451ab36a5916b7c9cac,ce0d6de3d77ed6edde2c9eca5f7ce4ab92c262b63ce50b25113c1cffc8a3ca46,False,FORMAL_EXPERIMENT_ALLOWED,c63b699ed767134007e47157a733f68e4c31de8be4ca0c30d71ec46a08b85621,9548a24a4faf5db17b5251df407b4402de033ae8648ec321c850fe6105002cf1,f03e9b40548b237a49c65fc91de8d79034f2eebff1da0442b6af685a9adf95bd
osm-sionna-source-austin-bank-19,osm-sionna-source-austin-bank-19,ridge_no_x_diagnostic,all,262144,1.000266145640872,csi-pairs-formal-v2.1-v6,060d8671380acaf43bd0beb2c77ac5c6ec112e4ddc083451ab36a5916b7c9cac,ce0d6de3d77ed6edde2c9eca5f7ce4ab92c262b63ce50b25113c1cffc8a3ca46,False,FORMAL_EXPERIMENT_ALLOWED,c63b699ed767134007e47157a733f68e4c31de8be4ca0c30d71ec46a08b85621,9548a24a4faf5db17b5251df407b4402de033ae8648ec321c850fe6105002cf1,f03e9b40548b237a49c65fc91de8d79034f2eebff1da0442b6af685a9adf95bd
osm-sionna-source-austin-bank-19,osm-sionna-source-austin-bank-19,ridge_no_x_diagnostic,active,49152,1.0001903088329387,csi-pairs-formal-v2.1-v6,060d8671380acaf43bd0beb2c77ac5c6ec112e4ddc083451ab36a5916b7c9cac,ce0d6de3d77ed6edde2c9eca5f7ce4ab92c262b63ce50b25113c1cffc8a3ca46,False,FORMAL_EXPERIMENT_ALLOWED,c63b699ed767134007e47157a733f68e4c31de8be4ca0c30d71ec46a08b85621,9548a24a4faf5db17b5251df407b4402de033ae8648ec321c850fe6105002cf1,f03e9b40548b237a49c65fc91de8d79034f2eebff1da0442b6af685a9adf95bd
osm-sionna-source-austin-bank-19,osm-sionna-source-austin-bank-19,ridge_no_x_diagnostic,null,212992,,csi-pairs-formal-v2.1-v6,060d8671380acaf43bd0beb2c77ac5c6ec112e4ddc083451ab36a5916b7c9cac,ce0d6de3d77ed6edde2c9eca5f7ce4ab92c262b63ce50b25113c1cffc8a3ca46,False,FORMAL_EXPERIMENT_ALLOWED,c63b699ed767134007e47157a733f68e4c31de8be4ca0c30d71ec46a08b85621,9548a24a4faf5db17b5251df407b4402de033ae8648ec321c850fe6105002cf1,f03e9b40548b237a49c65fc91de8d79034f2eebff1da0442b6af685a9adf95bd
osm-sionna-source-austin-bank-19,osm-sionna-source-austin-bank-19,ridge_action_swap_diagnostic,all,262144,1.0002310977262738,csi-pairs-formal-v2.1-v6,060d8671380acaf43bd0beb2c77ac5c6ec112e4ddc083451ab36a5916b7c9cac,ce0d6de3d77ed6edde2c9eca5f7ce4ab92c262b63ce50b25113c1cffc8a3ca46,False,FORMAL_EXPERIMENT_ALLOWED,c63b699ed767134007e47157a733f68e4c31de8be4ca0c30d71ec46a08b85621,9548a24a4faf5db17b5251df407b4402de033ae8648ec321c850fe6105002cf1,f03e9b40548b237a49c65fc91de8d79034f2eebff1da0442b6af685a9adf95bd
osm-sionna-source-austin-bank-19,osm-sionna-source-austin-bank-19,ridge_action_swap_diagnostic,active,49152,1.0001558005857807,csi-pairs-formal-v2.1-v6,060d8671380acaf43bd0beb2c77ac5c6ec112e4ddc083451ab36a5916b7c9cac,ce0d6de3d77ed6edde2c9eca5f7ce4ab92c262b63ce50b25113c1cffc8a3ca46,False,FORMAL_EXPERIMENT_ALLOWED,c63b699ed767134007e47157a733f68e4c31de8be4ca0c30d71ec46a08b85621,9548a24a4faf5db17b5251df407b4402de033ae8648ec321c850fe6105002cf1,f03e9b40548b237a49c65fc91de8d79034f2eebff1da0442b6af685a9adf95bd
osm-sionna-source-austin-bank-19,osm-sionna-source-austin-bank-19,ridge_action_swap_diagnostic,null,212992,,csi-pairs-formal-v2.1-v6,060d8671380acaf43bd0beb2c77ac5c6ec112e4ddc083451ab36a5916b7c9cac,ce0d6de3d77ed6edde2c9eca5f7ce4ab92c262b63ce50b25113c1cffc8a3ca46,False,FORMAL_EXPERIMENT_ALLOWED,c63b699ed767134007e47157a733f68e4c31de8be4ca0c30d71ec46a08b85621,9548a24a4faf5db17b5251df407b4402de033ae8648ec321c850fe6105002cf1,f03e9b40548b237a49c65fc91de8d79034f2eebff1da0442b6af685a9adf95bd
osm-sionna-source-austin-bank-19,osm-sionna-source-austin-bank-19,ridge_oracle_x_diagnostic,all,262144,1.0002839278632056,csi-pairs-formal-v2.1-v6,060d8671380acaf43bd0beb2c77ac5c6ec112e4ddc083451ab36a5916b7c9cac,ce0d6de3d77ed6edde2c9eca5f7ce4ab92c262b63ce50b25113c1cffc8a3ca46,False,FORMAL_EXPERIMENT_ALLOWED,c63b699ed767134007e47157a733f68e4c31de8be4ca0c30d71ec46a08b85621,9548a24a4faf5db17b5251df407b4402de033ae8648ec321c850fe6105002cf1,f03e9b40548b237a49c65fc91de8d79034f2eebff1da0442b6af685a9adf95bd
osm-sionna-source-austin-bank-19,osm-sionna-source-austin-bank-19,ridge_oracle_x_diagnostic,active,49152,1.0002001502290851,csi-pairs-formal-v2.1-v6,060d8671380acaf43bd0beb2c77ac5c6ec112e4ddc083451ab36a5916b7c9cac,ce0d6de3d77ed6edde2c9eca5f7ce4ab92c262b63ce50b25113c1cffc8a3ca46,False,FORMAL_EXPERIMENT_ALLOWED,c63b699ed767134007e47157a733f68e4c31de8be4ca0c30d71ec46a08b85621,9548a24a4faf5db17b5251df407b4402de033ae8648ec321c850fe6105002cf1,f03e9b40548b237a49c65fc91de8d79034f2eebff1da0442b6af685a9adf95bd
osm-sionna-source-austin-bank-19,osm-sionna-source-austin-bank-19,ridge_oracle_x_diagnostic,null,212992,,csi-pairs-formal-v2.1-v6,060d8671380acaf43bd0beb2c77ac5c6ec112e4ddc083451ab36a5916b7c9cac,ce0d6de3d77ed6edde2c9eca5f7ce4ab92c262b63ce50b25113c1cffc8a3ca46,False,FORMAL_EXPERIMENT_ALLOWED,c63b699ed767134007e47157a733f68e4c31de8be4ca0c30d71ec46a08b85621,9548a24a4faf5db17b5251df407b4402de033ae8648ec321c850fe6105002cf1,f03e9b40548b237a49c65fc91de8d79034f2eebff1da0442b6af685a9adf95bd
