arm,city_id,bank_id,base_map_cluster_id,canonical_base_map_digest,canonical_bank_digest,seed,budget,draw,utility_neg_log_median,artifact_label,dataset_sha256,config_sha256,fixture,scientific_use,source_tree_sha256,requirements_lock_sha256,runtime_provenance_sha256
equal_flop_alignment,target-a,fixture-bank-14,fixture-base-14,86a59d2849e34c3a9889d58bb3b67b946ca9eb639083798f219989137e7f4536,d3ac0ba45cb8ca4a3062283c82745f423da87b60b62b7768857a4ffa9f3e71be,17,0,0,-0.5932501718511791,csi-pairs-v6-software-fixture,ded1ec639ff3e6fd5eba769d42db1ed36222a48af333a30a670254b30b164b74,620f300cbec1f56da4691882bc7dbe52593dc597fc62f6ae925c0f6ac72f1c6b,True,FORBIDDEN,0901433cbfe906073eae45118a1466e03afab04a766a3061a988ffe089ba4e01,9548a24a4faf5db17b5251df407b4402de033ae8648ec321c850fe6105002cf1,8128818d8ea8f5c3517d04da28955f010269df61e756429957a0a032386f6c51
equal_flop_alignment,target-a,fixture-bank-16,fixture-base-16,e23949edbfe2dbe6dc73b97687bd3eed5fbc5d7bd72ecd8b2badea6dfbfe472e,2b37638d300a790f3426572fa00b7bf61aa934746cb588d9fb5347ccf44b354c,17,0,0,-0.5334973108544054,csi-pairs-v6-software-fixture,ded1ec639ff3e6fd5eba769d42db1ed36222a48af333a30a670254b30b164b74,620f300cbec1f56da4691882bc7dbe52593dc597fc62f6ae925c0f6ac72f1c6b,True,FORBIDDEN,0901433cbfe906073eae45118a1466e03afab04a766a3061a988ffe089ba4e01,9548a24a4faf5db17b5251df407b4402de033ae8648ec321c850fe6105002cf1,8128818d8ea8f5c3517d04da28955f010269df61e756429957a0a032386f6c51
equal_flop_alignment,target-a,fixture-bank-14,fixture-base-14,86a59d2849e34c3a9889d58bb3b67b946ca9eb639083798f219989137e7f4536,d3ac0ba45cb8ca4a3062283c82745f423da87b60b62b7768857a4ffa9f3e71be,17,2,0,-0.5751318122030291,csi-pairs-v6-software-fixture,ded1ec639ff3e6fd5eba769d42db1ed36222a48af333a30a670254b30b164b74,620f300cbec1f56da4691882bc7dbe52593dc597fc62f6ae925c0f6ac72f1c6b,True,FORBIDDEN,0901433cbfe906073eae45118a1466e03afab04a766a3061a988ffe089ba4e01,9548a24a4faf5db17b5251df407b4402de033ae8648ec321c850fe6105002cf1,8128818d8ea8f5c3517d04da28955f010269df61e756429957a0a032386f6c51
equal_flop_alignment,target-a,fixture-bank-16,fixture-base-16,e23949edbfe2dbe6dc73b97687bd3eed5fbc5d7bd72ecd8b2badea6dfbfe472e,2b37638d300a790f3426572fa00b7bf61aa934746cb588d9fb5347ccf44b354c,17,2,0,-0.5236923916641727,csi-pairs-v6-software-fixture,ded1ec639ff3e6fd5eba769d42db1ed36222a48af333a30a670254b30b164b74,620f300cbec1f56da4691882bc7dbe52593dc597fc62f6ae925c0f6ac72f1c6b,True,FORBIDDEN,0901433cbfe906073eae45118a1466e03afab04a766a3061a988ffe089ba4e01,9548a24a4faf5db17b5251df407b4402de033ae8648ec321c850fe6105002cf1,8128818d8ea8f5c3517d04da28955f010269df61e756429957a0a032386f6c51
equal_flop_alignment,target-a,fixture-bank-14,fixture-base-14,86a59d2849e34c3a9889d58bb3b67b946ca9eb639083798f219989137e7f4536,d3ac0ba45cb8ca4a3062283c82745f423da87b60b62b7768857a4ffa9f3e71be,17,4,0,-0.6111129210512314,csi-pairs-v6-software-fixture,ded1ec639ff3e6fd5eba769d42db1ed36222a48af333a30a670254b30b164b74,620f300cbec1f56da4691882bc7dbe52593dc597fc62f6ae925c0f6ac72f1c6b,True,FORBIDDEN,0901433cbfe906073eae45118a1466e03afab04a766a3061a988ffe089ba4e01,9548a24a4faf5db17b5251df407b4402de033ae8648ec321c850fe6105002cf1,8128818d8ea8f5c3517d04da28955f010269df61e756429957a0a032386f6c51
equal_flop_alignment,target-a,fixture-bank-16,fixture-base-16,e23949edbfe2dbe6dc73b97687bd3eed5fbc5d7bd72ecd8b2badea6dfbfe472e,2b37638d300a790f3426572fa00b7bf61aa934746cb588d9fb5347ccf44b354c,17,4,0,-0.5347671020695002,csi-pairs-v6-software-fixture,ded1ec639ff3e6fd5eba769d42db1ed36222a48af333a30a670254b30b164b74,620f300cbec1f56da4691882bc7dbe52593dc597fc62f6ae925c0f6ac72f1c6b,True,FORBIDDEN,0901433cbfe906073eae45118a1466e03afab04a766a3061a988ffe089ba4e01,9548a24a4faf5db17b5251df407b4402de033ae8648ec321c850fe6105002cf1,8128818d8ea8f5c3517d04da28955f010269df61e756429957a0a032386f6c51
equal_flop_alignment,target-a,fixture-bank-14,fixture-base-14,86a59d2849e34c3a9889d58bb3b67b946ca9eb639083798f219989137e7f4536,d3ac0ba45cb8ca4a3062283c82745f423da87b60b62b7768857a4ffa9f3e71be,17,2,1,-0.5750300411181176,csi-pairs-v6-software-fixture,ded1ec639ff3e6fd5eba769d42db1ed36222a48af333a30a670254b30b164b74,620f300cbec1f56da4691882bc7dbe52593dc597fc62f6ae925c0f6ac72f1c6b,True,FORBIDDEN,0901433cbfe906073eae45118a1466e03afab04a766a3061a988ffe089ba4e01,9548a24a4faf5db17b5251df407b4402de033ae8648ec321c850fe6105002cf1,8128818d8ea8f5c3517d04da28955f010269df61e756429957a0a032386f6c51
equal_flop_alignment,target-a,fixture-bank-16,fixture-base-16,e23949edbfe2dbe6dc73b97687bd3eed5fbc5d7bd72ecd8b2badea6dfbfe472e,2b37638d300a790f3426572fa00b7bf61aa934746cb588d9fb5347ccf44b354c,17,2,1,-0.5292168477348663,csi-pairs-v6-software-fixture,ded1ec639ff3e6fd5eba769d42db1ed36222a48af333a30a670254b30b164b74,620f300cbec1f56da4691882bc7dbe52593dc597fc62f6ae925c0f6ac72f1c6b,True,FORBIDDEN,0901433cbfe906073eae45118a1466e03afab04a766a3061a988ffe089ba4e01,9548a24a4faf5db17b5251df407b4402de033ae8648ec321c850fe6105002cf1,8128818d8ea8f5c3517d04da28955f010269df61e756429957a0a032386f6c51
equal_flop_alignment,target-a,fixture-bank-14,fixture-base-14,86a59d2849e34c3a9889d58bb3b67b946ca9eb639083798f219989137e7f4536,d3ac0ba45cb8ca4a3062283c82745f423da87b60b62b7768857a4ffa9f3e71be,17,4,1,-0.593253962339996,csi-pairs-v6-software-fixture,ded1ec639ff3e6fd5eba769d42db1ed36222a48af333a30a670254b30b164b74,620f300cbec1f56da4691882bc7dbe52593dc597fc62f6ae925c0f6ac72f1c6b,True,FORBIDDEN,0901433cbfe906073eae45118a1466e03afab04a766a3061a988ffe089ba4e01,9548a24a4faf5db17b5251df407b4402de033ae8648ec321c850fe6105002cf1,8128818d8ea8f5c3517d04da28955f010269df61e756429957a0a032386f6c51
equal_flop_alignment,target-a,fixture-bank-16,fixture-base-16,e23949edbfe2dbe6dc73b97687bd3eed5fbc5d7bd72ecd8b2badea6dfbfe472e,2b37638d300a790f3426572fa00b7bf61aa934746cb588d9fb5347ccf44b354c,17,4,1,-0.5298508355791268,csi-pairs-v6-software-fixture,ded1ec639ff3e6fd5eba769d42db1ed36222a48af333a30a670254b30b164b74,620f300cbec1f56da4691882bc7dbe52593dc597fc62f6ae925c0f6ac72f1c6b,True,FORBIDDEN,0901433cbfe906073eae45118a1466e03afab04a766a3061a988ffe089ba4e01,9548a24a4faf5db17b5251df407b4402de033ae8648ec321c850fe6105002cf1,8128818d8ea8f5c3517d04da28955f010269df61e756429957a0a032386f6c51
equal_flop_alignment,target-b,fixture-bank-15,fixture-base-15,e23949edbfe2dbe6dc73b97687bd3eed5fbc5d7bd72ecd8b2badea6dfbfe472e,234b78d61b49dc10d04ca8d24378f3b96eae7ef419b9bbe2bb61b3933c753b5d,17,0,0,-0.9104134041889291,csi-pairs-v6-software-fixture,ded1ec639ff3e6fd5eba769d42db1ed36222a48af333a30a670254b30b164b74,620f300cbec1f56da4691882bc7dbe52593dc597fc62f6ae925c0f6ac72f1c6b,True,FORBIDDEN,0901433cbfe906073eae45118a1466e03afab04a766a3061a988ffe089ba4e01,9548a24a4faf5db17b5251df407b4402de033ae8648ec321c850fe6105002cf1,8128818d8ea8f5c3517d04da28955f010269df61e756429957a0a032386f6c51
equal_flop_alignment,target-b,fixture-bank-17,fixture-base-17,86a59d2849e34c3a9889d58bb3b67b946ca9eb639083798f219989137e7f4536,b8fec4fd063826ac29c6cc8d291ad3a1a89347817c28241565eb44269fa8c24d,17,0,0,-0.9336858194143463,csi-pairs-v6-software-fixture,ded1ec639ff3e6fd5eba769d42db1ed36222a48af333a30a670254b30b164b74,620f300cbec1f56da4691882bc7dbe52593dc597fc62f6ae925c0f6ac72f1c6b,True,FORBIDDEN,0901433cbfe906073eae45118a1466e03afab04a766a3061a988ffe089ba4e01,9548a24a4faf5db17b5251df407b4402de033ae8648ec321c850fe6105002cf1,8128818d8ea8f5c3517d04da28955f010269df61e756429957a0a032386f6c51
equal_flop_alignment,target-b,fixture-bank-15,fixture-base-15,e23949edbfe2dbe6dc73b97687bd3eed5fbc5d7bd72ecd8b2badea6dfbfe472e,234b78d61b49dc10d04ca8d24378f3b96eae7ef419b9bbe2bb61b3933c753b5d,17,2,0,-0.9091289616733182,csi-pairs-v6-software-fixture,ded1ec639ff3e6fd5eba769d42db1ed36222a48af333a30a670254b30b164b74,620f300cbec1f56da4691882bc7dbe52593dc597fc62f6ae925c0f6ac72f1c6b,True,FORBIDDEN,0901433cbfe906073eae45118a1466e03afab04a766a3061a988ffe089ba4e01,9548a24a4faf5db17b5251df407b4402de033ae8648ec321c850fe6105002cf1,8128818d8ea8f5c3517d04da28955f010269df61e756429957a0a032386f6c51
equal_flop_alignment,target-b,fixture-bank-17,fixture-base-17,86a59d2849e34c3a9889d58bb3b67b946ca9eb639083798f219989137e7f4536,b8fec4fd063826ac29c6cc8d291ad3a1a89347817c28241565eb44269fa8c24d,17,2,0,-0.9399599299015183,csi-pairs-v6-software-fixture,ded1ec639ff3e6fd5eba769d42db1ed36222a48af333a30a670254b30b164b74,620f300cbec1f56da4691882bc7dbe52593dc597fc62f6ae925c0f6ac72f1c6b,True,FORBIDDEN,0901433cbfe906073eae45118a1466e03afab04a766a3061a988ffe089ba4e01,9548a24a4faf5db17b5251df407b4402de033ae8648ec321c850fe6105002cf1,8128818d8ea8f5c3517d04da28955f010269df61e756429957a0a032386f6c51
equal_flop_alignment,target-b,fixture-bank-15,fixture-base-15,e23949edbfe2dbe6dc73b97687bd3eed5fbc5d7bd72ecd8b2badea6dfbfe472e,234b78d61b49dc10d04ca8d24378f3b96eae7ef419b9bbe2bb61b3933c753b5d,17,4,0,-0.9092551066012762,csi-pairs-v6-software-fixture,ded1ec639ff3e6fd5eba769d42db1ed36222a48af333a30a670254b30b164b74,620f300cbec1f56da4691882bc7dbe52593dc597fc62f6ae925c0f6ac72f1c6b,True,FORBIDDEN,0901433cbfe906073eae45118a1466e03afab04a766a3061a988ffe089ba4e01,9548a24a4faf5db17b5251df407b4402de033ae8648ec321c850fe6105002cf1,8128818d8ea8f5c3517d04da28955f010269df61e756429957a0a032386f6c51
equal_flop_alignment,target-b,fixture-bank-17,fixture-base-17,86a59d2849e34c3a9889d58bb3b67b946ca9eb639083798f219989137e7f4536,b8fec4fd063826ac29c6cc8d291ad3a1a89347817c28241565eb44269fa8c24d,17,4,0,-0.9398406138990044,csi-pairs-v6-software-fixture,ded1ec639ff3e6fd5eba769d42db1ed36222a48af333a30a670254b30b164b74,620f300cbec1f56da4691882bc7dbe52593dc597fc62f6ae925c0f6ac72f1c6b,True,FORBIDDEN,0901433cbfe906073eae45118a1466e03afab04a766a3061a988ffe089ba4e01,9548a24a4faf5db17b5251df407b4402de033ae8648ec321c850fe6105002cf1,8128818d8ea8f5c3517d04da28955f010269df61e756429957a0a032386f6c51
equal_flop_alignment,target-b,fixture-bank-15,fixture-base-15,e23949edbfe2dbe6dc73b97687bd3eed5fbc5d7bd72ecd8b2badea6dfbfe472e,234b78d61b49dc10d04ca8d24378f3b96eae7ef419b9bbe2bb61b3933c753b5d,17,2,1,-0.909988888613598,csi-pairs-v6-software-fixture,ded1ec639ff3e6fd5eba769d42db1ed36222a48af333a30a670254b30b164b74,620f300cbec1f56da4691882bc7dbe52593dc597fc62f6ae925c0f6ac72f1c6b,True,FORBIDDEN,0901433cbfe906073eae45118a1466e03afab04a766a3061a988ffe089ba4e01,9548a24a4faf5db17b5251df407b4402de033ae8648ec321c850fe6105002cf1,8128818d8ea8f5c3517d04da28955f010269df61e756429957a0a032386f6c51
equal_flop_alignment,target-b,fixture-bank-17,fixture-base-17,86a59d2849e34c3a9889d58bb3b67b946ca9eb639083798f219989137e7f4536,b8fec4fd063826ac29c6cc8d291ad3a1a89347817c28241565eb44269fa8c24d,17,2,1,-0.9387041371029862,csi-pairs-v6-software-fixture,ded1ec639ff3e6fd5eba769d42db1ed36222a48af333a30a670254b30b164b74,620f300cbec1f56da4691882bc7dbe52593dc597fc62f6ae925c0f6ac72f1c6b,True,FORBIDDEN,0901433cbfe906073eae45118a1466e03afab04a766a3061a988ffe089ba4e01,9548a24a4faf5db17b5251df407b4402de033ae8648ec321c850fe6105002cf1,8128818d8ea8f5c3517d04da28955f010269df61e756429957a0a032386f6c51
equal_flop_alignment,target-b,fixture-bank-15,fixture-base-15,e23949edbfe2dbe6dc73b97687bd3eed5fbc5d7bd72ecd8b2badea6dfbfe472e,234b78d61b49dc10d04ca8d24378f3b96eae7ef419b9bbe2bb61b3933c753b5d,17,4,1,-0.9078479476499763,csi-pairs-v6-software-fixture,ded1ec639ff3e6fd5eba769d42db1ed36222a48af333a30a670254b30b164b74,620f300cbec1f56da4691882bc7dbe52593dc597fc62f6ae925c0f6ac72f1c6b,True,FORBIDDEN,0901433cbfe906073eae45118a1466e03afab04a766a3061a988ffe089ba4e01,9548a24a4faf5db17b5251df407b4402de033ae8648ec321c850fe6105002cf1,8128818d8ea8f5c3517d04da28955f010269df61e756429957a0a032386f6c51
equal_flop_alignment,target-b,fixture-bank-17,fixture-base-17,86a59d2849e34c3a9889d58bb3b67b946ca9eb639083798f219989137e7f4536,b8fec4fd063826ac29c6cc8d291ad3a1a89347817c28241565eb44269fa8c24d,17,4,1,-0.9401837364242157,csi-pairs-v6-software-fixture,ded1ec639ff3e6fd5eba769d42db1ed36222a48af333a30a670254b30b164b74,620f300cbec1f56da4691882bc7dbe52593dc597fc62f6ae925c0f6ac72f1c6b,True,FORBIDDEN,0901433cbfe906073eae45118a1466e03afab04a766a3061a988ffe089ba4e01,9548a24a4faf5db17b5251df407b4402de033ae8648ec321c850fe6105002cf1,8128818d8ea8f5c3517d04da28955f010269df61e756429957a0a032386f6c51
equal_flop_alignment,target-a,fixture-bank-14,fixture-base-14,86a59d2849e34c3a9889d58bb3b67b946ca9eb639083798f219989137e7f4536,d3ac0ba45cb8ca4a3062283c82745f423da87b60b62b7768857a4ffa9f3e71be,23,0,0,-0.50352227064574,csi-pairs-v6-software-fixture,ded1ec639ff3e6fd5eba769d42db1ed36222a48af333a30a670254b30b164b74,620f300cbec1f56da4691882bc7dbe52593dc597fc62f6ae925c0f6ac72f1c6b,True,FORBIDDEN,0901433cbfe906073eae45118a1466e03afab04a766a3061a988ffe089ba4e01,9548a24a4faf5db17b5251df407b4402de033ae8648ec321c850fe6105002cf1,8128818d8ea8f5c3517d04da28955f010269df61e756429957a0a032386f6c51
equal_flop_alignment,target-a,fixture-bank-16,fixture-base-16,e23949edbfe2dbe6dc73b97687bd3eed5fbc5d7bd72ecd8b2badea6dfbfe472e,2b37638d300a790f3426572fa00b7bf61aa934746cb588d9fb5347ccf44b354c,23,0,0,-0.5136201227491706,csi-pairs-v6-software-fixture,ded1ec639ff3e6fd5eba769d42db1ed36222a48af333a30a670254b30b164b74,620f300cbec1f56da4691882bc7dbe52593dc597fc62f6ae925c0f6ac72f1c6b,True,FORBIDDEN,0901433cbfe906073eae45118a1466e03afab04a766a3061a988ffe089ba4e01,9548a24a4faf5db17b5251df407b4402de033ae8648ec321c850fe6105002cf1,8128818d8ea8f5c3517d04da28955f010269df61e756429957a0a032386f6c51
equal_flop_alignment,target-a,fixture-bank-14,fixture-base-14,86a59d2849e34c3a9889d58bb3b67b946ca9eb639083798f219989137e7f4536,d3ac0ba45cb8ca4a3062283c82745f423da87b60b62b7768857a4ffa9f3e71be,23,2,0,-0.5051232874394587,csi-pairs-v6-software-fixture,ded1ec639ff3e6fd5eba769d42db1ed36222a48af333a30a670254b30b164b74,620f300cbec1f56da4691882bc7dbe52593dc597fc62f6ae925c0f6ac72f1c6b,True,FORBIDDEN,0901433cbfe906073eae45118a1466e03afab04a766a3061a988ffe089ba4e01,9548a24a4faf5db17b5251df407b4402de033ae8648ec321c850fe6105002cf1,8128818d8ea8f5c3517d04da28955f010269df61e756429957a0a032386f6c51
equal_flop_alignment,target-a,fixture-bank-16,fixture-base-16,e23949edbfe2dbe6dc73b97687bd3eed5fbc5d7bd72ecd8b2badea6dfbfe472e,2b37638d300a790f3426572fa00b7bf61aa934746cb588d9fb5347ccf44b354c,23,2,0,-0.5156745021812847,csi-pairs-v6-software-fixture,ded1ec639ff3e6fd5eba769d42db1ed36222a48af333a30a670254b30b164b74,620f300cbec1f56da4691882bc7dbe52593dc597fc62f6ae925c0f6ac72f1c6b,True,FORBIDDEN,0901433cbfe906073eae45118a1466e03afab04a766a3061a988ffe089ba4e01,9548a24a4faf5db17b5251df407b4402de033ae8648ec321c850fe6105002cf1,8128818d8ea8f5c3517d04da28955f010269df61e756429957a0a032386f6c51
equal_flop_alignment,target-a,fixture-bank-14,fixture-base-14,86a59d2849e34c3a9889d58bb3b67b946ca9eb639083798f219989137e7f4536,d3ac0ba45cb8ca4a3062283c82745f423da87b60b62b7768857a4ffa9f3e71be,23,4,0,-0.5048882171076121,csi-pairs-v6-software-fixture,ded1ec639ff3e6fd5eba769d42db1ed36222a48af333a30a670254b30b164b74,620f300cbec1f56da4691882bc7dbe52593dc597fc62f6ae925c0f6ac72f1c6b,True,FORBIDDEN,0901433cbfe906073eae45118a1466e03afab04a766a3061a988ffe089ba4e01,9548a24a4faf5db17b5251df407b4402de033ae8648ec321c850fe6105002cf1,8128818d8ea8f5c3517d04da28955f010269df61e756429957a0a032386f6c51
equal_flop_alignment,target-a,fixture-bank-16,fixture-base-16,e23949edbfe2dbe6dc73b97687bd3eed5fbc5d7bd72ecd8b2badea6dfbfe472e,2b37638d300a790f3426572fa00b7bf61aa934746cb588d9fb5347ccf44b354c,23,4,0,-0.5154548921581755,csi-pairs-v6-software-fixture,ded1ec639ff3e6fd5eba769d42db1ed36222a48af333a30a670254b30b164b74,620f300cbec1f56da4691882bc7dbe52593dc597fc62f6ae925c0f6ac72f1c6b,True,FORBIDDEN,0901433cbfe906073eae45118a1466e03afab04a766a3061a988ffe089ba4e01,9548a24a4faf5db17b5251df407b4402de033ae8648ec321c850fe6105002cf1,8128818d8ea8f5c3517d04da28955f010269df61e756429957a0a032386f6c51
equal_flop_alignment,target-a,fixture-bank-14,fixture-base-14,86a59d2849e34c3a9889d58bb3b67b946ca9eb639083798f219989137e7f4536,d3ac0ba45cb8ca4a3062283c82745f423da87b60b62b7768857a4ffa9f3e71be,23,2,1,-0.5100944270480505,csi-pairs-v6-software-fixture,ded1ec639ff3e6fd5eba769d42db1ed36222a48af333a30a670254b30b164b74,620f300cbec1f56da4691882bc7dbe52593dc597fc62f6ae925c0f6ac72f1c6b,True,FORBIDDEN,0901433cbfe906073eae45118a1466e03afab04a766a3061a988ffe089ba4e01,9548a24a4faf5db17b5251df407b4402de033ae8648ec321c850fe6105002cf1,8128818d8ea8f5c3517d04da28955f010269df61e756429957a0a032386f6c51
equal_flop_alignment,target-a,fixture-bank-16,fixture-base-16,e23949edbfe2dbe6dc73b97687bd3eed5fbc5d7bd72ecd8b2badea6dfbfe472e,2b37638d300a790f3426572fa00b7bf61aa934746cb588d9fb5347ccf44b354c,23,2,1,-0.5219511271228755,csi-pairs-v6-software-fixture,ded1ec639ff3e6fd5eba769d42db1ed36222a48af333a30a670254b30b164b74,620f300cbec1f56da4691882bc7dbe52593dc597fc62f6ae925c0f6ac72f1c6b,True,FORBIDDEN,0901433cbfe906073eae45118a1466e03afab04a766a3061a988ffe089ba4e01,9548a24a4faf5db17b5251df407b4402de033ae8648ec321c850fe6105002cf1,8128818d8ea8f5c3517d04da28955f010269df61e756429957a0a032386f6c51
equal_flop_alignment,target-a,fixture-bank-14,fixture-base-14,86a59d2849e34c3a9889d58bb3b67b946ca9eb639083798f219989137e7f4536,d3ac0ba45cb8ca4a3062283c82745f423da87b60b62b7768857a4ffa9f3e71be,23,4,1,-0.5093268539961695,csi-pairs-v6-software-fixture,ded1ec639ff3e6fd5eba769d42db1ed36222a48af333a30a670254b30b164b74,620f300cbec1f56da4691882bc7dbe52593dc597fc62f6ae925c0f6ac72f1c6b,True,FORBIDDEN,0901433cbfe906073eae45118a1466e03afab04a766a3061a988ffe089ba4e01,9548a24a4faf5db17b5251df407b4402de033ae8648ec321c850fe6105002cf1,8128818d8ea8f5c3517d04da28955f010269df61e756429957a0a032386f6c51
equal_flop_alignment,target-a,fixture-bank-16,fixture-base-16,e23949edbfe2dbe6dc73b97687bd3eed5fbc5d7bd72ecd8b2badea6dfbfe472e,2b37638d300a790f3426572fa00b7bf61aa934746cb588d9fb5347ccf44b354c,23,4,1,-0.5214787948838437,csi-pairs-v6-software-fixture,ded1ec639ff3e6fd5eba769d42db1ed36222a48af333a30a670254b30b164b74,620f300cbec1f56da4691882bc7dbe52593dc597fc62f6ae925c0f6ac72f1c6b,True,FORBIDDEN,0901433cbfe906073eae45118a1466e03afab04a766a3061a988ffe089ba4e01,9548a24a4faf5db17b5251df407b4402de033ae8648ec321c850fe6105002cf1,8128818d8ea8f5c3517d04da28955f010269df61e756429957a0a032386f6c51
equal_flop_alignment,target-b,fixture-bank-15,fixture-base-15,e23949edbfe2dbe6dc73b97687bd3eed5fbc5d7bd72ecd8b2badea6dfbfe472e,234b78d61b49dc10d04ca8d24378f3b96eae7ef419b9bbe2bb61b3933c753b5d,23,0,0,-0.9061219794947698,csi-pairs-v6-software-fixture,ded1ec639ff3e6fd5eba769d42db1ed36222a48af333a30a670254b30b164b74,620f300cbec1f56da4691882bc7dbe52593dc597fc62f6ae925c0f6ac72f1c6b,True,FORBIDDEN,0901433cbfe906073eae45118a1466e03afab04a766a3061a988ffe089ba4e01,9548a24a4faf5db17b5251df407b4402de033ae8648ec321c850fe6105002cf1,8128818d8ea8f5c3517d04da28955f010269df61e756429957a0a032386f6c51
equal_flop_alignment,target-b,fixture-bank-17,fixture-base-17,86a59d2849e34c3a9889d58bb3b67b946ca9eb639083798f219989137e7f4536,b8fec4fd063826ac29c6cc8d291ad3a1a89347817c28241565eb44269fa8c24d,23,0,0,-0.8900849261629616,csi-pairs-v6-software-fixture,ded1ec639ff3e6fd5eba769d42db1ed36222a48af333a30a670254b30b164b74,620f300cbec1f56da4691882bc7dbe52593dc597fc62f6ae925c0f6ac72f1c6b,True,FORBIDDEN,0901433cbfe906073eae45118a1466e03afab04a766a3061a988ffe089ba4e01,9548a24a4faf5db17b5251df407b4402de033ae8648ec321c850fe6105002cf1,8128818d8ea8f5c3517d04da28955f010269df61e756429957a0a032386f6c51
equal_flop_alignment,target-b,fixture-bank-15,fixture-base-15,e23949edbfe2dbe6dc73b97687bd3eed5fbc5d7bd72ecd8b2badea6dfbfe472e,234b78d61b49dc10d04ca8d24378f3b96eae7ef419b9bbe2bb61b3933c753b5d,23,2,0,-0.9013119862272062,csi-pairs-v6-software-fixture,ded1ec639ff3e6fd5eba769d42db1ed36222a48af333a30a670254b30b164b74,620f300cbec1f56da4691882bc7dbe52593dc597fc62f6ae925c0f6ac72f1c6b,True,FORBIDDEN,0901433cbfe906073eae45118a1466e03afab04a766a3061a988ffe089ba4e01,9548a24a4faf5db17b5251df407b4402de033ae8648ec321c850fe6105002cf1,8128818d8ea8f5c3517d04da28955f010269df61e756429957a0a032386f6c51
equal_flop_alignment,target-b,fixture-bank-17,fixture-base-17,86a59d2849e34c3a9889d58bb3b67b946ca9eb639083798f219989137e7f4536,b8fec4fd063826ac29c6cc8d291ad3a1a89347817c28241565eb44269fa8c24d,23,2,0,-0.8868285662101827,csi-pairs-v6-software-fixture,ded1ec639ff3e6fd5eba769d42db1ed36222a48af333a30a670254b30b164b74,620f300cbec1f56da4691882bc7dbe52593dc597fc62f6ae925c0f6ac72f1c6b,True,FORBIDDEN,0901433cbfe906073eae45118a1466e03afab04a766a3061a988ffe089ba4e01,9548a24a4faf5db17b5251df407b4402de033ae8648ec321c850fe6105002cf1,8128818d8ea8f5c3517d04da28955f010269df61e756429957a0a032386f6c51
equal_flop_alignment,target-b,fixture-bank-15,fixture-base-15,e23949edbfe2dbe6dc73b97687bd3eed5fbc5d7bd72ecd8b2badea6dfbfe472e,234b78d61b49dc10d04ca8d24378f3b96eae7ef419b9bbe2bb61b3933c753b5d,23,4,0,-0.901655655982774,csi-pairs-v6-software-fixture,ded1ec639ff3e6fd5eba769d42db1ed36222a48af333a30a670254b30b164b74,620f300cbec1f56da4691882bc7dbe52593dc597fc62f6ae925c0f6ac72f1c6b,True,FORBIDDEN,0901433cbfe906073eae45118a1466e03afab04a766a3061a988ffe089ba4e01,9548a24a4faf5db17b5251df407b4402de033ae8648ec321c850fe6105002cf1,8128818d8ea8f5c3517d04da28955f010269df61e756429957a0a032386f6c51
equal_flop_alignment,target-b,fixture-bank-17,fixture-base-17,86a59d2849e34c3a9889d58bb3b67b946ca9eb639083798f219989137e7f4536,b8fec4fd063826ac29c6cc8d291ad3a1a89347817c28241565eb44269fa8c24d,23,4,0,-0.887062165870748,csi-pairs-v6-software-fixture,ded1ec639ff3e6fd5eba769d42db1ed36222a48af333a30a670254b30b164b74,620f300cbec1f56da4691882bc7dbe52593dc597fc62f6ae925c0f6ac72f1c6b,True,FORBIDDEN,0901433cbfe906073eae45118a1466e03afab04a766a3061a988ffe089ba4e01,9548a24a4faf5db17b5251df407b4402de033ae8648ec321c850fe6105002cf1,8128818d8ea8f5c3517d04da28955f010269df61e756429957a0a032386f6c51
equal_flop_alignment,target-b,fixture-bank-15,fixture-base-15,e23949edbfe2dbe6dc73b97687bd3eed5fbc5d7bd72ecd8b2badea6dfbfe472e,234b78d61b49dc10d04ca8d24378f3b96eae7ef419b9bbe2bb61b3933c753b5d,23,2,1,-0.9028456404427608,csi-pairs-v6-software-fixture,ded1ec639ff3e6fd5eba769d42db1ed36222a48af333a30a670254b30b164b74,620f300cbec1f56da4691882bc7dbe52593dc597fc62f6ae925c0f6ac72f1c6b,True,FORBIDDEN,0901433cbfe906073eae45118a1466e03afab04a766a3061a988ffe089ba4e01,9548a24a4faf5db17b5251df407b4402de033ae8648ec321c850fe6105002cf1,8128818d8ea8f5c3517d04da28955f010269df61e756429957a0a032386f6c51
equal_flop_alignment,target-b,fixture-bank-17,fixture-base-17,86a59d2849e34c3a9889d58bb3b67b946ca9eb639083798f219989137e7f4536,b8fec4fd063826ac29c6cc8d291ad3a1a89347817c28241565eb44269fa8c24d,23,2,1,-0.8858949136400041,csi-pairs-v6-software-fixture,ded1ec639ff3e6fd5eba769d42db1ed36222a48af333a30a670254b30b164b74,620f300cbec1f56da4691882bc7dbe52593dc597fc62f6ae925c0f6ac72f1c6b,True,FORBIDDEN,0901433cbfe906073eae45118a1466e03afab04a766a3061a988ffe089ba4e01,9548a24a4faf5db17b5251df407b4402de033ae8648ec321c850fe6105002cf1,8128818d8ea8f5c3517d04da28955f010269df61e756429957a0a032386f6c51
equal_flop_alignment,target-b,fixture-bank-15,fixture-base-15,e23949edbfe2dbe6dc73b97687bd3eed5fbc5d7bd72ecd8b2badea6dfbfe472e,234b78d61b49dc10d04ca8d24378f3b96eae7ef419b9bbe2bb61b3933c753b5d,23,4,1,-0.9069304072637773,csi-pairs-v6-software-fixture,ded1ec639ff3e6fd5eba769d42db1ed36222a48af333a30a670254b30b164b74,620f300cbec1f56da4691882bc7dbe52593dc597fc62f6ae925c0f6ac72f1c6b,True,FORBIDDEN,0901433cbfe906073eae45118a1466e03afab04a766a3061a988ffe089ba4e01,9548a24a4faf5db17b5251df407b4402de033ae8648ec321c850fe6105002cf1,8128818d8ea8f5c3517d04da28955f010269df61e756429957a0a032386f6c51
equal_flop_alignment,target-b,fixture-bank-17,fixture-base-17,86a59d2849e34c3a9889d58bb3b67b946ca9eb639083798f219989137e7f4536,b8fec4fd063826ac29c6cc8d291ad3a1a89347817c28241565eb44269fa8c24d,23,4,1,-0.8897985759506863,csi-pairs-v6-software-fixture,ded1ec639ff3e6fd5eba769d42db1ed36222a48af333a30a670254b30b164b74,620f300cbec1f56da4691882bc7dbe52593dc597fc62f6ae925c0f6ac72f1c6b,True,FORBIDDEN,0901433cbfe906073eae45118a1466e03afab04a766a3061a988ffe089ba4e01,9548a24a4faf5db17b5251df407b4402de033ae8648ec321c850fe6105002cf1,8128818d8ea8f5c3517d04da28955f010269df61e756429957a0a032386f6c51
equal_flop_alignment,target-a,fixture-bank-14,fixture-base-14,86a59d2849e34c3a9889d58bb3b67b946ca9eb639083798f219989137e7f4536,d3ac0ba45cb8ca4a3062283c82745f423da87b60b62b7768857a4ffa9f3e71be,31,0,0,-0.4848583448990772,csi-pairs-v6-software-fixture,ded1ec639ff3e6fd5eba769d42db1ed36222a48af333a30a670254b30b164b74,620f300cbec1f56da4691882bc7dbe52593dc597fc62f6ae925c0f6ac72f1c6b,True,FORBIDDEN,0901433cbfe906073eae45118a1466e03afab04a766a3061a988ffe089ba4e01,9548a24a4faf5db17b5251df407b4402de033ae8648ec321c850fe6105002cf1,8128818d8ea8f5c3517d04da28955f010269df61e756429957a0a032386f6c51
equal_flop_alignment,target-a,fixture-bank-16,fixture-base-16,e23949edbfe2dbe6dc73b97687bd3eed5fbc5d7bd72ecd8b2badea6dfbfe472e,2b37638d300a790f3426572fa00b7bf61aa934746cb588d9fb5347ccf44b354c,31,0,0,-0.4954778887668095,csi-pairs-v6-software-fixture,ded1ec639ff3e6fd5eba769d42db1ed36222a48af333a30a670254b30b164b74,620f300cbec1f56da4691882bc7dbe52593dc597fc62f6ae925c0f6ac72f1c6b,True,FORBIDDEN,0901433cbfe906073eae45118a1466e03afab04a766a3061a988ffe089ba4e01,9548a24a4faf5db17b5251df407b4402de033ae8648ec321c850fe6105002cf1,8128818d8ea8f5c3517d04da28955f010269df61e756429957a0a032386f6c51
equal_flop_alignment,target-a,fixture-bank-14,fixture-base-14,86a59d2849e34c3a9889d58bb3b67b946ca9eb639083798f219989137e7f4536,d3ac0ba45cb8ca4a3062283c82745f423da87b60b62b7768857a4ffa9f3e71be,31,2,0,-0.4882830029604777,csi-pairs-v6-software-fixture,ded1ec639ff3e6fd5eba769d42db1ed36222a48af333a30a670254b30b164b74,620f300cbec1f56da4691882bc7dbe52593dc597fc62f6ae925c0f6ac72f1c6b,True,FORBIDDEN,0901433cbfe906073eae45118a1466e03afab04a766a3061a988ffe089ba4e01,9548a24a4faf5db17b5251df407b4402de033ae8648ec321c850fe6105002cf1,8128818d8ea8f5c3517d04da28955f010269df61e756429957a0a032386f6c51
equal_flop_alignment,target-a,fixture-bank-16,fixture-base-16,e23949edbfe2dbe6dc73b97687bd3eed5fbc5d7bd72ecd8b2badea6dfbfe472e,2b37638d300a790f3426572fa00b7bf61aa934746cb588d9fb5347ccf44b354c,31,2,0,-0.4996066430633977,csi-pairs-v6-software-fixture,ded1ec639ff3e6fd5eba769d42db1ed36222a48af333a30a670254b30b164b74,620f300cbec1f56da4691882bc7dbe52593dc597fc62f6ae925c0f6ac72f1c6b,True,FORBIDDEN,0901433cbfe906073eae45118a1466e03afab04a766a3061a988ffe089ba4e01,9548a24a4faf5db17b5251df407b4402de033ae8648ec321c850fe6105002cf1,8128818d8ea8f5c3517d04da28955f010269df61e756429957a0a032386f6c51
equal_flop_alignment,target-a,fixture-bank-14,fixture-base-14,86a59d2849e34c3a9889d58bb3b67b946ca9eb639083798f219989137e7f4536,d3ac0ba45cb8ca4a3062283c82745f423da87b60b62b7768857a4ffa9f3e71be,31,4,0,-0.4848480762579402,csi-pairs-v6-software-fixture,ded1ec639ff3e6fd5eba769d42db1ed36222a48af333a30a670254b30b164b74,620f300cbec1f56da4691882bc7dbe52593dc597fc62f6ae925c0f6ac72f1c6b,True,FORBIDDEN,0901433cbfe906073eae45118a1466e03afab04a766a3061a988ffe089ba4e01,9548a24a4faf5db17b5251df407b4402de033ae8648ec321c850fe6105002cf1,8128818d8ea8f5c3517d04da28955f010269df61e756429957a0a032386f6c51
equal_flop_alignment,target-a,fixture-bank-16,fixture-base-16,e23949edbfe2dbe6dc73b97687bd3eed5fbc5d7bd72ecd8b2badea6dfbfe472e,2b37638d300a790f3426572fa00b7bf61aa934746cb588d9fb5347ccf44b354c,31,4,0,-0.49545487782519804,csi-pairs-v6-software-fixture,ded1ec639ff3e6fd5eba769d42db1ed36222a48af333a30a670254b30b164b74,620f300cbec1f56da4691882bc7dbe52593dc597fc62f6ae925c0f6ac72f1c6b,True,FORBIDDEN,0901433cbfe906073eae45118a1466e03afab04a766a3061a988ffe089ba4e01,9548a24a4faf5db17b5251df407b4402de033ae8648ec321c850fe6105002cf1,8128818d8ea8f5c3517d04da28955f010269df61e756429957a0a032386f6c51
equal_flop_alignment,target-a,fixture-bank-14,fixture-base-14,86a59d2849e34c3a9889d58bb3b67b946ca9eb639083798f219989137e7f4536,d3ac0ba45cb8ca4a3062283c82745f423da87b60b62b7768857a4ffa9f3e71be,31,2,1,-0.4815400140731956,csi-pairs-v6-software-fixture,ded1ec639ff3e6fd5eba769d42db1ed36222a48af333a30a670254b30b164b74,620f300cbec1f56da4691882bc7dbe52593dc597fc62f6ae925c0f6ac72f1c6b,True,FORBIDDEN,0901433cbfe906073eae45118a1466e03afab04a766a3061a988ffe089ba4e01,9548a24a4faf5db17b5251df407b4402de033ae8648ec321c850fe6105002cf1,8128818d8ea8f5c3517d04da28955f010269df61e756429957a0a032386f6c51
equal_flop_alignment,target-a,fixture-bank-16,fixture-base-16,e23949edbfe2dbe6dc73b97687bd3eed5fbc5d7bd72ecd8b2badea6dfbfe472e,2b37638d300a790f3426572fa00b7bf61aa934746cb588d9fb5347ccf44b354c,31,2,1,-0.49137978021266693,csi-pairs-v6-software-fixture,ded1ec639ff3e6fd5eba769d42db1ed36222a48af333a30a670254b30b164b74,620f300cbec1f56da4691882bc7dbe52593dc597fc62f6ae925c0f6ac72f1c6b,True,FORBIDDEN,0901433cbfe906073eae45118a1466e03afab04a766a3061a988ffe089ba4e01,9548a24a4faf5db17b5251df407b4402de033ae8648ec321c850fe6105002cf1,8128818d8ea8f5c3517d04da28955f010269df61e756429957a0a032386f6c51
equal_flop_alignment,target-a,fixture-bank-14,fixture-base-14,86a59d2849e34c3a9889d58bb3b67b946ca9eb639083798f219989137e7f4536,d3ac0ba45cb8ca4a3062283c82745f423da87b60b62b7768857a4ffa9f3e71be,31,4,1,-0.48386452171696426,csi-pairs-v6-software-fixture,ded1ec639ff3e6fd5eba769d42db1ed36222a48af333a30a670254b30b164b74,620f300cbec1f56da4691882bc7dbe52593dc597fc62f6ae925c0f6ac72f1c6b,True,FORBIDDEN,0901433cbfe906073eae45118a1466e03afab04a766a3061a988ffe089ba4e01,9548a24a4faf5db17b5251df407b4402de033ae8648ec321c850fe6105002cf1,8128818d8ea8f5c3517d04da28955f010269df61e756429957a0a032386f6c51
equal_flop_alignment,target-a,fixture-bank-16,fixture-base-16,e23949edbfe2dbe6dc73b97687bd3eed5fbc5d7bd72ecd8b2badea6dfbfe472e,2b37638d300a790f3426572fa00b7bf61aa934746cb588d9fb5347ccf44b354c,31,4,1,-0.4939428419838005,csi-pairs-v6-software-fixture,ded1ec639ff3e6fd5eba769d42db1ed36222a48af333a30a670254b30b164b74,620f300cbec1f56da4691882bc7dbe52593dc597fc62f6ae925c0f6ac72f1c6b,True,FORBIDDEN,0901433cbfe906073eae45118a1466e03afab04a766a3061a988ffe089ba4e01,9548a24a4faf5db17b5251df407b4402de033ae8648ec321c850fe6105002cf1,8128818d8ea8f5c3517d04da28955f010269df61e756429957a0a032386f6c51
equal_flop_alignment,target-b,fixture-bank-15,fixture-base-15,e23949edbfe2dbe6dc73b97687bd3eed5fbc5d7bd72ecd8b2badea6dfbfe472e,234b78d61b49dc10d04ca8d24378f3b96eae7ef419b9bbe2bb61b3933c753b5d,31,0,0,-0.9180399953726263,csi-pairs-v6-software-fixture,ded1ec639ff3e6fd5eba769d42db1ed36222a48af333a30a670254b30b164b74,620f300cbec1f56da4691882bc7dbe52593dc597fc62f6ae925c0f6ac72f1c6b,True,FORBIDDEN,0901433cbfe906073eae45118a1466e03afab04a766a3061a988ffe089ba4e01,9548a24a4faf5db17b5251df407b4402de033ae8648ec321c850fe6105002cf1,8128818d8ea8f5c3517d04da28955f010269df61e756429957a0a032386f6c51
equal_flop_alignment,target-b,fixture-bank-17,fixture-base-17,86a59d2849e34c3a9889d58bb3b67b946ca9eb639083798f219989137e7f4536,b8fec4fd063826ac29c6cc8d291ad3a1a89347817c28241565eb44269fa8c24d,31,0,0,-0.9092268032938998,csi-pairs-v6-software-fixture,ded1ec639ff3e6fd5eba769d42db1ed36222a48af333a30a670254b30b164b74,620f300cbec1f56da4691882bc7dbe52593dc597fc62f6ae925c0f6ac72f1c6b,True,FORBIDDEN,0901433cbfe906073eae45118a1466e03afab04a766a3061a988ffe089ba4e01,9548a24a4faf5db17b5251df407b4402de033ae8648ec321c850fe6105002cf1,8128818d8ea8f5c3517d04da28955f010269df61e756429957a0a032386f6c51
equal_flop_alignment,target-b,fixture-bank-15,fixture-base-15,e23949edbfe2dbe6dc73b97687bd3eed5fbc5d7bd72ecd8b2badea6dfbfe472e,234b78d61b49dc10d04ca8d24378f3b96eae7ef419b9bbe2bb61b3933c753b5d,31,2,0,-0.9171451907994774,csi-pairs-v6-software-fixture,ded1ec639ff3e6fd5eba769d42db1ed36222a48af333a30a670254b30b164b74,620f300cbec1f56da4691882bc7dbe52593dc597fc62f6ae925c0f6ac72f1c6b,True,FORBIDDEN,0901433cbfe906073eae45118a1466e03afab04a766a3061a988ffe089ba4e01,9548a24a4faf5db17b5251df407b4402de033ae8648ec321c850fe6105002cf1,8128818d8ea8f5c3517d04da28955f010269df61e756429957a0a032386f6c51
equal_flop_alignment,target-b,fixture-bank-17,fixture-base-17,86a59d2849e34c3a9889d58bb3b67b946ca9eb639083798f219989137e7f4536,b8fec4fd063826ac29c6cc8d291ad3a1a89347817c28241565eb44269fa8c24d,31,2,0,-0.9058529991235439,csi-pairs-v6-software-fixture,ded1ec639ff3e6fd5eba769d42db1ed36222a48af333a30a670254b30b164b74,620f300cbec1f56da4691882bc7dbe52593dc597fc62f6ae925c0f6ac72f1c6b,True,FORBIDDEN,0901433cbfe906073eae45118a1466e03afab04a766a3061a988ffe089ba4e01,9548a24a4faf5db17b5251df407b4402de033ae8648ec321c850fe6105002cf1,8128818d8ea8f5c3517d04da28955f010269df61e756429957a0a032386f6c51
equal_flop_alignment,target-b,fixture-bank-15,fixture-base-15,e23949edbfe2dbe6dc73b97687bd3eed5fbc5d7bd72ecd8b2badea6dfbfe472e,234b78d61b49dc10d04ca8d24378f3b96eae7ef419b9bbe2bb61b3933c753b5d,31,4,0,-0.9163666492140677,csi-pairs-v6-software-fixture,ded1ec639ff3e6fd5eba769d42db1ed36222a48af333a30a670254b30b164b74,620f300cbec1f56da4691882bc7dbe52593dc597fc62f6ae925c0f6ac72f1c6b,True,FORBIDDEN,0901433cbfe906073eae45118a1466e03afab04a766a3061a988ffe089ba4e01,9548a24a4faf5db17b5251df407b4402de033ae8648ec321c850fe6105002cf1,8128818d8ea8f5c3517d04da28955f010269df61e756429957a0a032386f6c51
equal_flop_alignment,target-b,fixture-bank-17,fixture-base-17,86a59d2849e34c3a9889d58bb3b67b946ca9eb639083798f219989137e7f4536,b8fec4fd063826ac29c6cc8d291ad3a1a89347817c28241565eb44269fa8c24d,31,4,0,-0.9051456624971944,csi-pairs-v6-software-fixture,ded1ec639ff3e6fd5eba769d42db1ed36222a48af333a30a670254b30b164b74,620f300cbec1f56da4691882bc7dbe52593dc597fc62f6ae925c0f6ac72f1c6b,True,FORBIDDEN,0901433cbfe906073eae45118a1466e03afab04a766a3061a988ffe089ba4e01,9548a24a4faf5db17b5251df407b4402de033ae8648ec321c850fe6105002cf1,8128818d8ea8f5c3517d04da28955f010269df61e756429957a0a032386f6c51
equal_flop_alignment,target-b,fixture-bank-15,fixture-base-15,e23949edbfe2dbe6dc73b97687bd3eed5fbc5d7bd72ecd8b2badea6dfbfe472e,234b78d61b49dc10d04ca8d24378f3b96eae7ef419b9bbe2bb61b3933c753b5d,31,2,1,-0.9168276145035943,csi-pairs-v6-software-fixture,ded1ec639ff3e6fd5eba769d42db1ed36222a48af333a30a670254b30b164b74,620f300cbec1f56da4691882bc7dbe52593dc597fc62f6ae925c0f6ac72f1c6b,True,FORBIDDEN,0901433cbfe906073eae45118a1466e03afab04a766a3061a988ffe089ba4e01,9548a24a4faf5db17b5251df407b4402de033ae8648ec321c850fe6105002cf1,8128818d8ea8f5c3517d04da28955f010269df61e756429957a0a032386f6c51
equal_flop_alignment,target-b,fixture-bank-17,fixture-base-17,86a59d2849e34c3a9889d58bb3b67b946ca9eb639083798f219989137e7f4536,b8fec4fd063826ac29c6cc8d291ad3a1a89347817c28241565eb44269fa8c24d,31,2,1,-0.9055058533782455,csi-pairs-v6-software-fixture,ded1ec639ff3e6fd5eba769d42db1ed36222a48af333a30a670254b30b164b74,620f300cbec1f56da4691882bc7dbe52593dc597fc62f6ae925c0f6ac72f1c6b,True,FORBIDDEN,0901433cbfe906073eae45118a1466e03afab04a766a3061a988ffe089ba4e01,9548a24a4faf5db17b5251df407b4402de033ae8648ec321c850fe6105002cf1,8128818d8ea8f5c3517d04da28955f010269df61e756429957a0a032386f6c51
equal_flop_alignment,target-b,fixture-bank-15,fixture-base-15,e23949edbfe2dbe6dc73b97687bd3eed5fbc5d7bd72ecd8b2badea6dfbfe472e,234b78d61b49dc10d04ca8d24378f3b96eae7ef419b9bbe2bb61b3933c753b5d,31,4,1,-0.9157892094688023,csi-pairs-v6-software-fixture,ded1ec639ff3e6fd5eba769d42db1ed36222a48af333a30a670254b30b164b74,620f300cbec1f56da4691882bc7dbe52593dc597fc62f6ae925c0f6ac72f1c6b,True,FORBIDDEN,0901433cbfe906073eae45118a1466e03afab04a766a3061a988ffe089ba4e01,9548a24a4faf5db17b5251df407b4402de033ae8648ec321c850fe6105002cf1,8128818d8ea8f5c3517d04da28955f010269df61e756429957a0a032386f6c51
equal_flop_alignment,target-b,fixture-bank-17,fixture-base-17,86a59d2849e34c3a9889d58bb3b67b946ca9eb639083798f219989137e7f4536,b8fec4fd063826ac29c6cc8d291ad3a1a89347817c28241565eb44269fa8c24d,31,4,1,-0.904616363830098,csi-pairs-v6-software-fixture,ded1ec639ff3e6fd5eba769d42db1ed36222a48af333a30a670254b30b164b74,620f300cbec1f56da4691882bc7dbe52593dc597fc62f6ae925c0f6ac72f1c6b,True,FORBIDDEN,0901433cbfe906073eae45118a1466e03afab04a766a3061a988ffe089ba4e01,9548a24a4faf5db17b5251df407b4402de033ae8648ec321c850fe6105002cf1,8128818d8ea8f5c3517d04da28955f010269df61e756429957a0a032386f6c51
equal_flop_response,target-a,fixture-bank-14,fixture-base-14,86a59d2849e34c3a9889d58bb3b67b946ca9eb639083798f219989137e7f4536,d3ac0ba45cb8ca4a3062283c82745f423da87b60b62b7768857a4ffa9f3e71be,17,0,0,-0.6070618619043952,csi-pairs-v6-software-fixture,ded1ec639ff3e6fd5eba769d42db1ed36222a48af333a30a670254b30b164b74,620f300cbec1f56da4691882bc7dbe52593dc597fc62f6ae925c0f6ac72f1c6b,True,FORBIDDEN,0901433cbfe906073eae45118a1466e03afab04a766a3061a988ffe089ba4e01,9548a24a4faf5db17b5251df407b4402de033ae8648ec321c850fe6105002cf1,8128818d8ea8f5c3517d04da28955f010269df61e756429957a0a032386f6c51
equal_flop_response,target-a,fixture-bank-16,fixture-base-16,e23949edbfe2dbe6dc73b97687bd3eed5fbc5d7bd72ecd8b2badea6dfbfe472e,2b37638d300a790f3426572fa00b7bf61aa934746cb588d9fb5347ccf44b354c,17,0,0,-0.5364520592819465,csi-pairs-v6-software-fixture,ded1ec639ff3e6fd5eba769d42db1ed36222a48af333a30a670254b30b164b74,620f300cbec1f56da4691882bc7dbe52593dc597fc62f6ae925c0f6ac72f1c6b,True,FORBIDDEN,0901433cbfe906073eae45118a1466e03afab04a766a3061a988ffe089ba4e01,9548a24a4faf5db17b5251df407b4402de033ae8648ec321c850fe6105002cf1,8128818d8ea8f5c3517d04da28955f010269df61e756429957a0a032386f6c51
equal_flop_response,target-a,fixture-bank-14,fixture-base-14,86a59d2849e34c3a9889d58bb3b67b946ca9eb639083798f219989137e7f4536,d3ac0ba45cb8ca4a3062283c82745f423da87b60b62b7768857a4ffa9f3e71be,17,2,0,-0.5877948150384694,csi-pairs-v6-software-fixture,ded1ec639ff3e6fd5eba769d42db1ed36222a48af333a30a670254b30b164b74,620f300cbec1f56da4691882bc7dbe52593dc597fc62f6ae925c0f6ac72f1c6b,True,FORBIDDEN,0901433cbfe906073eae45118a1466e03afab04a766a3061a988ffe089ba4e01,9548a24a4faf5db17b5251df407b4402de033ae8648ec321c850fe6105002cf1,8128818d8ea8f5c3517d04da28955f010269df61e756429957a0a032386f6c51
equal_flop_response,target-a,fixture-bank-16,fixture-base-16,e23949edbfe2dbe6dc73b97687bd3eed5fbc5d7bd72ecd8b2badea6dfbfe472e,2b37638d300a790f3426572fa00b7bf61aa934746cb588d9fb5347ccf44b354c,17,2,0,-0.5260964371102792,csi-pairs-v6-software-fixture,ded1ec639ff3e6fd5eba769d42db1ed36222a48af333a30a670254b30b164b74,620f300cbec1f56da4691882bc7dbe52593dc597fc62f6ae925c0f6ac72f1c6b,True,FORBIDDEN,0901433cbfe906073eae45118a1466e03afab04a766a3061a988ffe089ba4e01,9548a24a4faf5db17b5251df407b4402de033ae8648ec321c850fe6105002cf1,8128818d8ea8f5c3517d04da28955f010269df61e756429957a0a032386f6c51
equal_flop_response,target-a,fixture-bank-14,fixture-base-14,86a59d2849e34c3a9889d58bb3b67b946ca9eb639083798f219989137e7f4536,d3ac0ba45cb8ca4a3062283c82745f423da87b60b62b7768857a4ffa9f3e71be,17,4,0,-0.6272263958569133,csi-pairs-v6-software-fixture,ded1ec639ff3e6fd5eba769d42db1ed36222a48af333a30a670254b30b164b74,620f300cbec1f56da4691882bc7dbe52593dc597fc62f6ae925c0f6ac72f1c6b,True,FORBIDDEN,0901433cbfe906073eae45118a1466e03afab04a766a3061a988ffe089ba4e01,9548a24a4faf5db17b5251df407b4402de033ae8648ec321c850fe6105002cf1,8128818d8ea8f5c3517d04da28955f010269df61e756429957a0a032386f6c51
equal_flop_response,target-a,fixture-bank-16,fixture-base-16,e23949edbfe2dbe6dc73b97687bd3eed5fbc5d7bd72ecd8b2badea6dfbfe472e,2b37638d300a790f3426572fa00b7bf61aa934746cb588d9fb5347ccf44b354c,17,4,0,-0.5383516145654968,csi-pairs-v6-software-fixture,ded1ec639ff3e6fd5eba769d42db1ed36222a48af333a30a670254b30b164b74,620f300cbec1f56da4691882bc7dbe52593dc597fc62f6ae925c0f6ac72f1c6b,True,FORBIDDEN,0901433cbfe906073eae45118a1466e03afab04a766a3061a988ffe089ba4e01,9548a24a4faf5db17b5251df407b4402de033ae8648ec321c850fe6105002cf1,8128818d8ea8f5c3517d04da28955f010269df61e756429957a0a032386f6c51
equal_flop_response,target-a,fixture-bank-14,fixture-base-14,86a59d2849e34c3a9889d58bb3b67b946ca9eb639083798f219989137e7f4536,d3ac0ba45cb8ca4a3062283c82745f423da87b60b62b7768857a4ffa9f3e71be,17,2,1,-0.587551289151918,csi-pairs-v6-software-fixture,ded1ec639ff3e6fd5eba769d42db1ed36222a48af333a30a670254b30b164b74,620f300cbec1f56da4691882bc7dbe52593dc597fc62f6ae925c0f6ac72f1c6b,True,FORBIDDEN,0901433cbfe906073eae45118a1466e03afab04a766a3061a988ffe089ba4e01,9548a24a4faf5db17b5251df407b4402de033ae8648ec321c850fe6105002cf1,8128818d8ea8f5c3517d04da28955f010269df61e756429957a0a032386f6c51
equal_flop_response,target-a,fixture-bank-16,fixture-base-16,e23949edbfe2dbe6dc73b97687bd3eed5fbc5d7bd72ecd8b2badea6dfbfe472e,2b37638d300a790f3426572fa00b7bf61aa934746cb588d9fb5347ccf44b354c,17,2,1,-0.532136252948007,csi-pairs-v6-software-fixture,ded1ec639ff3e6fd5eba769d42db1ed36222a48af333a30a670254b30b164b74,620f300cbec1f56da4691882bc7dbe52593dc597fc62f6ae925c0f6ac72f1c6b,True,FORBIDDEN,0901433cbfe906073eae45118a1466e03afab04a766a3061a988ffe089ba4e01,9548a24a4faf5db17b5251df407b4402de033ae8648ec321c850fe6105002cf1,8128818d8ea8f5c3517d04da28955f010269df61e756429957a0a032386f6c51
equal_flop_response,target-a,fixture-bank-14,fixture-base-14,86a59d2849e34c3a9889d58bb3b67b946ca9eb639083798f219989137e7f4536,d3ac0ba45cb8ca4a3062283c82745f423da87b60b62b7768857a4ffa9f3e71be,17,4,1,-0.6070465902399653,csi-pairs-v6-software-fixture,ded1ec639ff3e6fd5eba769d42db1ed36222a48af333a30a670254b30b164b74,620f300cbec1f56da4691882bc7dbe52593dc597fc62f6ae925c0f6ac72f1c6b,True,FORBIDDEN,0901433cbfe906073eae45118a1466e03afab04a766a3061a988ffe089ba4e01,9548a24a4faf5db17b5251df407b4402de033ae8648ec321c850fe6105002cf1,8128818d8ea8f5c3517d04da28955f010269df61e756429957a0a032386f6c51
equal_flop_response,target-a,fixture-bank-16,fixture-base-16,e23949edbfe2dbe6dc73b97687bd3eed5fbc5d7bd72ecd8b2badea6dfbfe472e,2b37638d300a790f3426572fa00b7bf61aa934746cb588d9fb5347ccf44b354c,17,4,1,-0.5327707278604341,csi-pairs-v6-software-fixture,ded1ec639ff3e6fd5eba769d42db1ed36222a48af333a30a670254b30b164b74,620f300cbec1f56da4691882bc7dbe52593dc597fc62f6ae925c0f6ac72f1c6b,True,FORBIDDEN,0901433cbfe906073eae45118a1466e03afab04a766a3061a988ffe089ba4e01,9548a24a4faf5db17b5251df407b4402de033ae8648ec321c850fe6105002cf1,8128818d8ea8f5c3517d04da28955f010269df61e756429957a0a032386f6c51
equal_flop_response,target-b,fixture-bank-15,fixture-base-15,e23949edbfe2dbe6dc73b97687bd3eed5fbc5d7bd72ecd8b2badea6dfbfe472e,234b78d61b49dc10d04ca8d24378f3b96eae7ef419b9bbe2bb61b3933c753b5d,17,0,0,-0.9122148721399902,csi-pairs-v6-software-fixture,ded1ec639ff3e6fd5eba769d42db1ed36222a48af333a30a670254b30b164b74,620f300cbec1f56da4691882bc7dbe52593dc597fc62f6ae925c0f6ac72f1c6b,True,FORBIDDEN,0901433cbfe906073eae45118a1466e03afab04a766a3061a988ffe089ba4e01,9548a24a4faf5db17b5251df407b4402de033ae8648ec321c850fe6105002cf1,8128818d8ea8f5c3517d04da28955f010269df61e756429957a0a032386f6c51
equal_flop_response,target-b,fixture-bank-17,fixture-base-17,86a59d2849e34c3a9889d58bb3b67b946ca9eb639083798f219989137e7f4536,b8fec4fd063826ac29c6cc8d291ad3a1a89347817c28241565eb44269fa8c24d,17,0,0,-0.9349250228844879,csi-pairs-v6-software-fixture,ded1ec639ff3e6fd5eba769d42db1ed36222a48af333a30a670254b30b164b74,620f300cbec1f56da4691882bc7dbe52593dc597fc62f6ae925c0f6ac72f1c6b,True,FORBIDDEN,0901433cbfe906073eae45118a1466e03afab04a766a3061a988ffe089ba4e01,9548a24a4faf5db17b5251df407b4402de033ae8648ec321c850fe6105002cf1,8128818d8ea8f5c3517d04da28955f010269df61e756429957a0a032386f6c51
equal_flop_response,target-b,fixture-bank-15,fixture-base-15,e23949edbfe2dbe6dc73b97687bd3eed5fbc5d7bd72ecd8b2badea6dfbfe472e,234b78d61b49dc10d04ca8d24378f3b96eae7ef419b9bbe2bb61b3933c753b5d,17,2,0,-0.9105438473749414,csi-pairs-v6-software-fixture,ded1ec639ff3e6fd5eba769d42db1ed36222a48af333a30a670254b30b164b74,620f300cbec1f56da4691882bc7dbe52593dc597fc62f6ae925c0f6ac72f1c6b,True,FORBIDDEN,0901433cbfe906073eae45118a1466e03afab04a766a3061a988ffe089ba4e01,9548a24a4faf5db17b5251df407b4402de033ae8648ec321c850fe6105002cf1,8128818d8ea8f5c3517d04da28955f010269df61e756429957a0a032386f6c51
equal_flop_response,target-b,fixture-bank-17,fixture-base-17,86a59d2849e34c3a9889d58bb3b67b946ca9eb639083798f219989137e7f4536,b8fec4fd063826ac29c6cc8d291ad3a1a89347817c28241565eb44269fa8c24d,17,2,0,-0.9402124273200853,csi-pairs-v6-software-fixture,ded1ec639ff3e6fd5eba769d42db1ed36222a48af333a30a670254b30b164b74,620f300cbec1f56da4691882bc7dbe52593dc597fc62f6ae925c0f6ac72f1c6b,True,FORBIDDEN,0901433cbfe906073eae45118a1466e03afab04a766a3061a988ffe089ba4e01,9548a24a4faf5db17b5251df407b4402de033ae8648ec321c850fe6105002cf1,8128818d8ea8f5c3517d04da28955f010269df61e756429957a0a032386f6c51
equal_flop_response,target-b,fixture-bank-15,fixture-base-15,e23949edbfe2dbe6dc73b97687bd3eed5fbc5d7bd72ecd8b2badea6dfbfe472e,234b78d61b49dc10d04ca8d24378f3b96eae7ef419b9bbe2bb61b3933c753b5d,17,4,0,-0.9110200578384754,csi-pairs-v6-software-fixture,ded1ec639ff3e6fd5eba769d42db1ed36222a48af333a30a670254b30b164b74,620f300cbec1f56da4691882bc7dbe52593dc597fc62f6ae925c0f6ac72f1c6b,True,FORBIDDEN,0901433cbfe906073eae45118a1466e03afab04a766a3061a988ffe089ba4e01,9548a24a4faf5db17b5251df407b4402de033ae8648ec321c850fe6105002cf1,8128818d8ea8f5c3517d04da28955f010269df61e756429957a0a032386f6c51
equal_flop_response,target-b,fixture-bank-17,fixture-base-17,86a59d2849e34c3a9889d58bb3b67b946ca9eb639083798f219989137e7f4536,b8fec4fd063826ac29c6cc8d291ad3a1a89347817c28241565eb44269fa8c24d,17,4,0,-0.9396367693285627,csi-pairs-v6-software-fixture,ded1ec639ff3e6fd5eba769d42db1ed36222a48af333a30a670254b30b164b74,620f300cbec1f56da4691882bc7dbe52593dc597fc62f6ae925c0f6ac72f1c6b,True,FORBIDDEN,0901433cbfe906073eae45118a1466e03afab04a766a3061a988ffe089ba4e01,9548a24a4faf5db17b5251df407b4402de033ae8648ec321c850fe6105002cf1,8128818d8ea8f5c3517d04da28955f010269df61e756429957a0a032386f6c51
equal_flop_response,target-b,fixture-bank-15,fixture-base-15,e23949edbfe2dbe6dc73b97687bd3eed5fbc5d7bd72ecd8b2badea6dfbfe472e,234b78d61b49dc10d04ca8d24378f3b96eae7ef419b9bbe2bb61b3933c753b5d,17,2,1,-0.9116750113660882,csi-pairs-v6-software-fixture,ded1ec639ff3e6fd5eba769d42db1ed36222a48af333a30a670254b30b164b74,620f300cbec1f56da4691882bc7dbe52593dc597fc62f6ae925c0f6ac72f1c6b,True,FORBIDDEN,0901433cbfe906073eae45118a1466e03afab04a766a3061a988ffe089ba4e01,9548a24a4faf5db17b5251df407b4402de033ae8648ec321c850fe6105002cf1,8128818d8ea8f5c3517d04da28955f010269df61e756429957a0a032386f6c51
equal_flop_response,target-b,fixture-bank-17,fixture-base-17,86a59d2849e34c3a9889d58bb3b67b946ca9eb639083798f219989137e7f4536,b8fec4fd063826ac29c6cc8d291ad3a1a89347817c28241565eb44269fa8c24d,17,2,1,-0.9386177973969486,csi-pairs-v6-software-fixture,ded1ec639ff3e6fd5eba769d42db1ed36222a48af333a30a670254b30b164b74,620f300cbec1f56da4691882bc7dbe52593dc597fc62f6ae925c0f6ac72f1c6b,True,FORBIDDEN,0901433cbfe906073eae45118a1466e03afab04a766a3061a988ffe089ba4e01,9548a24a4faf5db17b5251df407b4402de033ae8648ec321c850fe6105002cf1,8128818d8ea8f5c3517d04da28955f010269df61e756429957a0a032386f6c51
equal_flop_response,target-b,fixture-bank-15,fixture-base-15,e23949edbfe2dbe6dc73b97687bd3eed5fbc5d7bd72ecd8b2badea6dfbfe472e,234b78d61b49dc10d04ca8d24378f3b96eae7ef419b9bbe2bb61b3933c753b5d,17,4,1,-0.9094954606346992,csi-pairs-v6-software-fixture,ded1ec639ff3e6fd5eba769d42db1ed36222a48af333a30a670254b30b164b74,620f300cbec1f56da4691882bc7dbe52593dc597fc62f6ae925c0f6ac72f1c6b,True,FORBIDDEN,0901433cbfe906073eae45118a1466e03afab04a766a3061a988ffe089ba4e01,9548a24a4faf5db17b5251df407b4402de033ae8648ec321c850fe6105002cf1,8128818d8ea8f5c3517d04da28955f010269df61e756429957a0a032386f6c51
equal_flop_response,target-b,fixture-bank-17,fixture-base-17,86a59d2849e34c3a9889d58bb3b67b946ca9eb639083798f219989137e7f4536,b8fec4fd063826ac29c6cc8d291ad3a1a89347817c28241565eb44269fa8c24d,17,4,1,-0.9403438480178471,csi-pairs-v6-software-fixture,ded1ec639ff3e6fd5eba769d42db1ed36222a48af333a30a670254b30b164b74,620f300cbec1f56da4691882bc7dbe52593dc597fc62f6ae925c0f6ac72f1c6b,True,FORBIDDEN,0901433cbfe906073eae45118a1466e03afab04a766a3061a988ffe089ba4e01,9548a24a4faf5db17b5251df407b4402de033ae8648ec321c850fe6105002cf1,8128818d8ea8f5c3517d04da28955f010269df61e756429957a0a032386f6c51
equal_flop_response,target-a,fixture-bank-14,fixture-base-14,86a59d2849e34c3a9889d58bb3b67b946ca9eb639083798f219989137e7f4536,d3ac0ba45cb8ca4a3062283c82745f423da87b60b62b7768857a4ffa9f3e71be,23,0,0,-0.5061060902010769,csi-pairs-v6-software-fixture,ded1ec639ff3e6fd5eba769d42db1ed36222a48af333a30a670254b30b164b74,620f300cbec1f56da4691882bc7dbe52593dc597fc62f6ae925c0f6ac72f1c6b,True,FORBIDDEN,0901433cbfe906073eae45118a1466e03afab04a766a3061a988ffe089ba4e01,9548a24a4faf5db17b5251df407b4402de033ae8648ec321c850fe6105002cf1,8128818d8ea8f5c3517d04da28955f010269df61e756429957a0a032386f6c51
equal_flop_response,target-a,fixture-bank-16,fixture-base-16,e23949edbfe2dbe6dc73b97687bd3eed5fbc5d7bd72ecd8b2badea6dfbfe472e,2b37638d300a790f3426572fa00b7bf61aa934746cb588d9fb5347ccf44b354c,23,0,0,-0.5171733535521476,csi-pairs-v6-software-fixture,ded1ec639ff3e6fd5eba769d42db1ed36222a48af333a30a670254b30b164b74,620f300cbec1f56da4691882bc7dbe52593dc597fc62f6ae925c0f6ac72f1c6b,True,FORBIDDEN,0901433cbfe906073eae45118a1466e03afab04a766a3061a988ffe089ba4e01,9548a24a4faf5db17b5251df407b4402de033ae8648ec321c850fe6105002cf1,8128818d8ea8f5c3517d04da28955f010269df61e756429957a0a032386f6c51
equal_flop_response,target-a,fixture-bank-14,fixture-base-14,86a59d2849e34c3a9889d58bb3b67b946ca9eb639083798f219989137e7f4536,d3ac0ba45cb8ca4a3062283c82745f423da87b60b62b7768857a4ffa9f3e71be,23,2,0,-0.5076300233040658,csi-pairs-v6-software-fixture,ded1ec639ff3e6fd5eba769d42db1ed36222a48af333a30a670254b30b164b74,620f300cbec1f56da4691882bc7dbe52593dc597fc62f6ae925c0f6ac72f1c6b,True,FORBIDDEN,0901433cbfe906073eae45118a1466e03afab04a766a3061a988ffe089ba4e01,9548a24a4faf5db17b5251df407b4402de033ae8648ec321c850fe6105002cf1,8128818d8ea8f5c3517d04da28955f010269df61e756429957a0a032386f6c51
equal_flop_response,target-a,fixture-bank-16,fixture-base-16,e23949edbfe2dbe6dc73b97687bd3eed5fbc5d7bd72ecd8b2badea6dfbfe472e,2b37638d300a790f3426572fa00b7bf61aa934746cb588d9fb5347ccf44b354c,23,2,0,-0.5190319836141621,csi-pairs-v6-software-fixture,ded1ec639ff3e6fd5eba769d42db1ed36222a48af333a30a670254b30b164b74,620f300cbec1f56da4691882bc7dbe52593dc597fc62f6ae925c0f6ac72f1c6b,True,FORBIDDEN,0901433cbfe906073eae45118a1466e03afab04a766a3061a988ffe089ba4e01,9548a24a4faf5db17b5251df407b4402de033ae8648ec321c850fe6105002cf1,8128818d8ea8f5c3517d04da28955f010269df61e756429957a0a032386f6c51
equal_flop_response,target-a,fixture-bank-14,fixture-base-14,86a59d2849e34c3a9889d58bb3b67b946ca9eb639083798f219989137e7f4536,d3ac0ba45cb8ca4a3062283c82745f423da87b60b62b7768857a4ffa9f3e71be,23,4,0,-0.5076088642427063,csi-pairs-v6-software-fixture,ded1ec639ff3e6fd5eba769d42db1ed36222a48af333a30a670254b30b164b74,620f300cbec1f56da4691882bc7dbe52593dc597fc62f6ae925c0f6ac72f1c6b,True,FORBIDDEN,0901433cbfe906073eae45118a1466e03afab04a766a3061a988ffe089ba4e01,9548a24a4faf5db17b5251df407b4402de033ae8648ec321c850fe6105002cf1,8128818d8ea8f5c3517d04da28955f010269df61e756429957a0a032386f6c51
equal_flop_response,target-a,fixture-bank-16,fixture-base-16,e23949edbfe2dbe6dc73b97687bd3eed5fbc5d7bd72ecd8b2badea6dfbfe472e,2b37638d300a790f3426572fa00b7bf61aa934746cb588d9fb5347ccf44b354c,23,4,0,-0.5191075297136415,csi-pairs-v6-software-fixture,ded1ec639ff3e6fd5eba769d42db1ed36222a48af333a30a670254b30b164b74,620f300cbec1f56da4691882bc7dbe52593dc597fc62f6ae925c0f6ac72f1c6b,True,FORBIDDEN,0901433cbfe906073eae45118a1466e03afab04a766a3061a988ffe089ba4e01,9548a24a4faf5db17b5251df407b4402de033ae8648ec321c850fe6105002cf1,8128818d8ea8f5c3517d04da28955f010269df61e756429957a0a032386f6c51
equal_flop_response,target-a,fixture-bank-14,fixture-base-14,86a59d2849e34c3a9889d58bb3b67b946ca9eb639083798f219989137e7f4536,d3ac0ba45cb8ca4a3062283c82745f423da87b60b62b7768857a4ffa9f3e71be,23,2,1,-0.5134274748453579,csi-pairs-v6-software-fixture,ded1ec639ff3e6fd5eba769d42db1ed36222a48af333a30a670254b30b164b74,620f300cbec1f56da4691882bc7dbe52593dc597fc62f6ae925c0f6ac72f1c6b,True,FORBIDDEN,0901433cbfe906073eae45118a1466e03afab04a766a3061a988ffe089ba4e01,9548a24a4faf5db17b5251df407b4402de033ae8648ec321c850fe6105002cf1,8128818d8ea8f5c3517d04da28955f010269df61e756429957a0a032386f6c51
equal_flop_response,target-a,fixture-bank-16,fixture-base-16,e23949edbfe2dbe6dc73b97687bd3eed5fbc5d7bd72ecd8b2badea6dfbfe472e,2b37638d300a790f3426572fa00b7bf61aa934746cb588d9fb5347ccf44b354c,23,2,1,-0.526701155178905,csi-pairs-v6-software-fixture,ded1ec639ff3e6fd5eba769d42db1ed36222a48af333a30a670254b30b164b74,620f300cbec1f56da4691882bc7dbe52593dc597fc62f6ae925c0f6ac72f1c6b,True,FORBIDDEN,0901433cbfe906073eae45118a1466e03afab04a766a3061a988ffe089ba4e01,9548a24a4faf5db17b5251df407b4402de033ae8648ec321c850fe6105002cf1,8128818d8ea8f5c3517d04da28955f010269df61e756429957a0a032386f6c51
equal_flop_response,target-a,fixture-bank-14,fixture-base-14,86a59d2849e34c3a9889d58bb3b67b946ca9eb639083798f219989137e7f4536,d3ac0ba45cb8ca4a3062283c82745f423da87b60b62b7768857a4ffa9f3e71be,23,4,1,-0.5126478885466066,csi-pairs-v6-software-fixture,ded1ec639ff3e6fd5eba769d42db1ed36222a48af333a30a670254b30b164b74,620f300cbec1f56da4691882bc7dbe52593dc597fc62f6ae925c0f6ac72f1c6b,True,FORBIDDEN,0901433cbfe906073eae45118a1466e03afab04a766a3061a988ffe089ba4e01,9548a24a4faf5db17b5251df407b4402de033ae8648ec321c850fe6105002cf1,8128818d8ea8f5c3517d04da28955f010269df61e756429957a0a032386f6c51
equal_flop_response,target-a,fixture-bank-16,fixture-base-16,e23949edbfe2dbe6dc73b97687bd3eed5fbc5d7bd72ecd8b2badea6dfbfe472e,2b37638d300a790f3426572fa00b7bf61aa934746cb588d9fb5347ccf44b354c,23,4,1,-0.5259901278135858,csi-pairs-v6-software-fixture,ded1ec639ff3e6fd5eba769d42db1ed36222a48af333a30a670254b30b164b74,620f300cbec1f56da4691882bc7dbe52593dc597fc62f6ae925c0f6ac72f1c6b,True,FORBIDDEN,0901433cbfe906073eae45118a1466e03afab04a766a3061a988ffe089ba4e01,9548a24a4faf5db17b5251df407b4402de033ae8648ec321c850fe6105002cf1,8128818d8ea8f5c3517d04da28955f010269df61e756429957a0a032386f6c51
equal_flop_response,target-b,fixture-bank-15,fixture-base-15,e23949edbfe2dbe6dc73b97687bd3eed5fbc5d7bd72ecd8b2badea6dfbfe472e,234b78d61b49dc10d04ca8d24378f3b96eae7ef419b9bbe2bb61b3933c753b5d,23,0,0,-0.9029697327790173,csi-pairs-v6-software-fixture,ded1ec639ff3e6fd5eba769d42db1ed36222a48af333a30a670254b30b164b74,620f300cbec1f56da4691882bc7dbe52593dc597fc62f6ae925c0f6ac72f1c6b,True,FORBIDDEN,0901433cbfe906073eae45118a1466e03afab04a766a3061a988ffe089ba4e01,9548a24a4faf5db17b5251df407b4402de033ae8648ec321c850fe6105002cf1,8128818d8ea8f5c3517d04da28955f010269df61e756429957a0a032386f6c51
equal_flop_response,target-b,fixture-bank-17,fixture-base-17,86a59d2849e34c3a9889d58bb3b67b946ca9eb639083798f219989137e7f4536,b8fec4fd063826ac29c6cc8d291ad3a1a89347817c28241565eb44269fa8c24d,23,0,0,-0.8878844895860406,csi-pairs-v6-software-fixture,ded1ec639ff3e6fd5eba769d42db1ed36222a48af333a30a670254b30b164b74,620f300cbec1f56da4691882bc7dbe52593dc597fc62f6ae925c0f6ac72f1c6b,True,FORBIDDEN,0901433cbfe906073eae45118a1466e03afab04a766a3061a988ffe089ba4e01,9548a24a4faf5db17b5251df407b4402de033ae8648ec321c850fe6105002cf1,8128818d8ea8f5c3517d04da28955f010269df61e756429957a0a032386f6c51
equal_flop_response,target-b,fixture-bank-15,fixture-base-15,e23949edbfe2dbe6dc73b97687bd3eed5fbc5d7bd72ecd8b2badea6dfbfe472e,234b78d61b49dc10d04ca8d24378f3b96eae7ef419b9bbe2bb61b3933c753b5d,23,2,0,-0.897658021840515,csi-pairs-v6-software-fixture,ded1ec639ff3e6fd5eba769d42db1ed36222a48af333a30a670254b30b164b74,620f300cbec1f56da4691882bc7dbe52593dc597fc62f6ae925c0f6ac72f1c6b,True,FORBIDDEN,0901433cbfe906073eae45118a1466e03afab04a766a3061a988ffe089ba4e01,9548a24a4faf5db17b5251df407b4402de033ae8648ec321c850fe6105002cf1,8128818d8ea8f5c3517d04da28955f010269df61e756429957a0a032386f6c51
equal_flop_response,target-b,fixture-bank-17,fixture-base-17,86a59d2849e34c3a9889d58bb3b67b946ca9eb639083798f219989137e7f4536,b8fec4fd063826ac29c6cc8d291ad3a1a89347817c28241565eb44269fa8c24d,23,2,0,-0.8840757640934476,csi-pairs-v6-software-fixture,ded1ec639ff3e6fd5eba769d42db1ed36222a48af333a30a670254b30b164b74,620f300cbec1f56da4691882bc7dbe52593dc597fc62f6ae925c0f6ac72f1c6b,True,FORBIDDEN,0901433cbfe906073eae45118a1466e03afab04a766a3061a988ffe089ba4e01,9548a24a4faf5db17b5251df407b4402de033ae8648ec321c850fe6105002cf1,8128818d8ea8f5c3517d04da28955f010269df61e756429957a0a032386f6c51
equal_flop_response,target-b,fixture-bank-15,fixture-base-15,e23949edbfe2dbe6dc73b97687bd3eed5fbc5d7bd72ecd8b2badea6dfbfe472e,234b78d61b49dc10d04ca8d24378f3b96eae7ef419b9bbe2bb61b3933c753b5d,23,4,0,-0.8981229435477949,csi-pairs-v6-software-fixture,ded1ec639ff3e6fd5eba769d42db1ed36222a48af333a30a670254b30b164b74,620f300cbec1f56da4691882bc7dbe52593dc597fc62f6ae925c0f6ac72f1c6b,True,FORBIDDEN,0901433cbfe906073eae45118a1466e03afab04a766a3061a988ffe089ba4e01,9548a24a4faf5db17b5251df407b4402de033ae8648ec321c850fe6105002cf1,8128818d8ea8f5c3517d04da28955f010269df61e756429957a0a032386f6c51
equal_flop_response,target-b,fixture-bank-17,fixture-base-17,86a59d2849e34c3a9889d58bb3b67b946ca9eb639083798f219989137e7f4536,b8fec4fd063826ac29c6cc8d291ad3a1a89347817c28241565eb44269fa8c24d,23,4,0,-0.8846269301081109,csi-pairs-v6-software-fixture,ded1ec639ff3e6fd5eba769d42db1ed36222a48af333a30a670254b30b164b74,620f300cbec1f56da4691882bc7dbe52593dc597fc62f6ae925c0f6ac72f1c6b,True,FORBIDDEN,0901433cbfe906073eae45118a1466e03afab04a766a3061a988ffe089ba4e01,9548a24a4faf5db17b5251df407b4402de033ae8648ec321c850fe6105002cf1,8128818d8ea8f5c3517d04da28955f010269df61e756429957a0a032386f6c51
equal_flop_response,target-b,fixture-bank-15,fixture-base-15,e23949edbfe2dbe6dc73b97687bd3eed5fbc5d7bd72ecd8b2badea6dfbfe472e,234b78d61b49dc10d04ca8d24378f3b96eae7ef419b9bbe2bb61b3933c753b5d,23,2,1,-0.8998605326028167,csi-pairs-v6-software-fixture,ded1ec639ff3e6fd5eba769d42db1ed36222a48af333a30a670254b30b164b74,620f300cbec1f56da4691882bc7dbe52593dc597fc62f6ae925c0f6ac72f1c6b,True,FORBIDDEN,0901433cbfe906073eae45118a1466e03afab04a766a3061a988ffe089ba4e01,9548a24a4faf5db17b5251df407b4402de033ae8648ec321c850fe6105002cf1,8128818d8ea8f5c3517d04da28955f010269df61e756429957a0a032386f6c51
equal_flop_response,target-b,fixture-bank-17,fixture-base-17,86a59d2849e34c3a9889d58bb3b67b946ca9eb639083798f219989137e7f4536,b8fec4fd063826ac29c6cc8d291ad3a1a89347817c28241565eb44269fa8c24d,23,2,1,-0.8838807273362046,csi-pairs-v6-software-fixture,ded1ec639ff3e6fd5eba769d42db1ed36222a48af333a30a670254b30b164b74,620f300cbec1f56da4691882bc7dbe52593dc597fc62f6ae925c0f6ac72f1c6b,True,FORBIDDEN,0901433cbfe906073eae45118a1466e03afab04a766a3061a988ffe089ba4e01,9548a24a4faf5db17b5251df407b4402de033ae8648ec321c850fe6105002cf1,8128818d8ea8f5c3517d04da28955f010269df61e756429957a0a032386f6c51
equal_flop_response,target-b,fixture-bank-15,fixture-base-15,e23949edbfe2dbe6dc73b97687bd3eed5fbc5d7bd72ecd8b2badea6dfbfe472e,234b78d61b49dc10d04ca8d24378f3b96eae7ef419b9bbe2bb61b3933c753b5d,23,4,1,-0.9037324046709873,csi-pairs-v6-software-fixture,ded1ec639ff3e6fd5eba769d42db1ed36222a48af333a30a670254b30b164b74,620f300cbec1f56da4691882bc7dbe52593dc597fc62f6ae925c0f6ac72f1c6b,True,FORBIDDEN,0901433cbfe906073eae45118a1466e03afab04a766a3061a988ffe089ba4e01,9548a24a4faf5db17b5251df407b4402de033ae8648ec321c850fe6105002cf1,8128818d8ea8f5c3517d04da28955f010269df61e756429957a0a032386f6c51
equal_flop_response,target-b,fixture-bank-17,fixture-base-17,86a59d2849e34c3a9889d58bb3b67b946ca9eb639083798f219989137e7f4536,b8fec4fd063826ac29c6cc8d291ad3a1a89347817c28241565eb44269fa8c24d,23,4,1,-0.8875166375668176,csi-pairs-v6-software-fixture,ded1ec639ff3e6fd5eba769d42db1ed36222a48af333a30a670254b30b164b74,620f300cbec1f56da4691882bc7dbe52593dc597fc62f6ae925c0f6ac72f1c6b,True,FORBIDDEN,0901433cbfe906073eae45118a1466e03afab04a766a3061a988ffe089ba4e01,9548a24a4faf5db17b5251df407b4402de033ae8648ec321c850fe6105002cf1,8128818d8ea8f5c3517d04da28955f010269df61e756429957a0a032386f6c51
equal_flop_response,target-a,fixture-bank-14,fixture-base-14,86a59d2849e34c3a9889d58bb3b67b946ca9eb639083798f219989137e7f4536,d3ac0ba45cb8ca4a3062283c82745f423da87b60b62b7768857a4ffa9f3e71be,31,0,0,-0.48273391477186645,csi-pairs-v6-software-fixture,ded1ec639ff3e6fd5eba769d42db1ed36222a48af333a30a670254b30b164b74,620f300cbec1f56da4691882bc7dbe52593dc597fc62f6ae925c0f6ac72f1c6b,True,FORBIDDEN,0901433cbfe906073eae45118a1466e03afab04a766a3061a988ffe089ba4e01,9548a24a4faf5db17b5251df407b4402de033ae8648ec321c850fe6105002cf1,8128818d8ea8f5c3517d04da28955f010269df61e756429957a0a032386f6c51
equal_flop_response,target-a,fixture-bank-16,fixture-base-16,e23949edbfe2dbe6dc73b97687bd3eed5fbc5d7bd72ecd8b2badea6dfbfe472e,2b37638d300a790f3426572fa00b7bf61aa934746cb588d9fb5347ccf44b354c,31,0,0,-0.49282546616652784,csi-pairs-v6-software-fixture,ded1ec639ff3e6fd5eba769d42db1ed36222a48af333a30a670254b30b164b74,620f300cbec1f56da4691882bc7dbe52593dc597fc62f6ae925c0f6ac72f1c6b,True,FORBIDDEN,0901433cbfe906073eae45118a1466e03afab04a766a3061a988ffe089ba4e01,9548a24a4faf5db17b5251df407b4402de033ae8648ec321c850fe6105002cf1,8128818d8ea8f5c3517d04da28955f010269df61e756429957a0a032386f6c51
equal_flop_response,target-a,fixture-bank-14,fixture-base-14,86a59d2849e34c3a9889d58bb3b67b946ca9eb639083798f219989137e7f4536,d3ac0ba45cb8ca4a3062283c82745f423da87b60b62b7768857a4ffa9f3e71be,31,2,0,-0.48625668818705864,csi-pairs-v6-software-fixture,ded1ec639ff3e6fd5eba769d42db1ed36222a48af333a30a670254b30b164b74,620f300cbec1f56da4691882bc7dbe52593dc597fc62f6ae925c0f6ac72f1c6b,True,FORBIDDEN,0901433cbfe906073eae45118a1466e03afab04a766a3061a988ffe089ba4e01,9548a24a4faf5db17b5251df407b4402de033ae8648ec321c850fe6105002cf1,8128818d8ea8f5c3517d04da28955f010269df61e756429957a0a032386f6c51
equal_flop_response,target-a,fixture-bank-16,fixture-base-16,e23949edbfe2dbe6dc73b97687bd3eed5fbc5d7bd72ecd8b2badea6dfbfe472e,2b37638d300a790f3426572fa00b7bf61aa934746cb588d9fb5347ccf44b354c,31,2,0,-0.4969838060202253,csi-pairs-v6-software-fixture,ded1ec639ff3e6fd5eba769d42db1ed36222a48af333a30a670254b30b164b74,620f300cbec1f56da4691882bc7dbe52593dc597fc62f6ae925c0f6ac72f1c6b,True,FORBIDDEN,0901433cbfe906073eae45118a1466e03afab04a766a3061a988ffe089ba4e01,9548a24a4faf5db17b5251df407b4402de033ae8648ec321c850fe6105002cf1,8128818d8ea8f5c3517d04da28955f010269df61e756429957a0a032386f6c51
equal_flop_response,target-a,fixture-bank-14,fixture-base-14,86a59d2849e34c3a9889d58bb3b67b946ca9eb639083798f219989137e7f4536,d3ac0ba45cb8ca4a3062283c82745f423da87b60b62b7768857a4ffa9f3e71be,31,4,0,-0.4829755890499563,csi-pairs-v6-software-fixture,ded1ec639ff3e6fd5eba769d42db1ed36222a48af333a30a670254b30b164b74,620f300cbec1f56da4691882bc7dbe52593dc597fc62f6ae925c0f6ac72f1c6b,True,FORBIDDEN,0901433cbfe906073eae45118a1466e03afab04a766a3061a988ffe089ba4e01,9548a24a4faf5db17b5251df407b4402de033ae8648ec321c850fe6105002cf1,8128818d8ea8f5c3517d04da28955f010269df61e756429957a0a032386f6c51
equal_flop_response,target-a,fixture-bank-16,fixture-base-16,e23949edbfe2dbe6dc73b97687bd3eed5fbc5d7bd72ecd8b2badea6dfbfe472e,2b37638d300a790f3426572fa00b7bf61aa934746cb588d9fb5347ccf44b354c,31,4,0,-0.49290813762848795,csi-pairs-v6-software-fixture,ded1ec639ff3e6fd5eba769d42db1ed36222a48af333a30a670254b30b164b74,620f300cbec1f56da4691882bc7dbe52593dc597fc62f6ae925c0f6ac72f1c6b,True,FORBIDDEN,0901433cbfe906073eae45118a1466e03afab04a766a3061a988ffe089ba4e01,9548a24a4faf5db17b5251df407b4402de033ae8648ec321c850fe6105002cf1,8128818d8ea8f5c3517d04da28955f010269df61e756429957a0a032386f6c51
equal_flop_response,target-a,fixture-bank-14,fixture-base-14,86a59d2849e34c3a9889d58bb3b67b946ca9eb639083798f219989137e7f4536,d3ac0ba45cb8ca4a3062283c82745f423da87b60b62b7768857a4ffa9f3e71be,31,2,1,-0.4795117391346893,csi-pairs-v6-software-fixture,ded1ec639ff3e6fd5eba769d42db1ed36222a48af333a30a670254b30b164b74,620f300cbec1f56da4691882bc7dbe52593dc597fc62f6ae925c0f6ac72f1c6b,True,FORBIDDEN,0901433cbfe906073eae45118a1466e03afab04a766a3061a988ffe089ba4e01,9548a24a4faf5db17b5251df407b4402de033ae8648ec321c850fe6105002cf1,8128818d8ea8f5c3517d04da28955f010269df61e756429957a0a032386f6c51
equal_flop_response,target-a,fixture-bank-16,fixture-base-16,e23949edbfe2dbe6dc73b97687bd3eed5fbc5d7bd72ecd8b2badea6dfbfe472e,2b37638d300a790f3426572fa00b7bf61aa934746cb588d9fb5347ccf44b354c,31,2,1,-0.4889367314198922,csi-pairs-v6-software-fixture,ded1ec639ff3e6fd5eba769d42db1ed36222a48af333a30a670254b30b164b74,620f300cbec1f56da4691882bc7dbe52593dc597fc62f6ae925c0f6ac72f1c6b,True,FORBIDDEN,0901433cbfe906073eae45118a1466e03afab04a766a3061a988ffe089ba4e01,9548a24a4faf5db17b5251df407b4402de033ae8648ec321c850fe6105002cf1,8128818d8ea8f5c3517d04da28955f010269df61e756429957a0a032386f6c51
equal_flop_response,target-a,fixture-bank-14,fixture-base-14,86a59d2849e34c3a9889d58bb3b67b946ca9eb639083798f219989137e7f4536,d3ac0ba45cb8ca4a3062283c82745f423da87b60b62b7768857a4ffa9f3e71be,31,4,1,-0.4815694700097158,csi-pairs-v6-software-fixture,ded1ec639ff3e6fd5eba769d42db1ed36222a48af333a30a670254b30b164b74,620f300cbec1f56da4691882bc7dbe52593dc597fc62f6ae925c0f6ac72f1c6b,True,FORBIDDEN,0901433cbfe906073eae45118a1466e03afab04a766a3061a988ffe089ba4e01,9548a24a4faf5db17b5251df407b4402de033ae8648ec321c850fe6105002cf1,8128818d8ea8f5c3517d04da28955f010269df61e756429957a0a032386f6c51
equal_flop_response,target-a,fixture-bank-16,fixture-base-16,e23949edbfe2dbe6dc73b97687bd3eed5fbc5d7bd72ecd8b2badea6dfbfe472e,2b37638d300a790f3426572fa00b7bf61aa934746cb588d9fb5347ccf44b354c,31,4,1,-0.4912046419524437,csi-pairs-v6-software-fixture,ded1ec639ff3e6fd5eba769d42db1ed36222a48af333a30a670254b30b164b74,620f300cbec1f56da4691882bc7dbe52593dc597fc62f6ae925c0f6ac72f1c6b,True,FORBIDDEN,0901433cbfe906073eae45118a1466e03afab04a766a3061a988ffe089ba4e01,9548a24a4faf5db17b5251df407b4402de033ae8648ec321c850fe6105002cf1,8128818d8ea8f5c3517d04da28955f010269df61e756429957a0a032386f6c51
equal_flop_response,target-b,fixture-bank-15,fixture-base-15,e23949edbfe2dbe6dc73b97687bd3eed5fbc5d7bd72ecd8b2badea6dfbfe472e,234b78d61b49dc10d04ca8d24378f3b96eae7ef419b9bbe2bb61b3933c753b5d,31,0,0,-0.9188415327630454,csi-pairs-v6-software-fixture,ded1ec639ff3e6fd5eba769d42db1ed36222a48af333a30a670254b30b164b74,620f300cbec1f56da4691882bc7dbe52593dc597fc62f6ae925c0f6ac72f1c6b,True,FORBIDDEN,0901433cbfe906073eae45118a1466e03afab04a766a3061a988ffe089ba4e01,9548a24a4faf5db17b5251df407b4402de033ae8648ec321c850fe6105002cf1,8128818d8ea8f5c3517d04da28955f010269df61e756429957a0a032386f6c51
equal_flop_response,target-b,fixture-bank-17,fixture-base-17,86a59d2849e34c3a9889d58bb3b67b946ca9eb639083798f219989137e7f4536,b8fec4fd063826ac29c6cc8d291ad3a1a89347817c28241565eb44269fa8c24d,31,0,0,-0.9125306273786588,csi-pairs-v6-software-fixture,ded1ec639ff3e6fd5eba769d42db1ed36222a48af333a30a670254b30b164b74,620f300cbec1f56da4691882bc7dbe52593dc597fc62f6ae925c0f6ac72f1c6b,True,FORBIDDEN,0901433cbfe906073eae45118a1466e03afab04a766a3061a988ffe089ba4e01,9548a24a4faf5db17b5251df407b4402de033ae8648ec321c850fe6105002cf1,8128818d8ea8f5c3517d04da28955f010269df61e756429957a0a032386f6c51
equal_flop_response,target-b,fixture-bank-15,fixture-base-15,e23949edbfe2dbe6dc73b97687bd3eed5fbc5d7bd72ecd8b2badea6dfbfe472e,234b78d61b49dc10d04ca8d24378f3b96eae7ef419b9bbe2bb61b3933c753b5d,31,2,0,-0.9186729102423733,csi-pairs-v6-software-fixture,ded1ec639ff3e6fd5eba769d42db1ed36222a48af333a30a670254b30b164b74,620f300cbec1f56da4691882bc7dbe52593dc597fc62f6ae925c0f6ac72f1c6b,True,FORBIDDEN,0901433cbfe906073eae45118a1466e03afab04a766a3061a988ffe089ba4e01,9548a24a4faf5db17b5251df407b4402de033ae8648ec321c850fe6105002cf1,8128818d8ea8f5c3517d04da28955f010269df61e756429957a0a032386f6c51
equal_flop_response,target-b,fixture-bank-17,fixture-base-17,86a59d2849e34c3a9889d58bb3b67b946ca9eb639083798f219989137e7f4536,b8fec4fd063826ac29c6cc8d291ad3a1a89347817c28241565eb44269fa8c24d,31,2,0,-0.9095187437449851,csi-pairs-v6-software-fixture,ded1ec639ff3e6fd5eba769d42db1ed36222a48af333a30a670254b30b164b74,620f300cbec1f56da4691882bc7dbe52593dc597fc62f6ae925c0f6ac72f1c6b,True,FORBIDDEN,0901433cbfe906073eae45118a1466e03afab04a766a3061a988ffe089ba4e01,9548a24a4faf5db17b5251df407b4402de033ae8648ec321c850fe6105002cf1,8128818d8ea8f5c3517d04da28955f010269df61e756429957a0a032386f6c51
equal_flop_response,target-b,fixture-bank-15,fixture-base-15,e23949edbfe2dbe6dc73b97687bd3eed5fbc5d7bd72ecd8b2badea6dfbfe472e,234b78d61b49dc10d04ca8d24378f3b96eae7ef419b9bbe2bb61b3933c753b5d,31,4,0,-0.9185784546457761,csi-pairs-v6-software-fixture,ded1ec639ff3e6fd5eba769d42db1ed36222a48af333a30a670254b30b164b74,620f300cbec1f56da4691882bc7dbe52593dc597fc62f6ae925c0f6ac72f1c6b,True,FORBIDDEN,0901433cbfe906073eae45118a1466e03afab04a766a3061a988ffe089ba4e01,9548a24a4faf5db17b5251df407b4402de033ae8648ec321c850fe6105002cf1,8128818d8ea8f5c3517d04da28955f010269df61e756429957a0a032386f6c51
equal_flop_response,target-b,fixture-bank-17,fixture-base-17,86a59d2849e34c3a9889d58bb3b67b946ca9eb639083798f219989137e7f4536,b8fec4fd063826ac29c6cc8d291ad3a1a89347817c28241565eb44269fa8c24d,31,4,0,-0.9084173949945774,csi-pairs-v6-software-fixture,ded1ec639ff3e6fd5eba769d42db1ed36222a48af333a30a670254b30b164b74,620f300cbec1f56da4691882bc7dbe52593dc597fc62f6ae925c0f6ac72f1c6b,True,FORBIDDEN,0901433cbfe906073eae45118a1466e03afab04a766a3061a988ffe089ba4e01,9548a24a4faf5db17b5251df407b4402de033ae8648ec321c850fe6105002cf1,8128818d8ea8f5c3517d04da28955f010269df61e756429957a0a032386f6c51
equal_flop_response,target-b,fixture-bank-15,fixture-base-15,e23949edbfe2dbe6dc73b97687bd3eed5fbc5d7bd72ecd8b2badea6dfbfe472e,234b78d61b49dc10d04ca8d24378f3b96eae7ef419b9bbe2bb61b3933c753b5d,31,2,1,-0.9190209199721036,csi-pairs-v6-software-fixture,ded1ec639ff3e6fd5eba769d42db1ed36222a48af333a30a670254b30b164b74,620f300cbec1f56da4691882bc7dbe52593dc597fc62f6ae925c0f6ac72f1c6b,True,FORBIDDEN,0901433cbfe906073eae45118a1466e03afab04a766a3061a988ffe089ba4e01,9548a24a4faf5db17b5251df407b4402de033ae8648ec321c850fe6105002cf1,8128818d8ea8f5c3517d04da28955f010269df61e756429957a0a032386f6c51
equal_flop_response,target-b,fixture-bank-17,fixture-base-17,86a59d2849e34c3a9889d58bb3b67b946ca9eb639083798f219989137e7f4536,b8fec4fd063826ac29c6cc8d291ad3a1a89347817c28241565eb44269fa8c24d,31,2,1,-0.9090004434652803,csi-pairs-v6-software-fixture,ded1ec639ff3e6fd5eba769d42db1ed36222a48af333a30a670254b30b164b74,620f300cbec1f56da4691882bc7dbe52593dc597fc62f6ae925c0f6ac72f1c6b,True,FORBIDDEN,0901433cbfe906073eae45118a1466e03afab04a766a3061a988ffe089ba4e01,9548a24a4faf5db17b5251df407b4402de033ae8648ec321c850fe6105002cf1,8128818d8ea8f5c3517d04da28955f010269df61e756429957a0a032386f6c51
equal_flop_response,target-b,fixture-bank-15,fixture-base-15,e23949edbfe2dbe6dc73b97687bd3eed5fbc5d7bd72ecd8b2badea6dfbfe472e,234b78d61b49dc10d04ca8d24378f3b96eae7ef419b9bbe2bb61b3933c753b5d,31,4,1,-0.9184393625473211,csi-pairs-v6-software-fixture,ded1ec639ff3e6fd5eba769d42db1ed36222a48af333a30a670254b30b164b74,620f300cbec1f56da4691882bc7dbe52593dc597fc62f6ae925c0f6ac72f1c6b,True,FORBIDDEN,0901433cbfe906073eae45118a1466e03afab04a766a3061a988ffe089ba4e01,9548a24a4faf5db17b5251df407b4402de033ae8648ec321c850fe6105002cf1,8128818d8ea8f5c3517d04da28955f010269df61e756429957a0a032386f6c51
equal_flop_response,target-b,fixture-bank-17,fixture-base-17,86a59d2849e34c3a9889d58bb3b67b946ca9eb639083798f219989137e7f4536,b8fec4fd063826ac29c6cc8d291ad3a1a89347817c28241565eb44269fa8c24d,31,4,1,-0.9078883264181531,csi-pairs-v6-software-fixture,ded1ec639ff3e6fd5eba769d42db1ed36222a48af333a30a670254b30b164b74,620f300cbec1f56da4691882bc7dbe52593dc597fc62f6ae925c0f6ac72f1c6b,True,FORBIDDEN,0901433cbfe906073eae45118a1466e03afab04a766a3061a988ffe089ba4e01,9548a24a4faf5db17b5251df407b4402de033ae8648ec321c850fe6105002cf1,8128818d8ea8f5c3517d04da28955f010269df61e756429957a0a032386f6c51
parameter_matched_concat,target-a,fixture-bank-14,fixture-base-14,86a59d2849e34c3a9889d58bb3b67b946ca9eb639083798f219989137e7f4536,d3ac0ba45cb8ca4a3062283c82745f423da87b60b62b7768857a4ffa9f3e71be,17,0,0,-0.4680724501261832,csi-pairs-v6-software-fixture,ded1ec639ff3e6fd5eba769d42db1ed36222a48af333a30a670254b30b164b74,620f300cbec1f56da4691882bc7dbe52593dc597fc62f6ae925c0f6ac72f1c6b,True,FORBIDDEN,0901433cbfe906073eae45118a1466e03afab04a766a3061a988ffe089ba4e01,9548a24a4faf5db17b5251df407b4402de033ae8648ec321c850fe6105002cf1,8128818d8ea8f5c3517d04da28955f010269df61e756429957a0a032386f6c51
parameter_matched_concat,target-a,fixture-bank-16,fixture-base-16,e23949edbfe2dbe6dc73b97687bd3eed5fbc5d7bd72ecd8b2badea6dfbfe472e,2b37638d300a790f3426572fa00b7bf61aa934746cb588d9fb5347ccf44b354c,17,0,0,-0.47279384761357046,csi-pairs-v6-software-fixture,ded1ec639ff3e6fd5eba769d42db1ed36222a48af333a30a670254b30b164b74,620f300cbec1f56da4691882bc7dbe52593dc597fc62f6ae925c0f6ac72f1c6b,True,FORBIDDEN,0901433cbfe906073eae45118a1466e03afab04a766a3061a988ffe089ba4e01,9548a24a4faf5db17b5251df407b4402de033ae8648ec321c850fe6105002cf1,8128818d8ea8f5c3517d04da28955f010269df61e756429957a0a032386f6c51
parameter_matched_concat,target-a,fixture-bank-14,fixture-base-14,86a59d2849e34c3a9889d58bb3b67b946ca9eb639083798f219989137e7f4536,d3ac0ba45cb8ca4a3062283c82745f423da87b60b62b7768857a4ffa9f3e71be,17,2,0,-0.4659389397609832,csi-pairs-v6-software-fixture,ded1ec639ff3e6fd5eba769d42db1ed36222a48af333a30a670254b30b164b74,620f300cbec1f56da4691882bc7dbe52593dc597fc62f6ae925c0f6ac72f1c6b,True,FORBIDDEN,0901433cbfe906073eae45118a1466e03afab04a766a3061a988ffe089ba4e01,9548a24a4faf5db17b5251df407b4402de033ae8648ec321c850fe6105002cf1,8128818d8ea8f5c3517d04da28955f010269df61e756429957a0a032386f6c51
parameter_matched_concat,target-a,fixture-bank-16,fixture-base-16,e23949edbfe2dbe6dc73b97687bd3eed5fbc5d7bd72ecd8b2badea6dfbfe472e,2b37638d300a790f3426572fa00b7bf61aa934746cb588d9fb5347ccf44b354c,17,2,0,-0.4696038683158458,csi-pairs-v6-software-fixture,ded1ec639ff3e6fd5eba769d42db1ed36222a48af333a30a670254b30b164b74,620f300cbec1f56da4691882bc7dbe52593dc597fc62f6ae925c0f6ac72f1c6b,True,FORBIDDEN,0901433cbfe906073eae45118a1466e03afab04a766a3061a988ffe089ba4e01,9548a24a4faf5db17b5251df407b4402de033ae8648ec321c850fe6105002cf1,8128818d8ea8f5c3517d04da28955f010269df61e756429957a0a032386f6c51
parameter_matched_concat,target-a,fixture-bank-14,fixture-base-14,86a59d2849e34c3a9889d58bb3b67b946ca9eb639083798f219989137e7f4536,d3ac0ba45cb8ca4a3062283c82745f423da87b60b62b7768857a4ffa9f3e71be,17,4,0,-0.4674384131371524,csi-pairs-v6-software-fixture,ded1ec639ff3e6fd5eba769d42db1ed36222a48af333a30a670254b30b164b74,620f300cbec1f56da4691882bc7dbe52593dc597fc62f6ae925c0f6ac72f1c6b,True,FORBIDDEN,0901433cbfe906073eae45118a1466e03afab04a766a3061a988ffe089ba4e01,9548a24a4faf5db17b5251df407b4402de033ae8648ec321c850fe6105002cf1,8128818d8ea8f5c3517d04da28955f010269df61e756429957a0a032386f6c51
parameter_matched_concat,target-a,fixture-bank-16,fixture-base-16,e23949edbfe2dbe6dc73b97687bd3eed5fbc5d7bd72ecd8b2badea6dfbfe472e,2b37638d300a790f3426572fa00b7bf61aa934746cb588d9fb5347ccf44b354c,17,4,0,-0.4719873162215072,csi-pairs-v6-software-fixture,ded1ec639ff3e6fd5eba769d42db1ed36222a48af333a30a670254b30b164b74,620f300cbec1f56da4691882bc7dbe52593dc597fc62f6ae925c0f6ac72f1c6b,True,FORBIDDEN,0901433cbfe906073eae45118a1466e03afab04a766a3061a988ffe089ba4e01,9548a24a4faf5db17b5251df407b4402de033ae8648ec321c850fe6105002cf1,8128818d8ea8f5c3517d04da28955f010269df61e756429957a0a032386f6c51
parameter_matched_concat,target-a,fixture-bank-14,fixture-base-14,86a59d2849e34c3a9889d58bb3b67b946ca9eb639083798f219989137e7f4536,d3ac0ba45cb8ca4a3062283c82745f423da87b60b62b7768857a4ffa9f3e71be,17,2,1,-0.4697253139991852,csi-pairs-v6-software-fixture,ded1ec639ff3e6fd5eba769d42db1ed36222a48af333a30a670254b30b164b74,620f300cbec1f56da4691882bc7dbe52593dc597fc62f6ae925c0f6ac72f1c6b,True,FORBIDDEN,0901433cbfe906073eae45118a1466e03afab04a766a3061a988ffe089ba4e01,9548a24a4faf5db17b5251df407b4402de033ae8648ec321c850fe6105002cf1,8128818d8ea8f5c3517d04da28955f010269df61e756429957a0a032386f6c51
parameter_matched_concat,target-a,fixture-bank-16,fixture-base-16,e23949edbfe2dbe6dc73b97687bd3eed5fbc5d7bd72ecd8b2badea6dfbfe472e,2b37638d300a790f3426572fa00b7bf61aa934746cb588d9fb5347ccf44b354c,17,2,1,-0.47479089929935303,csi-pairs-v6-software-fixture,ded1ec639ff3e6fd5eba769d42db1ed36222a48af333a30a670254b30b164b74,620f300cbec1f56da4691882bc7dbe52593dc597fc62f6ae925c0f6ac72f1c6b,True,FORBIDDEN,0901433cbfe906073eae45118a1466e03afab04a766a3061a988ffe089ba4e01,9548a24a4faf5db17b5251df407b4402de033ae8648ec321c850fe6105002cf1,8128818d8ea8f5c3517d04da28955f010269df61e756429957a0a032386f6c51
parameter_matched_concat,target-a,fixture-bank-14,fixture-base-14,86a59d2849e34c3a9889d58bb3b67b946ca9eb639083798f219989137e7f4536,d3ac0ba45cb8ca4a3062283c82745f423da87b60b62b7768857a4ffa9f3e71be,17,4,1,-0.4687799938630766,csi-pairs-v6-software-fixture,ded1ec639ff3e6fd5eba769d42db1ed36222a48af333a30a670254b30b164b74,620f300cbec1f56da4691882bc7dbe52593dc597fc62f6ae925c0f6ac72f1c6b,True,FORBIDDEN,0901433cbfe906073eae45118a1466e03afab04a766a3061a988ffe089ba4e01,9548a24a4faf5db17b5251df407b4402de033ae8648ec321c850fe6105002cf1,8128818d8ea8f5c3517d04da28955f010269df61e756429957a0a032386f6c51
parameter_matched_concat,target-a,fixture-bank-16,fixture-base-16,e23949edbfe2dbe6dc73b97687bd3eed5fbc5d7bd72ecd8b2badea6dfbfe472e,2b37638d300a790f3426572fa00b7bf61aa934746cb588d9fb5347ccf44b354c,17,4,1,-0.473542270405759,csi-pairs-v6-software-fixture,ded1ec639ff3e6fd5eba769d42db1ed36222a48af333a30a670254b30b164b74,620f300cbec1f56da4691882bc7dbe52593dc597fc62f6ae925c0f6ac72f1c6b,True,FORBIDDEN,0901433cbfe906073eae45118a1466e03afab04a766a3061a988ffe089ba4e01,9548a24a4faf5db17b5251df407b4402de033ae8648ec321c850fe6105002cf1,8128818d8ea8f5c3517d04da28955f010269df61e756429957a0a032386f6c51
parameter_matched_concat,target-b,fixture-bank-15,fixture-base-15,e23949edbfe2dbe6dc73b97687bd3eed5fbc5d7bd72ecd8b2badea6dfbfe472e,234b78d61b49dc10d04ca8d24378f3b96eae7ef419b9bbe2bb61b3933c753b5d,17,0,0,-0.9245109461956404,csi-pairs-v6-software-fixture,ded1ec639ff3e6fd5eba769d42db1ed36222a48af333a30a670254b30b164b74,620f300cbec1f56da4691882bc7dbe52593dc597fc62f6ae925c0f6ac72f1c6b,True,FORBIDDEN,0901433cbfe906073eae45118a1466e03afab04a766a3061a988ffe089ba4e01,9548a24a4faf5db17b5251df407b4402de033ae8648ec321c850fe6105002cf1,8128818d8ea8f5c3517d04da28955f010269df61e756429957a0a032386f6c51
parameter_matched_concat,target-b,fixture-bank-17,fixture-base-17,86a59d2849e34c3a9889d58bb3b67b946ca9eb639083798f219989137e7f4536,b8fec4fd063826ac29c6cc8d291ad3a1a89347817c28241565eb44269fa8c24d,17,0,0,-0.9355160358463109,csi-pairs-v6-software-fixture,ded1ec639ff3e6fd5eba769d42db1ed36222a48af333a30a670254b30b164b74,620f300cbec1f56da4691882bc7dbe52593dc597fc62f6ae925c0f6ac72f1c6b,True,FORBIDDEN,0901433cbfe906073eae45118a1466e03afab04a766a3061a988ffe089ba4e01,9548a24a4faf5db17b5251df407b4402de033ae8648ec321c850fe6105002cf1,8128818d8ea8f5c3517d04da28955f010269df61e756429957a0a032386f6c51
parameter_matched_concat,target-b,fixture-bank-15,fixture-base-15,e23949edbfe2dbe6dc73b97687bd3eed5fbc5d7bd72ecd8b2badea6dfbfe472e,234b78d61b49dc10d04ca8d24378f3b96eae7ef419b9bbe2bb61b3933c753b5d,17,2,0,-0.9243852080984432,csi-pairs-v6-software-fixture,ded1ec639ff3e6fd5eba769d42db1ed36222a48af333a30a670254b30b164b74,620f300cbec1f56da4691882bc7dbe52593dc597fc62f6ae925c0f6ac72f1c6b,True,FORBIDDEN,0901433cbfe906073eae45118a1466e03afab04a766a3061a988ffe089ba4e01,9548a24a4faf5db17b5251df407b4402de033ae8648ec321c850fe6105002cf1,8128818d8ea8f5c3517d04da28955f010269df61e756429957a0a032386f6c51
parameter_matched_concat,target-b,fixture-bank-17,fixture-base-17,86a59d2849e34c3a9889d58bb3b67b946ca9eb639083798f219989137e7f4536,b8fec4fd063826ac29c6cc8d291ad3a1a89347817c28241565eb44269fa8c24d,17,2,0,-0.9331826943780768,csi-pairs-v6-software-fixture,ded1ec639ff3e6fd5eba769d42db1ed36222a48af333a30a670254b30b164b74,620f300cbec1f56da4691882bc7dbe52593dc597fc62f6ae925c0f6ac72f1c6b,True,FORBIDDEN,0901433cbfe906073eae45118a1466e03afab04a766a3061a988ffe089ba4e01,9548a24a4faf5db17b5251df407b4402de033ae8648ec321c850fe6105002cf1,8128818d8ea8f5c3517d04da28955f010269df61e756429957a0a032386f6c51
parameter_matched_concat,target-b,fixture-bank-15,fixture-base-15,e23949edbfe2dbe6dc73b97687bd3eed5fbc5d7bd72ecd8b2badea6dfbfe472e,234b78d61b49dc10d04ca8d24378f3b96eae7ef419b9bbe2bb61b3933c753b5d,17,4,0,-0.9241504296170979,csi-pairs-v6-software-fixture,ded1ec639ff3e6fd5eba769d42db1ed36222a48af333a30a670254b30b164b74,620f300cbec1f56da4691882bc7dbe52593dc597fc62f6ae925c0f6ac72f1c6b,True,FORBIDDEN,0901433cbfe906073eae45118a1466e03afab04a766a3061a988ffe089ba4e01,9548a24a4faf5db17b5251df407b4402de033ae8648ec321c850fe6105002cf1,8128818d8ea8f5c3517d04da28955f010269df61e756429957a0a032386f6c51
parameter_matched_concat,target-b,fixture-bank-17,fixture-base-17,86a59d2849e34c3a9889d58bb3b67b946ca9eb639083798f219989137e7f4536,b8fec4fd063826ac29c6cc8d291ad3a1a89347817c28241565eb44269fa8c24d,17,4,0,-0.9323569457827637,csi-pairs-v6-software-fixture,ded1ec639ff3e6fd5eba769d42db1ed36222a48af333a30a670254b30b164b74,620f300cbec1f56da4691882bc7dbe52593dc597fc62f6ae925c0f6ac72f1c6b,True,FORBIDDEN,0901433cbfe906073eae45118a1466e03afab04a766a3061a988ffe089ba4e01,9548a24a4faf5db17b5251df407b4402de033ae8648ec321c850fe6105002cf1,8128818d8ea8f5c3517d04da28955f010269df61e756429957a0a032386f6c51
parameter_matched_concat,target-b,fixture-bank-15,fixture-base-15,e23949edbfe2dbe6dc73b97687bd3eed5fbc5d7bd72ecd8b2badea6dfbfe472e,234b78d61b49dc10d04ca8d24378f3b96eae7ef419b9bbe2bb61b3933c753b5d,17,2,1,-0.9242874117945231,csi-pairs-v6-software-fixture,ded1ec639ff3e6fd5eba769d42db1ed36222a48af333a30a670254b30b164b74,620f300cbec1f56da4691882bc7dbe52593dc597fc62f6ae925c0f6ac72f1c6b,True,FORBIDDEN,0901433cbfe906073eae45118a1466e03afab04a766a3061a988ffe089ba4e01,9548a24a4faf5db17b5251df407b4402de033ae8648ec321c850fe6105002cf1,8128818d8ea8f5c3517d04da28955f010269df61e756429957a0a032386f6c51
parameter_matched_concat,target-b,fixture-bank-17,fixture-base-17,86a59d2849e34c3a9889d58bb3b67b946ca9eb639083798f219989137e7f4536,b8fec4fd063826ac29c6cc8d291ad3a1a89347817c28241565eb44269fa8c24d,17,2,1,-0.9328953605111089,csi-pairs-v6-software-fixture,ded1ec639ff3e6fd5eba769d42db1ed36222a48af333a30a670254b30b164b74,620f300cbec1f56da4691882bc7dbe52593dc597fc62f6ae925c0f6ac72f1c6b,True,FORBIDDEN,0901433cbfe906073eae45118a1466e03afab04a766a3061a988ffe089ba4e01,9548a24a4faf5db17b5251df407b4402de033ae8648ec321c850fe6105002cf1,8128818d8ea8f5c3517d04da28955f010269df61e756429957a0a032386f6c51
parameter_matched_concat,target-b,fixture-bank-15,fixture-base-15,e23949edbfe2dbe6dc73b97687bd3eed5fbc5d7bd72ecd8b2badea6dfbfe472e,234b78d61b49dc10d04ca8d24378f3b96eae7ef419b9bbe2bb61b3933c753b5d,17,4,1,-0.9236873323088689,csi-pairs-v6-software-fixture,ded1ec639ff3e6fd5eba769d42db1ed36222a48af333a30a670254b30b164b74,620f300cbec1f56da4691882bc7dbe52593dc597fc62f6ae925c0f6ac72f1c6b,True,FORBIDDEN,0901433cbfe906073eae45118a1466e03afab04a766a3061a988ffe089ba4e01,9548a24a4faf5db17b5251df407b4402de033ae8648ec321c850fe6105002cf1,8128818d8ea8f5c3517d04da28955f010269df61e756429957a0a032386f6c51
parameter_matched_concat,target-b,fixture-bank-17,fixture-base-17,86a59d2849e34c3a9889d58bb3b67b946ca9eb639083798f219989137e7f4536,b8fec4fd063826ac29c6cc8d291ad3a1a89347817c28241565eb44269fa8c24d,17,4,1,-0.9312706894811801,csi-pairs-v6-software-fixture,ded1ec639ff3e6fd5eba769d42db1ed36222a48af333a30a670254b30b164b74,620f300cbec1f56da4691882bc7dbe52593dc597fc62f6ae925c0f6ac72f1c6b,True,FORBIDDEN,0901433cbfe906073eae45118a1466e03afab04a766a3061a988ffe089ba4e01,9548a24a4faf5db17b5251df407b4402de033ae8648ec321c850fe6105002cf1,8128818d8ea8f5c3517d04da28955f010269df61e756429957a0a032386f6c51
parameter_matched_concat,target-a,fixture-bank-14,fixture-base-14,86a59d2849e34c3a9889d58bb3b67b946ca9eb639083798f219989137e7f4536,d3ac0ba45cb8ca4a3062283c82745f423da87b60b62b7768857a4ffa9f3e71be,23,0,0,-0.5248086470157708,csi-pairs-v6-software-fixture,ded1ec639ff3e6fd5eba769d42db1ed36222a48af333a30a670254b30b164b74,620f300cbec1f56da4691882bc7dbe52593dc597fc62f6ae925c0f6ac72f1c6b,True,FORBIDDEN,0901433cbfe906073eae45118a1466e03afab04a766a3061a988ffe089ba4e01,9548a24a4faf5db17b5251df407b4402de033ae8648ec321c850fe6105002cf1,8128818d8ea8f5c3517d04da28955f010269df61e756429957a0a032386f6c51
parameter_matched_concat,target-a,fixture-bank-16,fixture-base-16,e23949edbfe2dbe6dc73b97687bd3eed5fbc5d7bd72ecd8b2badea6dfbfe472e,2b37638d300a790f3426572fa00b7bf61aa934746cb588d9fb5347ccf44b354c,23,0,0,-0.4586446253761557,csi-pairs-v6-software-fixture,ded1ec639ff3e6fd5eba769d42db1ed36222a48af333a30a670254b30b164b74,620f300cbec1f56da4691882bc7dbe52593dc597fc62f6ae925c0f6ac72f1c6b,True,FORBIDDEN,0901433cbfe906073eae45118a1466e03afab04a766a3061a988ffe089ba4e01,9548a24a4faf5db17b5251df407b4402de033ae8648ec321c850fe6105002cf1,8128818d8ea8f5c3517d04da28955f010269df61e756429957a0a032386f6c51
parameter_matched_concat,target-a,fixture-bank-14,fixture-base-14,86a59d2849e34c3a9889d58bb3b67b946ca9eb639083798f219989137e7f4536,d3ac0ba45cb8ca4a3062283c82745f423da87b60b62b7768857a4ffa9f3e71be,23,2,0,-0.5443043955837286,csi-pairs-v6-software-fixture,ded1ec639ff3e6fd5eba769d42db1ed36222a48af333a30a670254b30b164b74,620f300cbec1f56da4691882bc7dbe52593dc597fc62f6ae925c0f6ac72f1c6b,True,FORBIDDEN,0901433cbfe906073eae45118a1466e03afab04a766a3061a988ffe089ba4e01,9548a24a4faf5db17b5251df407b4402de033ae8648ec321c850fe6105002cf1,8128818d8ea8f5c3517d04da28955f010269df61e756429957a0a032386f6c51
parameter_matched_concat,target-a,fixture-bank-16,fixture-base-16,e23949edbfe2dbe6dc73b97687bd3eed5fbc5d7bd72ecd8b2badea6dfbfe472e,2b37638d300a790f3426572fa00b7bf61aa934746cb588d9fb5347ccf44b354c,23,2,0,-0.4594622991189383,csi-pairs-v6-software-fixture,ded1ec639ff3e6fd5eba769d42db1ed36222a48af333a30a670254b30b164b74,620f300cbec1f56da4691882bc7dbe52593dc597fc62f6ae925c0f6ac72f1c6b,True,FORBIDDEN,0901433cbfe906073eae45118a1466e03afab04a766a3061a988ffe089ba4e01,9548a24a4faf5db17b5251df407b4402de033ae8648ec321c850fe6105002cf1,8128818d8ea8f5c3517d04da28955f010269df61e756429957a0a032386f6c51
parameter_matched_concat,target-a,fixture-bank-14,fixture-base-14,86a59d2849e34c3a9889d58bb3b67b946ca9eb639083798f219989137e7f4536,d3ac0ba45cb8ca4a3062283c82745f423da87b60b62b7768857a4ffa9f3e71be,23,4,0,-0.5298167486442172,csi-pairs-v6-software-fixture,ded1ec639ff3e6fd5eba769d42db1ed36222a48af333a30a670254b30b164b74,620f300cbec1f56da4691882bc7dbe52593dc597fc62f6ae925c0f6ac72f1c6b,True,FORBIDDEN,0901433cbfe906073eae45118a1466e03afab04a766a3061a988ffe089ba4e01,9548a24a4faf5db17b5251df407b4402de033ae8648ec321c850fe6105002cf1,8128818d8ea8f5c3517d04da28955f010269df61e756429957a0a032386f6c51
parameter_matched_concat,target-a,fixture-bank-16,fixture-base-16,e23949edbfe2dbe6dc73b97687bd3eed5fbc5d7bd72ecd8b2badea6dfbfe472e,2b37638d300a790f3426572fa00b7bf61aa934746cb588d9fb5347ccf44b354c,23,4,0,-0.4595970299658467,csi-pairs-v6-software-fixture,ded1ec639ff3e6fd5eba769d42db1ed36222a48af333a30a670254b30b164b74,620f300cbec1f56da4691882bc7dbe52593dc597fc62f6ae925c0f6ac72f1c6b,True,FORBIDDEN,0901433cbfe906073eae45118a1466e03afab04a766a3061a988ffe089ba4e01,9548a24a4faf5db17b5251df407b4402de033ae8648ec321c850fe6105002cf1,8128818d8ea8f5c3517d04da28955f010269df61e756429957a0a032386f6c51
parameter_matched_concat,target-a,fixture-bank-14,fixture-base-14,86a59d2849e34c3a9889d58bb3b67b946ca9eb639083798f219989137e7f4536,d3ac0ba45cb8ca4a3062283c82745f423da87b60b62b7768857a4ffa9f3e71be,23,2,1,-0.5248957009971522,csi-pairs-v6-software-fixture,ded1ec639ff3e6fd5eba769d42db1ed36222a48af333a30a670254b30b164b74,620f300cbec1f56da4691882bc7dbe52593dc597fc62f6ae925c0f6ac72f1c6b,True,FORBIDDEN,0901433cbfe906073eae45118a1466e03afab04a766a3061a988ffe089ba4e01,9548a24a4faf5db17b5251df407b4402de033ae8648ec321c850fe6105002cf1,8128818d8ea8f5c3517d04da28955f010269df61e756429957a0a032386f6c51
parameter_matched_concat,target-a,fixture-bank-16,fixture-base-16,e23949edbfe2dbe6dc73b97687bd3eed5fbc5d7bd72ecd8b2badea6dfbfe472e,2b37638d300a790f3426572fa00b7bf61aa934746cb588d9fb5347ccf44b354c,23,2,1,-0.45913579199231025,csi-pairs-v6-software-fixture,ded1ec639ff3e6fd5eba769d42db1ed36222a48af333a30a670254b30b164b74,620f300cbec1f56da4691882bc7dbe52593dc597fc62f6ae925c0f6ac72f1c6b,True,FORBIDDEN,0901433cbfe906073eae45118a1466e03afab04a766a3061a988ffe089ba4e01,9548a24a4faf5db17b5251df407b4402de033ae8648ec321c850fe6105002cf1,8128818d8ea8f5c3517d04da28955f010269df61e756429957a0a032386f6c51
parameter_matched_concat,target-a,fixture-bank-14,fixture-base-14,86a59d2849e34c3a9889d58bb3b67b946ca9eb639083798f219989137e7f4536,d3ac0ba45cb8ca4a3062283c82745f423da87b60b62b7768857a4ffa9f3e71be,23,4,1,-0.5205517118620607,csi-pairs-v6-software-fixture,ded1ec639ff3e6fd5eba769d42db1ed36222a48af333a30a670254b30b164b74,620f300cbec1f56da4691882bc7dbe52593dc597fc62f6ae925c0f6ac72f1c6b,True,FORBIDDEN,0901433cbfe906073eae45118a1466e03afab04a766a3061a988ffe089ba4e01,9548a24a4faf5db17b5251df407b4402de033ae8648ec321c850fe6105002cf1,8128818d8ea8f5c3517d04da28955f010269df61e756429957a0a032386f6c51
parameter_matched_concat,target-a,fixture-bank-16,fixture-base-16,e23949edbfe2dbe6dc73b97687bd3eed5fbc5d7bd72ecd8b2badea6dfbfe472e,2b37638d300a790f3426572fa00b7bf61aa934746cb588d9fb5347ccf44b354c,23,4,1,-0.458730967781644,csi-pairs-v6-software-fixture,ded1ec639ff3e6fd5eba769d42db1ed36222a48af333a30a670254b30b164b74,620f300cbec1f56da4691882bc7dbe52593dc597fc62f6ae925c0f6ac72f1c6b,True,FORBIDDEN,0901433cbfe906073eae45118a1466e03afab04a766a3061a988ffe089ba4e01,9548a24a4faf5db17b5251df407b4402de033ae8648ec321c850fe6105002cf1,8128818d8ea8f5c3517d04da28955f010269df61e756429957a0a032386f6c51
parameter_matched_concat,target-b,fixture-bank-15,fixture-base-15,e23949edbfe2dbe6dc73b97687bd3eed5fbc5d7bd72ecd8b2badea6dfbfe472e,234b78d61b49dc10d04ca8d24378f3b96eae7ef419b9bbe2bb61b3933c753b5d,23,0,0,-0.9450460179722454,csi-pairs-v6-software-fixture,ded1ec639ff3e6fd5eba769d42db1ed36222a48af333a30a670254b30b164b74,620f300cbec1f56da4691882bc7dbe52593dc597fc62f6ae925c0f6ac72f1c6b,True,FORBIDDEN,0901433cbfe906073eae45118a1466e03afab04a766a3061a988ffe089ba4e01,9548a24a4faf5db17b5251df407b4402de033ae8648ec321c850fe6105002cf1,8128818d8ea8f5c3517d04da28955f010269df61e756429957a0a032386f6c51
parameter_matched_concat,target-b,fixture-bank-17,fixture-base-17,86a59d2849e34c3a9889d58bb3b67b946ca9eb639083798f219989137e7f4536,b8fec4fd063826ac29c6cc8d291ad3a1a89347817c28241565eb44269fa8c24d,23,0,0,-0.9666200930794848,csi-pairs-v6-software-fixture,ded1ec639ff3e6fd5eba769d42db1ed36222a48af333a30a670254b30b164b74,620f300cbec1f56da4691882bc7dbe52593dc597fc62f6ae925c0f6ac72f1c6b,True,FORBIDDEN,0901433cbfe906073eae45118a1466e03afab04a766a3061a988ffe089ba4e01,9548a24a4faf5db17b5251df407b4402de033ae8648ec321c850fe6105002cf1,8128818d8ea8f5c3517d04da28955f010269df61e756429957a0a032386f6c51
parameter_matched_concat,target-b,fixture-bank-15,fixture-base-15,e23949edbfe2dbe6dc73b97687bd3eed5fbc5d7bd72ecd8b2badea6dfbfe472e,234b78d61b49dc10d04ca8d24378f3b96eae7ef419b9bbe2bb61b3933c753b5d,23,2,0,-0.9445417992876435,csi-pairs-v6-software-fixture,ded1ec639ff3e6fd5eba769d42db1ed36222a48af333a30a670254b30b164b74,620f300cbec1f56da4691882bc7dbe52593dc597fc62f6ae925c0f6ac72f1c6b,True,FORBIDDEN,0901433cbfe906073eae45118a1466e03afab04a766a3061a988ffe089ba4e01,9548a24a4faf5db17b5251df407b4402de033ae8648ec321c850fe6105002cf1,8128818d8ea8f5c3517d04da28955f010269df61e756429957a0a032386f6c51
parameter_matched_concat,target-b,fixture-bank-17,fixture-base-17,86a59d2849e34c3a9889d58bb3b67b946ca9eb639083798f219989137e7f4536,b8fec4fd063826ac29c6cc8d291ad3a1a89347817c28241565eb44269fa8c24d,23,2,0,-0.9583415806718941,csi-pairs-v6-software-fixture,ded1ec639ff3e6fd5eba769d42db1ed36222a48af333a30a670254b30b164b74,620f300cbec1f56da4691882bc7dbe52593dc597fc62f6ae925c0f6ac72f1c6b,True,FORBIDDEN,0901433cbfe906073eae45118a1466e03afab04a766a3061a988ffe089ba4e01,9548a24a4faf5db17b5251df407b4402de033ae8648ec321c850fe6105002cf1,8128818d8ea8f5c3517d04da28955f010269df61e756429957a0a032386f6c51
parameter_matched_concat,target-b,fixture-bank-15,fixture-base-15,e23949edbfe2dbe6dc73b97687bd3eed5fbc5d7bd72ecd8b2badea6dfbfe472e,234b78d61b49dc10d04ca8d24378f3b96eae7ef419b9bbe2bb61b3933c753b5d,23,4,0,-0.9444258827390514,csi-pairs-v6-software-fixture,ded1ec639ff3e6fd5eba769d42db1ed36222a48af333a30a670254b30b164b74,620f300cbec1f56da4691882bc7dbe52593dc597fc62f6ae925c0f6ac72f1c6b,True,FORBIDDEN,0901433cbfe906073eae45118a1466e03afab04a766a3061a988ffe089ba4e01,9548a24a4faf5db17b5251df407b4402de033ae8648ec321c850fe6105002cf1,8128818d8ea8f5c3517d04da28955f010269df61e756429957a0a032386f6c51
parameter_matched_concat,target-b,fixture-bank-17,fixture-base-17,86a59d2849e34c3a9889d58bb3b67b946ca9eb639083798f219989137e7f4536,b8fec4fd063826ac29c6cc8d291ad3a1a89347817c28241565eb44269fa8c24d,23,4,0,-0.9592988929488705,csi-pairs-v6-software-fixture,ded1ec639ff3e6fd5eba769d42db1ed36222a48af333a30a670254b30b164b74,620f300cbec1f56da4691882bc7dbe52593dc597fc62f6ae925c0f6ac72f1c6b,True,FORBIDDEN,0901433cbfe906073eae45118a1466e03afab04a766a3061a988ffe089ba4e01,9548a24a4faf5db17b5251df407b4402de033ae8648ec321c850fe6105002cf1,8128818d8ea8f5c3517d04da28955f010269df61e756429957a0a032386f6c51
parameter_matched_concat,target-b,fixture-bank-15,fixture-base-15,e23949edbfe2dbe6dc73b97687bd3eed5fbc5d7bd72ecd8b2badea6dfbfe472e,234b78d61b49dc10d04ca8d24378f3b96eae7ef419b9bbe2bb61b3933c753b5d,23,2,1,-0.9437276327068391,csi-pairs-v6-software-fixture,ded1ec639ff3e6fd5eba769d42db1ed36222a48af333a30a670254b30b164b74,620f300cbec1f56da4691882bc7dbe52593dc597fc62f6ae925c0f6ac72f1c6b,True,FORBIDDEN,0901433cbfe906073eae45118a1466e03afab04a766a3061a988ffe089ba4e01,9548a24a4faf5db17b5251df407b4402de033ae8648ec321c850fe6105002cf1,8128818d8ea8f5c3517d04da28955f010269df61e756429957a0a032386f6c51
parameter_matched_concat,target-b,fixture-bank-17,fixture-base-17,86a59d2849e34c3a9889d58bb3b67b946ca9eb639083798f219989137e7f4536,b8fec4fd063826ac29c6cc8d291ad3a1a89347817c28241565eb44269fa8c24d,23,2,1,-0.9605114359413097,csi-pairs-v6-software-fixture,ded1ec639ff3e6fd5eba769d42db1ed36222a48af333a30a670254b30b164b74,620f300cbec1f56da4691882bc7dbe52593dc597fc62f6ae925c0f6ac72f1c6b,True,FORBIDDEN,0901433cbfe906073eae45118a1466e03afab04a766a3061a988ffe089ba4e01,9548a24a4faf5db17b5251df407b4402de033ae8648ec321c850fe6105002cf1,8128818d8ea8f5c3517d04da28955f010269df61e756429957a0a032386f6c51
parameter_matched_concat,target-b,fixture-bank-15,fixture-base-15,e23949edbfe2dbe6dc73b97687bd3eed5fbc5d7bd72ecd8b2badea6dfbfe472e,234b78d61b49dc10d04ca8d24378f3b96eae7ef419b9bbe2bb61b3933c753b5d,23,4,1,-0.9435096633447393,csi-pairs-v6-software-fixture,ded1ec639ff3e6fd5eba769d42db1ed36222a48af333a30a670254b30b164b74,620f300cbec1f56da4691882bc7dbe52593dc597fc62f6ae925c0f6ac72f1c6b,True,FORBIDDEN,0901433cbfe906073eae45118a1466e03afab04a766a3061a988ffe089ba4e01,9548a24a4faf5db17b5251df407b4402de033ae8648ec321c850fe6105002cf1,8128818d8ea8f5c3517d04da28955f010269df61e756429957a0a032386f6c51
parameter_matched_concat,target-b,fixture-bank-17,fixture-base-17,86a59d2849e34c3a9889d58bb3b67b946ca9eb639083798f219989137e7f4536,b8fec4fd063826ac29c6cc8d291ad3a1a89347817c28241565eb44269fa8c24d,23,4,1,-0.9621271418876547,csi-pairs-v6-software-fixture,ded1ec639ff3e6fd5eba769d42db1ed36222a48af333a30a670254b30b164b74,620f300cbec1f56da4691882bc7dbe52593dc597fc62f6ae925c0f6ac72f1c6b,True,FORBIDDEN,0901433cbfe906073eae45118a1466e03afab04a766a3061a988ffe089ba4e01,9548a24a4faf5db17b5251df407b4402de033ae8648ec321c850fe6105002cf1,8128818d8ea8f5c3517d04da28955f010269df61e756429957a0a032386f6c51
parameter_matched_concat,target-a,fixture-bank-14,fixture-base-14,86a59d2849e34c3a9889d58bb3b67b946ca9eb639083798f219989137e7f4536,d3ac0ba45cb8ca4a3062283c82745f423da87b60b62b7768857a4ffa9f3e71be,31,0,0,-0.5250754244100264,csi-pairs-v6-software-fixture,ded1ec639ff3e6fd5eba769d42db1ed36222a48af333a30a670254b30b164b74,620f300cbec1f56da4691882bc7dbe52593dc597fc62f6ae925c0f6ac72f1c6b,True,FORBIDDEN,0901433cbfe906073eae45118a1466e03afab04a766a3061a988ffe089ba4e01,9548a24a4faf5db17b5251df407b4402de033ae8648ec321c850fe6105002cf1,8128818d8ea8f5c3517d04da28955f010269df61e756429957a0a032386f6c51
parameter_matched_concat,target-a,fixture-bank-16,fixture-base-16,e23949edbfe2dbe6dc73b97687bd3eed5fbc5d7bd72ecd8b2badea6dfbfe472e,2b37638d300a790f3426572fa00b7bf61aa934746cb588d9fb5347ccf44b354c,31,0,0,-0.46294093627876776,csi-pairs-v6-software-fixture,ded1ec639ff3e6fd5eba769d42db1ed36222a48af333a30a670254b30b164b74,620f300cbec1f56da4691882bc7dbe52593dc597fc62f6ae925c0f6ac72f1c6b,True,FORBIDDEN,0901433cbfe906073eae45118a1466e03afab04a766a3061a988ffe089ba4e01,9548a24a4faf5db17b5251df407b4402de033ae8648ec321c850fe6105002cf1,8128818d8ea8f5c3517d04da28955f010269df61e756429957a0a032386f6c51
parameter_matched_concat,target-a,fixture-bank-14,fixture-base-14,86a59d2849e34c3a9889d58bb3b67b946ca9eb639083798f219989137e7f4536,d3ac0ba45cb8ca4a3062283c82745f423da87b60b62b7768857a4ffa9f3e71be,31,2,0,-0.5173719671434465,csi-pairs-v6-software-fixture,ded1ec639ff3e6fd5eba769d42db1ed36222a48af333a30a670254b30b164b74,620f300cbec1f56da4691882bc7dbe52593dc597fc62f6ae925c0f6ac72f1c6b,True,FORBIDDEN,0901433cbfe906073eae45118a1466e03afab04a766a3061a988ffe089ba4e01,9548a24a4faf5db17b5251df407b4402de033ae8648ec321c850fe6105002cf1,8128818d8ea8f5c3517d04da28955f010269df61e756429957a0a032386f6c51
parameter_matched_concat,target-a,fixture-bank-16,fixture-base-16,e23949edbfe2dbe6dc73b97687bd3eed5fbc5d7bd72ecd8b2badea6dfbfe472e,2b37638d300a790f3426572fa00b7bf61aa934746cb588d9fb5347ccf44b354c,31,2,0,-0.4619715533729515,csi-pairs-v6-software-fixture,ded1ec639ff3e6fd5eba769d42db1ed36222a48af333a30a670254b30b164b74,620f300cbec1f56da4691882bc7dbe52593dc597fc62f6ae925c0f6ac72f1c6b,True,FORBIDDEN,0901433cbfe906073eae45118a1466e03afab04a766a3061a988ffe089ba4e01,9548a24a4faf5db17b5251df407b4402de033ae8648ec321c850fe6105002cf1,8128818d8ea8f5c3517d04da28955f010269df61e756429957a0a032386f6c51
parameter_matched_concat,target-a,fixture-bank-14,fixture-base-14,86a59d2849e34c3a9889d58bb3b67b946ca9eb639083798f219989137e7f4536,d3ac0ba45cb8ca4a3062283c82745f423da87b60b62b7768857a4ffa9f3e71be,31,4,0,-0.5173443894227335,csi-pairs-v6-software-fixture,ded1ec639ff3e6fd5eba769d42db1ed36222a48af333a30a670254b30b164b74,620f300cbec1f56da4691882bc7dbe52593dc597fc62f6ae925c0f6ac72f1c6b,True,FORBIDDEN,0901433cbfe906073eae45118a1466e03afab04a766a3061a988ffe089ba4e01,9548a24a4faf5db17b5251df407b4402de033ae8648ec321c850fe6105002cf1,8128818d8ea8f5c3517d04da28955f010269df61e756429957a0a032386f6c51
parameter_matched_concat,target-a,fixture-bank-16,fixture-base-16,e23949edbfe2dbe6dc73b97687bd3eed5fbc5d7bd72ecd8b2badea6dfbfe472e,2b37638d300a790f3426572fa00b7bf61aa934746cb588d9fb5347ccf44b354c,31,4,0,-0.4617832665076837,csi-pairs-v6-software-fixture,ded1ec639ff3e6fd5eba769d42db1ed36222a48af333a30a670254b30b164b74,620f300cbec1f56da4691882bc7dbe52593dc597fc62f6ae925c0f6ac72f1c6b,True,FORBIDDEN,0901433cbfe906073eae45118a1466e03afab04a766a3061a988ffe089ba4e01,9548a24a4faf5db17b5251df407b4402de033ae8648ec321c850fe6105002cf1,8128818d8ea8f5c3517d04da28955f010269df61e756429957a0a032386f6c51
parameter_matched_concat,target-a,fixture-bank-14,fixture-base-14,86a59d2849e34c3a9889d58bb3b67b946ca9eb639083798f219989137e7f4536,d3ac0ba45cb8ca4a3062283c82745f423da87b60b62b7768857a4ffa9f3e71be,31,2,1,-0.5247597172092633,csi-pairs-v6-software-fixture,ded1ec639ff3e6fd5eba769d42db1ed36222a48af333a30a670254b30b164b74,620f300cbec1f56da4691882bc7dbe52593dc597fc62f6ae925c0f6ac72f1c6b,True,FORBIDDEN,0901433cbfe906073eae45118a1466e03afab04a766a3061a988ffe089ba4e01,9548a24a4faf5db17b5251df407b4402de033ae8648ec321c850fe6105002cf1,8128818d8ea8f5c3517d04da28955f010269df61e756429957a0a032386f6c51
parameter_matched_concat,target-a,fixture-bank-16,fixture-base-16,e23949edbfe2dbe6dc73b97687bd3eed5fbc5d7bd72ecd8b2badea6dfbfe472e,2b37638d300a790f3426572fa00b7bf61aa934746cb588d9fb5347ccf44b354c,31,2,1,-0.4633286123260574,csi-pairs-v6-software-fixture,ded1ec639ff3e6fd5eba769d42db1ed36222a48af333a30a670254b30b164b74,620f300cbec1f56da4691882bc7dbe52593dc597fc62f6ae925c0f6ac72f1c6b,True,FORBIDDEN,0901433cbfe906073eae45118a1466e03afab04a766a3061a988ffe089ba4e01,9548a24a4faf5db17b5251df407b4402de033ae8648ec321c850fe6105002cf1,8128818d8ea8f5c3517d04da28955f010269df61e756429957a0a032386f6c51
parameter_matched_concat,target-a,fixture-bank-14,fixture-base-14,86a59d2849e34c3a9889d58bb3b67b946ca9eb639083798f219989137e7f4536,d3ac0ba45cb8ca4a3062283c82745f423da87b60b62b7768857a4ffa9f3e71be,31,4,1,-0.521606921884789,csi-pairs-v6-software-fixture,ded1ec639ff3e6fd5eba769d42db1ed36222a48af333a30a670254b30b164b74,620f300cbec1f56da4691882bc7dbe52593dc597fc62f6ae925c0f6ac72f1c6b,True,FORBIDDEN,0901433cbfe906073eae45118a1466e03afab04a766a3061a988ffe089ba4e01,9548a24a4faf5db17b5251df407b4402de033ae8648ec321c850fe6105002cf1,8128818d8ea8f5c3517d04da28955f010269df61e756429957a0a032386f6c51
parameter_matched_concat,target-a,fixture-bank-16,fixture-base-16,e23949edbfe2dbe6dc73b97687bd3eed5fbc5d7bd72ecd8b2badea6dfbfe472e,2b37638d300a790f3426572fa00b7bf61aa934746cb588d9fb5347ccf44b354c,31,4,1,-0.4627188057419315,csi-pairs-v6-software-fixture,ded1ec639ff3e6fd5eba769d42db1ed36222a48af333a30a670254b30b164b74,620f300cbec1f56da4691882bc7dbe52593dc597fc62f6ae925c0f6ac72f1c6b,True,FORBIDDEN,0901433cbfe906073eae45118a1466e03afab04a766a3061a988ffe089ba4e01,9548a24a4faf5db17b5251df407b4402de033ae8648ec321c850fe6105002cf1,8128818d8ea8f5c3517d04da28955f010269df61e756429957a0a032386f6c51
parameter_matched_concat,target-b,fixture-bank-15,fixture-base-15,e23949edbfe2dbe6dc73b97687bd3eed5fbc5d7bd72ecd8b2badea6dfbfe472e,234b78d61b49dc10d04ca8d24378f3b96eae7ef419b9bbe2bb61b3933c753b5d,31,0,0,-0.9488725979705823,csi-pairs-v6-software-fixture,ded1ec639ff3e6fd5eba769d42db1ed36222a48af333a30a670254b30b164b74,620f300cbec1f56da4691882bc7dbe52593dc597fc62f6ae925c0f6ac72f1c6b,True,FORBIDDEN,0901433cbfe906073eae45118a1466e03afab04a766a3061a988ffe089ba4e01,9548a24a4faf5db17b5251df407b4402de033ae8648ec321c850fe6105002cf1,8128818d8ea8f5c3517d04da28955f010269df61e756429957a0a032386f6c51
parameter_matched_concat,target-b,fixture-bank-17,fixture-base-17,86a59d2849e34c3a9889d58bb3b67b946ca9eb639083798f219989137e7f4536,b8fec4fd063826ac29c6cc8d291ad3a1a89347817c28241565eb44269fa8c24d,31,0,0,-1.0156112697017803,csi-pairs-v6-software-fixture,ded1ec639ff3e6fd5eba769d42db1ed36222a48af333a30a670254b30b164b74,620f300cbec1f56da4691882bc7dbe52593dc597fc62f6ae925c0f6ac72f1c6b,True,FORBIDDEN,0901433cbfe906073eae45118a1466e03afab04a766a3061a988ffe089ba4e01,9548a24a4faf5db17b5251df407b4402de033ae8648ec321c850fe6105002cf1,8128818d8ea8f5c3517d04da28955f010269df61e756429957a0a032386f6c51
parameter_matched_concat,target-b,fixture-bank-15,fixture-base-15,e23949edbfe2dbe6dc73b97687bd3eed5fbc5d7bd72ecd8b2badea6dfbfe472e,234b78d61b49dc10d04ca8d24378f3b96eae7ef419b9bbe2bb61b3933c753b5d,31,2,0,-0.9468602467946541,csi-pairs-v6-software-fixture,ded1ec639ff3e6fd5eba769d42db1ed36222a48af333a30a670254b30b164b74,620f300cbec1f56da4691882bc7dbe52593dc597fc62f6ae925c0f6ac72f1c6b,True,FORBIDDEN,0901433cbfe906073eae45118a1466e03afab04a766a3061a988ffe089ba4e01,9548a24a4faf5db17b5251df407b4402de033ae8648ec321c850fe6105002cf1,8128818d8ea8f5c3517d04da28955f010269df61e756429957a0a032386f6c51
parameter_matched_concat,target-b,fixture-bank-17,fixture-base-17,86a59d2849e34c3a9889d58bb3b67b946ca9eb639083798f219989137e7f4536,b8fec4fd063826ac29c6cc8d291ad3a1a89347817c28241565eb44269fa8c24d,31,2,0,-1.0113539943453749,csi-pairs-v6-software-fixture,ded1ec639ff3e6fd5eba769d42db1ed36222a48af333a30a670254b30b164b74,620f300cbec1f56da4691882bc7dbe52593dc597fc62f6ae925c0f6ac72f1c6b,True,FORBIDDEN,0901433cbfe906073eae45118a1466e03afab04a766a3061a988ffe089ba4e01,9548a24a4faf5db17b5251df407b4402de033ae8648ec321c850fe6105002cf1,8128818d8ea8f5c3517d04da28955f010269df61e756429957a0a032386f6c51
parameter_matched_concat,target-b,fixture-bank-15,fixture-base-15,e23949edbfe2dbe6dc73b97687bd3eed5fbc5d7bd72ecd8b2badea6dfbfe472e,234b78d61b49dc10d04ca8d24378f3b96eae7ef419b9bbe2bb61b3933c753b5d,31,4,0,-0.9476025691307469,csi-pairs-v6-software-fixture,ded1ec639ff3e6fd5eba769d42db1ed36222a48af333a30a670254b30b164b74,620f300cbec1f56da4691882bc7dbe52593dc597fc62f6ae925c0f6ac72f1c6b,True,FORBIDDEN,0901433cbfe906073eae45118a1466e03afab04a766a3061a988ffe089ba4e01,9548a24a4faf5db17b5251df407b4402de033ae8648ec321c850fe6105002cf1,8128818d8ea8f5c3517d04da28955f010269df61e756429957a0a032386f6c51
parameter_matched_concat,target-b,fixture-bank-17,fixture-base-17,86a59d2849e34c3a9889d58bb3b67b946ca9eb639083798f219989137e7f4536,b8fec4fd063826ac29c6cc8d291ad3a1a89347817c28241565eb44269fa8c24d,31,4,0,-1.0123979588657752,csi-pairs-v6-software-fixture,ded1ec639ff3e6fd5eba769d42db1ed36222a48af333a30a670254b30b164b74,620f300cbec1f56da4691882bc7dbe52593dc597fc62f6ae925c0f6ac72f1c6b,True,FORBIDDEN,0901433cbfe906073eae45118a1466e03afab04a766a3061a988ffe089ba4e01,9548a24a4faf5db17b5251df407b4402de033ae8648ec321c850fe6105002cf1,8128818d8ea8f5c3517d04da28955f010269df61e756429957a0a032386f6c51
parameter_matched_concat,target-b,fixture-bank-15,fixture-base-15,e23949edbfe2dbe6dc73b97687bd3eed5fbc5d7bd72ecd8b2badea6dfbfe472e,234b78d61b49dc10d04ca8d24378f3b96eae7ef419b9bbe2bb61b3933c753b5d,31,2,1,-0.9479827365622564,csi-pairs-v6-software-fixture,ded1ec639ff3e6fd5eba769d42db1ed36222a48af333a30a670254b30b164b74,620f300cbec1f56da4691882bc7dbe52593dc597fc62f6ae925c0f6ac72f1c6b,True,FORBIDDEN,0901433cbfe906073eae45118a1466e03afab04a766a3061a988ffe089ba4e01,9548a24a4faf5db17b5251df407b4402de033ae8648ec321c850fe6105002cf1,8128818d8ea8f5c3517d04da28955f010269df61e756429957a0a032386f6c51
parameter_matched_concat,target-b,fixture-bank-17,fixture-base-17,86a59d2849e34c3a9889d58bb3b67b946ca9eb639083798f219989137e7f4536,b8fec4fd063826ac29c6cc8d291ad3a1a89347817c28241565eb44269fa8c24d,31,2,1,-1.0133223096958306,csi-pairs-v6-software-fixture,ded1ec639ff3e6fd5eba769d42db1ed36222a48af333a30a670254b30b164b74,620f300cbec1f56da4691882bc7dbe52593dc597fc62f6ae925c0f6ac72f1c6b,True,FORBIDDEN,0901433cbfe906073eae45118a1466e03afab04a766a3061a988ffe089ba4e01,9548a24a4faf5db17b5251df407b4402de033ae8648ec321c850fe6105002cf1,8128818d8ea8f5c3517d04da28955f010269df61e756429957a0a032386f6c51
parameter_matched_concat,target-b,fixture-bank-15,fixture-base-15,e23949edbfe2dbe6dc73b97687bd3eed5fbc5d7bd72ecd8b2badea6dfbfe472e,234b78d61b49dc10d04ca8d24378f3b96eae7ef419b9bbe2bb61b3933c753b5d,31,4,1,-0.9473081132161708,csi-pairs-v6-software-fixture,ded1ec639ff3e6fd5eba769d42db1ed36222a48af333a30a670254b30b164b74,620f300cbec1f56da4691882bc7dbe52593dc597fc62f6ae925c0f6ac72f1c6b,True,FORBIDDEN,0901433cbfe906073eae45118a1466e03afab04a766a3061a988ffe089ba4e01,9548a24a4faf5db17b5251df407b4402de033ae8648ec321c850fe6105002cf1,8128818d8ea8f5c3517d04da28955f010269df61e756429957a0a032386f6c51
parameter_matched_concat,target-b,fixture-bank-17,fixture-base-17,86a59d2849e34c3a9889d58bb3b67b946ca9eb639083798f219989137e7f4536,b8fec4fd063826ac29c6cc8d291ad3a1a89347817c28241565eb44269fa8c24d,31,4,1,-1.01289151073198,csi-pairs-v6-software-fixture,ded1ec639ff3e6fd5eba769d42db1ed36222a48af333a30a670254b30b164b74,620f300cbec1f56da4691882bc7dbe52593dc597fc62f6ae925c0f6ac72f1c6b,True,FORBIDDEN,0901433cbfe906073eae45118a1466e03afab04a766a3061a988ffe089ba4e01,9548a24a4faf5db17b5251df407b4402de033ae8648ec321c850fe6105002cf1,8128818d8ea8f5c3517d04da28955f010269df61e756429957a0a032386f6c51
flop_matched_concat,target-a,fixture-bank-14,fixture-base-14,86a59d2849e34c3a9889d58bb3b67b946ca9eb639083798f219989137e7f4536,d3ac0ba45cb8ca4a3062283c82745f423da87b60b62b7768857a4ffa9f3e71be,17,0,0,-0.46765139005282225,csi-pairs-v6-software-fixture,ded1ec639ff3e6fd5eba769d42db1ed36222a48af333a30a670254b30b164b74,620f300cbec1f56da4691882bc7dbe52593dc597fc62f6ae925c0f6ac72f1c6b,True,FORBIDDEN,0901433cbfe906073eae45118a1466e03afab04a766a3061a988ffe089ba4e01,9548a24a4faf5db17b5251df407b4402de033ae8648ec321c850fe6105002cf1,8128818d8ea8f5c3517d04da28955f010269df61e756429957a0a032386f6c51
flop_matched_concat,target-a,fixture-bank-16,fixture-base-16,e23949edbfe2dbe6dc73b97687bd3eed5fbc5d7bd72ecd8b2badea6dfbfe472e,2b37638d300a790f3426572fa00b7bf61aa934746cb588d9fb5347ccf44b354c,17,0,0,-0.47268522843050065,csi-pairs-v6-software-fixture,ded1ec639ff3e6fd5eba769d42db1ed36222a48af333a30a670254b30b164b74,620f300cbec1f56da4691882bc7dbe52593dc597fc62f6ae925c0f6ac72f1c6b,True,FORBIDDEN,0901433cbfe906073eae45118a1466e03afab04a766a3061a988ffe089ba4e01,9548a24a4faf5db17b5251df407b4402de033ae8648ec321c850fe6105002cf1,8128818d8ea8f5c3517d04da28955f010269df61e756429957a0a032386f6c51
flop_matched_concat,target-a,fixture-bank-14,fixture-base-14,86a59d2849e34c3a9889d58bb3b67b946ca9eb639083798f219989137e7f4536,d3ac0ba45cb8ca4a3062283c82745f423da87b60b62b7768857a4ffa9f3e71be,17,2,0,-0.4654762036472145,csi-pairs-v6-software-fixture,ded1ec639ff3e6fd5eba769d42db1ed36222a48af333a30a670254b30b164b74,620f300cbec1f56da4691882bc7dbe52593dc597fc62f6ae925c0f6ac72f1c6b,True,FORBIDDEN,0901433cbfe906073eae45118a1466e03afab04a766a3061a988ffe089ba4e01,9548a24a4faf5db17b5251df407b4402de033ae8648ec321c850fe6105002cf1,8128818d8ea8f5c3517d04da28955f010269df61e756429957a0a032386f6c51
flop_matched_concat,target-a,fixture-bank-16,fixture-base-16,e23949edbfe2dbe6dc73b97687bd3eed5fbc5d7bd72ecd8b2badea6dfbfe472e,2b37638d300a790f3426572fa00b7bf61aa934746cb588d9fb5347ccf44b354c,17,2,0,-0.46928818107834236,csi-pairs-v6-software-fixture,ded1ec639ff3e6fd5eba769d42db1ed36222a48af333a30a670254b30b164b74,620f300cbec1f56da4691882bc7dbe52593dc597fc62f6ae925c0f6ac72f1c6b,True,FORBIDDEN,0901433cbfe906073eae45118a1466e03afab04a766a3061a988ffe089ba4e01,9548a24a4faf5db17b5251df407b4402de033ae8648ec321c850fe6105002cf1,8128818d8ea8f5c3517d04da28955f010269df61e756429957a0a032386f6c51
flop_matched_concat,target-a,fixture-bank-14,fixture-base-14,86a59d2849e34c3a9889d58bb3b67b946ca9eb639083798f219989137e7f4536,d3ac0ba45cb8ca4a3062283c82745f423da87b60b62b7768857a4ffa9f3e71be,17,4,0,-0.46706671470569433,csi-pairs-v6-software-fixture,ded1ec639ff3e6fd5eba769d42db1ed36222a48af333a30a670254b30b164b74,620f300cbec1f56da4691882bc7dbe52593dc597fc62f6ae925c0f6ac72f1c6b,True,FORBIDDEN,0901433cbfe906073eae45118a1466e03afab04a766a3061a988ffe089ba4e01,9548a24a4faf5db17b5251df407b4402de033ae8648ec321c850fe6105002cf1,8128818d8ea8f5c3517d04da28955f010269df61e756429957a0a032386f6c51
flop_matched_concat,target-a,fixture-bank-16,fixture-base-16,e23949edbfe2dbe6dc73b97687bd3eed5fbc5d7bd72ecd8b2badea6dfbfe472e,2b37638d300a790f3426572fa00b7bf61aa934746cb588d9fb5347ccf44b354c,17,4,0,-0.4718382688739725,csi-pairs-v6-software-fixture,ded1ec639ff3e6fd5eba769d42db1ed36222a48af333a30a670254b30b164b74,620f300cbec1f56da4691882bc7dbe52593dc597fc62f6ae925c0f6ac72f1c6b,True,FORBIDDEN,0901433cbfe906073eae45118a1466e03afab04a766a3061a988ffe089ba4e01,9548a24a4faf5db17b5251df407b4402de033ae8648ec321c850fe6105002cf1,8128818d8ea8f5c3517d04da28955f010269df61e756429957a0a032386f6c51
flop_matched_concat,target-a,fixture-bank-14,fixture-base-14,86a59d2849e34c3a9889d58bb3b67b946ca9eb639083798f219989137e7f4536,d3ac0ba45cb8ca4a3062283c82745f423da87b60b62b7768857a4ffa9f3e71be,17,2,1,-0.4692149500856357,csi-pairs-v6-software-fixture,ded1ec639ff3e6fd5eba769d42db1ed36222a48af333a30a670254b30b164b74,620f300cbec1f56da4691882bc7dbe52593dc597fc62f6ae925c0f6ac72f1c6b,True,FORBIDDEN,0901433cbfe906073eae45118a1466e03afab04a766a3061a988ffe089ba4e01,9548a24a4faf5db17b5251df407b4402de033ae8648ec321c850fe6105002cf1,8128818d8ea8f5c3517d04da28955f010269df61e756429957a0a032386f6c51
flop_matched_concat,target-a,fixture-bank-16,fixture-base-16,e23949edbfe2dbe6dc73b97687bd3eed5fbc5d7bd72ecd8b2badea6dfbfe472e,2b37638d300a790f3426572fa00b7bf61aa934746cb588d9fb5347ccf44b354c,17,2,1,-0.4745686583424914,csi-pairs-v6-software-fixture,ded1ec639ff3e6fd5eba769d42db1ed36222a48af333a30a670254b30b164b74,620f300cbec1f56da4691882bc7dbe52593dc597fc62f6ae925c0f6ac72f1c6b,True,FORBIDDEN,0901433cbfe906073eae45118a1466e03afab04a766a3061a988ffe089ba4e01,9548a24a4faf5db17b5251df407b4402de033ae8648ec321c850fe6105002cf1,8128818d8ea8f5c3517d04da28955f010269df61e756429957a0a032386f6c51
flop_matched_concat,target-a,fixture-bank-14,fixture-base-14,86a59d2849e34c3a9889d58bb3b67b946ca9eb639083798f219989137e7f4536,d3ac0ba45cb8ca4a3062283c82745f423da87b60b62b7768857a4ffa9f3e71be,17,4,1,-0.46831794796314785,csi-pairs-v6-software-fixture,ded1ec639ff3e6fd5eba769d42db1ed36222a48af333a30a670254b30b164b74,620f300cbec1f56da4691882bc7dbe52593dc597fc62f6ae925c0f6ac72f1c6b,True,FORBIDDEN,0901433cbfe906073eae45118a1466e03afab04a766a3061a988ffe089ba4e01,9548a24a4faf5db17b5251df407b4402de033ae8648ec321c850fe6105002cf1,8128818d8ea8f5c3517d04da28955f010269df61e756429957a0a032386f6c51
flop_matched_concat,target-a,fixture-bank-16,fixture-base-16,e23949edbfe2dbe6dc73b97687bd3eed5fbc5d7bd72ecd8b2badea6dfbfe472e,2b37638d300a790f3426572fa00b7bf61aa934746cb588d9fb5347ccf44b354c,17,4,1,-0.4733606634234114,csi-pairs-v6-software-fixture,ded1ec639ff3e6fd5eba769d42db1ed36222a48af333a30a670254b30b164b74,620f300cbec1f56da4691882bc7dbe52593dc597fc62f6ae925c0f6ac72f1c6b,True,FORBIDDEN,0901433cbfe906073eae45118a1466e03afab04a766a3061a988ffe089ba4e01,9548a24a4faf5db17b5251df407b4402de033ae8648ec321c850fe6105002cf1,8128818d8ea8f5c3517d04da28955f010269df61e756429957a0a032386f6c51
flop_matched_concat,target-b,fixture-bank-15,fixture-base-15,e23949edbfe2dbe6dc73b97687bd3eed5fbc5d7bd72ecd8b2badea6dfbfe472e,234b78d61b49dc10d04ca8d24378f3b96eae7ef419b9bbe2bb61b3933c753b5d,17,0,0,-0.924356537440522,csi-pairs-v6-software-fixture,ded1ec639ff3e6fd5eba769d42db1ed36222a48af333a30a670254b30b164b74,620f300cbec1f56da4691882bc7dbe52593dc597fc62f6ae925c0f6ac72f1c6b,True,FORBIDDEN,0901433cbfe906073eae45118a1466e03afab04a766a3061a988ffe089ba4e01,9548a24a4faf5db17b5251df407b4402de033ae8648ec321c850fe6105002cf1,8128818d8ea8f5c3517d04da28955f010269df61e756429957a0a032386f6c51
flop_matched_concat,target-b,fixture-bank-17,fixture-base-17,86a59d2849e34c3a9889d58bb3b67b946ca9eb639083798f219989137e7f4536,b8fec4fd063826ac29c6cc8d291ad3a1a89347817c28241565eb44269fa8c24d,17,0,0,-0.9350642580033797,csi-pairs-v6-software-fixture,ded1ec639ff3e6fd5eba769d42db1ed36222a48af333a30a670254b30b164b74,620f300cbec1f56da4691882bc7dbe52593dc597fc62f6ae925c0f6ac72f1c6b,True,FORBIDDEN,0901433cbfe906073eae45118a1466e03afab04a766a3061a988ffe089ba4e01,9548a24a4faf5db17b5251df407b4402de033ae8648ec321c850fe6105002cf1,8128818d8ea8f5c3517d04da28955f010269df61e756429957a0a032386f6c51
flop_matched_concat,target-b,fixture-bank-15,fixture-base-15,e23949edbfe2dbe6dc73b97687bd3eed5fbc5d7bd72ecd8b2badea6dfbfe472e,234b78d61b49dc10d04ca8d24378f3b96eae7ef419b9bbe2bb61b3933c753b5d,17,2,0,-0.9241923495175396,csi-pairs-v6-software-fixture,ded1ec639ff3e6fd5eba769d42db1ed36222a48af333a30a670254b30b164b74,620f300cbec1f56da4691882bc7dbe52593dc597fc62f6ae925c0f6ac72f1c6b,True,FORBIDDEN,0901433cbfe906073eae45118a1466e03afab04a766a3061a988ffe089ba4e01,9548a24a4faf5db17b5251df407b4402de033ae8648ec321c850fe6105002cf1,8128818d8ea8f5c3517d04da28955f010269df61e756429957a0a032386f6c51
flop_matched_concat,target-b,fixture-bank-17,fixture-base-17,86a59d2849e34c3a9889d58bb3b67b946ca9eb639083798f219989137e7f4536,b8fec4fd063826ac29c6cc8d291ad3a1a89347817c28241565eb44269fa8c24d,17,2,0,-0.9327447783553863,csi-pairs-v6-software-fixture,ded1ec639ff3e6fd5eba769d42db1ed36222a48af333a30a670254b30b164b74,620f300cbec1f56da4691882bc7dbe52593dc597fc62f6ae925c0f6ac72f1c6b,True,FORBIDDEN,0901433cbfe906073eae45118a1466e03afab04a766a3061a988ffe089ba4e01,9548a24a4faf5db17b5251df407b4402de033ae8648ec321c850fe6105002cf1,8128818d8ea8f5c3517d04da28955f010269df61e756429957a0a032386f6c51
flop_matched_concat,target-b,fixture-bank-15,fixture-base-15,e23949edbfe2dbe6dc73b97687bd3eed5fbc5d7bd72ecd8b2badea6dfbfe472e,234b78d61b49dc10d04ca8d24378f3b96eae7ef419b9bbe2bb61b3933c753b5d,17,4,0,-0.9239268110648118,csi-pairs-v6-software-fixture,ded1ec639ff3e6fd5eba769d42db1ed36222a48af333a30a670254b30b164b74,620f300cbec1f56da4691882bc7dbe52593dc597fc62f6ae925c0f6ac72f1c6b,True,FORBIDDEN,0901433cbfe906073eae45118a1466e03afab04a766a3061a988ffe089ba4e01,9548a24a4faf5db17b5251df407b4402de033ae8648ec321c850fe6105002cf1,8128818d8ea8f5c3517d04da28955f010269df61e756429957a0a032386f6c51
flop_matched_concat,target-b,fixture-bank-17,fixture-base-17,86a59d2849e34c3a9889d58bb3b67b946ca9eb639083798f219989137e7f4536,b8fec4fd063826ac29c6cc8d291ad3a1a89347817c28241565eb44269fa8c24d,17,4,0,-0.9317989439419195,csi-pairs-v6-software-fixture,ded1ec639ff3e6fd5eba769d42db1ed36222a48af333a30a670254b30b164b74,620f300cbec1f56da4691882bc7dbe52593dc597fc62f6ae925c0f6ac72f1c6b,True,FORBIDDEN,0901433cbfe906073eae45118a1466e03afab04a766a3061a988ffe089ba4e01,9548a24a4faf5db17b5251df407b4402de033ae8648ec321c850fe6105002cf1,8128818d8ea8f5c3517d04da28955f010269df61e756429957a0a032386f6c51
flop_matched_concat,target-b,fixture-bank-15,fixture-base-15,e23949edbfe2dbe6dc73b97687bd3eed5fbc5d7bd72ecd8b2badea6dfbfe472e,234b78d61b49dc10d04ca8d24378f3b96eae7ef419b9bbe2bb61b3933c753b5d,17,2,1,-0.9240463015680285,csi-pairs-v6-software-fixture,ded1ec639ff3e6fd5eba769d42db1ed36222a48af333a30a670254b30b164b74,620f300cbec1f56da4691882bc7dbe52593dc597fc62f6ae925c0f6ac72f1c6b,True,FORBIDDEN,0901433cbfe906073eae45118a1466e03afab04a766a3061a988ffe089ba4e01,9548a24a4faf5db17b5251df407b4402de033ae8648ec321c850fe6105002cf1,8128818d8ea8f5c3517d04da28955f010269df61e756429957a0a032386f6c51
flop_matched_concat,target-b,fixture-bank-17,fixture-base-17,86a59d2849e34c3a9889d58bb3b67b946ca9eb639083798f219989137e7f4536,b8fec4fd063826ac29c6cc8d291ad3a1a89347817c28241565eb44269fa8c24d,17,2,1,-0.932439459376229,csi-pairs-v6-software-fixture,ded1ec639ff3e6fd5eba769d42db1ed36222a48af333a30a670254b30b164b74,620f300cbec1f56da4691882bc7dbe52593dc597fc62f6ae925c0f6ac72f1c6b,True,FORBIDDEN,0901433cbfe906073eae45118a1466e03afab04a766a3061a988ffe089ba4e01,9548a24a4faf5db17b5251df407b4402de033ae8648ec321c850fe6105002cf1,8128818d8ea8f5c3517d04da28955f010269df61e756429957a0a032386f6c51
flop_matched_concat,target-b,fixture-bank-15,fixture-base-15,e23949edbfe2dbe6dc73b97687bd3eed5fbc5d7bd72ecd8b2badea6dfbfe472e,234b78d61b49dc10d04ca8d24378f3b96eae7ef419b9bbe2bb61b3933c753b5d,17,4,1,-0.923580642979534,csi-pairs-v6-software-fixture,ded1ec639ff3e6fd5eba769d42db1ed36222a48af333a30a670254b30b164b74,620f300cbec1f56da4691882bc7dbe52593dc597fc62f6ae925c0f6ac72f1c6b,True,FORBIDDEN,0901433cbfe906073eae45118a1466e03afab04a766a3061a988ffe089ba4e01,9548a24a4faf5db17b5251df407b4402de033ae8648ec321c850fe6105002cf1,8128818d8ea8f5c3517d04da28955f010269df61e756429957a0a032386f6c51
flop_matched_concat,target-b,fixture-bank-17,fixture-base-17,86a59d2849e34c3a9889d58bb3b67b946ca9eb639083798f219989137e7f4536,b8fec4fd063826ac29c6cc8d291ad3a1a89347817c28241565eb44269fa8c24d,17,4,1,-0.9309523425420615,csi-pairs-v6-software-fixture,ded1ec639ff3e6fd5eba769d42db1ed36222a48af333a30a670254b30b164b74,620f300cbec1f56da4691882bc7dbe52593dc597fc62f6ae925c0f6ac72f1c6b,True,FORBIDDEN,0901433cbfe906073eae45118a1466e03afab04a766a3061a988ffe089ba4e01,9548a24a4faf5db17b5251df407b4402de033ae8648ec321c850fe6105002cf1,8128818d8ea8f5c3517d04da28955f010269df61e756429957a0a032386f6c51
flop_matched_concat,target-a,fixture-bank-14,fixture-base-14,86a59d2849e34c3a9889d58bb3b67b946ca9eb639083798f219989137e7f4536,d3ac0ba45cb8ca4a3062283c82745f423da87b60b62b7768857a4ffa9f3e71be,23,0,0,-0.530279185441412,csi-pairs-v6-software-fixture,ded1ec639ff3e6fd5eba769d42db1ed36222a48af333a30a670254b30b164b74,620f300cbec1f56da4691882bc7dbe52593dc597fc62f6ae925c0f6ac72f1c6b,True,FORBIDDEN,0901433cbfe906073eae45118a1466e03afab04a766a3061a988ffe089ba4e01,9548a24a4faf5db17b5251df407b4402de033ae8648ec321c850fe6105002cf1,8128818d8ea8f5c3517d04da28955f010269df61e756429957a0a032386f6c51
flop_matched_concat,target-a,fixture-bank-16,fixture-base-16,e23949edbfe2dbe6dc73b97687bd3eed5fbc5d7bd72ecd8b2badea6dfbfe472e,2b37638d300a790f3426572fa00b7bf61aa934746cb588d9fb5347ccf44b354c,23,0,0,-0.45870754941258707,csi-pairs-v6-software-fixture,ded1ec639ff3e6fd5eba769d42db1ed36222a48af333a30a670254b30b164b74,620f300cbec1f56da4691882bc7dbe52593dc597fc62f6ae925c0f6ac72f1c6b,True,FORBIDDEN,0901433cbfe906073eae45118a1466e03afab04a766a3061a988ffe089ba4e01,9548a24a4faf5db17b5251df407b4402de033ae8648ec321c850fe6105002cf1,8128818d8ea8f5c3517d04da28955f010269df61e756429957a0a032386f6c51
flop_matched_concat,target-a,fixture-bank-14,fixture-base-14,86a59d2849e34c3a9889d58bb3b67b946ca9eb639083798f219989137e7f4536,d3ac0ba45cb8ca4a3062283c82745f423da87b60b62b7768857a4ffa9f3e71be,23,2,0,-0.5493584332989614,csi-pairs-v6-software-fixture,ded1ec639ff3e6fd5eba769d42db1ed36222a48af333a30a670254b30b164b74,620f300cbec1f56da4691882bc7dbe52593dc597fc62f6ae925c0f6ac72f1c6b,True,FORBIDDEN,0901433cbfe906073eae45118a1466e03afab04a766a3061a988ffe089ba4e01,9548a24a4faf5db17b5251df407b4402de033ae8648ec321c850fe6105002cf1,8128818d8ea8f5c3517d04da28955f010269df61e756429957a0a032386f6c51
flop_matched_concat,target-a,fixture-bank-16,fixture-base-16,e23949edbfe2dbe6dc73b97687bd3eed5fbc5d7bd72ecd8b2badea6dfbfe472e,2b37638d300a790f3426572fa00b7bf61aa934746cb588d9fb5347ccf44b354c,23,2,0,-0.45962652647021474,csi-pairs-v6-software-fixture,ded1ec639ff3e6fd5eba769d42db1ed36222a48af333a30a670254b30b164b74,620f300cbec1f56da4691882bc7dbe52593dc597fc62f6ae925c0f6ac72f1c6b,True,FORBIDDEN,0901433cbfe906073eae45118a1466e03afab04a766a3061a988ffe089ba4e01,9548a24a4faf5db17b5251df407b4402de033ae8648ec321c850fe6105002cf1,8128818d8ea8f5c3517d04da28955f010269df61e756429957a0a032386f6c51
flop_matched_concat,target-a,fixture-bank-14,fixture-base-14,86a59d2849e34c3a9889d58bb3b67b946ca9eb639083798f219989137e7f4536,d3ac0ba45cb8ca4a3062283c82745f423da87b60b62b7768857a4ffa9f3e71be,23,4,0,-0.5351700768425091,csi-pairs-v6-software-fixture,ded1ec639ff3e6fd5eba769d42db1ed36222a48af333a30a670254b30b164b74,620f300cbec1f56da4691882bc7dbe52593dc597fc62f6ae925c0f6ac72f1c6b,True,FORBIDDEN,0901433cbfe906073eae45118a1466e03afab04a766a3061a988ffe089ba4e01,9548a24a4faf5db17b5251df407b4402de033ae8648ec321c850fe6105002cf1,8128818d8ea8f5c3517d04da28955f010269df61e756429957a0a032386f6c51
flop_matched_concat,target-a,fixture-bank-16,fixture-base-16,e23949edbfe2dbe6dc73b97687bd3eed5fbc5d7bd72ecd8b2badea6dfbfe472e,2b37638d300a790f3426572fa00b7bf61aa934746cb588d9fb5347ccf44b354c,23,4,0,-0.459723125633214,csi-pairs-v6-software-fixture,ded1ec639ff3e6fd5eba769d42db1ed36222a48af333a30a670254b30b164b74,620f300cbec1f56da4691882bc7dbe52593dc597fc62f6ae925c0f6ac72f1c6b,True,FORBIDDEN,0901433cbfe906073eae45118a1466e03afab04a766a3061a988ffe089ba4e01,9548a24a4faf5db17b5251df407b4402de033ae8648ec321c850fe6105002cf1,8128818d8ea8f5c3517d04da28955f010269df61e756429957a0a032386f6c51
flop_matched_concat,target-a,fixture-bank-14,fixture-base-14,86a59d2849e34c3a9889d58bb3b67b946ca9eb639083798f219989137e7f4536,d3ac0ba45cb8ca4a3062283c82745f423da87b60b62b7768857a4ffa9f3e71be,23,2,1,-0.5302252738346025,csi-pairs-v6-software-fixture,ded1ec639ff3e6fd5eba769d42db1ed36222a48af333a30a670254b30b164b74,620f300cbec1f56da4691882bc7dbe52593dc597fc62f6ae925c0f6ac72f1c6b,True,FORBIDDEN,0901433cbfe906073eae45118a1466e03afab04a766a3061a988ffe089ba4e01,9548a24a4faf5db17b5251df407b4402de033ae8648ec321c850fe6105002cf1,8128818d8ea8f5c3517d04da28955f010269df61e756429957a0a032386f6c51
flop_matched_concat,target-a,fixture-bank-16,fixture-base-16,e23949edbfe2dbe6dc73b97687bd3eed5fbc5d7bd72ecd8b2badea6dfbfe472e,2b37638d300a790f3426572fa00b7bf61aa934746cb588d9fb5347ccf44b354c,23,2,1,-0.4592426183698965,csi-pairs-v6-software-fixture,ded1ec639ff3e6fd5eba769d42db1ed36222a48af333a30a670254b30b164b74,620f300cbec1f56da4691882bc7dbe52593dc597fc62f6ae925c0f6ac72f1c6b,True,FORBIDDEN,0901433cbfe906073eae45118a1466e03afab04a766a3061a988ffe089ba4e01,9548a24a4faf5db17b5251df407b4402de033ae8648ec321c850fe6105002cf1,8128818d8ea8f5c3517d04da28955f010269df61e756429957a0a032386f6c51
flop_matched_concat,target-a,fixture-bank-14,fixture-base-14,86a59d2849e34c3a9889d58bb3b67b946ca9eb639083798f219989137e7f4536,d3ac0ba45cb8ca4a3062283c82745f423da87b60b62b7768857a4ffa9f3e71be,23,4,1,-0.5264269415578304,csi-pairs-v6-software-fixture,ded1ec639ff3e6fd5eba769d42db1ed36222a48af333a30a670254b30b164b74,620f300cbec1f56da4691882bc7dbe52593dc597fc62f6ae925c0f6ac72f1c6b,True,FORBIDDEN,0901433cbfe906073eae45118a1466e03afab04a766a3061a988ffe089ba4e01,9548a24a4faf5db17b5251df407b4402de033ae8648ec321c850fe6105002cf1,8128818d8ea8f5c3517d04da28955f010269df61e756429957a0a032386f6c51
flop_matched_concat,target-a,fixture-bank-16,fixture-base-16,e23949edbfe2dbe6dc73b97687bd3eed5fbc5d7bd72ecd8b2badea6dfbfe472e,2b37638d300a790f3426572fa00b7bf61aa934746cb588d9fb5347ccf44b354c,23,4,1,-0.45885358979903573,csi-pairs-v6-software-fixture,ded1ec639ff3e6fd5eba769d42db1ed36222a48af333a30a670254b30b164b74,620f300cbec1f56da4691882bc7dbe52593dc597fc62f6ae925c0f6ac72f1c6b,True,FORBIDDEN,0901433cbfe906073eae45118a1466e03afab04a766a3061a988ffe089ba4e01,9548a24a4faf5db17b5251df407b4402de033ae8648ec321c850fe6105002cf1,8128818d8ea8f5c3517d04da28955f010269df61e756429957a0a032386f6c51
flop_matched_concat,target-b,fixture-bank-15,fixture-base-15,e23949edbfe2dbe6dc73b97687bd3eed5fbc5d7bd72ecd8b2badea6dfbfe472e,234b78d61b49dc10d04ca8d24378f3b96eae7ef419b9bbe2bb61b3933c753b5d,23,0,0,-0.9456945531257253,csi-pairs-v6-software-fixture,ded1ec639ff3e6fd5eba769d42db1ed36222a48af333a30a670254b30b164b74,620f300cbec1f56da4691882bc7dbe52593dc597fc62f6ae925c0f6ac72f1c6b,True,FORBIDDEN,0901433cbfe906073eae45118a1466e03afab04a766a3061a988ffe089ba4e01,9548a24a4faf5db17b5251df407b4402de033ae8648ec321c850fe6105002cf1,8128818d8ea8f5c3517d04da28955f010269df61e756429957a0a032386f6c51
flop_matched_concat,target-b,fixture-bank-17,fixture-base-17,86a59d2849e34c3a9889d58bb3b67b946ca9eb639083798f219989137e7f4536,b8fec4fd063826ac29c6cc8d291ad3a1a89347817c28241565eb44269fa8c24d,23,0,0,-0.9634381782645588,csi-pairs-v6-software-fixture,ded1ec639ff3e6fd5eba769d42db1ed36222a48af333a30a670254b30b164b74,620f300cbec1f56da4691882bc7dbe52593dc597fc62f6ae925c0f6ac72f1c6b,True,FORBIDDEN,0901433cbfe906073eae45118a1466e03afab04a766a3061a988ffe089ba4e01,9548a24a4faf5db17b5251df407b4402de033ae8648ec321c850fe6105002cf1,8128818d8ea8f5c3517d04da28955f010269df61e756429957a0a032386f6c51
flop_matched_concat,target-b,fixture-bank-15,fixture-base-15,e23949edbfe2dbe6dc73b97687bd3eed5fbc5d7bd72ecd8b2badea6dfbfe472e,234b78d61b49dc10d04ca8d24378f3b96eae7ef419b9bbe2bb61b3933c753b5d,23,2,0,-0.945107224958774,csi-pairs-v6-software-fixture,ded1ec639ff3e6fd5eba769d42db1ed36222a48af333a30a670254b30b164b74,620f300cbec1f56da4691882bc7dbe52593dc597fc62f6ae925c0f6ac72f1c6b,True,FORBIDDEN,0901433cbfe906073eae45118a1466e03afab04a766a3061a988ffe089ba4e01,9548a24a4faf5db17b5251df407b4402de033ae8648ec321c850fe6105002cf1,8128818d8ea8f5c3517d04da28955f010269df61e756429957a0a032386f6c51
flop_matched_concat,target-b,fixture-bank-17,fixture-base-17,86a59d2849e34c3a9889d58bb3b67b946ca9eb639083798f219989137e7f4536,b8fec4fd063826ac29c6cc8d291ad3a1a89347817c28241565eb44269fa8c24d,23,2,0,-0.9554090094751866,csi-pairs-v6-software-fixture,ded1ec639ff3e6fd5eba769d42db1ed36222a48af333a30a670254b30b164b74,620f300cbec1f56da4691882bc7dbe52593dc597fc62f6ae925c0f6ac72f1c6b,True,FORBIDDEN,0901433cbfe906073eae45118a1466e03afab04a766a3061a988ffe089ba4e01,9548a24a4faf5db17b5251df407b4402de033ae8648ec321c850fe6105002cf1,8128818d8ea8f5c3517d04da28955f010269df61e756429957a0a032386f6c51
flop_matched_concat,target-b,fixture-bank-15,fixture-base-15,e23949edbfe2dbe6dc73b97687bd3eed5fbc5d7bd72ecd8b2badea6dfbfe472e,234b78d61b49dc10d04ca8d24378f3b96eae7ef419b9bbe2bb61b3933c753b5d,23,4,0,-0.9450936902260298,csi-pairs-v6-software-fixture,ded1ec639ff3e6fd5eba769d42db1ed36222a48af333a30a670254b30b164b74,620f300cbec1f56da4691882bc7dbe52593dc597fc62f6ae925c0f6ac72f1c6b,True,FORBIDDEN,0901433cbfe906073eae45118a1466e03afab04a766a3061a988ffe089ba4e01,9548a24a4faf5db17b5251df407b4402de033ae8648ec321c850fe6105002cf1,8128818d8ea8f5c3517d04da28955f010269df61e756429957a0a032386f6c51
flop_matched_concat,target-b,fixture-bank-17,fixture-base-17,86a59d2849e34c3a9889d58bb3b67b946ca9eb639083798f219989137e7f4536,b8fec4fd063826ac29c6cc8d291ad3a1a89347817c28241565eb44269fa8c24d,23,4,0,-0.9562637008714021,csi-pairs-v6-software-fixture,ded1ec639ff3e6fd5eba769d42db1ed36222a48af333a30a670254b30b164b74,620f300cbec1f56da4691882bc7dbe52593dc597fc62f6ae925c0f6ac72f1c6b,True,FORBIDDEN,0901433cbfe906073eae45118a1466e03afab04a766a3061a988ffe089ba4e01,9548a24a4faf5db17b5251df407b4402de033ae8648ec321c850fe6105002cf1,8128818d8ea8f5c3517d04da28955f010269df61e756429957a0a032386f6c51
flop_matched_concat,target-b,fixture-bank-15,fixture-base-15,e23949edbfe2dbe6dc73b97687bd3eed5fbc5d7bd72ecd8b2badea6dfbfe472e,234b78d61b49dc10d04ca8d24378f3b96eae7ef419b9bbe2bb61b3933c753b5d,23,2,1,-0.9445226527086479,csi-pairs-v6-software-fixture,ded1ec639ff3e6fd5eba769d42db1ed36222a48af333a30a670254b30b164b74,620f300cbec1f56da4691882bc7dbe52593dc597fc62f6ae925c0f6ac72f1c6b,True,FORBIDDEN,0901433cbfe906073eae45118a1466e03afab04a766a3061a988ffe089ba4e01,9548a24a4faf5db17b5251df407b4402de033ae8648ec321c850fe6105002cf1,8128818d8ea8f5c3517d04da28955f010269df61e756429957a0a032386f6c51
flop_matched_concat,target-b,fixture-bank-17,fixture-base-17,86a59d2849e34c3a9889d58bb3b67b946ca9eb639083798f219989137e7f4536,b8fec4fd063826ac29c6cc8d291ad3a1a89347817c28241565eb44269fa8c24d,23,2,1,-0.9574035566739031,csi-pairs-v6-software-fixture,ded1ec639ff3e6fd5eba769d42db1ed36222a48af333a30a670254b30b164b74,620f300cbec1f56da4691882bc7dbe52593dc597fc62f6ae925c0f6ac72f1c6b,True,FORBIDDEN,0901433cbfe906073eae45118a1466e03afab04a766a3061a988ffe089ba4e01,9548a24a4faf5db17b5251df407b4402de033ae8648ec321c850fe6105002cf1,8128818d8ea8f5c3517d04da28955f010269df61e756429957a0a032386f6c51
flop_matched_concat,target-b,fixture-bank-15,fixture-base-15,e23949edbfe2dbe6dc73b97687bd3eed5fbc5d7bd72ecd8b2badea6dfbfe472e,234b78d61b49dc10d04ca8d24378f3b96eae7ef419b9bbe2bb61b3933c753b5d,23,4,1,-0.9442176434503852,csi-pairs-v6-software-fixture,ded1ec639ff3e6fd5eba769d42db1ed36222a48af333a30a670254b30b164b74,620f300cbec1f56da4691882bc7dbe52593dc597fc62f6ae925c0f6ac72f1c6b,True,FORBIDDEN,0901433cbfe906073eae45118a1466e03afab04a766a3061a988ffe089ba4e01,9548a24a4faf5db17b5251df407b4402de033ae8648ec321c850fe6105002cf1,8128818d8ea8f5c3517d04da28955f010269df61e756429957a0a032386f6c51
flop_matched_concat,target-b,fixture-bank-17,fixture-base-17,86a59d2849e34c3a9889d58bb3b67b946ca9eb639083798f219989137e7f4536,b8fec4fd063826ac29c6cc8d291ad3a1a89347817c28241565eb44269fa8c24d,23,4,1,-0.9589158450894634,csi-pairs-v6-software-fixture,ded1ec639ff3e6fd5eba769d42db1ed36222a48af333a30a670254b30b164b74,620f300cbec1f56da4691882bc7dbe52593dc597fc62f6ae925c0f6ac72f1c6b,True,FORBIDDEN,0901433cbfe906073eae45118a1466e03afab04a766a3061a988ffe089ba4e01,9548a24a4faf5db17b5251df407b4402de033ae8648ec321c850fe6105002cf1,8128818d8ea8f5c3517d04da28955f010269df61e756429957a0a032386f6c51
flop_matched_concat,target-a,fixture-bank-14,fixture-base-14,86a59d2849e34c3a9889d58bb3b67b946ca9eb639083798f219989137e7f4536,d3ac0ba45cb8ca4a3062283c82745f423da87b60b62b7768857a4ffa9f3e71be,31,0,0,-0.5272152578383864,csi-pairs-v6-software-fixture,ded1ec639ff3e6fd5eba769d42db1ed36222a48af333a30a670254b30b164b74,620f300cbec1f56da4691882bc7dbe52593dc597fc62f6ae925c0f6ac72f1c6b,True,FORBIDDEN,0901433cbfe906073eae45118a1466e03afab04a766a3061a988ffe089ba4e01,9548a24a4faf5db17b5251df407b4402de033ae8648ec321c850fe6105002cf1,8128818d8ea8f5c3517d04da28955f010269df61e756429957a0a032386f6c51
flop_matched_concat,target-a,fixture-bank-16,fixture-base-16,e23949edbfe2dbe6dc73b97687bd3eed5fbc5d7bd72ecd8b2badea6dfbfe472e,2b37638d300a790f3426572fa00b7bf61aa934746cb588d9fb5347ccf44b354c,31,0,0,-0.46332335346371756,csi-pairs-v6-software-fixture,ded1ec639ff3e6fd5eba769d42db1ed36222a48af333a30a670254b30b164b74,620f300cbec1f56da4691882bc7dbe52593dc597fc62f6ae925c0f6ac72f1c6b,True,FORBIDDEN,0901433cbfe906073eae45118a1466e03afab04a766a3061a988ffe089ba4e01,9548a24a4faf5db17b5251df407b4402de033ae8648ec321c850fe6105002cf1,8128818d8ea8f5c3517d04da28955f010269df61e756429957a0a032386f6c51
flop_matched_concat,target-a,fixture-bank-14,fixture-base-14,86a59d2849e34c3a9889d58bb3b67b946ca9eb639083798f219989137e7f4536,d3ac0ba45cb8ca4a3062283c82745f423da87b60b62b7768857a4ffa9f3e71be,31,2,0,-0.5188831613175705,csi-pairs-v6-software-fixture,ded1ec639ff3e6fd5eba769d42db1ed36222a48af333a30a670254b30b164b74,620f300cbec1f56da4691882bc7dbe52593dc597fc62f6ae925c0f6ac72f1c6b,True,FORBIDDEN,0901433cbfe906073eae45118a1466e03afab04a766a3061a988ffe089ba4e01,9548a24a4faf5db17b5251df407b4402de033ae8648ec321c850fe6105002cf1,8128818d8ea8f5c3517d04da28955f010269df61e756429957a0a032386f6c51
flop_matched_concat,target-a,fixture-bank-16,fixture-base-16,e23949edbfe2dbe6dc73b97687bd3eed5fbc5d7bd72ecd8b2badea6dfbfe472e,2b37638d300a790f3426572fa00b7bf61aa934746cb588d9fb5347ccf44b354c,31,2,0,-0.46219235643984863,csi-pairs-v6-software-fixture,ded1ec639ff3e6fd5eba769d42db1ed36222a48af333a30a670254b30b164b74,620f300cbec1f56da4691882bc7dbe52593dc597fc62f6ae925c0f6ac72f1c6b,True,FORBIDDEN,0901433cbfe906073eae45118a1466e03afab04a766a3061a988ffe089ba4e01,9548a24a4faf5db17b5251df407b4402de033ae8648ec321c850fe6105002cf1,8128818d8ea8f5c3517d04da28955f010269df61e756429957a0a032386f6c51
flop_matched_concat,target-a,fixture-bank-14,fixture-base-14,86a59d2849e34c3a9889d58bb3b67b946ca9eb639083798f219989137e7f4536,d3ac0ba45cb8ca4a3062283c82745f423da87b60b62b7768857a4ffa9f3e71be,31,4,0,-0.5188983124329103,csi-pairs-v6-software-fixture,ded1ec639ff3e6fd5eba769d42db1ed36222a48af333a30a670254b30b164b74,620f300cbec1f56da4691882bc7dbe52593dc597fc62f6ae925c0f6ac72f1c6b,True,FORBIDDEN,0901433cbfe906073eae45118a1466e03afab04a766a3061a988ffe089ba4e01,9548a24a4faf5db17b5251df407b4402de033ae8648ec321c850fe6105002cf1,8128818d8ea8f5c3517d04da28955f010269df61e756429957a0a032386f6c51
flop_matched_concat,target-a,fixture-bank-16,fixture-base-16,e23949edbfe2dbe6dc73b97687bd3eed5fbc5d7bd72ecd8b2badea6dfbfe472e,2b37638d300a790f3426572fa00b7bf61aa934746cb588d9fb5347ccf44b354c,31,4,0,-0.46212019576991714,csi-pairs-v6-software-fixture,ded1ec639ff3e6fd5eba769d42db1ed36222a48af333a30a670254b30b164b74,620f300cbec1f56da4691882bc7dbe52593dc597fc62f6ae925c0f6ac72f1c6b,True,FORBIDDEN,0901433cbfe906073eae45118a1466e03afab04a766a3061a988ffe089ba4e01,9548a24a4faf5db17b5251df407b4402de033ae8648ec321c850fe6105002cf1,8128818d8ea8f5c3517d04da28955f010269df61e756429957a0a032386f6c51
flop_matched_concat,target-a,fixture-bank-14,fixture-base-14,86a59d2849e34c3a9889d58bb3b67b946ca9eb639083798f219989137e7f4536,d3ac0ba45cb8ca4a3062283c82745f423da87b60b62b7768857a4ffa9f3e71be,31,2,1,-0.527491849655956,csi-pairs-v6-software-fixture,ded1ec639ff3e6fd5eba769d42db1ed36222a48af333a30a670254b30b164b74,620f300cbec1f56da4691882bc7dbe52593dc597fc62f6ae925c0f6ac72f1c6b,True,FORBIDDEN,0901433cbfe906073eae45118a1466e03afab04a766a3061a988ffe089ba4e01,9548a24a4faf5db17b5251df407b4402de033ae8648ec321c850fe6105002cf1,8128818d8ea8f5c3517d04da28955f010269df61e756429957a0a032386f6c51
flop_matched_concat,target-a,fixture-bank-16,fixture-base-16,e23949edbfe2dbe6dc73b97687bd3eed5fbc5d7bd72ecd8b2badea6dfbfe472e,2b37638d300a790f3426572fa00b7bf61aa934746cb588d9fb5347ccf44b354c,31,2,1,-0.46397051558428504,csi-pairs-v6-software-fixture,ded1ec639ff3e6fd5eba769d42db1ed36222a48af333a30a670254b30b164b74,620f300cbec1f56da4691882bc7dbe52593dc597fc62f6ae925c0f6ac72f1c6b,True,FORBIDDEN,0901433cbfe906073eae45118a1466e03afab04a766a3061a988ffe089ba4e01,9548a24a4faf5db17b5251df407b4402de033ae8648ec321c850fe6105002cf1,8128818d8ea8f5c3517d04da28955f010269df61e756429957a0a032386f6c51
flop_matched_concat,target-a,fixture-bank-14,fixture-base-14,86a59d2849e34c3a9889d58bb3b67b946ca9eb639083798f219989137e7f4536,d3ac0ba45cb8ca4a3062283c82745f423da87b60b62b7768857a4ffa9f3e71be,31,4,1,-0.5233972327209222,csi-pairs-v6-software-fixture,ded1ec639ff3e6fd5eba769d42db1ed36222a48af333a30a670254b30b164b74,620f300cbec1f56da4691882bc7dbe52593dc597fc62f6ae925c0f6ac72f1c6b,True,FORBIDDEN,0901433cbfe906073eae45118a1466e03afab04a766a3061a988ffe089ba4e01,9548a24a4faf5db17b5251df407b4402de033ae8648ec321c850fe6105002cf1,8128818d8ea8f5c3517d04da28955f010269df61e756429957a0a032386f6c51
flop_matched_concat,target-a,fixture-bank-16,fixture-base-16,e23949edbfe2dbe6dc73b97687bd3eed5fbc5d7bd72ecd8b2badea6dfbfe472e,2b37638d300a790f3426572fa00b7bf61aa934746cb588d9fb5347ccf44b354c,31,4,1,-0.4630287443463316,csi-pairs-v6-software-fixture,ded1ec639ff3e6fd5eba769d42db1ed36222a48af333a30a670254b30b164b74,620f300cbec1f56da4691882bc7dbe52593dc597fc62f6ae925c0f6ac72f1c6b,True,FORBIDDEN,0901433cbfe906073eae45118a1466e03afab04a766a3061a988ffe089ba4e01,9548a24a4faf5db17b5251df407b4402de033ae8648ec321c850fe6105002cf1,8128818d8ea8f5c3517d04da28955f010269df61e756429957a0a032386f6c51
flop_matched_concat,target-b,fixture-bank-15,fixture-base-15,e23949edbfe2dbe6dc73b97687bd3eed5fbc5d7bd72ecd8b2badea6dfbfe472e,234b78d61b49dc10d04ca8d24378f3b96eae7ef419b9bbe2bb61b3933c753b5d,31,0,0,-0.9493908689490296,csi-pairs-v6-software-fixture,ded1ec639ff3e6fd5eba769d42db1ed36222a48af333a30a670254b30b164b74,620f300cbec1f56da4691882bc7dbe52593dc597fc62f6ae925c0f6ac72f1c6b,True,FORBIDDEN,0901433cbfe906073eae45118a1466e03afab04a766a3061a988ffe089ba4e01,9548a24a4faf5db17b5251df407b4402de033ae8648ec321c850fe6105002cf1,8128818d8ea8f5c3517d04da28955f010269df61e756429957a0a032386f6c51
flop_matched_concat,target-b,fixture-bank-17,fixture-base-17,86a59d2849e34c3a9889d58bb3b67b946ca9eb639083798f219989137e7f4536,b8fec4fd063826ac29c6cc8d291ad3a1a89347817c28241565eb44269fa8c24d,31,0,0,-1.0144822503726376,csi-pairs-v6-software-fixture,ded1ec639ff3e6fd5eba769d42db1ed36222a48af333a30a670254b30b164b74,620f300cbec1f56da4691882bc7dbe52593dc597fc62f6ae925c0f6ac72f1c6b,True,FORBIDDEN,0901433cbfe906073eae45118a1466e03afab04a766a3061a988ffe089ba4e01,9548a24a4faf5db17b5251df407b4402de033ae8648ec321c850fe6105002cf1,8128818d8ea8f5c3517d04da28955f010269df61e756429957a0a032386f6c51
flop_matched_concat,target-b,fixture-bank-15,fixture-base-15,e23949edbfe2dbe6dc73b97687bd3eed5fbc5d7bd72ecd8b2badea6dfbfe472e,234b78d61b49dc10d04ca8d24378f3b96eae7ef419b9bbe2bb61b3933c753b5d,31,2,0,-0.947363662997908,csi-pairs-v6-software-fixture,ded1ec639ff3e6fd5eba769d42db1ed36222a48af333a30a670254b30b164b74,620f300cbec1f56da4691882bc7dbe52593dc597fc62f6ae925c0f6ac72f1c6b,True,FORBIDDEN,0901433cbfe906073eae45118a1466e03afab04a766a3061a988ffe089ba4e01,9548a24a4faf5db17b5251df407b4402de033ae8648ec321c850fe6105002cf1,8128818d8ea8f5c3517d04da28955f010269df61e756429957a0a032386f6c51
flop_matched_concat,target-b,fixture-bank-17,fixture-base-17,86a59d2849e34c3a9889d58bb3b67b946ca9eb639083798f219989137e7f4536,b8fec4fd063826ac29c6cc8d291ad3a1a89347817c28241565eb44269fa8c24d,31,2,0,-1.0098339438852644,csi-pairs-v6-software-fixture,ded1ec639ff3e6fd5eba769d42db1ed36222a48af333a30a670254b30b164b74,620f300cbec1f56da4691882bc7dbe52593dc597fc62f6ae925c0f6ac72f1c6b,True,FORBIDDEN,0901433cbfe906073eae45118a1466e03afab04a766a3061a988ffe089ba4e01,9548a24a4faf5db17b5251df407b4402de033ae8648ec321c850fe6105002cf1,8128818d8ea8f5c3517d04da28955f010269df61e756429957a0a032386f6c51
flop_matched_concat,target-b,fixture-bank-15,fixture-base-15,e23949edbfe2dbe6dc73b97687bd3eed5fbc5d7bd72ecd8b2badea6dfbfe472e,234b78d61b49dc10d04ca8d24378f3b96eae7ef419b9bbe2bb61b3933c753b5d,31,4,0,-0.9478375878367237,csi-pairs-v6-software-fixture,ded1ec639ff3e6fd5eba769d42db1ed36222a48af333a30a670254b30b164b74,620f300cbec1f56da4691882bc7dbe52593dc597fc62f6ae925c0f6ac72f1c6b,True,FORBIDDEN,0901433cbfe906073eae45118a1466e03afab04a766a3061a988ffe089ba4e01,9548a24a4faf5db17b5251df407b4402de033ae8648ec321c850fe6105002cf1,8128818d8ea8f5c3517d04da28955f010269df61e756429957a0a032386f6c51
flop_matched_concat,target-b,fixture-bank-17,fixture-base-17,86a59d2849e34c3a9889d58bb3b67b946ca9eb639083798f219989137e7f4536,b8fec4fd063826ac29c6cc8d291ad3a1a89347817c28241565eb44269fa8c24d,31,4,0,-1.0108580746232485,csi-pairs-v6-software-fixture,ded1ec639ff3e6fd5eba769d42db1ed36222a48af333a30a670254b30b164b74,620f300cbec1f56da4691882bc7dbe52593dc597fc62f6ae925c0f6ac72f1c6b,True,FORBIDDEN,0901433cbfe906073eae45118a1466e03afab04a766a3061a988ffe089ba4e01,9548a24a4faf5db17b5251df407b4402de033ae8648ec321c850fe6105002cf1,8128818d8ea8f5c3517d04da28955f010269df61e756429957a0a032386f6c51
flop_matched_concat,target-b,fixture-bank-15,fixture-base-15,e23949edbfe2dbe6dc73b97687bd3eed5fbc5d7bd72ecd8b2badea6dfbfe472e,234b78d61b49dc10d04ca8d24378f3b96eae7ef419b9bbe2bb61b3933c753b5d,31,2,1,-0.9484038435269964,csi-pairs-v6-software-fixture,ded1ec639ff3e6fd5eba769d42db1ed36222a48af333a30a670254b30b164b74,620f300cbec1f56da4691882bc7dbe52593dc597fc62f6ae925c0f6ac72f1c6b,True,FORBIDDEN,0901433cbfe906073eae45118a1466e03afab04a766a3061a988ffe089ba4e01,9548a24a4faf5db17b5251df407b4402de033ae8648ec321c850fe6105002cf1,8128818d8ea8f5c3517d04da28955f010269df61e756429957a0a032386f6c51
flop_matched_concat,target-b,fixture-bank-17,fixture-base-17,86a59d2849e34c3a9889d58bb3b67b946ca9eb639083798f219989137e7f4536,b8fec4fd063826ac29c6cc8d291ad3a1a89347817c28241565eb44269fa8c24d,31,2,1,-1.0120447030500166,csi-pairs-v6-software-fixture,ded1ec639ff3e6fd5eba769d42db1ed36222a48af333a30a670254b30b164b74,620f300cbec1f56da4691882bc7dbe52593dc597fc62f6ae925c0f6ac72f1c6b,True,FORBIDDEN,0901433cbfe906073eae45118a1466e03afab04a766a3061a988ffe089ba4e01,9548a24a4faf5db17b5251df407b4402de033ae8648ec321c850fe6105002cf1,8128818d8ea8f5c3517d04da28955f010269df61e756429957a0a032386f6c51
flop_matched_concat,target-b,fixture-bank-15,fixture-base-15,e23949edbfe2dbe6dc73b97687bd3eed5fbc5d7bd72ecd8b2badea6dfbfe472e,234b78d61b49dc10d04ca8d24378f3b96eae7ef419b9bbe2bb61b3933c753b5d,31,4,1,-0.9476878952801302,csi-pairs-v6-software-fixture,ded1ec639ff3e6fd5eba769d42db1ed36222a48af333a30a670254b30b164b74,620f300cbec1f56da4691882bc7dbe52593dc597fc62f6ae925c0f6ac72f1c6b,True,FORBIDDEN,0901433cbfe906073eae45118a1466e03afab04a766a3061a988ffe089ba4e01,9548a24a4faf5db17b5251df407b4402de033ae8648ec321c850fe6105002cf1,8128818d8ea8f5c3517d04da28955f010269df61e756429957a0a032386f6c51
flop_matched_concat,target-b,fixture-bank-17,fixture-base-17,86a59d2849e34c3a9889d58bb3b67b946ca9eb639083798f219989137e7f4536,b8fec4fd063826ac29c6cc8d291ad3a1a89347817c28241565eb44269fa8c24d,31,4,1,-1.011273535047464,csi-pairs-v6-software-fixture,ded1ec639ff3e6fd5eba769d42db1ed36222a48af333a30a670254b30b164b74,620f300cbec1f56da4691882bc7dbe52593dc597fc62f6ae925c0f6ac72f1c6b,True,FORBIDDEN,0901433cbfe906073eae45118a1466e03afab04a766a3061a988ffe089ba4e01,9548a24a4faf5db17b5251df407b4402de033ae8648ec321c850fe6105002cf1,8128818d8ea8f5c3517d04da28955f010269df61e756429957a0a032386f6c51
generous_2x_concat,target-a,fixture-bank-14,fixture-base-14,86a59d2849e34c3a9889d58bb3b67b946ca9eb639083798f219989137e7f4536,d3ac0ba45cb8ca4a3062283c82745f423da87b60b62b7768857a4ffa9f3e71be,17,0,0,-0.46765139005282225,csi-pairs-v6-software-fixture,ded1ec639ff3e6fd5eba769d42db1ed36222a48af333a30a670254b30b164b74,620f300cbec1f56da4691882bc7dbe52593dc597fc62f6ae925c0f6ac72f1c6b,True,FORBIDDEN,0901433cbfe906073eae45118a1466e03afab04a766a3061a988ffe089ba4e01,9548a24a4faf5db17b5251df407b4402de033ae8648ec321c850fe6105002cf1,8128818d8ea8f5c3517d04da28955f010269df61e756429957a0a032386f6c51
generous_2x_concat,target-a,fixture-bank-16,fixture-base-16,e23949edbfe2dbe6dc73b97687bd3eed5fbc5d7bd72ecd8b2badea6dfbfe472e,2b37638d300a790f3426572fa00b7bf61aa934746cb588d9fb5347ccf44b354c,17,0,0,-0.47268522843050065,csi-pairs-v6-software-fixture,ded1ec639ff3e6fd5eba769d42db1ed36222a48af333a30a670254b30b164b74,620f300cbec1f56da4691882bc7dbe52593dc597fc62f6ae925c0f6ac72f1c6b,True,FORBIDDEN,0901433cbfe906073eae45118a1466e03afab04a766a3061a988ffe089ba4e01,9548a24a4faf5db17b5251df407b4402de033ae8648ec321c850fe6105002cf1,8128818d8ea8f5c3517d04da28955f010269df61e756429957a0a032386f6c51
generous_2x_concat,target-a,fixture-bank-14,fixture-base-14,86a59d2849e34c3a9889d58bb3b67b946ca9eb639083798f219989137e7f4536,d3ac0ba45cb8ca4a3062283c82745f423da87b60b62b7768857a4ffa9f3e71be,17,2,0,-0.4654762036472145,csi-pairs-v6-software-fixture,ded1ec639ff3e6fd5eba769d42db1ed36222a48af333a30a670254b30b164b74,620f300cbec1f56da4691882bc7dbe52593dc597fc62f6ae925c0f6ac72f1c6b,True,FORBIDDEN,0901433cbfe906073eae45118a1466e03afab04a766a3061a988ffe089ba4e01,9548a24a4faf5db17b5251df407b4402de033ae8648ec321c850fe6105002cf1,8128818d8ea8f5c3517d04da28955f010269df61e756429957a0a032386f6c51
generous_2x_concat,target-a,fixture-bank-16,fixture-base-16,e23949edbfe2dbe6dc73b97687bd3eed5fbc5d7bd72ecd8b2badea6dfbfe472e,2b37638d300a790f3426572fa00b7bf61aa934746cb588d9fb5347ccf44b354c,17,2,0,-0.46928818107834236,csi-pairs-v6-software-fixture,ded1ec639ff3e6fd5eba769d42db1ed36222a48af333a30a670254b30b164b74,620f300cbec1f56da4691882bc7dbe52593dc597fc62f6ae925c0f6ac72f1c6b,True,FORBIDDEN,0901433cbfe906073eae45118a1466e03afab04a766a3061a988ffe089ba4e01,9548a24a4faf5db17b5251df407b4402de033ae8648ec321c850fe6105002cf1,8128818d8ea8f5c3517d04da28955f010269df61e756429957a0a032386f6c51
generous_2x_concat,target-a,fixture-bank-14,fixture-base-14,86a59d2849e34c3a9889d58bb3b67b946ca9eb639083798f219989137e7f4536,d3ac0ba45cb8ca4a3062283c82745f423da87b60b62b7768857a4ffa9f3e71be,17,4,0,-0.46706671470569433,csi-pairs-v6-software-fixture,ded1ec639ff3e6fd5eba769d42db1ed36222a48af333a30a670254b30b164b74,620f300cbec1f56da4691882bc7dbe52593dc597fc62f6ae925c0f6ac72f1c6b,True,FORBIDDEN,0901433cbfe906073eae45118a1466e03afab04a766a3061a988ffe089ba4e01,9548a24a4faf5db17b5251df407b4402de033ae8648ec321c850fe6105002cf1,8128818d8ea8f5c3517d04da28955f010269df61e756429957a0a032386f6c51
generous_2x_concat,target-a,fixture-bank-16,fixture-base-16,e23949edbfe2dbe6dc73b97687bd3eed5fbc5d7bd72ecd8b2badea6dfbfe472e,2b37638d300a790f3426572fa00b7bf61aa934746cb588d9fb5347ccf44b354c,17,4,0,-0.4718382688739725,csi-pairs-v6-software-fixture,ded1ec639ff3e6fd5eba769d42db1ed36222a48af333a30a670254b30b164b74,620f300cbec1f56da4691882bc7dbe52593dc597fc62f6ae925c0f6ac72f1c6b,True,FORBIDDEN,0901433cbfe906073eae45118a1466e03afab04a766a3061a988ffe089ba4e01,9548a24a4faf5db17b5251df407b4402de033ae8648ec321c850fe6105002cf1,8128818d8ea8f5c3517d04da28955f010269df61e756429957a0a032386f6c51
generous_2x_concat,target-a,fixture-bank-14,fixture-base-14,86a59d2849e34c3a9889d58bb3b67b946ca9eb639083798f219989137e7f4536,d3ac0ba45cb8ca4a3062283c82745f423da87b60b62b7768857a4ffa9f3e71be,17,2,1,-0.4692149500856357,csi-pairs-v6-software-fixture,ded1ec639ff3e6fd5eba769d42db1ed36222a48af333a30a670254b30b164b74,620f300cbec1f56da4691882bc7dbe52593dc597fc62f6ae925c0f6ac72f1c6b,True,FORBIDDEN,0901433cbfe906073eae45118a1466e03afab04a766a3061a988ffe089ba4e01,9548a24a4faf5db17b5251df407b4402de033ae8648ec321c850fe6105002cf1,8128818d8ea8f5c3517d04da28955f010269df61e756429957a0a032386f6c51
generous_2x_concat,target-a,fixture-bank-16,fixture-base-16,e23949edbfe2dbe6dc73b97687bd3eed5fbc5d7bd72ecd8b2badea6dfbfe472e,2b37638d300a790f3426572fa00b7bf61aa934746cb588d9fb5347ccf44b354c,17,2,1,-0.4745686583424914,csi-pairs-v6-software-fixture,ded1ec639ff3e6fd5eba769d42db1ed36222a48af333a30a670254b30b164b74,620f300cbec1f56da4691882bc7dbe52593dc597fc62f6ae925c0f6ac72f1c6b,True,FORBIDDEN,0901433cbfe906073eae45118a1466e03afab04a766a3061a988ffe089ba4e01,9548a24a4faf5db17b5251df407b4402de033ae8648ec321c850fe6105002cf1,8128818d8ea8f5c3517d04da28955f010269df61e756429957a0a032386f6c51
generous_2x_concat,target-a,fixture-bank-14,fixture-base-14,86a59d2849e34c3a9889d58bb3b67b946ca9eb639083798f219989137e7f4536,d3ac0ba45cb8ca4a3062283c82745f423da87b60b62b7768857a4ffa9f3e71be,17,4,1,-0.46831794796314785,csi-pairs-v6-software-fixture,ded1ec639ff3e6fd5eba769d42db1ed36222a48af333a30a670254b30b164b74,620f300cbec1f56da4691882bc7dbe52593dc597fc62f6ae925c0f6ac72f1c6b,True,FORBIDDEN,0901433cbfe906073eae45118a1466e03afab04a766a3061a988ffe089ba4e01,9548a24a4faf5db17b5251df407b4402de033ae8648ec321c850fe6105002cf1,8128818d8ea8f5c3517d04da28955f010269df61e756429957a0a032386f6c51
generous_2x_concat,target-a,fixture-bank-16,fixture-base-16,e23949edbfe2dbe6dc73b97687bd3eed5fbc5d7bd72ecd8b2badea6dfbfe472e,2b37638d300a790f3426572fa00b7bf61aa934746cb588d9fb5347ccf44b354c,17,4,1,-0.4733606634234114,csi-pairs-v6-software-fixture,ded1ec639ff3e6fd5eba769d42db1ed36222a48af333a30a670254b30b164b74,620f300cbec1f56da4691882bc7dbe52593dc597fc62f6ae925c0f6ac72f1c6b,True,FORBIDDEN,0901433cbfe906073eae45118a1466e03afab04a766a3061a988ffe089ba4e01,9548a24a4faf5db17b5251df407b4402de033ae8648ec321c850fe6105002cf1,8128818d8ea8f5c3517d04da28955f010269df61e756429957a0a032386f6c51
generous_2x_concat,target-b,fixture-bank-15,fixture-base-15,e23949edbfe2dbe6dc73b97687bd3eed5fbc5d7bd72ecd8b2badea6dfbfe472e,234b78d61b49dc10d04ca8d24378f3b96eae7ef419b9bbe2bb61b3933c753b5d,17,0,0,-0.924356537440522,csi-pairs-v6-software-fixture,ded1ec639ff3e6fd5eba769d42db1ed36222a48af333a30a670254b30b164b74,620f300cbec1f56da4691882bc7dbe52593dc597fc62f6ae925c0f6ac72f1c6b,True,FORBIDDEN,0901433cbfe906073eae45118a1466e03afab04a766a3061a988ffe089ba4e01,9548a24a4faf5db17b5251df407b4402de033ae8648ec321c850fe6105002cf1,8128818d8ea8f5c3517d04da28955f010269df61e756429957a0a032386f6c51
generous_2x_concat,target-b,fixture-bank-17,fixture-base-17,86a59d2849e34c3a9889d58bb3b67b946ca9eb639083798f219989137e7f4536,b8fec4fd063826ac29c6cc8d291ad3a1a89347817c28241565eb44269fa8c24d,17,0,0,-0.9350642580033797,csi-pairs-v6-software-fixture,ded1ec639ff3e6fd5eba769d42db1ed36222a48af333a30a670254b30b164b74,620f300cbec1f56da4691882bc7dbe52593dc597fc62f6ae925c0f6ac72f1c6b,True,FORBIDDEN,0901433cbfe906073eae45118a1466e03afab04a766a3061a988ffe089ba4e01,9548a24a4faf5db17b5251df407b4402de033ae8648ec321c850fe6105002cf1,8128818d8ea8f5c3517d04da28955f010269df61e756429957a0a032386f6c51
generous_2x_concat,target-b,fixture-bank-15,fixture-base-15,e23949edbfe2dbe6dc73b97687bd3eed5fbc5d7bd72ecd8b2badea6dfbfe472e,234b78d61b49dc10d04ca8d24378f3b96eae7ef419b9bbe2bb61b3933c753b5d,17,2,0,-0.9241923495175396,csi-pairs-v6-software-fixture,ded1ec639ff3e6fd5eba769d42db1ed36222a48af333a30a670254b30b164b74,620f300cbec1f56da4691882bc7dbe52593dc597fc62f6ae925c0f6ac72f1c6b,True,FORBIDDEN,0901433cbfe906073eae45118a1466e03afab04a766a3061a988ffe089ba4e01,9548a24a4faf5db17b5251df407b4402de033ae8648ec321c850fe6105002cf1,8128818d8ea8f5c3517d04da28955f010269df61e756429957a0a032386f6c51
generous_2x_concat,target-b,fixture-bank-17,fixture-base-17,86a59d2849e34c3a9889d58bb3b67b946ca9eb639083798f219989137e7f4536,b8fec4fd063826ac29c6cc8d291ad3a1a89347817c28241565eb44269fa8c24d,17,2,0,-0.9327447783553863,csi-pairs-v6-software-fixture,ded1ec639ff3e6fd5eba769d42db1ed36222a48af333a30a670254b30b164b74,620f300cbec1f56da4691882bc7dbe52593dc597fc62f6ae925c0f6ac72f1c6b,True,FORBIDDEN,0901433cbfe906073eae45118a1466e03afab04a766a3061a988ffe089ba4e01,9548a24a4faf5db17b5251df407b4402de033ae8648ec321c850fe6105002cf1,8128818d8ea8f5c3517d04da28955f010269df61e756429957a0a032386f6c51
generous_2x_concat,target-b,fixture-bank-15,fixture-base-15,e23949edbfe2dbe6dc73b97687bd3eed5fbc5d7bd72ecd8b2badea6dfbfe472e,234b78d61b49dc10d04ca8d24378f3b96eae7ef419b9bbe2bb61b3933c753b5d,17,4,0,-0.9239268110648118,csi-pairs-v6-software-fixture,ded1ec639ff3e6fd5eba769d42db1ed36222a48af333a30a670254b30b164b74,620f300cbec1f56da4691882bc7dbe52593dc597fc62f6ae925c0f6ac72f1c6b,True,FORBIDDEN,0901433cbfe906073eae45118a1466e03afab04a766a3061a988ffe089ba4e01,9548a24a4faf5db17b5251df407b4402de033ae8648ec321c850fe6105002cf1,8128818d8ea8f5c3517d04da28955f010269df61e756429957a0a032386f6c51
generous_2x_concat,target-b,fixture-bank-17,fixture-base-17,86a59d2849e34c3a9889d58bb3b67b946ca9eb639083798f219989137e7f4536,b8fec4fd063826ac29c6cc8d291ad3a1a89347817c28241565eb44269fa8c24d,17,4,0,-0.9317989439419195,csi-pairs-v6-software-fixture,ded1ec639ff3e6fd5eba769d42db1ed36222a48af333a30a670254b30b164b74,620f300cbec1f56da4691882bc7dbe52593dc597fc62f6ae925c0f6ac72f1c6b,True,FORBIDDEN,0901433cbfe906073eae45118a1466e03afab04a766a3061a988ffe089ba4e01,9548a24a4faf5db17b5251df407b4402de033ae8648ec321c850fe6105002cf1,8128818d8ea8f5c3517d04da28955f010269df61e756429957a0a032386f6c51
generous_2x_concat,target-b,fixture-bank-15,fixture-base-15,e23949edbfe2dbe6dc73b97687bd3eed5fbc5d7bd72ecd8b2badea6dfbfe472e,234b78d61b49dc10d04ca8d24378f3b96eae7ef419b9bbe2bb61b3933c753b5d,17,2,1,-0.9240463015680285,csi-pairs-v6-software-fixture,ded1ec639ff3e6fd5eba769d42db1ed36222a48af333a30a670254b30b164b74,620f300cbec1f56da4691882bc7dbe52593dc597fc62f6ae925c0f6ac72f1c6b,True,FORBIDDEN,0901433cbfe906073eae45118a1466e03afab04a766a3061a988ffe089ba4e01,9548a24a4faf5db17b5251df407b4402de033ae8648ec321c850fe6105002cf1,8128818d8ea8f5c3517d04da28955f010269df61e756429957a0a032386f6c51
generous_2x_concat,target-b,fixture-bank-17,fixture-base-17,86a59d2849e34c3a9889d58bb3b67b946ca9eb639083798f219989137e7f4536,b8fec4fd063826ac29c6cc8d291ad3a1a89347817c28241565eb44269fa8c24d,17,2,1,-0.932439459376229,csi-pairs-v6-software-fixture,ded1ec639ff3e6fd5eba769d42db1ed36222a48af333a30a670254b30b164b74,620f300cbec1f56da4691882bc7dbe52593dc597fc62f6ae925c0f6ac72f1c6b,True,FORBIDDEN,0901433cbfe906073eae45118a1466e03afab04a766a3061a988ffe089ba4e01,9548a24a4faf5db17b5251df407b4402de033ae8648ec321c850fe6105002cf1,8128818d8ea8f5c3517d04da28955f010269df61e756429957a0a032386f6c51
generous_2x_concat,target-b,fixture-bank-15,fixture-base-15,e23949edbfe2dbe6dc73b97687bd3eed5fbc5d7bd72ecd8b2badea6dfbfe472e,234b78d61b49dc10d04ca8d24378f3b96eae7ef419b9bbe2bb61b3933c753b5d,17,4,1,-0.923580642979534,csi-pairs-v6-software-fixture,ded1ec639ff3e6fd5eba769d42db1ed36222a48af333a30a670254b30b164b74,620f300cbec1f56da4691882bc7dbe52593dc597fc62f6ae925c0f6ac72f1c6b,True,FORBIDDEN,0901433cbfe906073eae45118a1466e03afab04a766a3061a988ffe089ba4e01,9548a24a4faf5db17b5251df407b4402de033ae8648ec321c850fe6105002cf1,8128818d8ea8f5c3517d04da28955f010269df61e756429957a0a032386f6c51
generous_2x_concat,target-b,fixture-bank-17,fixture-base-17,86a59d2849e34c3a9889d58bb3b67b946ca9eb639083798f219989137e7f4536,b8fec4fd063826ac29c6cc8d291ad3a1a89347817c28241565eb44269fa8c24d,17,4,1,-0.9309523425420615,csi-pairs-v6-software-fixture,ded1ec639ff3e6fd5eba769d42db1ed36222a48af333a30a670254b30b164b74,620f300cbec1f56da4691882bc7dbe52593dc597fc62f6ae925c0f6ac72f1c6b,True,FORBIDDEN,0901433cbfe906073eae45118a1466e03afab04a766a3061a988ffe089ba4e01,9548a24a4faf5db17b5251df407b4402de033ae8648ec321c850fe6105002cf1,8128818d8ea8f5c3517d04da28955f010269df61e756429957a0a032386f6c51
generous_2x_concat,target-a,fixture-bank-14,fixture-base-14,86a59d2849e34c3a9889d58bb3b67b946ca9eb639083798f219989137e7f4536,d3ac0ba45cb8ca4a3062283c82745f423da87b60b62b7768857a4ffa9f3e71be,23,0,0,-0.530279185441412,csi-pairs-v6-software-fixture,ded1ec639ff3e6fd5eba769d42db1ed36222a48af333a30a670254b30b164b74,620f300cbec1f56da4691882bc7dbe52593dc597fc62f6ae925c0f6ac72f1c6b,True,FORBIDDEN,0901433cbfe906073eae45118a1466e03afab04a766a3061a988ffe089ba4e01,9548a24a4faf5db17b5251df407b4402de033ae8648ec321c850fe6105002cf1,8128818d8ea8f5c3517d04da28955f010269df61e756429957a0a032386f6c51
generous_2x_concat,target-a,fixture-bank-16,fixture-base-16,e23949edbfe2dbe6dc73b97687bd3eed5fbc5d7bd72ecd8b2badea6dfbfe472e,2b37638d300a790f3426572fa00b7bf61aa934746cb588d9fb5347ccf44b354c,23,0,0,-0.45870754941258707,csi-pairs-v6-software-fixture,ded1ec639ff3e6fd5eba769d42db1ed36222a48af333a30a670254b30b164b74,620f300cbec1f56da4691882bc7dbe52593dc597fc62f6ae925c0f6ac72f1c6b,True,FORBIDDEN,0901433cbfe906073eae45118a1466e03afab04a766a3061a988ffe089ba4e01,9548a24a4faf5db17b5251df407b4402de033ae8648ec321c850fe6105002cf1,8128818d8ea8f5c3517d04da28955f010269df61e756429957a0a032386f6c51
generous_2x_concat,target-a,fixture-bank-14,fixture-base-14,86a59d2849e34c3a9889d58bb3b67b946ca9eb639083798f219989137e7f4536,d3ac0ba45cb8ca4a3062283c82745f423da87b60b62b7768857a4ffa9f3e71be,23,2,0,-0.5493584332989614,csi-pairs-v6-software-fixture,ded1ec639ff3e6fd5eba769d42db1ed36222a48af333a30a670254b30b164b74,620f300cbec1f56da4691882bc7dbe52593dc597fc62f6ae925c0f6ac72f1c6b,True,FORBIDDEN,0901433cbfe906073eae45118a1466e03afab04a766a3061a988ffe089ba4e01,9548a24a4faf5db17b5251df407b4402de033ae8648ec321c850fe6105002cf1,8128818d8ea8f5c3517d04da28955f010269df61e756429957a0a032386f6c51
generous_2x_concat,target-a,fixture-bank-16,fixture-base-16,e23949edbfe2dbe6dc73b97687bd3eed5fbc5d7bd72ecd8b2badea6dfbfe472e,2b37638d300a790f3426572fa00b7bf61aa934746cb588d9fb5347ccf44b354c,23,2,0,-0.45962652647021474,csi-pairs-v6-software-fixture,ded1ec639ff3e6fd5eba769d42db1ed36222a48af333a30a670254b30b164b74,620f300cbec1f56da4691882bc7dbe52593dc597fc62f6ae925c0f6ac72f1c6b,True,FORBIDDEN,0901433cbfe906073eae45118a1466e03afab04a766a3061a988ffe089ba4e01,9548a24a4faf5db17b5251df407b4402de033ae8648ec321c850fe6105002cf1,8128818d8ea8f5c3517d04da28955f010269df61e756429957a0a032386f6c51
generous_2x_concat,target-a,fixture-bank-14,fixture-base-14,86a59d2849e34c3a9889d58bb3b67b946ca9eb639083798f219989137e7f4536,d3ac0ba45cb8ca4a3062283c82745f423da87b60b62b7768857a4ffa9f3e71be,23,4,0,-0.5351700768425091,csi-pairs-v6-software-fixture,ded1ec639ff3e6fd5eba769d42db1ed36222a48af333a30a670254b30b164b74,620f300cbec1f56da4691882bc7dbe52593dc597fc62f6ae925c0f6ac72f1c6b,True,FORBIDDEN,0901433cbfe906073eae45118a1466e03afab04a766a3061a988ffe089ba4e01,9548a24a4faf5db17b5251df407b4402de033ae8648ec321c850fe6105002cf1,8128818d8ea8f5c3517d04da28955f010269df61e756429957a0a032386f6c51
generous_2x_concat,target-a,fixture-bank-16,fixture-base-16,e23949edbfe2dbe6dc73b97687bd3eed5fbc5d7bd72ecd8b2badea6dfbfe472e,2b37638d300a790f3426572fa00b7bf61aa934746cb588d9fb5347ccf44b354c,23,4,0,-0.459723125633214,csi-pairs-v6-software-fixture,ded1ec639ff3e6fd5eba769d42db1ed36222a48af333a30a670254b30b164b74,620f300cbec1f56da4691882bc7dbe52593dc597fc62f6ae925c0f6ac72f1c6b,True,FORBIDDEN,0901433cbfe906073eae45118a1466e03afab04a766a3061a988ffe089ba4e01,9548a24a4faf5db17b5251df407b4402de033ae8648ec321c850fe6105002cf1,8128818d8ea8f5c3517d04da28955f010269df61e756429957a0a032386f6c51
generous_2x_concat,target-a,fixture-bank-14,fixture-base-14,86a59d2849e34c3a9889d58bb3b67b946ca9eb639083798f219989137e7f4536,d3ac0ba45cb8ca4a3062283c82745f423da87b60b62b7768857a4ffa9f3e71be,23,2,1,-0.5302252738346025,csi-pairs-v6-software-fixture,ded1ec639ff3e6fd5eba769d42db1ed36222a48af333a30a670254b30b164b74,620f300cbec1f56da4691882bc7dbe52593dc597fc62f6ae925c0f6ac72f1c6b,True,FORBIDDEN,0901433cbfe906073eae45118a1466e03afab04a766a3061a988ffe089ba4e01,9548a24a4faf5db17b5251df407b4402de033ae8648ec321c850fe6105002cf1,8128818d8ea8f5c3517d04da28955f010269df61e756429957a0a032386f6c51
generous_2x_concat,target-a,fixture-bank-16,fixture-base-16,e23949edbfe2dbe6dc73b97687bd3eed5fbc5d7bd72ecd8b2badea6dfbfe472e,2b37638d300a790f3426572fa00b7bf61aa934746cb588d9fb5347ccf44b354c,23,2,1,-0.4592426183698965,csi-pairs-v6-software-fixture,ded1ec639ff3e6fd5eba769d42db1ed36222a48af333a30a670254b30b164b74,620f300cbec1f56da4691882bc7dbe52593dc597fc62f6ae925c0f6ac72f1c6b,True,FORBIDDEN,0901433cbfe906073eae45118a1466e03afab04a766a3061a988ffe089ba4e01,9548a24a4faf5db17b5251df407b4402de033ae8648ec321c850fe6105002cf1,8128818d8ea8f5c3517d04da28955f010269df61e756429957a0a032386f6c51
generous_2x_concat,target-a,fixture-bank-14,fixture-base-14,86a59d2849e34c3a9889d58bb3b67b946ca9eb639083798f219989137e7f4536,d3ac0ba45cb8ca4a3062283c82745f423da87b60b62b7768857a4ffa9f3e71be,23,4,1,-0.5264269415578304,csi-pairs-v6-software-fixture,ded1ec639ff3e6fd5eba769d42db1ed36222a48af333a30a670254b30b164b74,620f300cbec1f56da4691882bc7dbe52593dc597fc62f6ae925c0f6ac72f1c6b,True,FORBIDDEN,0901433cbfe906073eae45118a1466e03afab04a766a3061a988ffe089ba4e01,9548a24a4faf5db17b5251df407b4402de033ae8648ec321c850fe6105002cf1,8128818d8ea8f5c3517d04da28955f010269df61e756429957a0a032386f6c51
generous_2x_concat,target-a,fixture-bank-16,fixture-base-16,e23949edbfe2dbe6dc73b97687bd3eed5fbc5d7bd72ecd8b2badea6dfbfe472e,2b37638d300a790f3426572fa00b7bf61aa934746cb588d9fb5347ccf44b354c,23,4,1,-0.45885358979903573,csi-pairs-v6-software-fixture,ded1ec639ff3e6fd5eba769d42db1ed36222a48af333a30a670254b30b164b74,620f300cbec1f56da4691882bc7dbe52593dc597fc62f6ae925c0f6ac72f1c6b,True,FORBIDDEN,0901433cbfe906073eae45118a1466e03afab04a766a3061a988ffe089ba4e01,9548a24a4faf5db17b5251df407b4402de033ae8648ec321c850fe6105002cf1,8128818d8ea8f5c3517d04da28955f010269df61e756429957a0a032386f6c51
generous_2x_concat,target-b,fixture-bank-15,fixture-base-15,e23949edbfe2dbe6dc73b97687bd3eed5fbc5d7bd72ecd8b2badea6dfbfe472e,234b78d61b49dc10d04ca8d24378f3b96eae7ef419b9bbe2bb61b3933c753b5d,23,0,0,-0.9456945531257253,csi-pairs-v6-software-fixture,ded1ec639ff3e6fd5eba769d42db1ed36222a48af333a30a670254b30b164b74,620f300cbec1f56da4691882bc7dbe52593dc597fc62f6ae925c0f6ac72f1c6b,True,FORBIDDEN,0901433cbfe906073eae45118a1466e03afab04a766a3061a988ffe089ba4e01,9548a24a4faf5db17b5251df407b4402de033ae8648ec321c850fe6105002cf1,8128818d8ea8f5c3517d04da28955f010269df61e756429957a0a032386f6c51
generous_2x_concat,target-b,fixture-bank-17,fixture-base-17,86a59d2849e34c3a9889d58bb3b67b946ca9eb639083798f219989137e7f4536,b8fec4fd063826ac29c6cc8d291ad3a1a89347817c28241565eb44269fa8c24d,23,0,0,-0.9634381782645588,csi-pairs-v6-software-fixture,ded1ec639ff3e6fd5eba769d42db1ed36222a48af333a30a670254b30b164b74,620f300cbec1f56da4691882bc7dbe52593dc597fc62f6ae925c0f6ac72f1c6b,True,FORBIDDEN,0901433cbfe906073eae45118a1466e03afab04a766a3061a988ffe089ba4e01,9548a24a4faf5db17b5251df407b4402de033ae8648ec321c850fe6105002cf1,8128818d8ea8f5c3517d04da28955f010269df61e756429957a0a032386f6c51
generous_2x_concat,target-b,fixture-bank-15,fixture-base-15,e23949edbfe2dbe6dc73b97687bd3eed5fbc5d7bd72ecd8b2badea6dfbfe472e,234b78d61b49dc10d04ca8d24378f3b96eae7ef419b9bbe2bb61b3933c753b5d,23,2,0,-0.945107224958774,csi-pairs-v6-software-fixture,ded1ec639ff3e6fd5eba769d42db1ed36222a48af333a30a670254b30b164b74,620f300cbec1f56da4691882bc7dbe52593dc597fc62f6ae925c0f6ac72f1c6b,True,FORBIDDEN,0901433cbfe906073eae45118a1466e03afab04a766a3061a988ffe089ba4e01,9548a24a4faf5db17b5251df407b4402de033ae8648ec321c850fe6105002cf1,8128818d8ea8f5c3517d04da28955f010269df61e756429957a0a032386f6c51
generous_2x_concat,target-b,fixture-bank-17,fixture-base-17,86a59d2849e34c3a9889d58bb3b67b946ca9eb639083798f219989137e7f4536,b8fec4fd063826ac29c6cc8d291ad3a1a89347817c28241565eb44269fa8c24d,23,2,0,-0.9554090094751866,csi-pairs-v6-software-fixture,ded1ec639ff3e6fd5eba769d42db1ed36222a48af333a30a670254b30b164b74,620f300cbec1f56da4691882bc7dbe52593dc597fc62f6ae925c0f6ac72f1c6b,True,FORBIDDEN,0901433cbfe906073eae45118a1466e03afab04a766a3061a988ffe089ba4e01,9548a24a4faf5db17b5251df407b4402de033ae8648ec321c850fe6105002cf1,8128818d8ea8f5c3517d04da28955f010269df61e756429957a0a032386f6c51
generous_2x_concat,target-b,fixture-bank-15,fixture-base-15,e23949edbfe2dbe6dc73b97687bd3eed5fbc5d7bd72ecd8b2badea6dfbfe472e,234b78d61b49dc10d04ca8d24378f3b96eae7ef419b9bbe2bb61b3933c753b5d,23,4,0,-0.9450936902260298,csi-pairs-v6-software-fixture,ded1ec639ff3e6fd5eba769d42db1ed36222a48af333a30a670254b30b164b74,620f300cbec1f56da4691882bc7dbe52593dc597fc62f6ae925c0f6ac72f1c6b,True,FORBIDDEN,0901433cbfe906073eae45118a1466e03afab04a766a3061a988ffe089ba4e01,9548a24a4faf5db17b5251df407b4402de033ae8648ec321c850fe6105002cf1,8128818d8ea8f5c3517d04da28955f010269df61e756429957a0a032386f6c51
generous_2x_concat,target-b,fixture-bank-17,fixture-base-17,86a59d2849e34c3a9889d58bb3b67b946ca9eb639083798f219989137e7f4536,b8fec4fd063826ac29c6cc8d291ad3a1a89347817c28241565eb44269fa8c24d,23,4,0,-0.9562637008714021,csi-pairs-v6-software-fixture,ded1ec639ff3e6fd5eba769d42db1ed36222a48af333a30a670254b30b164b74,620f300cbec1f56da4691882bc7dbe52593dc597fc62f6ae925c0f6ac72f1c6b,True,FORBIDDEN,0901433cbfe906073eae45118a1466e03afab04a766a3061a988ffe089ba4e01,9548a24a4faf5db17b5251df407b4402de033ae8648ec321c850fe6105002cf1,8128818d8ea8f5c3517d04da28955f010269df61e756429957a0a032386f6c51
generous_2x_concat,target-b,fixture-bank-15,fixture-base-15,e23949edbfe2dbe6dc73b97687bd3eed5fbc5d7bd72ecd8b2badea6dfbfe472e,234b78d61b49dc10d04ca8d24378f3b96eae7ef419b9bbe2bb61b3933c753b5d,23,2,1,-0.9445226527086479,csi-pairs-v6-software-fixture,ded1ec639ff3e6fd5eba769d42db1ed36222a48af333a30a670254b30b164b74,620f300cbec1f56da4691882bc7dbe52593dc597fc62f6ae925c0f6ac72f1c6b,True,FORBIDDEN,0901433cbfe906073eae45118a1466e03afab04a766a3061a988ffe089ba4e01,9548a24a4faf5db17b5251df407b4402de033ae8648ec321c850fe6105002cf1,8128818d8ea8f5c3517d04da28955f010269df61e756429957a0a032386f6c51
generous_2x_concat,target-b,fixture-bank-17,fixture-base-17,86a59d2849e34c3a9889d58bb3b67b946ca9eb639083798f219989137e7f4536,b8fec4fd063826ac29c6cc8d291ad3a1a89347817c28241565eb44269fa8c24d,23,2,1,-0.9574035566739031,csi-pairs-v6-software-fixture,ded1ec639ff3e6fd5eba769d42db1ed36222a48af333a30a670254b30b164b74,620f300cbec1f56da4691882bc7dbe52593dc597fc62f6ae925c0f6ac72f1c6b,True,FORBIDDEN,0901433cbfe906073eae45118a1466e03afab04a766a3061a988ffe089ba4e01,9548a24a4faf5db17b5251df407b4402de033ae8648ec321c850fe6105002cf1,8128818d8ea8f5c3517d04da28955f010269df61e756429957a0a032386f6c51
generous_2x_concat,target-b,fixture-bank-15,fixture-base-15,e23949edbfe2dbe6dc73b97687bd3eed5fbc5d7bd72ecd8b2badea6dfbfe472e,234b78d61b49dc10d04ca8d24378f3b96eae7ef419b9bbe2bb61b3933c753b5d,23,4,1,-0.9442176434503852,csi-pairs-v6-software-fixture,ded1ec639ff3e6fd5eba769d42db1ed36222a48af333a30a670254b30b164b74,620f300cbec1f56da4691882bc7dbe52593dc597fc62f6ae925c0f6ac72f1c6b,True,FORBIDDEN,0901433cbfe906073eae45118a1466e03afab04a766a3061a988ffe089ba4e01,9548a24a4faf5db17b5251df407b4402de033ae8648ec321c850fe6105002cf1,8128818d8ea8f5c3517d04da28955f010269df61e756429957a0a032386f6c51
generous_2x_concat,target-b,fixture-bank-17,fixture-base-17,86a59d2849e34c3a9889d58bb3b67b946ca9eb639083798f219989137e7f4536,b8fec4fd063826ac29c6cc8d291ad3a1a89347817c28241565eb44269fa8c24d,23,4,1,-0.9589158450894634,csi-pairs-v6-software-fixture,ded1ec639ff3e6fd5eba769d42db1ed36222a48af333a30a670254b30b164b74,620f300cbec1f56da4691882bc7dbe52593dc597fc62f6ae925c0f6ac72f1c6b,True,FORBIDDEN,0901433cbfe906073eae45118a1466e03afab04a766a3061a988ffe089ba4e01,9548a24a4faf5db17b5251df407b4402de033ae8648ec321c850fe6105002cf1,8128818d8ea8f5c3517d04da28955f010269df61e756429957a0a032386f6c51
generous_2x_concat,target-a,fixture-bank-14,fixture-base-14,86a59d2849e34c3a9889d58bb3b67b946ca9eb639083798f219989137e7f4536,d3ac0ba45cb8ca4a3062283c82745f423da87b60b62b7768857a4ffa9f3e71be,31,0,0,-0.5272152578383864,csi-pairs-v6-software-fixture,ded1ec639ff3e6fd5eba769d42db1ed36222a48af333a30a670254b30b164b74,620f300cbec1f56da4691882bc7dbe52593dc597fc62f6ae925c0f6ac72f1c6b,True,FORBIDDEN,0901433cbfe906073eae45118a1466e03afab04a766a3061a988ffe089ba4e01,9548a24a4faf5db17b5251df407b4402de033ae8648ec321c850fe6105002cf1,8128818d8ea8f5c3517d04da28955f010269df61e756429957a0a032386f6c51
generous_2x_concat,target-a,fixture-bank-16,fixture-base-16,e23949edbfe2dbe6dc73b97687bd3eed5fbc5d7bd72ecd8b2badea6dfbfe472e,2b37638d300a790f3426572fa00b7bf61aa934746cb588d9fb5347ccf44b354c,31,0,0,-0.46332335346371756,csi-pairs-v6-software-fixture,ded1ec639ff3e6fd5eba769d42db1ed36222a48af333a30a670254b30b164b74,620f300cbec1f56da4691882bc7dbe52593dc597fc62f6ae925c0f6ac72f1c6b,True,FORBIDDEN,0901433cbfe906073eae45118a1466e03afab04a766a3061a988ffe089ba4e01,9548a24a4faf5db17b5251df407b4402de033ae8648ec321c850fe6105002cf1,8128818d8ea8f5c3517d04da28955f010269df61e756429957a0a032386f6c51
generous_2x_concat,target-a,fixture-bank-14,fixture-base-14,86a59d2849e34c3a9889d58bb3b67b946ca9eb639083798f219989137e7f4536,d3ac0ba45cb8ca4a3062283c82745f423da87b60b62b7768857a4ffa9f3e71be,31,2,0,-0.5188831613175705,csi-pairs-v6-software-fixture,ded1ec639ff3e6fd5eba769d42db1ed36222a48af333a30a670254b30b164b74,620f300cbec1f56da4691882bc7dbe52593dc597fc62f6ae925c0f6ac72f1c6b,True,FORBIDDEN,0901433cbfe906073eae45118a1466e03afab04a766a3061a988ffe089ba4e01,9548a24a4faf5db17b5251df407b4402de033ae8648ec321c850fe6105002cf1,8128818d8ea8f5c3517d04da28955f010269df61e756429957a0a032386f6c51
generous_2x_concat,target-a,fixture-bank-16,fixture-base-16,e23949edbfe2dbe6dc73b97687bd3eed5fbc5d7bd72ecd8b2badea6dfbfe472e,2b37638d300a790f3426572fa00b7bf61aa934746cb588d9fb5347ccf44b354c,31,2,0,-0.46219235643984863,csi-pairs-v6-software-fixture,ded1ec639ff3e6fd5eba769d42db1ed36222a48af333a30a670254b30b164b74,620f300cbec1f56da4691882bc7dbe52593dc597fc62f6ae925c0f6ac72f1c6b,True,FORBIDDEN,0901433cbfe906073eae45118a1466e03afab04a766a3061a988ffe089ba4e01,9548a24a4faf5db17b5251df407b4402de033ae8648ec321c850fe6105002cf1,8128818d8ea8f5c3517d04da28955f010269df61e756429957a0a032386f6c51
generous_2x_concat,target-a,fixture-bank-14,fixture-base-14,86a59d2849e34c3a9889d58bb3b67b946ca9eb639083798f219989137e7f4536,d3ac0ba45cb8ca4a3062283c82745f423da87b60b62b7768857a4ffa9f3e71be,31,4,0,-0.5188983124329103,csi-pairs-v6-software-fixture,ded1ec639ff3e6fd5eba769d42db1ed36222a48af333a30a670254b30b164b74,620f300cbec1f56da4691882bc7dbe52593dc597fc62f6ae925c0f6ac72f1c6b,True,FORBIDDEN,0901433cbfe906073eae45118a1466e03afab04a766a3061a988ffe089ba4e01,9548a24a4faf5db17b5251df407b4402de033ae8648ec321c850fe6105002cf1,8128818d8ea8f5c3517d04da28955f010269df61e756429957a0a032386f6c51
generous_2x_concat,target-a,fixture-bank-16,fixture-base-16,e23949edbfe2dbe6dc73b97687bd3eed5fbc5d7bd72ecd8b2badea6dfbfe472e,2b37638d300a790f3426572fa00b7bf61aa934746cb588d9fb5347ccf44b354c,31,4,0,-0.46212019576991714,csi-pairs-v6-software-fixture,ded1ec639ff3e6fd5eba769d42db1ed36222a48af333a30a670254b30b164b74,620f300cbec1f56da4691882bc7dbe52593dc597fc62f6ae925c0f6ac72f1c6b,True,FORBIDDEN,0901433cbfe906073eae45118a1466e03afab04a766a3061a988ffe089ba4e01,9548a24a4faf5db17b5251df407b4402de033ae8648ec321c850fe6105002cf1,8128818d8ea8f5c3517d04da28955f010269df61e756429957a0a032386f6c51
generous_2x_concat,target-a,fixture-bank-14,fixture-base-14,86a59d2849e34c3a9889d58bb3b67b946ca9eb639083798f219989137e7f4536,d3ac0ba45cb8ca4a3062283c82745f423da87b60b62b7768857a4ffa9f3e71be,31,2,1,-0.527491849655956,csi-pairs-v6-software-fixture,ded1ec639ff3e6fd5eba769d42db1ed36222a48af333a30a670254b30b164b74,620f300cbec1f56da4691882bc7dbe52593dc597fc62f6ae925c0f6ac72f1c6b,True,FORBIDDEN,0901433cbfe906073eae45118a1466e03afab04a766a3061a988ffe089ba4e01,9548a24a4faf5db17b5251df407b4402de033ae8648ec321c850fe6105002cf1,8128818d8ea8f5c3517d04da28955f010269df61e756429957a0a032386f6c51
generous_2x_concat,target-a,fixture-bank-16,fixture-base-16,e23949edbfe2dbe6dc73b97687bd3eed5fbc5d7bd72ecd8b2badea6dfbfe472e,2b37638d300a790f3426572fa00b7bf61aa934746cb588d9fb5347ccf44b354c,31,2,1,-0.46397051558428504,csi-pairs-v6-software-fixture,ded1ec639ff3e6fd5eba769d42db1ed36222a48af333a30a670254b30b164b74,620f300cbec1f56da4691882bc7dbe52593dc597fc62f6ae925c0f6ac72f1c6b,True,FORBIDDEN,0901433cbfe906073eae45118a1466e03afab04a766a3061a988ffe089ba4e01,9548a24a4faf5db17b5251df407b4402de033ae8648ec321c850fe6105002cf1,8128818d8ea8f5c3517d04da28955f010269df61e756429957a0a032386f6c51
generous_2x_concat,target-a,fixture-bank-14,fixture-base-14,86a59d2849e34c3a9889d58bb3b67b946ca9eb639083798f219989137e7f4536,d3ac0ba45cb8ca4a3062283c82745f423da87b60b62b7768857a4ffa9f3e71be,31,4,1,-0.5233972327209222,csi-pairs-v6-software-fixture,ded1ec639ff3e6fd5eba769d42db1ed36222a48af333a30a670254b30b164b74,620f300cbec1f56da4691882bc7dbe52593dc597fc62f6ae925c0f6ac72f1c6b,True,FORBIDDEN,0901433cbfe906073eae45118a1466e03afab04a766a3061a988ffe089ba4e01,9548a24a4faf5db17b5251df407b4402de033ae8648ec321c850fe6105002cf1,8128818d8ea8f5c3517d04da28955f010269df61e756429957a0a032386f6c51
generous_2x_concat,target-a,fixture-bank-16,fixture-base-16,e23949edbfe2dbe6dc73b97687bd3eed5fbc5d7bd72ecd8b2badea6dfbfe472e,2b37638d300a790f3426572fa00b7bf61aa934746cb588d9fb5347ccf44b354c,31,4,1,-0.4630287443463316,csi-pairs-v6-software-fixture,ded1ec639ff3e6fd5eba769d42db1ed36222a48af333a30a670254b30b164b74,620f300cbec1f56da4691882bc7dbe52593dc597fc62f6ae925c0f6ac72f1c6b,True,FORBIDDEN,0901433cbfe906073eae45118a1466e03afab04a766a3061a988ffe089ba4e01,9548a24a4faf5db17b5251df407b4402de033ae8648ec321c850fe6105002cf1,8128818d8ea8f5c3517d04da28955f010269df61e756429957a0a032386f6c51
generous_2x_concat,target-b,fixture-bank-15,fixture-base-15,e23949edbfe2dbe6dc73b97687bd3eed5fbc5d7bd72ecd8b2badea6dfbfe472e,234b78d61b49dc10d04ca8d24378f3b96eae7ef419b9bbe2bb61b3933c753b5d,31,0,0,-0.9493908689490296,csi-pairs-v6-software-fixture,ded1ec639ff3e6fd5eba769d42db1ed36222a48af333a30a670254b30b164b74,620f300cbec1f56da4691882bc7dbe52593dc597fc62f6ae925c0f6ac72f1c6b,True,FORBIDDEN,0901433cbfe906073eae45118a1466e03afab04a766a3061a988ffe089ba4e01,9548a24a4faf5db17b5251df407b4402de033ae8648ec321c850fe6105002cf1,8128818d8ea8f5c3517d04da28955f010269df61e756429957a0a032386f6c51
generous_2x_concat,target-b,fixture-bank-17,fixture-base-17,86a59d2849e34c3a9889d58bb3b67b946ca9eb639083798f219989137e7f4536,b8fec4fd063826ac29c6cc8d291ad3a1a89347817c28241565eb44269fa8c24d,31,0,0,-1.0144822503726376,csi-pairs-v6-software-fixture,ded1ec639ff3e6fd5eba769d42db1ed36222a48af333a30a670254b30b164b74,620f300cbec1f56da4691882bc7dbe52593dc597fc62f6ae925c0f6ac72f1c6b,True,FORBIDDEN,0901433cbfe906073eae45118a1466e03afab04a766a3061a988ffe089ba4e01,9548a24a4faf5db17b5251df407b4402de033ae8648ec321c850fe6105002cf1,8128818d8ea8f5c3517d04da28955f010269df61e756429957a0a032386f6c51
generous_2x_concat,target-b,fixture-bank-15,fixture-base-15,e23949edbfe2dbe6dc73b97687bd3eed5fbc5d7bd72ecd8b2badea6dfbfe472e,234b78d61b49dc10d04ca8d24378f3b96eae7ef419b9bbe2bb61b3933c753b5d,31,2,0,-0.947363662997908,csi-pairs-v6-software-fixture,ded1ec639ff3e6fd5eba769d42db1ed36222a48af333a30a670254b30b164b74,620f300cbec1f56da4691882bc7dbe52593dc597fc62f6ae925c0f6ac72f1c6b,True,FORBIDDEN,0901433cbfe906073eae45118a1466e03afab04a766a3061a988ffe089ba4e01,9548a24a4faf5db17b5251df407b4402de033ae8648ec321c850fe6105002cf1,8128818d8ea8f5c3517d04da28955f010269df61e756429957a0a032386f6c51
generous_2x_concat,target-b,fixture-bank-17,fixture-base-17,86a59d2849e34c3a9889d58bb3b67b946ca9eb639083798f219989137e7f4536,b8fec4fd063826ac29c6cc8d291ad3a1a89347817c28241565eb44269fa8c24d,31,2,0,-1.0098339438852644,csi-pairs-v6-software-fixture,ded1ec639ff3e6fd5eba769d42db1ed36222a48af333a30a670254b30b164b74,620f300cbec1f56da4691882bc7dbe52593dc597fc62f6ae925c0f6ac72f1c6b,True,FORBIDDEN,0901433cbfe906073eae45118a1466e03afab04a766a3061a988ffe089ba4e01,9548a24a4faf5db17b5251df407b4402de033ae8648ec321c850fe6105002cf1,8128818d8ea8f5c3517d04da28955f010269df61e756429957a0a032386f6c51
generous_2x_concat,target-b,fixture-bank-15,fixture-base-15,e23949edbfe2dbe6dc73b97687bd3eed5fbc5d7bd72ecd8b2badea6dfbfe472e,234b78d61b49dc10d04ca8d24378f3b96eae7ef419b9bbe2bb61b3933c753b5d,31,4,0,-0.9478375878367237,csi-pairs-v6-software-fixture,ded1ec639ff3e6fd5eba769d42db1ed36222a48af333a30a670254b30b164b74,620f300cbec1f56da4691882bc7dbe52593dc597fc62f6ae925c0f6ac72f1c6b,True,FORBIDDEN,0901433cbfe906073eae45118a1466e03afab04a766a3061a988ffe089ba4e01,9548a24a4faf5db17b5251df407b4402de033ae8648ec321c850fe6105002cf1,8128818d8ea8f5c3517d04da28955f010269df61e756429957a0a032386f6c51
generous_2x_concat,target-b,fixture-bank-17,fixture-base-17,86a59d2849e34c3a9889d58bb3b67b946ca9eb639083798f219989137e7f4536,b8fec4fd063826ac29c6cc8d291ad3a1a89347817c28241565eb44269fa8c24d,31,4,0,-1.0108580746232485,csi-pairs-v6-software-fixture,ded1ec639ff3e6fd5eba769d42db1ed36222a48af333a30a670254b30b164b74,620f300cbec1f56da4691882bc7dbe52593dc597fc62f6ae925c0f6ac72f1c6b,True,FORBIDDEN,0901433cbfe906073eae45118a1466e03afab04a766a3061a988ffe089ba4e01,9548a24a4faf5db17b5251df407b4402de033ae8648ec321c850fe6105002cf1,8128818d8ea8f5c3517d04da28955f010269df61e756429957a0a032386f6c51
generous_2x_concat,target-b,fixture-bank-15,fixture-base-15,e23949edbfe2dbe6dc73b97687bd3eed5fbc5d7bd72ecd8b2badea6dfbfe472e,234b78d61b49dc10d04ca8d24378f3b96eae7ef419b9bbe2bb61b3933c753b5d,31,2,1,-0.9484038435269964,csi-pairs-v6-software-fixture,ded1ec639ff3e6fd5eba769d42db1ed36222a48af333a30a670254b30b164b74,620f300cbec1f56da4691882bc7dbe52593dc597fc62f6ae925c0f6ac72f1c6b,True,FORBIDDEN,0901433cbfe906073eae45118a1466e03afab04a766a3061a988ffe089ba4e01,9548a24a4faf5db17b5251df407b4402de033ae8648ec321c850fe6105002cf1,8128818d8ea8f5c3517d04da28955f010269df61e756429957a0a032386f6c51
generous_2x_concat,target-b,fixture-bank-17,fixture-base-17,86a59d2849e34c3a9889d58bb3b67b946ca9eb639083798f219989137e7f4536,b8fec4fd063826ac29c6cc8d291ad3a1a89347817c28241565eb44269fa8c24d,31,2,1,-1.0120447030500166,csi-pairs-v6-software-fixture,ded1ec639ff3e6fd5eba769d42db1ed36222a48af333a30a670254b30b164b74,620f300cbec1f56da4691882bc7dbe52593dc597fc62f6ae925c0f6ac72f1c6b,True,FORBIDDEN,0901433cbfe906073eae45118a1466e03afab04a766a3061a988ffe089ba4e01,9548a24a4faf5db17b5251df407b4402de033ae8648ec321c850fe6105002cf1,8128818d8ea8f5c3517d04da28955f010269df61e756429957a0a032386f6c51
generous_2x_concat,target-b,fixture-bank-15,fixture-base-15,e23949edbfe2dbe6dc73b97687bd3eed5fbc5d7bd72ecd8b2badea6dfbfe472e,234b78d61b49dc10d04ca8d24378f3b96eae7ef419b9bbe2bb61b3933c753b5d,31,4,1,-0.9476878952801302,csi-pairs-v6-software-fixture,ded1ec639ff3e6fd5eba769d42db1ed36222a48af333a30a670254b30b164b74,620f300cbec1f56da4691882bc7dbe52593dc597fc62f6ae925c0f6ac72f1c6b,True,FORBIDDEN,0901433cbfe906073eae45118a1466e03afab04a766a3061a988ffe089ba4e01,9548a24a4faf5db17b5251df407b4402de033ae8648ec321c850fe6105002cf1,8128818d8ea8f5c3517d04da28955f010269df61e756429957a0a032386f6c51
generous_2x_concat,target-b,fixture-bank-17,fixture-base-17,86a59d2849e34c3a9889d58bb3b67b946ca9eb639083798f219989137e7f4536,b8fec4fd063826ac29c6cc8d291ad3a1a89347817c28241565eb44269fa8c24d,31,4,1,-1.011273535047464,csi-pairs-v6-software-fixture,ded1ec639ff3e6fd5eba769d42db1ed36222a48af333a30a670254b30b164b74,620f300cbec1f56da4691882bc7dbe52593dc597fc62f6ae925c0f6ac72f1c6b,True,FORBIDDEN,0901433cbfe906073eae45118a1466e03afab04a766a3061a988ffe089ba4e01,9548a24a4faf5db17b5251df407b4402de033ae8648ec321c850fe6105002cf1,8128818d8ea8f5c3517d04da28955f010269df61e756429957a0a032386f6c51
