model,city_id,bank_id,condition,n,median_error_m,p90_error_m,median_paired_change_vs_correct_m,artifact_label,dataset_sha256,config_sha256,fixture,scientific_use,source_tree_sha256,requirements_lock_sha256,runtime_provenance_sha256
controlled-relative-map-ridge-diagnostic,source-austin,osm-sionna-source-austin-bank-16,correct,1536,80.51987880894805,86.98288175537544,0.0,csi-pairs-formal-v2.1-v6,060d8671380acaf43bd0beb2c77ac5c6ec112e4ddc083451ab36a5916b7c9cac,ce0d6de3d77ed6edde2c9eca5f7ce4ab92c262b63ce50b25113c1cffc8a3ca46,False,CANDIDATE_NOT_DOMAIN_EVIDENCE,c63b699ed767134007e47157a733f68e4c31de8be4ca0c30d71ec46a08b85621,9548a24a4faf5db17b5251df407b4402de033ae8648ec321c850fe6105002cf1,f03e9b40548b237a49c65fc91de8d79034f2eebff1da0442b6af685a9adf95bd
controlled-relative-map-ridge-diagnostic,source-austin,osm-sionna-source-austin-bank-16,empty,1536,177.02960571649496,184.3046860598103,96.721405989327,csi-pairs-formal-v2.1-v6,060d8671380acaf43bd0beb2c77ac5c6ec112e4ddc083451ab36a5916b7c9cac,ce0d6de3d77ed6edde2c9eca5f7ce4ab92c262b63ce50b25113c1cffc8a3ca46,False,CANDIDATE_NOT_DOMAIN_EVIDENCE,c63b699ed767134007e47157a733f68e4c31de8be4ca0c30d71ec46a08b85621,9548a24a4faf5db17b5251df407b4402de033ae8648ec321c850fe6105002cf1,f03e9b40548b237a49c65fc91de8d79034f2eebff1da0442b6af685a9adf95bd
controlled-relative-map-ridge-diagnostic,source-austin,osm-sionna-source-austin-bank-16,geometry_destroyed,1536,609.5976210151,617.0702110475122,529.3716742783744,csi-pairs-formal-v2.1-v6,060d8671380acaf43bd0beb2c77ac5c6ec112e4ddc083451ab36a5916b7c9cac,ce0d6de3d77ed6edde2c9eca5f7ce4ab92c262b63ce50b25113c1cffc8a3ca46,False,CANDIDATE_NOT_DOMAIN_EVIDENCE,c63b699ed767134007e47157a733f68e4c31de8be4ca0c30d71ec46a08b85621,9548a24a4faf5db17b5251df407b4402de033ae8648ec321c850fe6105002cf1,f03e9b40548b237a49c65fc91de8d79034f2eebff1da0442b6af685a9adf95bd
controlled-relative-map-ridge-diagnostic,source-austin,osm-sionna-source-austin-bank-16,paired_active_alternative,1536,80.5153942463792,86.93381520222509,0.0008156469494977614,csi-pairs-formal-v2.1-v6,060d8671380acaf43bd0beb2c77ac5c6ec112e4ddc083451ab36a5916b7c9cac,ce0d6de3d77ed6edde2c9eca5f7ce4ab92c262b63ce50b25113c1cffc8a3ca46,False,CANDIDATE_NOT_DOMAIN_EVIDENCE,c63b699ed767134007e47157a733f68e4c31de8be4ca0c30d71ec46a08b85621,9548a24a4faf5db17b5251df407b4402de033ae8648ec321c850fe6105002cf1,f03e9b40548b237a49c65fc91de8d79034f2eebff1da0442b6af685a9adf95bd
controlled-relative-map-ridge-diagnostic,source-austin,osm-sionna-source-austin-bank-16,paired_null_alternative,1536,80.51987880894805,86.98288175537544,0.0,csi-pairs-formal-v2.1-v6,060d8671380acaf43bd0beb2c77ac5c6ec112e4ddc083451ab36a5916b7c9cac,ce0d6de3d77ed6edde2c9eca5f7ce4ab92c262b63ce50b25113c1cffc8a3ca46,False,CANDIDATE_NOT_DOMAIN_EVIDENCE,c63b699ed767134007e47157a733f68e4c31de8be4ca0c30d71ec46a08b85621,9548a24a4faf5db17b5251df407b4402de033ae8648ec321c850fe6105002cf1,f03e9b40548b237a49c65fc91de8d79034f2eebff1da0442b6af685a9adf95bd
controlled-relative-map-ridge-diagnostic,source-austin,osm-sionna-source-austin-bank-16,wrong_city,1536,44.475085827187954,53.514835543089625,-36.05847775878617,csi-pairs-formal-v2.1-v6,060d8671380acaf43bd0beb2c77ac5c6ec112e4ddc083451ab36a5916b7c9cac,ce0d6de3d77ed6edde2c9eca5f7ce4ab92c262b63ce50b25113c1cffc8a3ca46,False,CANDIDATE_NOT_DOMAIN_EVIDENCE,c63b699ed767134007e47157a733f68e4c31de8be4ca0c30d71ec46a08b85621,9548a24a4faf5db17b5251df407b4402de033ae8648ec321c850fe6105002cf1,f03e9b40548b237a49c65fc91de8d79034f2eebff1da0442b6af685a9adf95bd
controlled-relative-map-ridge-diagnostic,source-austin,osm-sionna-source-austin-bank-17,correct,1516,103.60739600678515,108.65419932218195,0.0,csi-pairs-formal-v2.1-v6,060d8671380acaf43bd0beb2c77ac5c6ec112e4ddc083451ab36a5916b7c9cac,ce0d6de3d77ed6edde2c9eca5f7ce4ab92c262b63ce50b25113c1cffc8a3ca46,False,CANDIDATE_NOT_DOMAIN_EVIDENCE,c63b699ed767134007e47157a733f68e4c31de8be4ca0c30d71ec46a08b85621,9548a24a4faf5db17b5251df407b4402de033ae8648ec321c850fe6105002cf1,f03e9b40548b237a49c65fc91de8d79034f2eebff1da0442b6af685a9adf95bd
controlled-relative-map-ridge-diagnostic,source-austin,osm-sionna-source-austin-bank-17,empty,1516,120.82553871024403,122.36517668435516,17.117052654145937,csi-pairs-formal-v2.1-v6,060d8671380acaf43bd0beb2c77ac5c6ec112e4ddc083451ab36a5916b7c9cac,ce0d6de3d77ed6edde2c9eca5f7ce4ab92c262b63ce50b25113c1cffc8a3ca46,False,CANDIDATE_NOT_DOMAIN_EVIDENCE,c63b699ed767134007e47157a733f68e4c31de8be4ca0c30d71ec46a08b85621,9548a24a4faf5db17b5251df407b4402de033ae8648ec321c850fe6105002cf1,f03e9b40548b237a49c65fc91de8d79034f2eebff1da0442b6af685a9adf95bd
controlled-relative-map-ridge-diagnostic,source-austin,osm-sionna-source-austin-bank-17,geometry_destroyed,1516,275.6252722518502,281.09706722522276,172.28603021727156,csi-pairs-formal-v2.1-v6,060d8671380acaf43bd0beb2c77ac5c6ec112e4ddc083451ab36a5916b7c9cac,ce0d6de3d77ed6edde2c9eca5f7ce4ab92c262b63ce50b25113c1cffc8a3ca46,False,CANDIDATE_NOT_DOMAIN_EVIDENCE,c63b699ed767134007e47157a733f68e4c31de8be4ca0c30d71ec46a08b85621,9548a24a4faf5db17b5251df407b4402de033ae8648ec321c850fe6105002cf1,f03e9b40548b237a49c65fc91de8d79034f2eebff1da0442b6af685a9adf95bd
controlled-relative-map-ridge-diagnostic,source-austin,osm-sionna-source-austin-bank-17,paired_active_alternative,1516,103.59707064890932,108.70099588002938,0.17551743960067512,csi-pairs-formal-v2.1-v6,060d8671380acaf43bd0beb2c77ac5c6ec112e4ddc083451ab36a5916b7c9cac,ce0d6de3d77ed6edde2c9eca5f7ce4ab92c262b63ce50b25113c1cffc8a3ca46,False,CANDIDATE_NOT_DOMAIN_EVIDENCE,c63b699ed767134007e47157a733f68e4c31de8be4ca0c30d71ec46a08b85621,9548a24a4faf5db17b5251df407b4402de033ae8648ec321c850fe6105002cf1,f03e9b40548b237a49c65fc91de8d79034f2eebff1da0442b6af685a9adf95bd
controlled-relative-map-ridge-diagnostic,source-austin,osm-sionna-source-austin-bank-17,paired_null_alternative,1516,103.60739600678515,108.65419932218195,0.0,csi-pairs-formal-v2.1-v6,060d8671380acaf43bd0beb2c77ac5c6ec112e4ddc083451ab36a5916b7c9cac,ce0d6de3d77ed6edde2c9eca5f7ce4ab92c262b63ce50b25113c1cffc8a3ca46,False,CANDIDATE_NOT_DOMAIN_EVIDENCE,c63b699ed767134007e47157a733f68e4c31de8be4ca0c30d71ec46a08b85621,9548a24a4faf5db17b5251df407b4402de033ae8648ec321c850fe6105002cf1,f03e9b40548b237a49c65fc91de8d79034f2eebff1da0442b6af685a9adf95bd
controlled-relative-map-ridge-diagnostic,source-austin,osm-sionna-source-austin-bank-17,wrong_city,1516,77.98666693936816,83.26255261832296,-25.597643808758285,csi-pairs-formal-v2.1-v6,060d8671380acaf43bd0beb2c77ac5c6ec112e4ddc083451ab36a5916b7c9cac,ce0d6de3d77ed6edde2c9eca5f7ce4ab92c262b63ce50b25113c1cffc8a3ca46,False,CANDIDATE_NOT_DOMAIN_EVIDENCE,c63b699ed767134007e47157a733f68e4c31de8be4ca0c30d71ec46a08b85621,9548a24a4faf5db17b5251df407b4402de033ae8648ec321c850fe6105002cf1,f03e9b40548b237a49c65fc91de8d79034f2eebff1da0442b6af685a9adf95bd
controlled-relative-map-ridge-diagnostic,source-austin,osm-sionna-source-austin-bank-18,correct,1532,70.94908302517041,98.2141936428543,0.0,csi-pairs-formal-v2.1-v6,060d8671380acaf43bd0beb2c77ac5c6ec112e4ddc083451ab36a5916b7c9cac,ce0d6de3d77ed6edde2c9eca5f7ce4ab92c262b63ce50b25113c1cffc8a3ca46,False,CANDIDATE_NOT_DOMAIN_EVIDENCE,c63b699ed767134007e47157a733f68e4c31de8be4ca0c30d71ec46a08b85621,9548a24a4faf5db17b5251df407b4402de033ae8648ec321c850fe6105002cf1,f03e9b40548b237a49c65fc91de8d79034f2eebff1da0442b6af685a9adf95bd
controlled-relative-map-ridge-diagnostic,source-austin,osm-sionna-source-austin-bank-18,empty,1532,121.63361967986864,123.99056223903233,50.69635080647933,csi-pairs-formal-v2.1-v6,060d8671380acaf43bd0beb2c77ac5c6ec112e4ddc083451ab36a5916b7c9cac,ce0d6de3d77ed6edde2c9eca5f7ce4ab92c262b63ce50b25113c1cffc8a3ca46,False,CANDIDATE_NOT_DOMAIN_EVIDENCE,c63b699ed767134007e47157a733f68e4c31de8be4ca0c30d71ec46a08b85621,9548a24a4faf5db17b5251df407b4402de033ae8648ec321c850fe6105002cf1,f03e9b40548b237a49c65fc91de8d79034f2eebff1da0442b6af685a9adf95bd
controlled-relative-map-ridge-diagnostic,source-austin,osm-sionna-source-austin-bank-18,geometry_destroyed,1532,138.11564678051457,165.9926246466621,67.0872139731957,csi-pairs-formal-v2.1-v6,060d8671380acaf43bd0beb2c77ac5c6ec112e4ddc083451ab36a5916b7c9cac,ce0d6de3d77ed6edde2c9eca5f7ce4ab92c262b63ce50b25113c1cffc8a3ca46,False,CANDIDATE_NOT_DOMAIN_EVIDENCE,c63b699ed767134007e47157a733f68e4c31de8be4ca0c30d71ec46a08b85621,9548a24a4faf5db17b5251df407b4402de033ae8648ec321c850fe6105002cf1,f03e9b40548b237a49c65fc91de8d79034f2eebff1da0442b6af685a9adf95bd
controlled-relative-map-ridge-diagnostic,source-austin,osm-sionna-source-austin-bank-18,paired_active_alternative,1532,70.93210124467737,98.23168944587702,0.25868842992070995,csi-pairs-formal-v2.1-v6,060d8671380acaf43bd0beb2c77ac5c6ec112e4ddc083451ab36a5916b7c9cac,ce0d6de3d77ed6edde2c9eca5f7ce4ab92c262b63ce50b25113c1cffc8a3ca46,False,CANDIDATE_NOT_DOMAIN_EVIDENCE,c63b699ed767134007e47157a733f68e4c31de8be4ca0c30d71ec46a08b85621,9548a24a4faf5db17b5251df407b4402de033ae8648ec321c850fe6105002cf1,f03e9b40548b237a49c65fc91de8d79034f2eebff1da0442b6af685a9adf95bd
controlled-relative-map-ridge-diagnostic,source-austin,osm-sionna-source-austin-bank-18,paired_null_alternative,1532,70.94908302517041,98.2141936428543,0.0,csi-pairs-formal-v2.1-v6,060d8671380acaf43bd0beb2c77ac5c6ec112e4ddc083451ab36a5916b7c9cac,ce0d6de3d77ed6edde2c9eca5f7ce4ab92c262b63ce50b25113c1cffc8a3ca46,False,CANDIDATE_NOT_DOMAIN_EVIDENCE,c63b699ed767134007e47157a733f68e4c31de8be4ca0c30d71ec46a08b85621,9548a24a4faf5db17b5251df407b4402de033ae8648ec321c850fe6105002cf1,f03e9b40548b237a49c65fc91de8d79034f2eebff1da0442b6af685a9adf95bd
controlled-relative-map-ridge-diagnostic,source-austin,osm-sionna-source-austin-bank-18,wrong_city,1532,67.70292391300276,95.21478725527851,-3.10996242774776,csi-pairs-formal-v2.1-v6,060d8671380acaf43bd0beb2c77ac5c6ec112e4ddc083451ab36a5916b7c9cac,ce0d6de3d77ed6edde2c9eca5f7ce4ab92c262b63ce50b25113c1cffc8a3ca46,False,CANDIDATE_NOT_DOMAIN_EVIDENCE,c63b699ed767134007e47157a733f68e4c31de8be4ca0c30d71ec46a08b85621,9548a24a4faf5db17b5251df407b4402de033ae8648ec321c850fe6105002cf1,f03e9b40548b237a49c65fc91de8d79034f2eebff1da0442b6af685a9adf95bd
controlled-relative-map-ridge-diagnostic,source-austin,osm-sionna-source-austin-bank-19,correct,1536,64.43488026416995,70.45563560308341,0.0,csi-pairs-formal-v2.1-v6,060d8671380acaf43bd0beb2c77ac5c6ec112e4ddc083451ab36a5916b7c9cac,ce0d6de3d77ed6edde2c9eca5f7ce4ab92c262b63ce50b25113c1cffc8a3ca46,False,CANDIDATE_NOT_DOMAIN_EVIDENCE,c63b699ed767134007e47157a733f68e4c31de8be4ca0c30d71ec46a08b85621,9548a24a4faf5db17b5251df407b4402de033ae8648ec321c850fe6105002cf1,f03e9b40548b237a49c65fc91de8d79034f2eebff1da0442b6af685a9adf95bd
controlled-relative-map-ridge-diagnostic,source-austin,osm-sionna-source-austin-bank-19,empty,1536,140.1635222939154,146.84655068884345,77.30710933902955,csi-pairs-formal-v2.1-v6,060d8671380acaf43bd0beb2c77ac5c6ec112e4ddc083451ab36a5916b7c9cac,ce0d6de3d77ed6edde2c9eca5f7ce4ab92c262b63ce50b25113c1cffc8a3ca46,False,CANDIDATE_NOT_DOMAIN_EVIDENCE,c63b699ed767134007e47157a733f68e4c31de8be4ca0c30d71ec46a08b85621,9548a24a4faf5db17b5251df407b4402de033ae8648ec321c850fe6105002cf1,f03e9b40548b237a49c65fc91de8d79034f2eebff1da0442b6af685a9adf95bd
controlled-relative-map-ridge-diagnostic,source-austin,osm-sionna-source-austin-bank-19,geometry_destroyed,1536,388.99433698115945,394.75935234666326,327.5056553284388,csi-pairs-formal-v2.1-v6,060d8671380acaf43bd0beb2c77ac5c6ec112e4ddc083451ab36a5916b7c9cac,ce0d6de3d77ed6edde2c9eca5f7ce4ab92c262b63ce50b25113c1cffc8a3ca46,False,CANDIDATE_NOT_DOMAIN_EVIDENCE,c63b699ed767134007e47157a733f68e4c31de8be4ca0c30d71ec46a08b85621,9548a24a4faf5db17b5251df407b4402de033ae8648ec321c850fe6105002cf1,f03e9b40548b237a49c65fc91de8d79034f2eebff1da0442b6af685a9adf95bd
controlled-relative-map-ridge-diagnostic,source-austin,osm-sionna-source-austin-bank-19,paired_active_alternative,1536,64.46410741205088,70.44917357733983,-0.0009267357293190059,csi-pairs-formal-v2.1-v6,060d8671380acaf43bd0beb2c77ac5c6ec112e4ddc083451ab36a5916b7c9cac,ce0d6de3d77ed6edde2c9eca5f7ce4ab92c262b63ce50b25113c1cffc8a3ca46,False,CANDIDATE_NOT_DOMAIN_EVIDENCE,c63b699ed767134007e47157a733f68e4c31de8be4ca0c30d71ec46a08b85621,9548a24a4faf5db17b5251df407b4402de033ae8648ec321c850fe6105002cf1,f03e9b40548b237a49c65fc91de8d79034f2eebff1da0442b6af685a9adf95bd
controlled-relative-map-ridge-diagnostic,source-austin,osm-sionna-source-austin-bank-19,paired_null_alternative,1536,64.43488026416995,70.45563560308341,0.0,csi-pairs-formal-v2.1-v6,060d8671380acaf43bd0beb2c77ac5c6ec112e4ddc083451ab36a5916b7c9cac,ce0d6de3d77ed6edde2c9eca5f7ce4ab92c262b63ce50b25113c1cffc8a3ca46,False,CANDIDATE_NOT_DOMAIN_EVIDENCE,c63b699ed767134007e47157a733f68e4c31de8be4ca0c30d71ec46a08b85621,9548a24a4faf5db17b5251df407b4402de033ae8648ec321c850fe6105002cf1,f03e9b40548b237a49c65fc91de8d79034f2eebff1da0442b6af685a9adf95bd
controlled-relative-map-ridge-diagnostic,source-austin,osm-sionna-source-austin-bank-19,wrong_city,1536,27.27355842598177,32.3666102335263,-34.86552673139212,csi-pairs-formal-v2.1-v6,060d8671380acaf43bd0beb2c77ac5c6ec112e4ddc083451ab36a5916b7c9cac,ce0d6de3d77ed6edde2c9eca5f7ce4ab92c262b63ce50b25113c1cffc8a3ca46,False,CANDIDATE_NOT_DOMAIN_EVIDENCE,c63b699ed767134007e47157a733f68e4c31de8be4ca0c30d71ec46a08b85621,9548a24a4faf5db17b5251df407b4402de033ae8648ec321c850fe6105002cf1,f03e9b40548b237a49c65fc91de8d79034f2eebff1da0442b6af685a9adf95bd
controlled-relative-map-ridge-diagnostic,source-chicago,osm-sionna-source-chicago-bank-16,correct,1536,77.86911397188996,80.39006448461262,0.0,csi-pairs-formal-v2.1-v6,060d8671380acaf43bd0beb2c77ac5c6ec112e4ddc083451ab36a5916b7c9cac,ce0d6de3d77ed6edde2c9eca5f7ce4ab92c262b63ce50b25113c1cffc8a3ca46,False,CANDIDATE_NOT_DOMAIN_EVIDENCE,c63b699ed767134007e47157a733f68e4c31de8be4ca0c30d71ec46a08b85621,9548a24a4faf5db17b5251df407b4402de033ae8648ec321c850fe6105002cf1,f03e9b40548b237a49c65fc91de8d79034f2eebff1da0442b6af685a9adf95bd
controlled-relative-map-ridge-diagnostic,source-chicago,osm-sionna-source-chicago-bank-16,empty,1536,121.18099758204245,123.40355111670362,43.55087430154379,csi-pairs-formal-v2.1-v6,060d8671380acaf43bd0beb2c77ac5c6ec112e4ddc083451ab36a5916b7c9cac,ce0d6de3d77ed6edde2c9eca5f7ce4ab92c262b63ce50b25113c1cffc8a3ca46,False,CANDIDATE_NOT_DOMAIN_EVIDENCE,c63b699ed767134007e47157a733f68e4c31de8be4ca0c30d71ec46a08b85621,9548a24a4faf5db17b5251df407b4402de033ae8648ec321c850fe6105002cf1,f03e9b40548b237a49c65fc91de8d79034f2eebff1da0442b6af685a9adf95bd
controlled-relative-map-ridge-diagnostic,source-chicago,osm-sionna-source-chicago-bank-16,geometry_destroyed,1536,944.9240643724984,956.3085391761251,867.3903957369021,csi-pairs-formal-v2.1-v6,060d8671380acaf43bd0beb2c77ac5c6ec112e4ddc083451ab36a5916b7c9cac,ce0d6de3d77ed6edde2c9eca5f7ce4ab92c262b63ce50b25113c1cffc8a3ca46,False,CANDIDATE_NOT_DOMAIN_EVIDENCE,c63b699ed767134007e47157a733f68e4c31de8be4ca0c30d71ec46a08b85621,9548a24a4faf5db17b5251df407b4402de033ae8648ec321c850fe6105002cf1,f03e9b40548b237a49c65fc91de8d79034f2eebff1da0442b6af685a9adf95bd
controlled-relative-map-ridge-diagnostic,source-chicago,osm-sionna-source-chicago-bank-16,paired_active_alternative,1536,77.87479228967653,80.39933216170138,-0.002816402755406955,csi-pairs-formal-v2.1-v6,060d8671380acaf43bd0beb2c77ac5c6ec112e4ddc083451ab36a5916b7c9cac,ce0d6de3d77ed6edde2c9eca5f7ce4ab92c262b63ce50b25113c1cffc8a3ca46,False,CANDIDATE_NOT_DOMAIN_EVIDENCE,c63b699ed767134007e47157a733f68e4c31de8be4ca0c30d71ec46a08b85621,9548a24a4faf5db17b5251df407b4402de033ae8648ec321c850fe6105002cf1,f03e9b40548b237a49c65fc91de8d79034f2eebff1da0442b6af685a9adf95bd
controlled-relative-map-ridge-diagnostic,source-chicago,osm-sionna-source-chicago-bank-16,paired_null_alternative,1536,77.86911397188996,80.39006448461262,0.0,csi-pairs-formal-v2.1-v6,060d8671380acaf43bd0beb2c77ac5c6ec112e4ddc083451ab36a5916b7c9cac,ce0d6de3d77ed6edde2c9eca5f7ce4ab92c262b63ce50b25113c1cffc8a3ca46,False,CANDIDATE_NOT_DOMAIN_EVIDENCE,c63b699ed767134007e47157a733f68e4c31de8be4ca0c30d71ec46a08b85621,9548a24a4faf5db17b5251df407b4402de033ae8648ec321c850fe6105002cf1,f03e9b40548b237a49c65fc91de8d79034f2eebff1da0442b6af685a9adf95bd
controlled-relative-map-ridge-diagnostic,source-chicago,osm-sionna-source-chicago-bank-16,wrong_city,1536,26.483936504218185,32.36050531865884,-51.160088115247234,csi-pairs-formal-v2.1-v6,060d8671380acaf43bd0beb2c77ac5c6ec112e4ddc083451ab36a5916b7c9cac,ce0d6de3d77ed6edde2c9eca5f7ce4ab92c262b63ce50b25113c1cffc8a3ca46,False,CANDIDATE_NOT_DOMAIN_EVIDENCE,c63b699ed767134007e47157a733f68e4c31de8be4ca0c30d71ec46a08b85621,9548a24a4faf5db17b5251df407b4402de033ae8648ec321c850fe6105002cf1,f03e9b40548b237a49c65fc91de8d79034f2eebff1da0442b6af685a9adf95bd
controlled-relative-map-ridge-diagnostic,source-chicago,osm-sionna-source-chicago-bank-17,correct,1536,59.06785982946555,65.31971348778963,0.0,csi-pairs-formal-v2.1-v6,060d8671380acaf43bd0beb2c77ac5c6ec112e4ddc083451ab36a5916b7c9cac,ce0d6de3d77ed6edde2c9eca5f7ce4ab92c262b63ce50b25113c1cffc8a3ca46,False,CANDIDATE_NOT_DOMAIN_EVIDENCE,c63b699ed767134007e47157a733f68e4c31de8be4ca0c30d71ec46a08b85621,9548a24a4faf5db17b5251df407b4402de033ae8648ec321c850fe6105002cf1,f03e9b40548b237a49c65fc91de8d79034f2eebff1da0442b6af685a9adf95bd
controlled-relative-map-ridge-diagnostic,source-chicago,osm-sionna-source-chicago-bank-17,empty,1536,124.92584566072227,128.43204223203554,64.95676168312036,csi-pairs-formal-v2.1-v6,060d8671380acaf43bd0beb2c77ac5c6ec112e4ddc083451ab36a5916b7c9cac,ce0d6de3d77ed6edde2c9eca5f7ce4ab92c262b63ce50b25113c1cffc8a3ca46,False,CANDIDATE_NOT_DOMAIN_EVIDENCE,c63b699ed767134007e47157a733f68e4c31de8be4ca0c30d71ec46a08b85621,9548a24a4faf5db17b5251df407b4402de033ae8648ec321c850fe6105002cf1,f03e9b40548b237a49c65fc91de8d79034f2eebff1da0442b6af685a9adf95bd
controlled-relative-map-ridge-diagnostic,source-chicago,osm-sionna-source-chicago-bank-17,geometry_destroyed,1536,583.8105086090127,590.3605900232342,524.5148282582941,csi-pairs-formal-v2.1-v6,060d8671380acaf43bd0beb2c77ac5c6ec112e4ddc083451ab36a5916b7c9cac,ce0d6de3d77ed6edde2c9eca5f7ce4ab92c262b63ce50b25113c1cffc8a3ca46,False,CANDIDATE_NOT_DOMAIN_EVIDENCE,c63b699ed767134007e47157a733f68e4c31de8be4ca0c30d71ec46a08b85621,9548a24a4faf5db17b5251df407b4402de033ae8648ec321c850fe6105002cf1,f03e9b40548b237a49c65fc91de8d79034f2eebff1da0442b6af685a9adf95bd
controlled-relative-map-ridge-diagnostic,source-chicago,osm-sionna-source-chicago-bank-17,paired_active_alternative,1536,59.054027613534174,65.3224161087432,1.5242013546412636e-05,csi-pairs-formal-v2.1-v6,060d8671380acaf43bd0beb2c77ac5c6ec112e4ddc083451ab36a5916b7c9cac,ce0d6de3d77ed6edde2c9eca5f7ce4ab92c262b63ce50b25113c1cffc8a3ca46,False,CANDIDATE_NOT_DOMAIN_EVIDENCE,c63b699ed767134007e47157a733f68e4c31de8be4ca0c30d71ec46a08b85621,9548a24a4faf5db17b5251df407b4402de033ae8648ec321c850fe6105002cf1,f03e9b40548b237a49c65fc91de8d79034f2eebff1da0442b6af685a9adf95bd
controlled-relative-map-ridge-diagnostic,source-chicago,osm-sionna-source-chicago-bank-17,paired_null_alternative,1536,59.06599088368546,65.31971348778963,0.0,csi-pairs-formal-v2.1-v6,060d8671380acaf43bd0beb2c77ac5c6ec112e4ddc083451ab36a5916b7c9cac,ce0d6de3d77ed6edde2c9eca5f7ce4ab92c262b63ce50b25113c1cffc8a3ca46,False,CANDIDATE_NOT_DOMAIN_EVIDENCE,c63b699ed767134007e47157a733f68e4c31de8be4ca0c30d71ec46a08b85621,9548a24a4faf5db17b5251df407b4402de033ae8648ec321c850fe6105002cf1,f03e9b40548b237a49c65fc91de8d79034f2eebff1da0442b6af685a9adf95bd
controlled-relative-map-ridge-diagnostic,source-chicago,osm-sionna-source-chicago-bank-17,wrong_city,1536,49.47790832791769,59.799563766761125,-9.498953423971077,csi-pairs-formal-v2.1-v6,060d8671380acaf43bd0beb2c77ac5c6ec112e4ddc083451ab36a5916b7c9cac,ce0d6de3d77ed6edde2c9eca5f7ce4ab92c262b63ce50b25113c1cffc8a3ca46,False,CANDIDATE_NOT_DOMAIN_EVIDENCE,c63b699ed767134007e47157a733f68e4c31de8be4ca0c30d71ec46a08b85621,9548a24a4faf5db17b5251df407b4402de033ae8648ec321c850fe6105002cf1,f03e9b40548b237a49c65fc91de8d79034f2eebff1da0442b6af685a9adf95bd
controlled-relative-map-ridge-diagnostic,source-chicago,osm-sionna-source-chicago-bank-18,correct,1536,88.38221851287386,98.0895209146823,0.0,csi-pairs-formal-v2.1-v6,060d8671380acaf43bd0beb2c77ac5c6ec112e4ddc083451ab36a5916b7c9cac,ce0d6de3d77ed6edde2c9eca5f7ce4ab92c262b63ce50b25113c1cffc8a3ca46,False,CANDIDATE_NOT_DOMAIN_EVIDENCE,c63b699ed767134007e47157a733f68e4c31de8be4ca0c30d71ec46a08b85621,9548a24a4faf5db17b5251df407b4402de033ae8648ec321c850fe6105002cf1,f03e9b40548b237a49c65fc91de8d79034f2eebff1da0442b6af685a9adf95bd
controlled-relative-map-ridge-diagnostic,source-chicago,osm-sionna-source-chicago-bank-18,empty,1536,121.35624058015775,122.87595721643615,32.6995040224041,csi-pairs-formal-v2.1-v6,060d8671380acaf43bd0beb2c77ac5c6ec112e4ddc083451ab36a5916b7c9cac,ce0d6de3d77ed6edde2c9eca5f7ce4ab92c262b63ce50b25113c1cffc8a3ca46,False,CANDIDATE_NOT_DOMAIN_EVIDENCE,c63b699ed767134007e47157a733f68e4c31de8be4ca0c30d71ec46a08b85621,9548a24a4faf5db17b5251df407b4402de033ae8648ec321c850fe6105002cf1,f03e9b40548b237a49c65fc91de8d79034f2eebff1da0442b6af685a9adf95bd
controlled-relative-map-ridge-diagnostic,source-chicago,osm-sionna-source-chicago-bank-18,geometry_destroyed,1536,170.79779884396225,180.59039470695862,82.26855163724231,csi-pairs-formal-v2.1-v6,060d8671380acaf43bd0beb2c77ac5c6ec112e4ddc083451ab36a5916b7c9cac,ce0d6de3d77ed6edde2c9eca5f7ce4ab92c262b63ce50b25113c1cffc8a3ca46,False,CANDIDATE_NOT_DOMAIN_EVIDENCE,c63b699ed767134007e47157a733f68e4c31de8be4ca0c30d71ec46a08b85621,9548a24a4faf5db17b5251df407b4402de033ae8648ec321c850fe6105002cf1,f03e9b40548b237a49c65fc91de8d79034f2eebff1da0442b6af685a9adf95bd
controlled-relative-map-ridge-diagnostic,source-chicago,osm-sionna-source-chicago-bank-18,paired_active_alternative,1536,88.35998074696766,98.22865182115379,0.0007987929721906539,csi-pairs-formal-v2.1-v6,060d8671380acaf43bd0beb2c77ac5c6ec112e4ddc083451ab36a5916b7c9cac,ce0d6de3d77ed6edde2c9eca5f7ce4ab92c262b63ce50b25113c1cffc8a3ca46,False,CANDIDATE_NOT_DOMAIN_EVIDENCE,c63b699ed767134007e47157a733f68e4c31de8be4ca0c30d71ec46a08b85621,9548a24a4faf5db17b5251df407b4402de033ae8648ec321c850fe6105002cf1,f03e9b40548b237a49c65fc91de8d79034f2eebff1da0442b6af685a9adf95bd
controlled-relative-map-ridge-diagnostic,source-chicago,osm-sionna-source-chicago-bank-18,paired_null_alternative,1536,88.38221851287386,98.0895209146823,0.0,csi-pairs-formal-v2.1-v6,060d8671380acaf43bd0beb2c77ac5c6ec112e4ddc083451ab36a5916b7c9cac,ce0d6de3d77ed6edde2c9eca5f7ce4ab92c262b63ce50b25113c1cffc8a3ca46,False,CANDIDATE_NOT_DOMAIN_EVIDENCE,c63b699ed767134007e47157a733f68e4c31de8be4ca0c30d71ec46a08b85621,9548a24a4faf5db17b5251df407b4402de033ae8648ec321c850fe6105002cf1,f03e9b40548b237a49c65fc91de8d79034f2eebff1da0442b6af685a9adf95bd
controlled-relative-map-ridge-diagnostic,source-chicago,osm-sionna-source-chicago-bank-18,wrong_city,1536,26.26778877909579,30.91204453229137,-62.01272073311601,csi-pairs-formal-v2.1-v6,060d8671380acaf43bd0beb2c77ac5c6ec112e4ddc083451ab36a5916b7c9cac,ce0d6de3d77ed6edde2c9eca5f7ce4ab92c262b63ce50b25113c1cffc8a3ca46,False,CANDIDATE_NOT_DOMAIN_EVIDENCE,c63b699ed767134007e47157a733f68e4c31de8be4ca0c30d71ec46a08b85621,9548a24a4faf5db17b5251df407b4402de033ae8648ec321c850fe6105002cf1,f03e9b40548b237a49c65fc91de8d79034f2eebff1da0442b6af685a9adf95bd
controlled-relative-map-ridge-diagnostic,source-chicago,osm-sionna-source-chicago-bank-19,correct,1508,32.57541951798589,58.85860366243478,0.0,csi-pairs-formal-v2.1-v6,060d8671380acaf43bd0beb2c77ac5c6ec112e4ddc083451ab36a5916b7c9cac,ce0d6de3d77ed6edde2c9eca5f7ce4ab92c262b63ce50b25113c1cffc8a3ca46,False,CANDIDATE_NOT_DOMAIN_EVIDENCE,c63b699ed767134007e47157a733f68e4c31de8be4ca0c30d71ec46a08b85621,9548a24a4faf5db17b5251df407b4402de033ae8648ec321c850fe6105002cf1,f03e9b40548b237a49c65fc91de8d79034f2eebff1da0442b6af685a9adf95bd
controlled-relative-map-ridge-diagnostic,source-chicago,osm-sionna-source-chicago-bank-19,empty,1508,160.00667583049355,180.4427092623021,127.40981338205901,csi-pairs-formal-v2.1-v6,060d8671380acaf43bd0beb2c77ac5c6ec112e4ddc083451ab36a5916b7c9cac,ce0d6de3d77ed6edde2c9eca5f7ce4ab92c262b63ce50b25113c1cffc8a3ca46,False,CANDIDATE_NOT_DOMAIN_EVIDENCE,c63b699ed767134007e47157a733f68e4c31de8be4ca0c30d71ec46a08b85621,9548a24a4faf5db17b5251df407b4402de033ae8648ec321c850fe6105002cf1,f03e9b40548b237a49c65fc91de8d79034f2eebff1da0442b6af685a9adf95bd
controlled-relative-map-ridge-diagnostic,source-chicago,osm-sionna-source-chicago-bank-19,geometry_destroyed,1508,272.3617832930213,281.0589615856879,239.8562388628995,csi-pairs-formal-v2.1-v6,060d8671380acaf43bd0beb2c77ac5c6ec112e4ddc083451ab36a5916b7c9cac,ce0d6de3d77ed6edde2c9eca5f7ce4ab92c262b63ce50b25113c1cffc8a3ca46,False,CANDIDATE_NOT_DOMAIN_EVIDENCE,c63b699ed767134007e47157a733f68e4c31de8be4ca0c30d71ec46a08b85621,9548a24a4faf5db17b5251df407b4402de033ae8648ec321c850fe6105002cf1,f03e9b40548b237a49c65fc91de8d79034f2eebff1da0442b6af685a9adf95bd
controlled-relative-map-ridge-diagnostic,source-chicago,osm-sionna-source-chicago-bank-19,paired_active_alternative,1508,32.617559076379365,58.91365392919023,-0.07906270852074826,csi-pairs-formal-v2.1-v6,060d8671380acaf43bd0beb2c77ac5c6ec112e4ddc083451ab36a5916b7c9cac,ce0d6de3d77ed6edde2c9eca5f7ce4ab92c262b63ce50b25113c1cffc8a3ca46,False,CANDIDATE_NOT_DOMAIN_EVIDENCE,c63b699ed767134007e47157a733f68e4c31de8be4ca0c30d71ec46a08b85621,9548a24a4faf5db17b5251df407b4402de033ae8648ec321c850fe6105002cf1,f03e9b40548b237a49c65fc91de8d79034f2eebff1da0442b6af685a9adf95bd
controlled-relative-map-ridge-diagnostic,source-chicago,osm-sionna-source-chicago-bank-19,paired_null_alternative,1508,32.57541951798589,58.85860366243478,0.0,csi-pairs-formal-v2.1-v6,060d8671380acaf43bd0beb2c77ac5c6ec112e4ddc083451ab36a5916b7c9cac,ce0d6de3d77ed6edde2c9eca5f7ce4ab92c262b63ce50b25113c1cffc8a3ca46,False,CANDIDATE_NOT_DOMAIN_EVIDENCE,c63b699ed767134007e47157a733f68e4c31de8be4ca0c30d71ec46a08b85621,9548a24a4faf5db17b5251df407b4402de033ae8648ec321c850fe6105002cf1,f03e9b40548b237a49c65fc91de8d79034f2eebff1da0442b6af685a9adf95bd
controlled-relative-map-ridge-diagnostic,source-chicago,osm-sionna-source-chicago-bank-19,wrong_city,1508,121.21842460408105,150.2981529599679,88.96639266570867,csi-pairs-formal-v2.1-v6,060d8671380acaf43bd0beb2c77ac5c6ec112e4ddc083451ab36a5916b7c9cac,ce0d6de3d77ed6edde2c9eca5f7ce4ab92c262b63ce50b25113c1cffc8a3ca46,False,CANDIDATE_NOT_DOMAIN_EVIDENCE,c63b699ed767134007e47157a733f68e4c31de8be4ca0c30d71ec46a08b85621,9548a24a4faf5db17b5251df407b4402de033ae8648ec321c850fe6105002cf1,f03e9b40548b237a49c65fc91de8d79034f2eebff1da0442b6af685a9adf95bd
controlled-relative-map-ridge-diagnostic,target-boston,osm-sionna-target-boston-bank-00,correct,832,48.137414739290946,69.3504803729866,0.0,csi-pairs-formal-v2.1-v6,060d8671380acaf43bd0beb2c77ac5c6ec112e4ddc083451ab36a5916b7c9cac,ce0d6de3d77ed6edde2c9eca5f7ce4ab92c262b63ce50b25113c1cffc8a3ca46,False,CANDIDATE_NOT_DOMAIN_EVIDENCE,c63b699ed767134007e47157a733f68e4c31de8be4ca0c30d71ec46a08b85621,9548a24a4faf5db17b5251df407b4402de033ae8648ec321c850fe6105002cf1,f03e9b40548b237a49c65fc91de8d79034f2eebff1da0442b6af685a9adf95bd
controlled-relative-map-ridge-diagnostic,target-boston,osm-sionna-target-boston-bank-00,empty,832,160.9364257144456,182.65410289314292,112.6290023455068,csi-pairs-formal-v2.1-v6,060d8671380acaf43bd0beb2c77ac5c6ec112e4ddc083451ab36a5916b7c9cac,ce0d6de3d77ed6edde2c9eca5f7ce4ab92c262b63ce50b25113c1cffc8a3ca46,False,CANDIDATE_NOT_DOMAIN_EVIDENCE,c63b699ed767134007e47157a733f68e4c31de8be4ca0c30d71ec46a08b85621,9548a24a4faf5db17b5251df407b4402de033ae8648ec321c850fe6105002cf1,f03e9b40548b237a49c65fc91de8d79034f2eebff1da0442b6af685a9adf95bd
controlled-relative-map-ridge-diagnostic,target-boston,osm-sionna-target-boston-bank-00,geometry_destroyed,832,58.84664529950791,67.10118952363064,10.327304402245922,csi-pairs-formal-v2.1-v6,060d8671380acaf43bd0beb2c77ac5c6ec112e4ddc083451ab36a5916b7c9cac,ce0d6de3d77ed6edde2c9eca5f7ce4ab92c262b63ce50b25113c1cffc8a3ca46,False,CANDIDATE_NOT_DOMAIN_EVIDENCE,c63b699ed767134007e47157a733f68e4c31de8be4ca0c30d71ec46a08b85621,9548a24a4faf5db17b5251df407b4402de033ae8648ec321c850fe6105002cf1,f03e9b40548b237a49c65fc91de8d79034f2eebff1da0442b6af685a9adf95bd
controlled-relative-map-ridge-diagnostic,target-boston,osm-sionna-target-boston-bank-00,paired_active_alternative,832,48.197832662261824,69.29888060699207,-0.003729423739766702,csi-pairs-formal-v2.1-v6,060d8671380acaf43bd0beb2c77ac5c6ec112e4ddc083451ab36a5916b7c9cac,ce0d6de3d77ed6edde2c9eca5f7ce4ab92c262b63ce50b25113c1cffc8a3ca46,False,CANDIDATE_NOT_DOMAIN_EVIDENCE,c63b699ed767134007e47157a733f68e4c31de8be4ca0c30d71ec46a08b85621,9548a24a4faf5db17b5251df407b4402de033ae8648ec321c850fe6105002cf1,f03e9b40548b237a49c65fc91de8d79034f2eebff1da0442b6af685a9adf95bd
controlled-relative-map-ridge-diagnostic,target-boston,osm-sionna-target-boston-bank-00,paired_null_alternative,832,48.137414739290946,69.3504803729866,0.0,csi-pairs-formal-v2.1-v6,060d8671380acaf43bd0beb2c77ac5c6ec112e4ddc083451ab36a5916b7c9cac,ce0d6de3d77ed6edde2c9eca5f7ce4ab92c262b63ce50b25113c1cffc8a3ca46,False,CANDIDATE_NOT_DOMAIN_EVIDENCE,c63b699ed767134007e47157a733f68e4c31de8be4ca0c30d71ec46a08b85621,9548a24a4faf5db17b5251df407b4402de033ae8648ec321c850fe6105002cf1,f03e9b40548b237a49c65fc91de8d79034f2eebff1da0442b6af685a9adf95bd
controlled-relative-map-ridge-diagnostic,target-boston,osm-sionna-target-boston-bank-00,wrong_city,832,21.65070217839063,51.63467440588666,-26.96666593447228,csi-pairs-formal-v2.1-v6,060d8671380acaf43bd0beb2c77ac5c6ec112e4ddc083451ab36a5916b7c9cac,ce0d6de3d77ed6edde2c9eca5f7ce4ab92c262b63ce50b25113c1cffc8a3ca46,False,CANDIDATE_NOT_DOMAIN_EVIDENCE,c63b699ed767134007e47157a733f68e4c31de8be4ca0c30d71ec46a08b85621,9548a24a4faf5db17b5251df407b4402de033ae8648ec321c850fe6105002cf1,f03e9b40548b237a49c65fc91de8d79034f2eebff1da0442b6af685a9adf95bd
controlled-relative-map-ridge-diagnostic,target-boston,osm-sionna-target-boston-bank-01,correct,800,59.861749180472025,63.5597762978445,0.0,csi-pairs-formal-v2.1-v6,060d8671380acaf43bd0beb2c77ac5c6ec112e4ddc083451ab36a5916b7c9cac,ce0d6de3d77ed6edde2c9eca5f7ce4ab92c262b63ce50b25113c1cffc8a3ca46,False,CANDIDATE_NOT_DOMAIN_EVIDENCE,c63b699ed767134007e47157a733f68e4c31de8be4ca0c30d71ec46a08b85621,9548a24a4faf5db17b5251df407b4402de033ae8648ec321c850fe6105002cf1,f03e9b40548b237a49c65fc91de8d79034f2eebff1da0442b6af685a9adf95bd
controlled-relative-map-ridge-diagnostic,target-boston,osm-sionna-target-boston-bank-01,empty,800,133.70197891183875,142.62505981426204,74.26683818245854,csi-pairs-formal-v2.1-v6,060d8671380acaf43bd0beb2c77ac5c6ec112e4ddc083451ab36a5916b7c9cac,ce0d6de3d77ed6edde2c9eca5f7ce4ab92c262b63ce50b25113c1cffc8a3ca46,False,CANDIDATE_NOT_DOMAIN_EVIDENCE,c63b699ed767134007e47157a733f68e4c31de8be4ca0c30d71ec46a08b85621,9548a24a4faf5db17b5251df407b4402de033ae8648ec321c850fe6105002cf1,f03e9b40548b237a49c65fc91de8d79034f2eebff1da0442b6af685a9adf95bd
controlled-relative-map-ridge-diagnostic,target-boston,osm-sionna-target-boston-bank-01,geometry_destroyed,800,313.31332351848687,322.2199860147815,254.0677221101545,csi-pairs-formal-v2.1-v6,060d8671380acaf43bd0beb2c77ac5c6ec112e4ddc083451ab36a5916b7c9cac,ce0d6de3d77ed6edde2c9eca5f7ce4ab92c262b63ce50b25113c1cffc8a3ca46,False,CANDIDATE_NOT_DOMAIN_EVIDENCE,c63b699ed767134007e47157a733f68e4c31de8be4ca0c30d71ec46a08b85621,9548a24a4faf5db17b5251df407b4402de033ae8648ec321c850fe6105002cf1,f03e9b40548b237a49c65fc91de8d79034f2eebff1da0442b6af685a9adf95bd
controlled-relative-map-ridge-diagnostic,target-boston,osm-sionna-target-boston-bank-01,paired_active_alternative,800,59.8338593145249,63.5560795620996,-0.0011059184151953616,csi-pairs-formal-v2.1-v6,060d8671380acaf43bd0beb2c77ac5c6ec112e4ddc083451ab36a5916b7c9cac,ce0d6de3d77ed6edde2c9eca5f7ce4ab92c262b63ce50b25113c1cffc8a3ca46,False,CANDIDATE_NOT_DOMAIN_EVIDENCE,c63b699ed767134007e47157a733f68e4c31de8be4ca0c30d71ec46a08b85621,9548a24a4faf5db17b5251df407b4402de033ae8648ec321c850fe6105002cf1,f03e9b40548b237a49c65fc91de8d79034f2eebff1da0442b6af685a9adf95bd
controlled-relative-map-ridge-diagnostic,target-boston,osm-sionna-target-boston-bank-01,paired_null_alternative,800,59.861749180472025,63.5597762978445,0.0,csi-pairs-formal-v2.1-v6,060d8671380acaf43bd0beb2c77ac5c6ec112e4ddc083451ab36a5916b7c9cac,ce0d6de3d77ed6edde2c9eca5f7ce4ab92c262b63ce50b25113c1cffc8a3ca46,False,CANDIDATE_NOT_DOMAIN_EVIDENCE,c63b699ed767134007e47157a733f68e4c31de8be4ca0c30d71ec46a08b85621,9548a24a4faf5db17b5251df407b4402de033ae8648ec321c850fe6105002cf1,f03e9b40548b237a49c65fc91de8d79034f2eebff1da0442b6af685a9adf95bd
controlled-relative-map-ridge-diagnostic,target-boston,osm-sionna-target-boston-bank-01,wrong_city,800,30.157251072894994,37.90710011130464,-29.357344031876018,csi-pairs-formal-v2.1-v6,060d8671380acaf43bd0beb2c77ac5c6ec112e4ddc083451ab36a5916b7c9cac,ce0d6de3d77ed6edde2c9eca5f7ce4ab92c262b63ce50b25113c1cffc8a3ca46,False,CANDIDATE_NOT_DOMAIN_EVIDENCE,c63b699ed767134007e47157a733f68e4c31de8be4ca0c30d71ec46a08b85621,9548a24a4faf5db17b5251df407b4402de033ae8648ec321c850fe6105002cf1,f03e9b40548b237a49c65fc91de8d79034f2eebff1da0442b6af685a9adf95bd
controlled-relative-map-ridge-diagnostic,target-boston,osm-sionna-target-boston-bank-02,correct,752,167.21516798403752,176.80160612635916,0.0,csi-pairs-formal-v2.1-v6,060d8671380acaf43bd0beb2c77ac5c6ec112e4ddc083451ab36a5916b7c9cac,ce0d6de3d77ed6edde2c9eca5f7ce4ab92c262b63ce50b25113c1cffc8a3ca46,False,CANDIDATE_NOT_DOMAIN_EVIDENCE,c63b699ed767134007e47157a733f68e4c31de8be4ca0c30d71ec46a08b85621,9548a24a4faf5db17b5251df407b4402de033ae8648ec321c850fe6105002cf1,f03e9b40548b237a49c65fc91de8d79034f2eebff1da0442b6af685a9adf95bd
controlled-relative-map-ridge-diagnostic,target-boston,osm-sionna-target-boston-bank-02,empty,752,162.64272022812037,170.0645020234549,-4.914691102940807,csi-pairs-formal-v2.1-v6,060d8671380acaf43bd0beb2c77ac5c6ec112e4ddc083451ab36a5916b7c9cac,ce0d6de3d77ed6edde2c9eca5f7ce4ab92c262b63ce50b25113c1cffc8a3ca46,False,CANDIDATE_NOT_DOMAIN_EVIDENCE,c63b699ed767134007e47157a733f68e4c31de8be4ca0c30d71ec46a08b85621,9548a24a4faf5db17b5251df407b4402de033ae8648ec321c850fe6105002cf1,f03e9b40548b237a49c65fc91de8d79034f2eebff1da0442b6af685a9adf95bd
controlled-relative-map-ridge-diagnostic,target-boston,osm-sionna-target-boston-bank-02,geometry_destroyed,752,386.45073991847516,391.8527156555178,219.31309715697364,csi-pairs-formal-v2.1-v6,060d8671380acaf43bd0beb2c77ac5c6ec112e4ddc083451ab36a5916b7c9cac,ce0d6de3d77ed6edde2c9eca5f7ce4ab92c262b63ce50b25113c1cffc8a3ca46,False,CANDIDATE_NOT_DOMAIN_EVIDENCE,c63b699ed767134007e47157a733f68e4c31de8be4ca0c30d71ec46a08b85621,9548a24a4faf5db17b5251df407b4402de033ae8648ec321c850fe6105002cf1,f03e9b40548b237a49c65fc91de8d79034f2eebff1da0442b6af685a9adf95bd
controlled-relative-map-ridge-diagnostic,target-boston,osm-sionna-target-boston-bank-02,paired_active_alternative,752,167.27136465968124,176.7078319298965,0.0002171571175608733,csi-pairs-formal-v2.1-v6,060d8671380acaf43bd0beb2c77ac5c6ec112e4ddc083451ab36a5916b7c9cac,ce0d6de3d77ed6edde2c9eca5f7ce4ab92c262b63ce50b25113c1cffc8a3ca46,False,CANDIDATE_NOT_DOMAIN_EVIDENCE,c63b699ed767134007e47157a733f68e4c31de8be4ca0c30d71ec46a08b85621,9548a24a4faf5db17b5251df407b4402de033ae8648ec321c850fe6105002cf1,f03e9b40548b237a49c65fc91de8d79034f2eebff1da0442b6af685a9adf95bd
controlled-relative-map-ridge-diagnostic,target-boston,osm-sionna-target-boston-bank-02,paired_null_alternative,752,167.21516798403752,176.80160612635916,0.0,csi-pairs-formal-v2.1-v6,060d8671380acaf43bd0beb2c77ac5c6ec112e4ddc083451ab36a5916b7c9cac,ce0d6de3d77ed6edde2c9eca5f7ce4ab92c262b63ce50b25113c1cffc8a3ca46,False,CANDIDATE_NOT_DOMAIN_EVIDENCE,c63b699ed767134007e47157a733f68e4c31de8be4ca0c30d71ec46a08b85621,9548a24a4faf5db17b5251df407b4402de033ae8648ec321c850fe6105002cf1,f03e9b40548b237a49c65fc91de8d79034f2eebff1da0442b6af685a9adf95bd
controlled-relative-map-ridge-diagnostic,target-boston,osm-sionna-target-boston-bank-02,wrong_city,752,23.464880103932362,34.36925668379914,-143.5657893523906,csi-pairs-formal-v2.1-v6,060d8671380acaf43bd0beb2c77ac5c6ec112e4ddc083451ab36a5916b7c9cac,ce0d6de3d77ed6edde2c9eca5f7ce4ab92c262b63ce50b25113c1cffc8a3ca46,False,CANDIDATE_NOT_DOMAIN_EVIDENCE,c63b699ed767134007e47157a733f68e4c31de8be4ca0c30d71ec46a08b85621,9548a24a4faf5db17b5251df407b4402de033ae8648ec321c850fe6105002cf1,f03e9b40548b237a49c65fc91de8d79034f2eebff1da0442b6af685a9adf95bd
controlled-relative-map-ridge-diagnostic,target-boston,osm-sionna-target-boston-bank-03,correct,672,94.31656861700793,105.18481275923156,0.0,csi-pairs-formal-v2.1-v6,060d8671380acaf43bd0beb2c77ac5c6ec112e4ddc083451ab36a5916b7c9cac,ce0d6de3d77ed6edde2c9eca5f7ce4ab92c262b63ce50b25113c1cffc8a3ca46,False,CANDIDATE_NOT_DOMAIN_EVIDENCE,c63b699ed767134007e47157a733f68e4c31de8be4ca0c30d71ec46a08b85621,9548a24a4faf5db17b5251df407b4402de033ae8648ec321c850fe6105002cf1,f03e9b40548b237a49c65fc91de8d79034f2eebff1da0442b6af685a9adf95bd
controlled-relative-map-ridge-diagnostic,target-boston,osm-sionna-target-boston-bank-03,empty,672,159.13890077728308,165.14883419347763,63.79548913076873,csi-pairs-formal-v2.1-v6,060d8671380acaf43bd0beb2c77ac5c6ec112e4ddc083451ab36a5916b7c9cac,ce0d6de3d77ed6edde2c9eca5f7ce4ab92c262b63ce50b25113c1cffc8a3ca46,False,CANDIDATE_NOT_DOMAIN_EVIDENCE,c63b699ed767134007e47157a733f68e4c31de8be4ca0c30d71ec46a08b85621,9548a24a4faf5db17b5251df407b4402de033ae8648ec321c850fe6105002cf1,f03e9b40548b237a49c65fc91de8d79034f2eebff1da0442b6af685a9adf95bd
controlled-relative-map-ridge-diagnostic,target-boston,osm-sionna-target-boston-bank-03,geometry_destroyed,672,463.53319756933786,471.7813191521992,369.1454403221097,csi-pairs-formal-v2.1-v6,060d8671380acaf43bd0beb2c77ac5c6ec112e4ddc083451ab36a5916b7c9cac,ce0d6de3d77ed6edde2c9eca5f7ce4ab92c262b63ce50b25113c1cffc8a3ca46,False,CANDIDATE_NOT_DOMAIN_EVIDENCE,c63b699ed767134007e47157a733f68e4c31de8be4ca0c30d71ec46a08b85621,9548a24a4faf5db17b5251df407b4402de033ae8648ec321c850fe6105002cf1,f03e9b40548b237a49c65fc91de8d79034f2eebff1da0442b6af685a9adf95bd
controlled-relative-map-ridge-diagnostic,target-boston,osm-sionna-target-boston-bank-03,paired_active_alternative,672,94.38758338759727,105.0656690857138,-0.2137446770907303,csi-pairs-formal-v2.1-v6,060d8671380acaf43bd0beb2c77ac5c6ec112e4ddc083451ab36a5916b7c9cac,ce0d6de3d77ed6edde2c9eca5f7ce4ab92c262b63ce50b25113c1cffc8a3ca46,False,CANDIDATE_NOT_DOMAIN_EVIDENCE,c63b699ed767134007e47157a733f68e4c31de8be4ca0c30d71ec46a08b85621,9548a24a4faf5db17b5251df407b4402de033ae8648ec321c850fe6105002cf1,f03e9b40548b237a49c65fc91de8d79034f2eebff1da0442b6af685a9adf95bd
controlled-relative-map-ridge-diagnostic,target-boston,osm-sionna-target-boston-bank-03,paired_null_alternative,672,94.31656861700793,105.18481275923156,0.0,csi-pairs-formal-v2.1-v6,060d8671380acaf43bd0beb2c77ac5c6ec112e4ddc083451ab36a5916b7c9cac,ce0d6de3d77ed6edde2c9eca5f7ce4ab92c262b63ce50b25113c1cffc8a3ca46,False,CANDIDATE_NOT_DOMAIN_EVIDENCE,c63b699ed767134007e47157a733f68e4c31de8be4ca0c30d71ec46a08b85621,9548a24a4faf5db17b5251df407b4402de033ae8648ec321c850fe6105002cf1,f03e9b40548b237a49c65fc91de8d79034f2eebff1da0442b6af685a9adf95bd
controlled-relative-map-ridge-diagnostic,target-boston,osm-sionna-target-boston-bank-03,wrong_city,672,17.449808919463642,28.765770323663485,-76.94533666837904,csi-pairs-formal-v2.1-v6,060d8671380acaf43bd0beb2c77ac5c6ec112e4ddc083451ab36a5916b7c9cac,ce0d6de3d77ed6edde2c9eca5f7ce4ab92c262b63ce50b25113c1cffc8a3ca46,False,CANDIDATE_NOT_DOMAIN_EVIDENCE,c63b699ed767134007e47157a733f68e4c31de8be4ca0c30d71ec46a08b85621,9548a24a4faf5db17b5251df407b4402de033ae8648ec321c850fe6105002cf1,f03e9b40548b237a49c65fc91de8d79034f2eebff1da0442b6af685a9adf95bd
controlled-relative-map-ridge-diagnostic,target-boston,osm-sionna-target-boston-bank-04,correct,736,133.9861937775011,138.71543250293354,0.0,csi-pairs-formal-v2.1-v6,060d8671380acaf43bd0beb2c77ac5c6ec112e4ddc083451ab36a5916b7c9cac,ce0d6de3d77ed6edde2c9eca5f7ce4ab92c262b63ce50b25113c1cffc8a3ca46,False,CANDIDATE_NOT_DOMAIN_EVIDENCE,c63b699ed767134007e47157a733f68e4c31de8be4ca0c30d71ec46a08b85621,9548a24a4faf5db17b5251df407b4402de033ae8648ec321c850fe6105002cf1,f03e9b40548b237a49c65fc91de8d79034f2eebff1da0442b6af685a9adf95bd
controlled-relative-map-ridge-diagnostic,target-boston,osm-sionna-target-boston-bank-04,empty,736,119.99718069677705,125.17992587921313,-11.200171624233377,csi-pairs-formal-v2.1-v6,060d8671380acaf43bd0beb2c77ac5c6ec112e4ddc083451ab36a5916b7c9cac,ce0d6de3d77ed6edde2c9eca5f7ce4ab92c262b63ce50b25113c1cffc8a3ca46,False,CANDIDATE_NOT_DOMAIN_EVIDENCE,c63b699ed767134007e47157a733f68e4c31de8be4ca0c30d71ec46a08b85621,9548a24a4faf5db17b5251df407b4402de033ae8648ec321c850fe6105002cf1,f03e9b40548b237a49c65fc91de8d79034f2eebff1da0442b6af685a9adf95bd
controlled-relative-map-ridge-diagnostic,target-boston,osm-sionna-target-boston-bank-04,geometry_destroyed,736,601.8819195946239,608.8674902088667,469.1591974460888,csi-pairs-formal-v2.1-v6,060d8671380acaf43bd0beb2c77ac5c6ec112e4ddc083451ab36a5916b7c9cac,ce0d6de3d77ed6edde2c9eca5f7ce4ab92c262b63ce50b25113c1cffc8a3ca46,False,CANDIDATE_NOT_DOMAIN_EVIDENCE,c63b699ed767134007e47157a733f68e4c31de8be4ca0c30d71ec46a08b85621,9548a24a4faf5db17b5251df407b4402de033ae8648ec321c850fe6105002cf1,f03e9b40548b237a49c65fc91de8d79034f2eebff1da0442b6af685a9adf95bd
controlled-relative-map-ridge-diagnostic,target-boston,osm-sionna-target-boston-bank-04,paired_active_alternative,736,133.9358805558408,138.72226082203275,-0.019115457681266435,csi-pairs-formal-v2.1-v6,060d8671380acaf43bd0beb2c77ac5c6ec112e4ddc083451ab36a5916b7c9cac,ce0d6de3d77ed6edde2c9eca5f7ce4ab92c262b63ce50b25113c1cffc8a3ca46,False,CANDIDATE_NOT_DOMAIN_EVIDENCE,c63b699ed767134007e47157a733f68e4c31de8be4ca0c30d71ec46a08b85621,9548a24a4faf5db17b5251df407b4402de033ae8648ec321c850fe6105002cf1,f03e9b40548b237a49c65fc91de8d79034f2eebff1da0442b6af685a9adf95bd
controlled-relative-map-ridge-diagnostic,target-boston,osm-sionna-target-boston-bank-04,paired_null_alternative,736,133.9861937775011,138.71543250293354,0.0,csi-pairs-formal-v2.1-v6,060d8671380acaf43bd0beb2c77ac5c6ec112e4ddc083451ab36a5916b7c9cac,ce0d6de3d77ed6edde2c9eca5f7ce4ab92c262b63ce50b25113c1cffc8a3ca46,False,CANDIDATE_NOT_DOMAIN_EVIDENCE,c63b699ed767134007e47157a733f68e4c31de8be4ca0c30d71ec46a08b85621,9548a24a4faf5db17b5251df407b4402de033ae8648ec321c850fe6105002cf1,f03e9b40548b237a49c65fc91de8d79034f2eebff1da0442b6af685a9adf95bd
controlled-relative-map-ridge-diagnostic,target-boston,osm-sionna-target-boston-bank-04,wrong_city,736,90.48353700056643,96.0512525997508,-42.83488975964174,csi-pairs-formal-v2.1-v6,060d8671380acaf43bd0beb2c77ac5c6ec112e4ddc083451ab36a5916b7c9cac,ce0d6de3d77ed6edde2c9eca5f7ce4ab92c262b63ce50b25113c1cffc8a3ca46,False,CANDIDATE_NOT_DOMAIN_EVIDENCE,c63b699ed767134007e47157a733f68e4c31de8be4ca0c30d71ec46a08b85621,9548a24a4faf5db17b5251df407b4402de033ae8648ec321c850fe6105002cf1,f03e9b40548b237a49c65fc91de8d79034f2eebff1da0442b6af685a9adf95bd
controlled-relative-map-ridge-diagnostic,target-boston,osm-sionna-target-boston-bank-05,correct,656,44.37649028536228,50.143732993142045,0.0,csi-pairs-formal-v2.1-v6,060d8671380acaf43bd0beb2c77ac5c6ec112e4ddc083451ab36a5916b7c9cac,ce0d6de3d77ed6edde2c9eca5f7ce4ab92c262b63ce50b25113c1cffc8a3ca46,False,CANDIDATE_NOT_DOMAIN_EVIDENCE,c63b699ed767134007e47157a733f68e4c31de8be4ca0c30d71ec46a08b85621,9548a24a4faf5db17b5251df407b4402de033ae8648ec321c850fe6105002cf1,f03e9b40548b237a49c65fc91de8d79034f2eebff1da0442b6af685a9adf95bd
controlled-relative-map-ridge-diagnostic,target-boston,osm-sionna-target-boston-bank-05,empty,656,137.5095776303042,146.93262564109398,97.56931496856996,csi-pairs-formal-v2.1-v6,060d8671380acaf43bd0beb2c77ac5c6ec112e4ddc083451ab36a5916b7c9cac,ce0d6de3d77ed6edde2c9eca5f7ce4ab92c262b63ce50b25113c1cffc8a3ca46,False,CANDIDATE_NOT_DOMAIN_EVIDENCE,c63b699ed767134007e47157a733f68e4c31de8be4ca0c30d71ec46a08b85621,9548a24a4faf5db17b5251df407b4402de033ae8648ec321c850fe6105002cf1,f03e9b40548b237a49c65fc91de8d79034f2eebff1da0442b6af685a9adf95bd
controlled-relative-map-ridge-diagnostic,target-boston,osm-sionna-target-boston-bank-05,geometry_destroyed,656,811.7817250663885,817.8927808105009,765.8212707786538,csi-pairs-formal-v2.1-v6,060d8671380acaf43bd0beb2c77ac5c6ec112e4ddc083451ab36a5916b7c9cac,ce0d6de3d77ed6edde2c9eca5f7ce4ab92c262b63ce50b25113c1cffc8a3ca46,False,CANDIDATE_NOT_DOMAIN_EVIDENCE,c63b699ed767134007e47157a733f68e4c31de8be4ca0c30d71ec46a08b85621,9548a24a4faf5db17b5251df407b4402de033ae8648ec321c850fe6105002cf1,f03e9b40548b237a49c65fc91de8d79034f2eebff1da0442b6af685a9adf95bd
controlled-relative-map-ridge-diagnostic,target-boston,osm-sionna-target-boston-bank-05,paired_active_alternative,656,44.31702192200048,50.27484664073579,1.1530388256630886e-05,csi-pairs-formal-v2.1-v6,060d8671380acaf43bd0beb2c77ac5c6ec112e4ddc083451ab36a5916b7c9cac,ce0d6de3d77ed6edde2c9eca5f7ce4ab92c262b63ce50b25113c1cffc8a3ca46,False,CANDIDATE_NOT_DOMAIN_EVIDENCE,c63b699ed767134007e47157a733f68e4c31de8be4ca0c30d71ec46a08b85621,9548a24a4faf5db17b5251df407b4402de033ae8648ec321c850fe6105002cf1,f03e9b40548b237a49c65fc91de8d79034f2eebff1da0442b6af685a9adf95bd
controlled-relative-map-ridge-diagnostic,target-boston,osm-sionna-target-boston-bank-05,paired_null_alternative,656,44.37649028536228,50.143732993142045,0.0,csi-pairs-formal-v2.1-v6,060d8671380acaf43bd0beb2c77ac5c6ec112e4ddc083451ab36a5916b7c9cac,ce0d6de3d77ed6edde2c9eca5f7ce4ab92c262b63ce50b25113c1cffc8a3ca46,False,CANDIDATE_NOT_DOMAIN_EVIDENCE,c63b699ed767134007e47157a733f68e4c31de8be4ca0c30d71ec46a08b85621,9548a24a4faf5db17b5251df407b4402de033ae8648ec321c850fe6105002cf1,f03e9b40548b237a49c65fc91de8d79034f2eebff1da0442b6af685a9adf95bd
controlled-relative-map-ridge-diagnostic,target-boston,osm-sionna-target-boston-bank-05,wrong_city,656,26.97313865085967,31.995288681045093,-19.185553442232738,csi-pairs-formal-v2.1-v6,060d8671380acaf43bd0beb2c77ac5c6ec112e4ddc083451ab36a5916b7c9cac,ce0d6de3d77ed6edde2c9eca5f7ce4ab92c262b63ce50b25113c1cffc8a3ca46,False,CANDIDATE_NOT_DOMAIN_EVIDENCE,c63b699ed767134007e47157a733f68e4c31de8be4ca0c30d71ec46a08b85621,9548a24a4faf5db17b5251df407b4402de033ae8648ec321c850fe6105002cf1,f03e9b40548b237a49c65fc91de8d79034f2eebff1da0442b6af685a9adf95bd
controlled-relative-map-ridge-diagnostic,target-boston,osm-sionna-target-boston-bank-06,correct,880,25.371082921455088,34.95960907299667,0.0,csi-pairs-formal-v2.1-v6,060d8671380acaf43bd0beb2c77ac5c6ec112e4ddc083451ab36a5916b7c9cac,ce0d6de3d77ed6edde2c9eca5f7ce4ab92c262b63ce50b25113c1cffc8a3ca46,False,CANDIDATE_NOT_DOMAIN_EVIDENCE,c63b699ed767134007e47157a733f68e4c31de8be4ca0c30d71ec46a08b85621,9548a24a4faf5db17b5251df407b4402de033ae8648ec321c850fe6105002cf1,f03e9b40548b237a49c65fc91de8d79034f2eebff1da0442b6af685a9adf95bd
controlled-relative-map-ridge-diagnostic,target-boston,osm-sionna-target-boston-bank-06,empty,880,122.14525441608808,123.93091050485188,96.95633340629871,csi-pairs-formal-v2.1-v6,060d8671380acaf43bd0beb2c77ac5c6ec112e4ddc083451ab36a5916b7c9cac,ce0d6de3d77ed6edde2c9eca5f7ce4ab92c262b63ce50b25113c1cffc8a3ca46,False,CANDIDATE_NOT_DOMAIN_EVIDENCE,c63b699ed767134007e47157a733f68e4c31de8be4ca0c30d71ec46a08b85621,9548a24a4faf5db17b5251df407b4402de033ae8648ec321c850fe6105002cf1,f03e9b40548b237a49c65fc91de8d79034f2eebff1da0442b6af685a9adf95bd
controlled-relative-map-ridge-diagnostic,target-boston,osm-sionna-target-boston-bank-06,geometry_destroyed,880,299.55843014374386,309.29604728839746,273.89681852618867,csi-pairs-formal-v2.1-v6,060d8671380acaf43bd0beb2c77ac5c6ec112e4ddc083451ab36a5916b7c9cac,ce0d6de3d77ed6edde2c9eca5f7ce4ab92c262b63ce50b25113c1cffc8a3ca46,False,CANDIDATE_NOT_DOMAIN_EVIDENCE,c63b699ed767134007e47157a733f68e4c31de8be4ca0c30d71ec46a08b85621,9548a24a4faf5db17b5251df407b4402de033ae8648ec321c850fe6105002cf1,f03e9b40548b237a49c65fc91de8d79034f2eebff1da0442b6af685a9adf95bd
controlled-relative-map-ridge-diagnostic,target-boston,osm-sionna-target-boston-bank-06,paired_active_alternative,880,25.361145171439837,35.00926146649492,6.49811395252442e-05,csi-pairs-formal-v2.1-v6,060d8671380acaf43bd0beb2c77ac5c6ec112e4ddc083451ab36a5916b7c9cac,ce0d6de3d77ed6edde2c9eca5f7ce4ab92c262b63ce50b25113c1cffc8a3ca46,False,CANDIDATE_NOT_DOMAIN_EVIDENCE,c63b699ed767134007e47157a733f68e4c31de8be4ca0c30d71ec46a08b85621,9548a24a4faf5db17b5251df407b4402de033ae8648ec321c850fe6105002cf1,f03e9b40548b237a49c65fc91de8d79034f2eebff1da0442b6af685a9adf95bd
controlled-relative-map-ridge-diagnostic,target-boston,osm-sionna-target-boston-bank-06,paired_null_alternative,880,25.371082921455088,34.95960907299667,0.0,csi-pairs-formal-v2.1-v6,060d8671380acaf43bd0beb2c77ac5c6ec112e4ddc083451ab36a5916b7c9cac,ce0d6de3d77ed6edde2c9eca5f7ce4ab92c262b63ce50b25113c1cffc8a3ca46,False,CANDIDATE_NOT_DOMAIN_EVIDENCE,c63b699ed767134007e47157a733f68e4c31de8be4ca0c30d71ec46a08b85621,9548a24a4faf5db17b5251df407b4402de033ae8648ec321c850fe6105002cf1,f03e9b40548b237a49c65fc91de8d79034f2eebff1da0442b6af685a9adf95bd
controlled-relative-map-ridge-diagnostic,target-boston,osm-sionna-target-boston-bank-06,wrong_city,880,66.48567478544435,76.63332253570717,41.36464230032362,csi-pairs-formal-v2.1-v6,060d8671380acaf43bd0beb2c77ac5c6ec112e4ddc083451ab36a5916b7c9cac,ce0d6de3d77ed6edde2c9eca5f7ce4ab92c262b63ce50b25113c1cffc8a3ca46,False,CANDIDATE_NOT_DOMAIN_EVIDENCE,c63b699ed767134007e47157a733f68e4c31de8be4ca0c30d71ec46a08b85621,9548a24a4faf5db17b5251df407b4402de033ae8648ec321c850fe6105002cf1,f03e9b40548b237a49c65fc91de8d79034f2eebff1da0442b6af685a9adf95bd
controlled-relative-map-ridge-diagnostic,target-boston,osm-sionna-target-boston-bank-07,correct,718,148.43239348043505,157.5384159340873,0.0,csi-pairs-formal-v2.1-v6,060d8671380acaf43bd0beb2c77ac5c6ec112e4ddc083451ab36a5916b7c9cac,ce0d6de3d77ed6edde2c9eca5f7ce4ab92c262b63ce50b25113c1cffc8a3ca46,False,CANDIDATE_NOT_DOMAIN_EVIDENCE,c63b699ed767134007e47157a733f68e4c31de8be4ca0c30d71ec46a08b85621,9548a24a4faf5db17b5251df407b4402de033ae8648ec321c850fe6105002cf1,f03e9b40548b237a49c65fc91de8d79034f2eebff1da0442b6af685a9adf95bd
controlled-relative-map-ridge-diagnostic,target-boston,osm-sionna-target-boston-bank-07,empty,718,121.18787528032277,122.79076672160284,-27.52814973551839,csi-pairs-formal-v2.1-v6,060d8671380acaf43bd0beb2c77ac5c6ec112e4ddc083451ab36a5916b7c9cac,ce0d6de3d77ed6edde2c9eca5f7ce4ab92c262b63ce50b25113c1cffc8a3ca46,False,CANDIDATE_NOT_DOMAIN_EVIDENCE,c63b699ed767134007e47157a733f68e4c31de8be4ca0c30d71ec46a08b85621,9548a24a4faf5db17b5251df407b4402de033ae8648ec321c850fe6105002cf1,f03e9b40548b237a49c65fc91de8d79034f2eebff1da0442b6af685a9adf95bd
controlled-relative-map-ridge-diagnostic,target-boston,osm-sionna-target-boston-bank-07,geometry_destroyed,718,544.4442261277707,553.6579566919237,395.57418901906294,csi-pairs-formal-v2.1-v6,060d8671380acaf43bd0beb2c77ac5c6ec112e4ddc083451ab36a5916b7c9cac,ce0d6de3d77ed6edde2c9eca5f7ce4ab92c262b63ce50b25113c1cffc8a3ca46,False,CANDIDATE_NOT_DOMAIN_EVIDENCE,c63b699ed767134007e47157a733f68e4c31de8be4ca0c30d71ec46a08b85621,9548a24a4faf5db17b5251df407b4402de033ae8648ec321c850fe6105002cf1,f03e9b40548b237a49c65fc91de8d79034f2eebff1da0442b6af685a9adf95bd
controlled-relative-map-ridge-diagnostic,target-boston,osm-sionna-target-boston-bank-07,paired_active_alternative,718,148.48049968900995,157.5298027796213,-0.07928576683596589,csi-pairs-formal-v2.1-v6,060d8671380acaf43bd0beb2c77ac5c6ec112e4ddc083451ab36a5916b7c9cac,ce0d6de3d77ed6edde2c9eca5f7ce4ab92c262b63ce50b25113c1cffc8a3ca46,False,CANDIDATE_NOT_DOMAIN_EVIDENCE,c63b699ed767134007e47157a733f68e4c31de8be4ca0c30d71ec46a08b85621,9548a24a4faf5db17b5251df407b4402de033ae8648ec321c850fe6105002cf1,f03e9b40548b237a49c65fc91de8d79034f2eebff1da0442b6af685a9adf95bd
controlled-relative-map-ridge-diagnostic,target-boston,osm-sionna-target-boston-bank-07,paired_null_alternative,718,148.43239348043505,157.5384159340873,0.0800580928194421,csi-pairs-formal-v2.1-v6,060d8671380acaf43bd0beb2c77ac5c6ec112e4ddc083451ab36a5916b7c9cac,ce0d6de3d77ed6edde2c9eca5f7ce4ab92c262b63ce50b25113c1cffc8a3ca46,False,CANDIDATE_NOT_DOMAIN_EVIDENCE,c63b699ed767134007e47157a733f68e4c31de8be4ca0c30d71ec46a08b85621,9548a24a4faf5db17b5251df407b4402de033ae8648ec321c850fe6105002cf1,f03e9b40548b237a49c65fc91de8d79034f2eebff1da0442b6af685a9adf95bd
controlled-relative-map-ridge-diagnostic,target-boston,osm-sionna-target-boston-bank-07,wrong_city,718,94.39069396239717,103.20387586225281,-54.24244827400776,csi-pairs-formal-v2.1-v6,060d8671380acaf43bd0beb2c77ac5c6ec112e4ddc083451ab36a5916b7c9cac,ce0d6de3d77ed6edde2c9eca5f7ce4ab92c262b63ce50b25113c1cffc8a3ca46,False,CANDIDATE_NOT_DOMAIN_EVIDENCE,c63b699ed767134007e47157a733f68e4c31de8be4ca0c30d71ec46a08b85621,9548a24a4faf5db17b5251df407b4402de033ae8648ec321c850fe6105002cf1,f03e9b40548b237a49c65fc91de8d79034f2eebff1da0442b6af685a9adf95bd
controlled-relative-map-ridge-diagnostic,target-boston,osm-sionna-target-boston-bank-08,correct,640,55.29083258886291,60.31132073957601,0.0,csi-pairs-formal-v2.1-v6,060d8671380acaf43bd0beb2c77ac5c6ec112e4ddc083451ab36a5916b7c9cac,ce0d6de3d77ed6edde2c9eca5f7ce4ab92c262b63ce50b25113c1cffc8a3ca46,False,CANDIDATE_NOT_DOMAIN_EVIDENCE,c63b699ed767134007e47157a733f68e4c31de8be4ca0c30d71ec46a08b85621,9548a24a4faf5db17b5251df407b4402de033ae8648ec321c850fe6105002cf1,f03e9b40548b237a49c65fc91de8d79034f2eebff1da0442b6af685a9adf95bd
controlled-relative-map-ridge-diagnostic,target-boston,osm-sionna-target-boston-bank-08,empty,640,122.8981597605374,125.37756652595411,67.38500353539581,csi-pairs-formal-v2.1-v6,060d8671380acaf43bd0beb2c77ac5c6ec112e4ddc083451ab36a5916b7c9cac,ce0d6de3d77ed6edde2c9eca5f7ce4ab92c262b63ce50b25113c1cffc8a3ca46,False,CANDIDATE_NOT_DOMAIN_EVIDENCE,c63b699ed767134007e47157a733f68e4c31de8be4ca0c30d71ec46a08b85621,9548a24a4faf5db17b5251df407b4402de033ae8648ec321c850fe6105002cf1,f03e9b40548b237a49c65fc91de8d79034f2eebff1da0442b6af685a9adf95bd
controlled-relative-map-ridge-diagnostic,target-boston,osm-sionna-target-boston-bank-08,geometry_destroyed,640,391.06330179186426,396.61400229605994,335.9069768368115,csi-pairs-formal-v2.1-v6,060d8671380acaf43bd0beb2c77ac5c6ec112e4ddc083451ab36a5916b7c9cac,ce0d6de3d77ed6edde2c9eca5f7ce4ab92c262b63ce50b25113c1cffc8a3ca46,False,CANDIDATE_NOT_DOMAIN_EVIDENCE,c63b699ed767134007e47157a733f68e4c31de8be4ca0c30d71ec46a08b85621,9548a24a4faf5db17b5251df407b4402de033ae8648ec321c850fe6105002cf1,f03e9b40548b237a49c65fc91de8d79034f2eebff1da0442b6af685a9adf95bd
controlled-relative-map-ridge-diagnostic,target-boston,osm-sionna-target-boston-bank-08,paired_active_alternative,640,55.2588313218597,60.204515402505706,-0.04629383464204295,csi-pairs-formal-v2.1-v6,060d8671380acaf43bd0beb2c77ac5c6ec112e4ddc083451ab36a5916b7c9cac,ce0d6de3d77ed6edde2c9eca5f7ce4ab92c262b63ce50b25113c1cffc8a3ca46,False,CANDIDATE_NOT_DOMAIN_EVIDENCE,c63b699ed767134007e47157a733f68e4c31de8be4ca0c30d71ec46a08b85621,9548a24a4faf5db17b5251df407b4402de033ae8648ec321c850fe6105002cf1,f03e9b40548b237a49c65fc91de8d79034f2eebff1da0442b6af685a9adf95bd
controlled-relative-map-ridge-diagnostic,target-boston,osm-sionna-target-boston-bank-08,paired_null_alternative,640,55.29083258886291,60.31132073957601,0.0,csi-pairs-formal-v2.1-v6,060d8671380acaf43bd0beb2c77ac5c6ec112e4ddc083451ab36a5916b7c9cac,ce0d6de3d77ed6edde2c9eca5f7ce4ab92c262b63ce50b25113c1cffc8a3ca46,False,CANDIDATE_NOT_DOMAIN_EVIDENCE,c63b699ed767134007e47157a733f68e4c31de8be4ca0c30d71ec46a08b85621,9548a24a4faf5db17b5251df407b4402de033ae8648ec321c850fe6105002cf1,f03e9b40548b237a49c65fc91de8d79034f2eebff1da0442b6af685a9adf95bd
controlled-relative-map-ridge-diagnostic,target-boston,osm-sionna-target-boston-bank-08,wrong_city,640,61.90287586015543,67.05785637852749,6.696187591744032,csi-pairs-formal-v2.1-v6,060d8671380acaf43bd0beb2c77ac5c6ec112e4ddc083451ab36a5916b7c9cac,ce0d6de3d77ed6edde2c9eca5f7ce4ab92c262b63ce50b25113c1cffc8a3ca46,False,CANDIDATE_NOT_DOMAIN_EVIDENCE,c63b699ed767134007e47157a733f68e4c31de8be4ca0c30d71ec46a08b85621,9548a24a4faf5db17b5251df407b4402de033ae8648ec321c850fe6105002cf1,f03e9b40548b237a49c65fc91de8d79034f2eebff1da0442b6af685a9adf95bd
controlled-relative-map-ridge-diagnostic,target-boston,osm-sionna-target-boston-bank-09,correct,784,174.11584075284233,179.21134636475347,0.0,csi-pairs-formal-v2.1-v6,060d8671380acaf43bd0beb2c77ac5c6ec112e4ddc083451ab36a5916b7c9cac,ce0d6de3d77ed6edde2c9eca5f7ce4ab92c262b63ce50b25113c1cffc8a3ca46,False,CANDIDATE_NOT_DOMAIN_EVIDENCE,c63b699ed767134007e47157a733f68e4c31de8be4ca0c30d71ec46a08b85621,9548a24a4faf5db17b5251df407b4402de033ae8648ec321c850fe6105002cf1,f03e9b40548b237a49c65fc91de8d79034f2eebff1da0442b6af685a9adf95bd
controlled-relative-map-ridge-diagnostic,target-boston,osm-sionna-target-boston-bank-09,empty,784,171.02089989154254,175.31067944289492,-2.8837995787557134,csi-pairs-formal-v2.1-v6,060d8671380acaf43bd0beb2c77ac5c6ec112e4ddc083451ab36a5916b7c9cac,ce0d6de3d77ed6edde2c9eca5f7ce4ab92c262b63ce50b25113c1cffc8a3ca46,False,CANDIDATE_NOT_DOMAIN_EVIDENCE,c63b699ed767134007e47157a733f68e4c31de8be4ca0c30d71ec46a08b85621,9548a24a4faf5db17b5251df407b4402de033ae8648ec321c850fe6105002cf1,f03e9b40548b237a49c65fc91de8d79034f2eebff1da0442b6af685a9adf95bd
controlled-relative-map-ridge-diagnostic,target-boston,osm-sionna-target-boston-bank-09,geometry_destroyed,784,1078.5232943567007,1090.0492724255434,904.3630536070652,csi-pairs-formal-v2.1-v6,060d8671380acaf43bd0beb2c77ac5c6ec112e4ddc083451ab36a5916b7c9cac,ce0d6de3d77ed6edde2c9eca5f7ce4ab92c262b63ce50b25113c1cffc8a3ca46,False,CANDIDATE_NOT_DOMAIN_EVIDENCE,c63b699ed767134007e47157a733f68e4c31de8be4ca0c30d71ec46a08b85621,9548a24a4faf5db17b5251df407b4402de033ae8648ec321c850fe6105002cf1,f03e9b40548b237a49c65fc91de8d79034f2eebff1da0442b6af685a9adf95bd
controlled-relative-map-ridge-diagnostic,target-boston,osm-sionna-target-boston-bank-09,paired_active_alternative,784,173.97455909148533,179.38380431974585,0.3020825337734294,csi-pairs-formal-v2.1-v6,060d8671380acaf43bd0beb2c77ac5c6ec112e4ddc083451ab36a5916b7c9cac,ce0d6de3d77ed6edde2c9eca5f7ce4ab92c262b63ce50b25113c1cffc8a3ca46,False,CANDIDATE_NOT_DOMAIN_EVIDENCE,c63b699ed767134007e47157a733f68e4c31de8be4ca0c30d71ec46a08b85621,9548a24a4faf5db17b5251df407b4402de033ae8648ec321c850fe6105002cf1,f03e9b40548b237a49c65fc91de8d79034f2eebff1da0442b6af685a9adf95bd
controlled-relative-map-ridge-diagnostic,target-boston,osm-sionna-target-boston-bank-09,paired_null_alternative,784,174.11584075284233,179.21134636475347,0.0,csi-pairs-formal-v2.1-v6,060d8671380acaf43bd0beb2c77ac5c6ec112e4ddc083451ab36a5916b7c9cac,ce0d6de3d77ed6edde2c9eca5f7ce4ab92c262b63ce50b25113c1cffc8a3ca46,False,CANDIDATE_NOT_DOMAIN_EVIDENCE,c63b699ed767134007e47157a733f68e4c31de8be4ca0c30d71ec46a08b85621,9548a24a4faf5db17b5251df407b4402de033ae8648ec321c850fe6105002cf1,f03e9b40548b237a49c65fc91de8d79034f2eebff1da0442b6af685a9adf95bd
controlled-relative-map-ridge-diagnostic,target-boston,osm-sionna-target-boston-bank-09,wrong_city,784,35.37402714041097,40.472587596893355,-138.9335354004783,csi-pairs-formal-v2.1-v6,060d8671380acaf43bd0beb2c77ac5c6ec112e4ddc083451ab36a5916b7c9cac,ce0d6de3d77ed6edde2c9eca5f7ce4ab92c262b63ce50b25113c1cffc8a3ca46,False,CANDIDATE_NOT_DOMAIN_EVIDENCE,c63b699ed767134007e47157a733f68e4c31de8be4ca0c30d71ec46a08b85621,9548a24a4faf5db17b5251df407b4402de033ae8648ec321c850fe6105002cf1,f03e9b40548b237a49c65fc91de8d79034f2eebff1da0442b6af685a9adf95bd
controlled-relative-map-ridge-diagnostic,target-boston,osm-sionna-target-boston-bank-10,correct,588,115.1896128319827,120.73584435377188,0.0,csi-pairs-formal-v2.1-v6,060d8671380acaf43bd0beb2c77ac5c6ec112e4ddc083451ab36a5916b7c9cac,ce0d6de3d77ed6edde2c9eca5f7ce4ab92c262b63ce50b25113c1cffc8a3ca46,False,CANDIDATE_NOT_DOMAIN_EVIDENCE,c63b699ed767134007e47157a733f68e4c31de8be4ca0c30d71ec46a08b85621,9548a24a4faf5db17b5251df407b4402de033ae8648ec321c850fe6105002cf1,f03e9b40548b237a49c65fc91de8d79034f2eebff1da0442b6af685a9adf95bd
controlled-relative-map-ridge-diagnostic,target-boston,osm-sionna-target-boston-bank-10,empty,588,120.71777986781187,122.18604647947748,5.501331883697034,csi-pairs-formal-v2.1-v6,060d8671380acaf43bd0beb2c77ac5c6ec112e4ddc083451ab36a5916b7c9cac,ce0d6de3d77ed6edde2c9eca5f7ce4ab92c262b63ce50b25113c1cffc8a3ca46,False,CANDIDATE_NOT_DOMAIN_EVIDENCE,c63b699ed767134007e47157a733f68e4c31de8be4ca0c30d71ec46a08b85621,9548a24a4faf5db17b5251df407b4402de033ae8648ec321c850fe6105002cf1,f03e9b40548b237a49c65fc91de8d79034f2eebff1da0442b6af685a9adf95bd
controlled-relative-map-ridge-diagnostic,target-boston,osm-sionna-target-boston-bank-10,geometry_destroyed,588,159.69222016250023,165.802360542491,44.84812395416637,csi-pairs-formal-v2.1-v6,060d8671380acaf43bd0beb2c77ac5c6ec112e4ddc083451ab36a5916b7c9cac,ce0d6de3d77ed6edde2c9eca5f7ce4ab92c262b63ce50b25113c1cffc8a3ca46,False,CANDIDATE_NOT_DOMAIN_EVIDENCE,c63b699ed767134007e47157a733f68e4c31de8be4ca0c30d71ec46a08b85621,9548a24a4faf5db17b5251df407b4402de033ae8648ec321c850fe6105002cf1,f03e9b40548b237a49c65fc91de8d79034f2eebff1da0442b6af685a9adf95bd
controlled-relative-map-ridge-diagnostic,target-boston,osm-sionna-target-boston-bank-10,paired_active_alternative,588,115.22467354513293,120.74252624698819,-0.42753584278059265,csi-pairs-formal-v2.1-v6,060d8671380acaf43bd0beb2c77ac5c6ec112e4ddc083451ab36a5916b7c9cac,ce0d6de3d77ed6edde2c9eca5f7ce4ab92c262b63ce50b25113c1cffc8a3ca46,False,CANDIDATE_NOT_DOMAIN_EVIDENCE,c63b699ed767134007e47157a733f68e4c31de8be4ca0c30d71ec46a08b85621,9548a24a4faf5db17b5251df407b4402de033ae8648ec321c850fe6105002cf1,f03e9b40548b237a49c65fc91de8d79034f2eebff1da0442b6af685a9adf95bd
controlled-relative-map-ridge-diagnostic,target-boston,osm-sionna-target-boston-bank-10,paired_null_alternative,588,115.1896128319827,120.73584435377188,0.0,csi-pairs-formal-v2.1-v6,060d8671380acaf43bd0beb2c77ac5c6ec112e4ddc083451ab36a5916b7c9cac,ce0d6de3d77ed6edde2c9eca5f7ce4ab92c262b63ce50b25113c1cffc8a3ca46,False,CANDIDATE_NOT_DOMAIN_EVIDENCE,c63b699ed767134007e47157a733f68e4c31de8be4ca0c30d71ec46a08b85621,9548a24a4faf5db17b5251df407b4402de033ae8648ec321c850fe6105002cf1,f03e9b40548b237a49c65fc91de8d79034f2eebff1da0442b6af685a9adf95bd
controlled-relative-map-ridge-diagnostic,target-boston,osm-sionna-target-boston-bank-10,wrong_city,588,76.07013223392931,81.87104717558253,-39.245524513647105,csi-pairs-formal-v2.1-v6,060d8671380acaf43bd0beb2c77ac5c6ec112e4ddc083451ab36a5916b7c9cac,ce0d6de3d77ed6edde2c9eca5f7ce4ab92c262b63ce50b25113c1cffc8a3ca46,False,CANDIDATE_NOT_DOMAIN_EVIDENCE,c63b699ed767134007e47157a733f68e4c31de8be4ca0c30d71ec46a08b85621,9548a24a4faf5db17b5251df407b4402de033ae8648ec321c850fe6105002cf1,f03e9b40548b237a49c65fc91de8d79034f2eebff1da0442b6af685a9adf95bd
controlled-relative-map-ridge-diagnostic,target-boston,osm-sionna-target-boston-bank-11,correct,784,91.71035207291948,101.44928615234838,0.0,csi-pairs-formal-v2.1-v6,060d8671380acaf43bd0beb2c77ac5c6ec112e4ddc083451ab36a5916b7c9cac,ce0d6de3d77ed6edde2c9eca5f7ce4ab92c262b63ce50b25113c1cffc8a3ca46,False,CANDIDATE_NOT_DOMAIN_EVIDENCE,c63b699ed767134007e47157a733f68e4c31de8be4ca0c30d71ec46a08b85621,9548a24a4faf5db17b5251df407b4402de033ae8648ec321c850fe6105002cf1,f03e9b40548b237a49c65fc91de8d79034f2eebff1da0442b6af685a9adf95bd
controlled-relative-map-ridge-diagnostic,target-boston,osm-sionna-target-boston-bank-11,empty,784,159.9405075895023,166.37806670066615,67.16549537880401,csi-pairs-formal-v2.1-v6,060d8671380acaf43bd0beb2c77ac5c6ec112e4ddc083451ab36a5916b7c9cac,ce0d6de3d77ed6edde2c9eca5f7ce4ab92c262b63ce50b25113c1cffc8a3ca46,False,CANDIDATE_NOT_DOMAIN_EVIDENCE,c63b699ed767134007e47157a733f68e4c31de8be4ca0c30d71ec46a08b85621,9548a24a4faf5db17b5251df407b4402de033ae8648ec321c850fe6105002cf1,f03e9b40548b237a49c65fc91de8d79034f2eebff1da0442b6af685a9adf95bd
controlled-relative-map-ridge-diagnostic,target-boston,osm-sionna-target-boston-bank-11,geometry_destroyed,784,948.2970529566842,957.2364080979747,856.7704641805054,csi-pairs-formal-v2.1-v6,060d8671380acaf43bd0beb2c77ac5c6ec112e4ddc083451ab36a5916b7c9cac,ce0d6de3d77ed6edde2c9eca5f7ce4ab92c262b63ce50b25113c1cffc8a3ca46,False,CANDIDATE_NOT_DOMAIN_EVIDENCE,c63b699ed767134007e47157a733f68e4c31de8be4ca0c30d71ec46a08b85621,9548a24a4faf5db17b5251df407b4402de033ae8648ec321c850fe6105002cf1,f03e9b40548b237a49c65fc91de8d79034f2eebff1da0442b6af685a9adf95bd
controlled-relative-map-ridge-diagnostic,target-boston,osm-sionna-target-boston-bank-11,paired_active_alternative,784,91.68457835244438,101.51539375733243,-0.00042794958186931353,csi-pairs-formal-v2.1-v6,060d8671380acaf43bd0beb2c77ac5c6ec112e4ddc083451ab36a5916b7c9cac,ce0d6de3d77ed6edde2c9eca5f7ce4ab92c262b63ce50b25113c1cffc8a3ca46,False,CANDIDATE_NOT_DOMAIN_EVIDENCE,c63b699ed767134007e47157a733f68e4c31de8be4ca0c30d71ec46a08b85621,9548a24a4faf5db17b5251df407b4402de033ae8648ec321c850fe6105002cf1,f03e9b40548b237a49c65fc91de8d79034f2eebff1da0442b6af685a9adf95bd
controlled-relative-map-ridge-diagnostic,target-boston,osm-sionna-target-boston-bank-11,paired_null_alternative,784,91.71035207291948,101.44928615234838,0.0,csi-pairs-formal-v2.1-v6,060d8671380acaf43bd0beb2c77ac5c6ec112e4ddc083451ab36a5916b7c9cac,ce0d6de3d77ed6edde2c9eca5f7ce4ab92c262b63ce50b25113c1cffc8a3ca46,False,CANDIDATE_NOT_DOMAIN_EVIDENCE,c63b699ed767134007e47157a733f68e4c31de8be4ca0c30d71ec46a08b85621,9548a24a4faf5db17b5251df407b4402de033ae8648ec321c850fe6105002cf1,f03e9b40548b237a49c65fc91de8d79034f2eebff1da0442b6af685a9adf95bd
controlled-relative-map-ridge-diagnostic,target-boston,osm-sionna-target-boston-bank-11,wrong_city,784,17.0547301023611,27.61549036022039,-74.46087966891909,csi-pairs-formal-v2.1-v6,060d8671380acaf43bd0beb2c77ac5c6ec112e4ddc083451ab36a5916b7c9cac,ce0d6de3d77ed6edde2c9eca5f7ce4ab92c262b63ce50b25113c1cffc8a3ca46,False,CANDIDATE_NOT_DOMAIN_EVIDENCE,c63b699ed767134007e47157a733f68e4c31de8be4ca0c30d71ec46a08b85621,9548a24a4faf5db17b5251df407b4402de033ae8648ec321c850fe6105002cf1,f03e9b40548b237a49c65fc91de8d79034f2eebff1da0442b6af685a9adf95bd
controlled-relative-map-ridge-diagnostic,target-boston,osm-sionna-target-boston-bank-12,correct,832,78.53658205092732,90.4989854410804,0.0,csi-pairs-formal-v2.1-v6,060d8671380acaf43bd0beb2c77ac5c6ec112e4ddc083451ab36a5916b7c9cac,ce0d6de3d77ed6edde2c9eca5f7ce4ab92c262b63ce50b25113c1cffc8a3ca46,False,CANDIDATE_NOT_DOMAIN_EVIDENCE,c63b699ed767134007e47157a733f68e4c31de8be4ca0c30d71ec46a08b85621,9548a24a4faf5db17b5251df407b4402de033ae8648ec321c850fe6105002cf1,f03e9b40548b237a49c65fc91de8d79034f2eebff1da0442b6af685a9adf95bd
controlled-relative-map-ridge-diagnostic,target-boston,osm-sionna-target-boston-bank-12,empty,832,159.35464381918902,180.1424243668174,81.12340324972456,csi-pairs-formal-v2.1-v6,060d8671380acaf43bd0beb2c77ac5c6ec112e4ddc083451ab36a5916b7c9cac,ce0d6de3d77ed6edde2c9eca5f7ce4ab92c262b63ce50b25113c1cffc8a3ca46,False,CANDIDATE_NOT_DOMAIN_EVIDENCE,c63b699ed767134007e47157a733f68e4c31de8be4ca0c30d71ec46a08b85621,9548a24a4faf5db17b5251df407b4402de033ae8648ec321c850fe6105002cf1,f03e9b40548b237a49c65fc91de8d79034f2eebff1da0442b6af685a9adf95bd
controlled-relative-map-ridge-diagnostic,target-boston,osm-sionna-target-boston-bank-12,geometry_destroyed,832,139.35093257197795,147.3285275325592,61.114429027940744,csi-pairs-formal-v2.1-v6,060d8671380acaf43bd0beb2c77ac5c6ec112e4ddc083451ab36a5916b7c9cac,ce0d6de3d77ed6edde2c9eca5f7ce4ab92c262b63ce50b25113c1cffc8a3ca46,False,CANDIDATE_NOT_DOMAIN_EVIDENCE,c63b699ed767134007e47157a733f68e4c31de8be4ca0c30d71ec46a08b85621,9548a24a4faf5db17b5251df407b4402de033ae8648ec321c850fe6105002cf1,f03e9b40548b237a49c65fc91de8d79034f2eebff1da0442b6af685a9adf95bd
controlled-relative-map-ridge-diagnostic,target-boston,osm-sionna-target-boston-bank-12,paired_active_alternative,832,78.44521581691895,90.19400433371057,-0.23052156473283247,csi-pairs-formal-v2.1-v6,060d8671380acaf43bd0beb2c77ac5c6ec112e4ddc083451ab36a5916b7c9cac,ce0d6de3d77ed6edde2c9eca5f7ce4ab92c262b63ce50b25113c1cffc8a3ca46,False,CANDIDATE_NOT_DOMAIN_EVIDENCE,c63b699ed767134007e47157a733f68e4c31de8be4ca0c30d71ec46a08b85621,9548a24a4faf5db17b5251df407b4402de033ae8648ec321c850fe6105002cf1,f03e9b40548b237a49c65fc91de8d79034f2eebff1da0442b6af685a9adf95bd
controlled-relative-map-ridge-diagnostic,target-boston,osm-sionna-target-boston-bank-12,paired_null_alternative,832,78.53658205092732,90.4989854410804,0.0,csi-pairs-formal-v2.1-v6,060d8671380acaf43bd0beb2c77ac5c6ec112e4ddc083451ab36a5916b7c9cac,ce0d6de3d77ed6edde2c9eca5f7ce4ab92c262b63ce50b25113c1cffc8a3ca46,False,CANDIDATE_NOT_DOMAIN_EVIDENCE,c63b699ed767134007e47157a733f68e4c31de8be4ca0c30d71ec46a08b85621,9548a24a4faf5db17b5251df407b4402de033ae8648ec321c850fe6105002cf1,f03e9b40548b237a49c65fc91de8d79034f2eebff1da0442b6af685a9adf95bd
controlled-relative-map-ridge-diagnostic,target-boston,osm-sionna-target-boston-bank-12,wrong_city,832,19.210467402573883,46.59718410717779,-59.47839091966944,csi-pairs-formal-v2.1-v6,060d8671380acaf43bd0beb2c77ac5c6ec112e4ddc083451ab36a5916b7c9cac,ce0d6de3d77ed6edde2c9eca5f7ce4ab92c262b63ce50b25113c1cffc8a3ca46,False,CANDIDATE_NOT_DOMAIN_EVIDENCE,c63b699ed767134007e47157a733f68e4c31de8be4ca0c30d71ec46a08b85621,9548a24a4faf5db17b5251df407b4402de033ae8648ec321c850fe6105002cf1,f03e9b40548b237a49c65fc91de8d79034f2eebff1da0442b6af685a9adf95bd
controlled-relative-map-ridge-diagnostic,target-boston,osm-sionna-target-boston-bank-13,correct,704,97.81332832597005,122.56800355349968,0.0,csi-pairs-formal-v2.1-v6,060d8671380acaf43bd0beb2c77ac5c6ec112e4ddc083451ab36a5916b7c9cac,ce0d6de3d77ed6edde2c9eca5f7ce4ab92c262b63ce50b25113c1cffc8a3ca46,False,CANDIDATE_NOT_DOMAIN_EVIDENCE,c63b699ed767134007e47157a733f68e4c31de8be4ca0c30d71ec46a08b85621,9548a24a4faf5db17b5251df407b4402de033ae8648ec321c850fe6105002cf1,f03e9b40548b237a49c65fc91de8d79034f2eebff1da0442b6af685a9adf95bd
controlled-relative-map-ridge-diagnostic,target-boston,osm-sionna-target-boston-bank-13,empty,704,148.4318644684247,165.5481103202681,50.52737824573502,csi-pairs-formal-v2.1-v6,060d8671380acaf43bd0beb2c77ac5c6ec112e4ddc083451ab36a5916b7c9cac,ce0d6de3d77ed6edde2c9eca5f7ce4ab92c262b63ce50b25113c1cffc8a3ca46,False,CANDIDATE_NOT_DOMAIN_EVIDENCE,c63b699ed767134007e47157a733f68e4c31de8be4ca0c30d71ec46a08b85621,9548a24a4faf5db17b5251df407b4402de033ae8648ec321c850fe6105002cf1,f03e9b40548b237a49c65fc91de8d79034f2eebff1da0442b6af685a9adf95bd
controlled-relative-map-ridge-diagnostic,target-boston,osm-sionna-target-boston-bank-13,geometry_destroyed,704,315.79038680674034,323.6342291458207,218.4128288189704,csi-pairs-formal-v2.1-v6,060d8671380acaf43bd0beb2c77ac5c6ec112e4ddc083451ab36a5916b7c9cac,ce0d6de3d77ed6edde2c9eca5f7ce4ab92c262b63ce50b25113c1cffc8a3ca46,False,CANDIDATE_NOT_DOMAIN_EVIDENCE,c63b699ed767134007e47157a733f68e4c31de8be4ca0c30d71ec46a08b85621,9548a24a4faf5db17b5251df407b4402de033ae8648ec321c850fe6105002cf1,f03e9b40548b237a49c65fc91de8d79034f2eebff1da0442b6af685a9adf95bd
controlled-relative-map-ridge-diagnostic,target-boston,osm-sionna-target-boston-bank-13,paired_active_alternative,704,97.74599552939671,122.60221082538196,0.000283687994802051,csi-pairs-formal-v2.1-v6,060d8671380acaf43bd0beb2c77ac5c6ec112e4ddc083451ab36a5916b7c9cac,ce0d6de3d77ed6edde2c9eca5f7ce4ab92c262b63ce50b25113c1cffc8a3ca46,False,CANDIDATE_NOT_DOMAIN_EVIDENCE,c63b699ed767134007e47157a733f68e4c31de8be4ca0c30d71ec46a08b85621,9548a24a4faf5db17b5251df407b4402de033ae8648ec321c850fe6105002cf1,f03e9b40548b237a49c65fc91de8d79034f2eebff1da0442b6af685a9adf95bd
controlled-relative-map-ridge-diagnostic,target-boston,osm-sionna-target-boston-bank-13,paired_null_alternative,704,97.81332832597005,122.56800355349968,0.0,csi-pairs-formal-v2.1-v6,060d8671380acaf43bd0beb2c77ac5c6ec112e4ddc083451ab36a5916b7c9cac,ce0d6de3d77ed6edde2c9eca5f7ce4ab92c262b63ce50b25113c1cffc8a3ca46,False,CANDIDATE_NOT_DOMAIN_EVIDENCE,c63b699ed767134007e47157a733f68e4c31de8be4ca0c30d71ec46a08b85621,9548a24a4faf5db17b5251df407b4402de033ae8648ec321c850fe6105002cf1,f03e9b40548b237a49c65fc91de8d79034f2eebff1da0442b6af685a9adf95bd
controlled-relative-map-ridge-diagnostic,target-boston,osm-sionna-target-boston-bank-13,wrong_city,704,5.977081353162821,28.232438556862014,-94.0406931435647,csi-pairs-formal-v2.1-v6,060d8671380acaf43bd0beb2c77ac5c6ec112e4ddc083451ab36a5916b7c9cac,ce0d6de3d77ed6edde2c9eca5f7ce4ab92c262b63ce50b25113c1cffc8a3ca46,False,CANDIDATE_NOT_DOMAIN_EVIDENCE,c63b699ed767134007e47157a733f68e4c31de8be4ca0c30d71ec46a08b85621,9548a24a4faf5db17b5251df407b4402de033ae8648ec321c850fe6105002cf1,f03e9b40548b237a49c65fc91de8d79034f2eebff1da0442b6af685a9adf95bd
controlled-relative-map-ridge-diagnostic,target-boston,osm-sionna-target-boston-bank-14,correct,636,40.86064896738721,47.0148289456231,0.0,csi-pairs-formal-v2.1-v6,060d8671380acaf43bd0beb2c77ac5c6ec112e4ddc083451ab36a5916b7c9cac,ce0d6de3d77ed6edde2c9eca5f7ce4ab92c262b63ce50b25113c1cffc8a3ca46,False,CANDIDATE_NOT_DOMAIN_EVIDENCE,c63b699ed767134007e47157a733f68e4c31de8be4ca0c30d71ec46a08b85621,9548a24a4faf5db17b5251df407b4402de033ae8648ec321c850fe6105002cf1,f03e9b40548b237a49c65fc91de8d79034f2eebff1da0442b6af685a9adf95bd
controlled-relative-map-ridge-diagnostic,target-boston,osm-sionna-target-boston-bank-14,empty,636,172.71056047286802,176.89705971156633,131.87805578212055,csi-pairs-formal-v2.1-v6,060d8671380acaf43bd0beb2c77ac5c6ec112e4ddc083451ab36a5916b7c9cac,ce0d6de3d77ed6edde2c9eca5f7ce4ab92c262b63ce50b25113c1cffc8a3ca46,False,CANDIDATE_NOT_DOMAIN_EVIDENCE,c63b699ed767134007e47157a733f68e4c31de8be4ca0c30d71ec46a08b85621,9548a24a4faf5db17b5251df407b4402de033ae8648ec321c850fe6105002cf1,f03e9b40548b237a49c65fc91de8d79034f2eebff1da0442b6af685a9adf95bd
controlled-relative-map-ridge-diagnostic,target-boston,osm-sionna-target-boston-bank-14,geometry_destroyed,636,414.21672079543254,422.76510209501265,373.3148426562596,csi-pairs-formal-v2.1-v6,060d8671380acaf43bd0beb2c77ac5c6ec112e4ddc083451ab36a5916b7c9cac,ce0d6de3d77ed6edde2c9eca5f7ce4ab92c262b63ce50b25113c1cffc8a3ca46,False,CANDIDATE_NOT_DOMAIN_EVIDENCE,c63b699ed767134007e47157a733f68e4c31de8be4ca0c30d71ec46a08b85621,9548a24a4faf5db17b5251df407b4402de033ae8648ec321c850fe6105002cf1,f03e9b40548b237a49c65fc91de8d79034f2eebff1da0442b6af685a9adf95bd
controlled-relative-map-ridge-diagnostic,target-boston,osm-sionna-target-boston-bank-14,paired_active_alternative,636,40.92892815744243,47.05599279279929,-0.22580101276141207,csi-pairs-formal-v2.1-v6,060d8671380acaf43bd0beb2c77ac5c6ec112e4ddc083451ab36a5916b7c9cac,ce0d6de3d77ed6edde2c9eca5f7ce4ab92c262b63ce50b25113c1cffc8a3ca46,False,CANDIDATE_NOT_DOMAIN_EVIDENCE,c63b699ed767134007e47157a733f68e4c31de8be4ca0c30d71ec46a08b85621,9548a24a4faf5db17b5251df407b4402de033ae8648ec321c850fe6105002cf1,f03e9b40548b237a49c65fc91de8d79034f2eebff1da0442b6af685a9adf95bd
controlled-relative-map-ridge-diagnostic,target-boston,osm-sionna-target-boston-bank-14,paired_null_alternative,636,40.86064896738721,47.0148289456231,0.0,csi-pairs-formal-v2.1-v6,060d8671380acaf43bd0beb2c77ac5c6ec112e4ddc083451ab36a5916b7c9cac,ce0d6de3d77ed6edde2c9eca5f7ce4ab92c262b63ce50b25113c1cffc8a3ca46,False,CANDIDATE_NOT_DOMAIN_EVIDENCE,c63b699ed767134007e47157a733f68e4c31de8be4ca0c30d71ec46a08b85621,9548a24a4faf5db17b5251df407b4402de033ae8648ec321c850fe6105002cf1,f03e9b40548b237a49c65fc91de8d79034f2eebff1da0442b6af685a9adf95bd
controlled-relative-map-ridge-diagnostic,target-boston,osm-sionna-target-boston-bank-14,wrong_city,636,38.191771390907945,44.75795674686745,-2.8517041654381394,csi-pairs-formal-v2.1-v6,060d8671380acaf43bd0beb2c77ac5c6ec112e4ddc083451ab36a5916b7c9cac,ce0d6de3d77ed6edde2c9eca5f7ce4ab92c262b63ce50b25113c1cffc8a3ca46,False,CANDIDATE_NOT_DOMAIN_EVIDENCE,c63b699ed767134007e47157a733f68e4c31de8be4ca0c30d71ec46a08b85621,9548a24a4faf5db17b5251df407b4402de033ae8648ec321c850fe6105002cf1,f03e9b40548b237a49c65fc91de8d79034f2eebff1da0442b6af685a9adf95bd
controlled-relative-map-ridge-diagnostic,target-boston,osm-sionna-target-boston-bank-15,correct,704,92.93177947026842,99.22381440071955,0.0,csi-pairs-formal-v2.1-v6,060d8671380acaf43bd0beb2c77ac5c6ec112e4ddc083451ab36a5916b7c9cac,ce0d6de3d77ed6edde2c9eca5f7ce4ab92c262b63ce50b25113c1cffc8a3ca46,False,CANDIDATE_NOT_DOMAIN_EVIDENCE,c63b699ed767134007e47157a733f68e4c31de8be4ca0c30d71ec46a08b85621,9548a24a4faf5db17b5251df407b4402de033ae8648ec321c850fe6105002cf1,f03e9b40548b237a49c65fc91de8d79034f2eebff1da0442b6af685a9adf95bd
controlled-relative-map-ridge-diagnostic,target-boston,osm-sionna-target-boston-bank-15,empty,704,140.25333707398653,150.56732596679046,47.227278031233546,csi-pairs-formal-v2.1-v6,060d8671380acaf43bd0beb2c77ac5c6ec112e4ddc083451ab36a5916b7c9cac,ce0d6de3d77ed6edde2c9eca5f7ce4ab92c262b63ce50b25113c1cffc8a3ca46,False,CANDIDATE_NOT_DOMAIN_EVIDENCE,c63b699ed767134007e47157a733f68e4c31de8be4ca0c30d71ec46a08b85621,9548a24a4faf5db17b5251df407b4402de033ae8648ec321c850fe6105002cf1,f03e9b40548b237a49c65fc91de8d79034f2eebff1da0442b6af685a9adf95bd
controlled-relative-map-ridge-diagnostic,target-boston,osm-sionna-target-boston-bank-15,geometry_destroyed,704,281.6616341938377,289.23577188894944,188.86725148903201,csi-pairs-formal-v2.1-v6,060d8671380acaf43bd0beb2c77ac5c6ec112e4ddc083451ab36a5916b7c9cac,ce0d6de3d77ed6edde2c9eca5f7ce4ab92c262b63ce50b25113c1cffc8a3ca46,False,CANDIDATE_NOT_DOMAIN_EVIDENCE,c63b699ed767134007e47157a733f68e4c31de8be4ca0c30d71ec46a08b85621,9548a24a4faf5db17b5251df407b4402de033ae8648ec321c850fe6105002cf1,f03e9b40548b237a49c65fc91de8d79034f2eebff1da0442b6af685a9adf95bd
controlled-relative-map-ridge-diagnostic,target-boston,osm-sionna-target-boston-bank-15,paired_active_alternative,704,93.04619068833973,99.35746551724924,-0.0007188349656743753,csi-pairs-formal-v2.1-v6,060d8671380acaf43bd0beb2c77ac5c6ec112e4ddc083451ab36a5916b7c9cac,ce0d6de3d77ed6edde2c9eca5f7ce4ab92c262b63ce50b25113c1cffc8a3ca46,False,CANDIDATE_NOT_DOMAIN_EVIDENCE,c63b699ed767134007e47157a733f68e4c31de8be4ca0c30d71ec46a08b85621,9548a24a4faf5db17b5251df407b4402de033ae8648ec321c850fe6105002cf1,f03e9b40548b237a49c65fc91de8d79034f2eebff1da0442b6af685a9adf95bd
controlled-relative-map-ridge-diagnostic,target-boston,osm-sionna-target-boston-bank-15,paired_null_alternative,704,92.93177947026842,99.22381440071955,0.0,csi-pairs-formal-v2.1-v6,060d8671380acaf43bd0beb2c77ac5c6ec112e4ddc083451ab36a5916b7c9cac,ce0d6de3d77ed6edde2c9eca5f7ce4ab92c262b63ce50b25113c1cffc8a3ca46,False,CANDIDATE_NOT_DOMAIN_EVIDENCE,c63b699ed767134007e47157a733f68e4c31de8be4ca0c30d71ec46a08b85621,9548a24a4faf5db17b5251df407b4402de033ae8648ec321c850fe6105002cf1,f03e9b40548b237a49c65fc91de8d79034f2eebff1da0442b6af685a9adf95bd
controlled-relative-map-ridge-diagnostic,target-boston,osm-sionna-target-boston-bank-15,wrong_city,704,13.511943403551088,20.41981954051277,-79.17369323299435,csi-pairs-formal-v2.1-v6,060d8671380acaf43bd0beb2c77ac5c6ec112e4ddc083451ab36a5916b7c9cac,ce0d6de3d77ed6edde2c9eca5f7ce4ab92c262b63ce50b25113c1cffc8a3ca46,False,CANDIDATE_NOT_DOMAIN_EVIDENCE,c63b699ed767134007e47157a733f68e4c31de8be4ca0c30d71ec46a08b85621,9548a24a4faf5db17b5251df407b4402de033ae8648ec321c850fe6105002cf1,f03e9b40548b237a49c65fc91de8d79034f2eebff1da0442b6af685a9adf95bd
controlled-relative-map-ridge-diagnostic,target-boston,osm-sionna-target-boston-bank-16,correct,832,113.0926756724334,136.92523226762017,0.0,csi-pairs-formal-v2.1-v6,060d8671380acaf43bd0beb2c77ac5c6ec112e4ddc083451ab36a5916b7c9cac,ce0d6de3d77ed6edde2c9eca5f7ce4ab92c262b63ce50b25113c1cffc8a3ca46,False,CANDIDATE_NOT_DOMAIN_EVIDENCE,c63b699ed767134007e47157a733f68e4c31de8be4ca0c30d71ec46a08b85621,9548a24a4faf5db17b5251df407b4402de033ae8648ec321c850fe6105002cf1,f03e9b40548b237a49c65fc91de8d79034f2eebff1da0442b6af685a9adf95bd
controlled-relative-map-ridge-diagnostic,target-boston,osm-sionna-target-boston-bank-16,empty,832,128.83329535504092,131.69185233387685,16.06122710572079,csi-pairs-formal-v2.1-v6,060d8671380acaf43bd0beb2c77ac5c6ec112e4ddc083451ab36a5916b7c9cac,ce0d6de3d77ed6edde2c9eca5f7ce4ab92c262b63ce50b25113c1cffc8a3ca46,False,CANDIDATE_NOT_DOMAIN_EVIDENCE,c63b699ed767134007e47157a733f68e4c31de8be4ca0c30d71ec46a08b85621,9548a24a4faf5db17b5251df407b4402de033ae8648ec321c850fe6105002cf1,f03e9b40548b237a49c65fc91de8d79034f2eebff1da0442b6af685a9adf95bd
controlled-relative-map-ridge-diagnostic,target-boston,osm-sionna-target-boston-bank-16,geometry_destroyed,832,752.0939296544611,774.7698453942421,638.4208084591357,csi-pairs-formal-v2.1-v6,060d8671380acaf43bd0beb2c77ac5c6ec112e4ddc083451ab36a5916b7c9cac,ce0d6de3d77ed6edde2c9eca5f7ce4ab92c262b63ce50b25113c1cffc8a3ca46,False,CANDIDATE_NOT_DOMAIN_EVIDENCE,c63b699ed767134007e47157a733f68e4c31de8be4ca0c30d71ec46a08b85621,9548a24a4faf5db17b5251df407b4402de033ae8648ec321c850fe6105002cf1,f03e9b40548b237a49c65fc91de8d79034f2eebff1da0442b6af685a9adf95bd
controlled-relative-map-ridge-diagnostic,target-boston,osm-sionna-target-boston-bank-16,paired_active_alternative,832,113.09221202164133,136.77009914740185,-4.154357857544255e-05,csi-pairs-formal-v2.1-v6,060d8671380acaf43bd0beb2c77ac5c6ec112e4ddc083451ab36a5916b7c9cac,ce0d6de3d77ed6edde2c9eca5f7ce4ab92c262b63ce50b25113c1cffc8a3ca46,False,CANDIDATE_NOT_DOMAIN_EVIDENCE,c63b699ed767134007e47157a733f68e4c31de8be4ca0c30d71ec46a08b85621,9548a24a4faf5db17b5251df407b4402de033ae8648ec321c850fe6105002cf1,f03e9b40548b237a49c65fc91de8d79034f2eebff1da0442b6af685a9adf95bd
controlled-relative-map-ridge-diagnostic,target-boston,osm-sionna-target-boston-bank-16,paired_null_alternative,832,113.0926756724334,136.92523226762017,0.0,csi-pairs-formal-v2.1-v6,060d8671380acaf43bd0beb2c77ac5c6ec112e4ddc083451ab36a5916b7c9cac,ce0d6de3d77ed6edde2c9eca5f7ce4ab92c262b63ce50b25113c1cffc8a3ca46,False,CANDIDATE_NOT_DOMAIN_EVIDENCE,c63b699ed767134007e47157a733f68e4c31de8be4ca0c30d71ec46a08b85621,9548a24a4faf5db17b5251df407b4402de033ae8648ec321c850fe6105002cf1,f03e9b40548b237a49c65fc91de8d79034f2eebff1da0442b6af685a9adf95bd
controlled-relative-map-ridge-diagnostic,target-boston,osm-sionna-target-boston-bank-16,wrong_city,832,39.30751956972203,63.04142835250503,-73.85723946019138,csi-pairs-formal-v2.1-v6,060d8671380acaf43bd0beb2c77ac5c6ec112e4ddc083451ab36a5916b7c9cac,ce0d6de3d77ed6edde2c9eca5f7ce4ab92c262b63ce50b25113c1cffc8a3ca46,False,CANDIDATE_NOT_DOMAIN_EVIDENCE,c63b699ed767134007e47157a733f68e4c31de8be4ca0c30d71ec46a08b85621,9548a24a4faf5db17b5251df407b4402de033ae8648ec321c850fe6105002cf1,f03e9b40548b237a49c65fc91de8d79034f2eebff1da0442b6af685a9adf95bd
controlled-relative-map-ridge-diagnostic,target-boston,osm-sionna-target-boston-bank-17,correct,800,65.34991533449087,68.68465541943245,0.0,csi-pairs-formal-v2.1-v6,060d8671380acaf43bd0beb2c77ac5c6ec112e4ddc083451ab36a5916b7c9cac,ce0d6de3d77ed6edde2c9eca5f7ce4ab92c262b63ce50b25113c1cffc8a3ca46,False,CANDIDATE_NOT_DOMAIN_EVIDENCE,c63b699ed767134007e47157a733f68e4c31de8be4ca0c30d71ec46a08b85621,9548a24a4faf5db17b5251df407b4402de033ae8648ec321c850fe6105002cf1,f03e9b40548b237a49c65fc91de8d79034f2eebff1da0442b6af685a9adf95bd
controlled-relative-map-ridge-diagnostic,target-boston,osm-sionna-target-boston-bank-17,empty,800,121.33437451564973,123.28635236351926,55.92889560646135,csi-pairs-formal-v2.1-v6,060d8671380acaf43bd0beb2c77ac5c6ec112e4ddc083451ab36a5916b7c9cac,ce0d6de3d77ed6edde2c9eca5f7ce4ab92c262b63ce50b25113c1cffc8a3ca46,False,CANDIDATE_NOT_DOMAIN_EVIDENCE,c63b699ed767134007e47157a733f68e4c31de8be4ca0c30d71ec46a08b85621,9548a24a4faf5db17b5251df407b4402de033ae8648ec321c850fe6105002cf1,f03e9b40548b237a49c65fc91de8d79034f2eebff1da0442b6af685a9adf95bd
controlled-relative-map-ridge-diagnostic,target-boston,osm-sionna-target-boston-bank-17,geometry_destroyed,800,725.9856536559058,735.8523367522315,660.4729464148706,csi-pairs-formal-v2.1-v6,060d8671380acaf43bd0beb2c77ac5c6ec112e4ddc083451ab36a5916b7c9cac,ce0d6de3d77ed6edde2c9eca5f7ce4ab92c262b63ce50b25113c1cffc8a3ca46,False,CANDIDATE_NOT_DOMAIN_EVIDENCE,c63b699ed767134007e47157a733f68e4c31de8be4ca0c30d71ec46a08b85621,9548a24a4faf5db17b5251df407b4402de033ae8648ec321c850fe6105002cf1,f03e9b40548b237a49c65fc91de8d79034f2eebff1da0442b6af685a9adf95bd
controlled-relative-map-ridge-diagnostic,target-boston,osm-sionna-target-boston-bank-17,paired_active_alternative,800,65.31003110214559,68.76721894082613,0.00015603729791990872,csi-pairs-formal-v2.1-v6,060d8671380acaf43bd0beb2c77ac5c6ec112e4ddc083451ab36a5916b7c9cac,ce0d6de3d77ed6edde2c9eca5f7ce4ab92c262b63ce50b25113c1cffc8a3ca46,False,CANDIDATE_NOT_DOMAIN_EVIDENCE,c63b699ed767134007e47157a733f68e4c31de8be4ca0c30d71ec46a08b85621,9548a24a4faf5db17b5251df407b4402de033ae8648ec321c850fe6105002cf1,f03e9b40548b237a49c65fc91de8d79034f2eebff1da0442b6af685a9adf95bd
controlled-relative-map-ridge-diagnostic,target-boston,osm-sionna-target-boston-bank-17,paired_null_alternative,800,65.34991533449087,68.68465541943245,0.0,csi-pairs-formal-v2.1-v6,060d8671380acaf43bd0beb2c77ac5c6ec112e4ddc083451ab36a5916b7c9cac,ce0d6de3d77ed6edde2c9eca5f7ce4ab92c262b63ce50b25113c1cffc8a3ca46,False,CANDIDATE_NOT_DOMAIN_EVIDENCE,c63b699ed767134007e47157a733f68e4c31de8be4ca0c30d71ec46a08b85621,9548a24a4faf5db17b5251df407b4402de033ae8648ec321c850fe6105002cf1,f03e9b40548b237a49c65fc91de8d79034f2eebff1da0442b6af685a9adf95bd
controlled-relative-map-ridge-diagnostic,target-boston,osm-sionna-target-boston-bank-17,wrong_city,800,70.13148234450847,80.6488089761944,4.644407913724585,csi-pairs-formal-v2.1-v6,060d8671380acaf43bd0beb2c77ac5c6ec112e4ddc083451ab36a5916b7c9cac,ce0d6de3d77ed6edde2c9eca5f7ce4ab92c262b63ce50b25113c1cffc8a3ca46,False,CANDIDATE_NOT_DOMAIN_EVIDENCE,c63b699ed767134007e47157a733f68e4c31de8be4ca0c30d71ec46a08b85621,9548a24a4faf5db17b5251df407b4402de033ae8648ec321c850fe6105002cf1,f03e9b40548b237a49c65fc91de8d79034f2eebff1da0442b6af685a9adf95bd
controlled-relative-map-ridge-diagnostic,target-boston,osm-sionna-target-boston-bank-18,correct,760,28.900632722157606,34.7003319886926,0.0,csi-pairs-formal-v2.1-v6,060d8671380acaf43bd0beb2c77ac5c6ec112e4ddc083451ab36a5916b7c9cac,ce0d6de3d77ed6edde2c9eca5f7ce4ab92c262b63ce50b25113c1cffc8a3ca46,False,CANDIDATE_NOT_DOMAIN_EVIDENCE,c63b699ed767134007e47157a733f68e4c31de8be4ca0c30d71ec46a08b85621,9548a24a4faf5db17b5251df407b4402de033ae8648ec321c850fe6105002cf1,f03e9b40548b237a49c65fc91de8d79034f2eebff1da0442b6af685a9adf95bd
controlled-relative-map-ridge-diagnostic,target-boston,osm-sionna-target-boston-bank-18,empty,760,154.78875203587023,160.46044482366725,125.93417110780217,csi-pairs-formal-v2.1-v6,060d8671380acaf43bd0beb2c77ac5c6ec112e4ddc083451ab36a5916b7c9cac,ce0d6de3d77ed6edde2c9eca5f7ce4ab92c262b63ce50b25113c1cffc8a3ca46,False,CANDIDATE_NOT_DOMAIN_EVIDENCE,c63b699ed767134007e47157a733f68e4c31de8be4ca0c30d71ec46a08b85621,9548a24a4faf5db17b5251df407b4402de033ae8648ec321c850fe6105002cf1,f03e9b40548b237a49c65fc91de8d79034f2eebff1da0442b6af685a9adf95bd
controlled-relative-map-ridge-diagnostic,target-boston,osm-sionna-target-boston-bank-18,geometry_destroyed,760,310.84920432529907,323.68366298339544,282.00814288033575,csi-pairs-formal-v2.1-v6,060d8671380acaf43bd0beb2c77ac5c6ec112e4ddc083451ab36a5916b7c9cac,ce0d6de3d77ed6edde2c9eca5f7ce4ab92c262b63ce50b25113c1cffc8a3ca46,False,CANDIDATE_NOT_DOMAIN_EVIDENCE,c63b699ed767134007e47157a733f68e4c31de8be4ca0c30d71ec46a08b85621,9548a24a4faf5db17b5251df407b4402de033ae8648ec321c850fe6105002cf1,f03e9b40548b237a49c65fc91de8d79034f2eebff1da0442b6af685a9adf95bd
controlled-relative-map-ridge-diagnostic,target-boston,osm-sionna-target-boston-bank-18,paired_active_alternative,760,28.888500325691034,34.82071595403855,-0.014094814991413074,csi-pairs-formal-v2.1-v6,060d8671380acaf43bd0beb2c77ac5c6ec112e4ddc083451ab36a5916b7c9cac,ce0d6de3d77ed6edde2c9eca5f7ce4ab92c262b63ce50b25113c1cffc8a3ca46,False,CANDIDATE_NOT_DOMAIN_EVIDENCE,c63b699ed767134007e47157a733f68e4c31de8be4ca0c30d71ec46a08b85621,9548a24a4faf5db17b5251df407b4402de033ae8648ec321c850fe6105002cf1,f03e9b40548b237a49c65fc91de8d79034f2eebff1da0442b6af685a9adf95bd
controlled-relative-map-ridge-diagnostic,target-boston,osm-sionna-target-boston-bank-18,paired_null_alternative,760,28.900632722157606,34.7003319886926,0.0,csi-pairs-formal-v2.1-v6,060d8671380acaf43bd0beb2c77ac5c6ec112e4ddc083451ab36a5916b7c9cac,ce0d6de3d77ed6edde2c9eca5f7ce4ab92c262b63ce50b25113c1cffc8a3ca46,False,CANDIDATE_NOT_DOMAIN_EVIDENCE,c63b699ed767134007e47157a733f68e4c31de8be4ca0c30d71ec46a08b85621,9548a24a4faf5db17b5251df407b4402de033ae8648ec321c850fe6105002cf1,f03e9b40548b237a49c65fc91de8d79034f2eebff1da0442b6af685a9adf95bd
controlled-relative-map-ridge-diagnostic,target-boston,osm-sionna-target-boston-bank-18,wrong_city,760,11.500811269738264,18.443767209650098,-17.00782228588581,csi-pairs-formal-v2.1-v6,060d8671380acaf43bd0beb2c77ac5c6ec112e4ddc083451ab36a5916b7c9cac,ce0d6de3d77ed6edde2c9eca5f7ce4ab92c262b63ce50b25113c1cffc8a3ca46,False,CANDIDATE_NOT_DOMAIN_EVIDENCE,c63b699ed767134007e47157a733f68e4c31de8be4ca0c30d71ec46a08b85621,9548a24a4faf5db17b5251df407b4402de033ae8648ec321c850fe6105002cf1,f03e9b40548b237a49c65fc91de8d79034f2eebff1da0442b6af685a9adf95bd
controlled-relative-map-ridge-diagnostic,target-boston,osm-sionna-target-boston-bank-19,correct,768,62.104471228328364,73.61530936160622,0.0,csi-pairs-formal-v2.1-v6,060d8671380acaf43bd0beb2c77ac5c6ec112e4ddc083451ab36a5916b7c9cac,ce0d6de3d77ed6edde2c9eca5f7ce4ab92c262b63ce50b25113c1cffc8a3ca46,False,CANDIDATE_NOT_DOMAIN_EVIDENCE,c63b699ed767134007e47157a733f68e4c31de8be4ca0c30d71ec46a08b85621,9548a24a4faf5db17b5251df407b4402de033ae8648ec321c850fe6105002cf1,f03e9b40548b237a49c65fc91de8d79034f2eebff1da0442b6af685a9adf95bd
controlled-relative-map-ridge-diagnostic,target-boston,osm-sionna-target-boston-bank-19,empty,768,145.48357661201055,153.5039579269363,83.08515844153605,csi-pairs-formal-v2.1-v6,060d8671380acaf43bd0beb2c77ac5c6ec112e4ddc083451ab36a5916b7c9cac,ce0d6de3d77ed6edde2c9eca5f7ce4ab92c262b63ce50b25113c1cffc8a3ca46,False,CANDIDATE_NOT_DOMAIN_EVIDENCE,c63b699ed767134007e47157a733f68e4c31de8be4ca0c30d71ec46a08b85621,9548a24a4faf5db17b5251df407b4402de033ae8648ec321c850fe6105002cf1,f03e9b40548b237a49c65fc91de8d79034f2eebff1da0442b6af685a9adf95bd
controlled-relative-map-ridge-diagnostic,target-boston,osm-sionna-target-boston-bank-19,geometry_destroyed,768,510.0676360513344,519.139890435456,447.79386121548873,csi-pairs-formal-v2.1-v6,060d8671380acaf43bd0beb2c77ac5c6ec112e4ddc083451ab36a5916b7c9cac,ce0d6de3d77ed6edde2c9eca5f7ce4ab92c262b63ce50b25113c1cffc8a3ca46,False,CANDIDATE_NOT_DOMAIN_EVIDENCE,c63b699ed767134007e47157a733f68e4c31de8be4ca0c30d71ec46a08b85621,9548a24a4faf5db17b5251df407b4402de033ae8648ec321c850fe6105002cf1,f03e9b40548b237a49c65fc91de8d79034f2eebff1da0442b6af685a9adf95bd
controlled-relative-map-ridge-diagnostic,target-boston,osm-sionna-target-boston-bank-19,paired_active_alternative,768,62.175361172840404,73.61679250170837,-0.001103204695645843,csi-pairs-formal-v2.1-v6,060d8671380acaf43bd0beb2c77ac5c6ec112e4ddc083451ab36a5916b7c9cac,ce0d6de3d77ed6edde2c9eca5f7ce4ab92c262b63ce50b25113c1cffc8a3ca46,False,CANDIDATE_NOT_DOMAIN_EVIDENCE,c63b699ed767134007e47157a733f68e4c31de8be4ca0c30d71ec46a08b85621,9548a24a4faf5db17b5251df407b4402de033ae8648ec321c850fe6105002cf1,f03e9b40548b237a49c65fc91de8d79034f2eebff1da0442b6af685a9adf95bd
controlled-relative-map-ridge-diagnostic,target-boston,osm-sionna-target-boston-bank-19,paired_null_alternative,768,62.104471228328364,73.61530936160622,0.0,csi-pairs-formal-v2.1-v6,060d8671380acaf43bd0beb2c77ac5c6ec112e4ddc083451ab36a5916b7c9cac,ce0d6de3d77ed6edde2c9eca5f7ce4ab92c262b63ce50b25113c1cffc8a3ca46,False,CANDIDATE_NOT_DOMAIN_EVIDENCE,c63b699ed767134007e47157a733f68e4c31de8be4ca0c30d71ec46a08b85621,9548a24a4faf5db17b5251df407b4402de033ae8648ec321c850fe6105002cf1,f03e9b40548b237a49c65fc91de8d79034f2eebff1da0442b6af685a9adf95bd
controlled-relative-map-ridge-diagnostic,target-boston,osm-sionna-target-boston-bank-19,wrong_city,768,7.284054807562299,13.48533089903047,-56.99051381347311,csi-pairs-formal-v2.1-v6,060d8671380acaf43bd0beb2c77ac5c6ec112e4ddc083451ab36a5916b7c9cac,ce0d6de3d77ed6edde2c9eca5f7ce4ab92c262b63ce50b25113c1cffc8a3ca46,False,CANDIDATE_NOT_DOMAIN_EVIDENCE,c63b699ed767134007e47157a733f68e4c31de8be4ca0c30d71ec46a08b85621,9548a24a4faf5db17b5251df407b4402de033ae8648ec321c850fe6105002cf1,f03e9b40548b237a49c65fc91de8d79034f2eebff1da0442b6af685a9adf95bd
controlled-relative-map-ridge-diagnostic,target-boston,osm-sionna-target-boston-bank-20,correct,688,196.1847168294562,203.47754490604171,0.0,csi-pairs-formal-v2.1-v6,060d8671380acaf43bd0beb2c77ac5c6ec112e4ddc083451ab36a5916b7c9cac,ce0d6de3d77ed6edde2c9eca5f7ce4ab92c262b63ce50b25113c1cffc8a3ca46,False,CANDIDATE_NOT_DOMAIN_EVIDENCE,c63b699ed767134007e47157a733f68e4c31de8be4ca0c30d71ec46a08b85621,9548a24a4faf5db17b5251df407b4402de033ae8648ec321c850fe6105002cf1,f03e9b40548b237a49c65fc91de8d79034f2eebff1da0442b6af685a9adf95bd
controlled-relative-map-ridge-diagnostic,target-boston,osm-sionna-target-boston-bank-20,empty,688,120.66696347404392,122.54578279662597,-75.68690112049521,csi-pairs-formal-v2.1-v6,060d8671380acaf43bd0beb2c77ac5c6ec112e4ddc083451ab36a5916b7c9cac,ce0d6de3d77ed6edde2c9eca5f7ce4ab92c262b63ce50b25113c1cffc8a3ca46,False,CANDIDATE_NOT_DOMAIN_EVIDENCE,c63b699ed767134007e47157a733f68e4c31de8be4ca0c30d71ec46a08b85621,9548a24a4faf5db17b5251df407b4402de033ae8648ec321c850fe6105002cf1,f03e9b40548b237a49c65fc91de8d79034f2eebff1da0442b6af685a9adf95bd
controlled-relative-map-ridge-diagnostic,target-boston,osm-sionna-target-boston-bank-20,geometry_destroyed,688,851.0008762626069,858.0332975310191,654.7698291119075,csi-pairs-formal-v2.1-v6,060d8671380acaf43bd0beb2c77ac5c6ec112e4ddc083451ab36a5916b7c9cac,ce0d6de3d77ed6edde2c9eca5f7ce4ab92c262b63ce50b25113c1cffc8a3ca46,False,CANDIDATE_NOT_DOMAIN_EVIDENCE,c63b699ed767134007e47157a733f68e4c31de8be4ca0c30d71ec46a08b85621,9548a24a4faf5db17b5251df407b4402de033ae8648ec321c850fe6105002cf1,f03e9b40548b237a49c65fc91de8d79034f2eebff1da0442b6af685a9adf95bd
controlled-relative-map-ridge-diagnostic,target-boston,osm-sionna-target-boston-bank-20,paired_active_alternative,688,196.17028820715166,203.48288935261772,-9.567877810923164e-06,csi-pairs-formal-v2.1-v6,060d8671380acaf43bd0beb2c77ac5c6ec112e4ddc083451ab36a5916b7c9cac,ce0d6de3d77ed6edde2c9eca5f7ce4ab92c262b63ce50b25113c1cffc8a3ca46,False,CANDIDATE_NOT_DOMAIN_EVIDENCE,c63b699ed767134007e47157a733f68e4c31de8be4ca0c30d71ec46a08b85621,9548a24a4faf5db17b5251df407b4402de033ae8648ec321c850fe6105002cf1,f03e9b40548b237a49c65fc91de8d79034f2eebff1da0442b6af685a9adf95bd
controlled-relative-map-ridge-diagnostic,target-boston,osm-sionna-target-boston-bank-20,paired_null_alternative,688,196.1847168294562,203.47754490604171,0.0,csi-pairs-formal-v2.1-v6,060d8671380acaf43bd0beb2c77ac5c6ec112e4ddc083451ab36a5916b7c9cac,ce0d6de3d77ed6edde2c9eca5f7ce4ab92c262b63ce50b25113c1cffc8a3ca46,False,CANDIDATE_NOT_DOMAIN_EVIDENCE,c63b699ed767134007e47157a733f68e4c31de8be4ca0c30d71ec46a08b85621,9548a24a4faf5db17b5251df407b4402de033ae8648ec321c850fe6105002cf1,f03e9b40548b237a49c65fc91de8d79034f2eebff1da0442b6af685a9adf95bd
controlled-relative-map-ridge-diagnostic,target-boston,osm-sionna-target-boston-bank-20,wrong_city,688,97.27477125944836,104.94872973613373,-98.85153397372031,csi-pairs-formal-v2.1-v6,060d8671380acaf43bd0beb2c77ac5c6ec112e4ddc083451ab36a5916b7c9cac,ce0d6de3d77ed6edde2c9eca5f7ce4ab92c262b63ce50b25113c1cffc8a3ca46,False,CANDIDATE_NOT_DOMAIN_EVIDENCE,c63b699ed767134007e47157a733f68e4c31de8be4ca0c30d71ec46a08b85621,9548a24a4faf5db17b5251df407b4402de033ae8648ec321c850fe6105002cf1,f03e9b40548b237a49c65fc91de8d79034f2eebff1da0442b6af685a9adf95bd
controlled-relative-map-ridge-diagnostic,target-boston,osm-sionna-target-boston-bank-21,correct,752,52.94745871496485,55.09695600476497,0.0,csi-pairs-formal-v2.1-v6,060d8671380acaf43bd0beb2c77ac5c6ec112e4ddc083451ab36a5916b7c9cac,ce0d6de3d77ed6edde2c9eca5f7ce4ab92c262b63ce50b25113c1cffc8a3ca46,False,CANDIDATE_NOT_DOMAIN_EVIDENCE,c63b699ed767134007e47157a733f68e4c31de8be4ca0c30d71ec46a08b85621,9548a24a4faf5db17b5251df407b4402de033ae8648ec321c850fe6105002cf1,f03e9b40548b237a49c65fc91de8d79034f2eebff1da0442b6af685a9adf95bd
controlled-relative-map-ridge-diagnostic,target-boston,osm-sionna-target-boston-bank-21,empty,752,150.4898916052366,162.2991190712057,98.75117526302566,csi-pairs-formal-v2.1-v6,060d8671380acaf43bd0beb2c77ac5c6ec112e4ddc083451ab36a5916b7c9cac,ce0d6de3d77ed6edde2c9eca5f7ce4ab92c262b63ce50b25113c1cffc8a3ca46,False,CANDIDATE_NOT_DOMAIN_EVIDENCE,c63b699ed767134007e47157a733f68e4c31de8be4ca0c30d71ec46a08b85621,9548a24a4faf5db17b5251df407b4402de033ae8648ec321c850fe6105002cf1,f03e9b40548b237a49c65fc91de8d79034f2eebff1da0442b6af685a9adf95bd
controlled-relative-map-ridge-diagnostic,target-boston,osm-sionna-target-boston-bank-21,geometry_destroyed,752,226.13290413301587,235.5078909062023,174.3923472243181,csi-pairs-formal-v2.1-v6,060d8671380acaf43bd0beb2c77ac5c6ec112e4ddc083451ab36a5916b7c9cac,ce0d6de3d77ed6edde2c9eca5f7ce4ab92c262b63ce50b25113c1cffc8a3ca46,False,CANDIDATE_NOT_DOMAIN_EVIDENCE,c63b699ed767134007e47157a733f68e4c31de8be4ca0c30d71ec46a08b85621,9548a24a4faf5db17b5251df407b4402de033ae8648ec321c850fe6105002cf1,f03e9b40548b237a49c65fc91de8d79034f2eebff1da0442b6af685a9adf95bd
controlled-relative-map-ridge-diagnostic,target-boston,osm-sionna-target-boston-bank-21,paired_active_alternative,752,52.94862595642118,55.094085777272596,-0.09322465442268424,csi-pairs-formal-v2.1-v6,060d8671380acaf43bd0beb2c77ac5c6ec112e4ddc083451ab36a5916b7c9cac,ce0d6de3d77ed6edde2c9eca5f7ce4ab92c262b63ce50b25113c1cffc8a3ca46,False,CANDIDATE_NOT_DOMAIN_EVIDENCE,c63b699ed767134007e47157a733f68e4c31de8be4ca0c30d71ec46a08b85621,9548a24a4faf5db17b5251df407b4402de033ae8648ec321c850fe6105002cf1,f03e9b40548b237a49c65fc91de8d79034f2eebff1da0442b6af685a9adf95bd
controlled-relative-map-ridge-diagnostic,target-boston,osm-sionna-target-boston-bank-21,paired_null_alternative,752,52.94745871496485,55.09695600476497,0.0,csi-pairs-formal-v2.1-v6,060d8671380acaf43bd0beb2c77ac5c6ec112e4ddc083451ab36a5916b7c9cac,ce0d6de3d77ed6edde2c9eca5f7ce4ab92c262b63ce50b25113c1cffc8a3ca46,False,CANDIDATE_NOT_DOMAIN_EVIDENCE,c63b699ed767134007e47157a733f68e4c31de8be4ca0c30d71ec46a08b85621,9548a24a4faf5db17b5251df407b4402de033ae8648ec321c850fe6105002cf1,f03e9b40548b237a49c65fc91de8d79034f2eebff1da0442b6af685a9adf95bd
controlled-relative-map-ridge-diagnostic,target-boston,osm-sionna-target-boston-bank-21,wrong_city,752,7.295413975582699,22.268252151293908,-44.88187733277946,csi-pairs-formal-v2.1-v6,060d8671380acaf43bd0beb2c77ac5c6ec112e4ddc083451ab36a5916b7c9cac,ce0d6de3d77ed6edde2c9eca5f7ce4ab92c262b63ce50b25113c1cffc8a3ca46,False,CANDIDATE_NOT_DOMAIN_EVIDENCE,c63b699ed767134007e47157a733f68e4c31de8be4ca0c30d71ec46a08b85621,9548a24a4faf5db17b5251df407b4402de033ae8648ec321c850fe6105002cf1,f03e9b40548b237a49c65fc91de8d79034f2eebff1da0442b6af685a9adf95bd
controlled-relative-map-ridge-diagnostic,target-boston,osm-sionna-target-boston-bank-22,correct,864,16.02394480985749,21.499554308861477,0.0,csi-pairs-formal-v2.1-v6,060d8671380acaf43bd0beb2c77ac5c6ec112e4ddc083451ab36a5916b7c9cac,ce0d6de3d77ed6edde2c9eca5f7ce4ab92c262b63ce50b25113c1cffc8a3ca46,False,CANDIDATE_NOT_DOMAIN_EVIDENCE,c63b699ed767134007e47157a733f68e4c31de8be4ca0c30d71ec46a08b85621,9548a24a4faf5db17b5251df407b4402de033ae8648ec321c850fe6105002cf1,f03e9b40548b237a49c65fc91de8d79034f2eebff1da0442b6af685a9adf95bd
controlled-relative-map-ridge-diagnostic,target-boston,osm-sionna-target-boston-bank-22,empty,864,133.8520082381247,140.9269307783671,118.293314796571,csi-pairs-formal-v2.1-v6,060d8671380acaf43bd0beb2c77ac5c6ec112e4ddc083451ab36a5916b7c9cac,ce0d6de3d77ed6edde2c9eca5f7ce4ab92c262b63ce50b25113c1cffc8a3ca46,False,CANDIDATE_NOT_DOMAIN_EVIDENCE,c63b699ed767134007e47157a733f68e4c31de8be4ca0c30d71ec46a08b85621,9548a24a4faf5db17b5251df407b4402de033ae8648ec321c850fe6105002cf1,f03e9b40548b237a49c65fc91de8d79034f2eebff1da0442b6af685a9adf95bd
controlled-relative-map-ridge-diagnostic,target-boston,osm-sionna-target-boston-bank-22,geometry_destroyed,864,835.2560275822917,855.0597728508292,820.3898279801125,csi-pairs-formal-v2.1-v6,060d8671380acaf43bd0beb2c77ac5c6ec112e4ddc083451ab36a5916b7c9cac,ce0d6de3d77ed6edde2c9eca5f7ce4ab92c262b63ce50b25113c1cffc8a3ca46,False,CANDIDATE_NOT_DOMAIN_EVIDENCE,c63b699ed767134007e47157a733f68e4c31de8be4ca0c30d71ec46a08b85621,9548a24a4faf5db17b5251df407b4402de033ae8648ec321c850fe6105002cf1,f03e9b40548b237a49c65fc91de8d79034f2eebff1da0442b6af685a9adf95bd
controlled-relative-map-ridge-diagnostic,target-boston,osm-sionna-target-boston-bank-22,paired_active_alternative,864,16.031179813172603,21.498981001908835,-0.0006511483410251984,csi-pairs-formal-v2.1-v6,060d8671380acaf43bd0beb2c77ac5c6ec112e4ddc083451ab36a5916b7c9cac,ce0d6de3d77ed6edde2c9eca5f7ce4ab92c262b63ce50b25113c1cffc8a3ca46,False,CANDIDATE_NOT_DOMAIN_EVIDENCE,c63b699ed767134007e47157a733f68e4c31de8be4ca0c30d71ec46a08b85621,9548a24a4faf5db17b5251df407b4402de033ae8648ec321c850fe6105002cf1,f03e9b40548b237a49c65fc91de8d79034f2eebff1da0442b6af685a9adf95bd
controlled-relative-map-ridge-diagnostic,target-boston,osm-sionna-target-boston-bank-22,paired_null_alternative,864,16.02394480985749,21.499554308861477,0.0,csi-pairs-formal-v2.1-v6,060d8671380acaf43bd0beb2c77ac5c6ec112e4ddc083451ab36a5916b7c9cac,ce0d6de3d77ed6edde2c9eca5f7ce4ab92c262b63ce50b25113c1cffc8a3ca46,False,CANDIDATE_NOT_DOMAIN_EVIDENCE,c63b699ed767134007e47157a733f68e4c31de8be4ca0c30d71ec46a08b85621,9548a24a4faf5db17b5251df407b4402de033ae8648ec321c850fe6105002cf1,f03e9b40548b237a49c65fc91de8d79034f2eebff1da0442b6af685a9adf95bd
controlled-relative-map-ridge-diagnostic,target-boston,osm-sionna-target-boston-bank-22,wrong_city,864,23.07184976296641,44.58052613309718,9.05901190447883,csi-pairs-formal-v2.1-v6,060d8671380acaf43bd0beb2c77ac5c6ec112e4ddc083451ab36a5916b7c9cac,ce0d6de3d77ed6edde2c9eca5f7ce4ab92c262b63ce50b25113c1cffc8a3ca46,False,CANDIDATE_NOT_DOMAIN_EVIDENCE,c63b699ed767134007e47157a733f68e4c31de8be4ca0c30d71ec46a08b85621,9548a24a4faf5db17b5251df407b4402de033ae8648ec321c850fe6105002cf1,f03e9b40548b237a49c65fc91de8d79034f2eebff1da0442b6af685a9adf95bd
controlled-relative-map-ridge-diagnostic,target-boston,osm-sionna-target-boston-bank-23,correct,768,42.775180030603934,50.26106264741992,0.0,csi-pairs-formal-v2.1-v6,060d8671380acaf43bd0beb2c77ac5c6ec112e4ddc083451ab36a5916b7c9cac,ce0d6de3d77ed6edde2c9eca5f7ce4ab92c262b63ce50b25113c1cffc8a3ca46,False,CANDIDATE_NOT_DOMAIN_EVIDENCE,c63b699ed767134007e47157a733f68e4c31de8be4ca0c30d71ec46a08b85621,9548a24a4faf5db17b5251df407b4402de033ae8648ec321c850fe6105002cf1,f03e9b40548b237a49c65fc91de8d79034f2eebff1da0442b6af685a9adf95bd
controlled-relative-map-ridge-diagnostic,target-boston,osm-sionna-target-boston-bank-23,empty,768,126.22555426367427,135.8106989111114,85.43695038148951,csi-pairs-formal-v2.1-v6,060d8671380acaf43bd0beb2c77ac5c6ec112e4ddc083451ab36a5916b7c9cac,ce0d6de3d77ed6edde2c9eca5f7ce4ab92c262b63ce50b25113c1cffc8a3ca46,False,CANDIDATE_NOT_DOMAIN_EVIDENCE,c63b699ed767134007e47157a733f68e4c31de8be4ca0c30d71ec46a08b85621,9548a24a4faf5db17b5251df407b4402de033ae8648ec321c850fe6105002cf1,f03e9b40548b237a49c65fc91de8d79034f2eebff1da0442b6af685a9adf95bd
controlled-relative-map-ridge-diagnostic,target-boston,osm-sionna-target-boston-bank-23,geometry_destroyed,768,1264.223600475948,1284.7211029826792,1221.4852041180793,csi-pairs-formal-v2.1-v6,060d8671380acaf43bd0beb2c77ac5c6ec112e4ddc083451ab36a5916b7c9cac,ce0d6de3d77ed6edde2c9eca5f7ce4ab92c262b63ce50b25113c1cffc8a3ca46,False,CANDIDATE_NOT_DOMAIN_EVIDENCE,c63b699ed767134007e47157a733f68e4c31de8be4ca0c30d71ec46a08b85621,9548a24a4faf5db17b5251df407b4402de033ae8648ec321c850fe6105002cf1,f03e9b40548b237a49c65fc91de8d79034f2eebff1da0442b6af685a9adf95bd
controlled-relative-map-ridge-diagnostic,target-boston,osm-sionna-target-boston-bank-23,paired_active_alternative,768,42.77546625466883,50.288298337287884,-5.6958459101252856e-05,csi-pairs-formal-v2.1-v6,060d8671380acaf43bd0beb2c77ac5c6ec112e4ddc083451ab36a5916b7c9cac,ce0d6de3d77ed6edde2c9eca5f7ce4ab92c262b63ce50b25113c1cffc8a3ca46,False,CANDIDATE_NOT_DOMAIN_EVIDENCE,c63b699ed767134007e47157a733f68e4c31de8be4ca0c30d71ec46a08b85621,9548a24a4faf5db17b5251df407b4402de033ae8648ec321c850fe6105002cf1,f03e9b40548b237a49c65fc91de8d79034f2eebff1da0442b6af685a9adf95bd
controlled-relative-map-ridge-diagnostic,target-boston,osm-sionna-target-boston-bank-23,paired_null_alternative,768,42.775180030603934,50.26106264741992,0.0,csi-pairs-formal-v2.1-v6,060d8671380acaf43bd0beb2c77ac5c6ec112e4ddc083451ab36a5916b7c9cac,ce0d6de3d77ed6edde2c9eca5f7ce4ab92c262b63ce50b25113c1cffc8a3ca46,False,CANDIDATE_NOT_DOMAIN_EVIDENCE,c63b699ed767134007e47157a733f68e4c31de8be4ca0c30d71ec46a08b85621,9548a24a4faf5db17b5251df407b4402de033ae8648ec321c850fe6105002cf1,f03e9b40548b237a49c65fc91de8d79034f2eebff1da0442b6af685a9adf95bd
controlled-relative-map-ridge-diagnostic,target-boston,osm-sionna-target-boston-bank-23,wrong_city,768,39.12903749784535,60.82308507637456,-1.6437101425684553,csi-pairs-formal-v2.1-v6,060d8671380acaf43bd0beb2c77ac5c6ec112e4ddc083451ab36a5916b7c9cac,ce0d6de3d77ed6edde2c9eca5f7ce4ab92c262b63ce50b25113c1cffc8a3ca46,False,CANDIDATE_NOT_DOMAIN_EVIDENCE,c63b699ed767134007e47157a733f68e4c31de8be4ca0c30d71ec46a08b85621,9548a24a4faf5db17b5251df407b4402de033ae8648ec321c850fe6105002cf1,f03e9b40548b237a49c65fc91de8d79034f2eebff1da0442b6af685a9adf95bd
controlled-relative-map-ridge-diagnostic,target-boston,osm-sionna-target-boston-bank-24,correct,788,16.08680395844182,20.074997880549198,0.0,csi-pairs-formal-v2.1-v6,060d8671380acaf43bd0beb2c77ac5c6ec112e4ddc083451ab36a5916b7c9cac,ce0d6de3d77ed6edde2c9eca5f7ce4ab92c262b63ce50b25113c1cffc8a3ca46,False,CANDIDATE_NOT_DOMAIN_EVIDENCE,c63b699ed767134007e47157a733f68e4c31de8be4ca0c30d71ec46a08b85621,9548a24a4faf5db17b5251df407b4402de033ae8648ec321c850fe6105002cf1,f03e9b40548b237a49c65fc91de8d79034f2eebff1da0442b6af685a9adf95bd
controlled-relative-map-ridge-diagnostic,target-boston,osm-sionna-target-boston-bank-24,empty,788,170.16269848400324,174.6273258675517,154.17144119131464,csi-pairs-formal-v2.1-v6,060d8671380acaf43bd0beb2c77ac5c6ec112e4ddc083451ab36a5916b7c9cac,ce0d6de3d77ed6edde2c9eca5f7ce4ab92c262b63ce50b25113c1cffc8a3ca46,False,CANDIDATE_NOT_DOMAIN_EVIDENCE,c63b699ed767134007e47157a733f68e4c31de8be4ca0c30d71ec46a08b85621,9548a24a4faf5db17b5251df407b4402de033ae8648ec321c850fe6105002cf1,f03e9b40548b237a49c65fc91de8d79034f2eebff1da0442b6af685a9adf95bd
controlled-relative-map-ridge-diagnostic,target-boston,osm-sionna-target-boston-bank-24,geometry_destroyed,788,340.5875144121911,349.58302565335106,324.5986271875418,csi-pairs-formal-v2.1-v6,060d8671380acaf43bd0beb2c77ac5c6ec112e4ddc083451ab36a5916b7c9cac,ce0d6de3d77ed6edde2c9eca5f7ce4ab92c262b63ce50b25113c1cffc8a3ca46,False,CANDIDATE_NOT_DOMAIN_EVIDENCE,c63b699ed767134007e47157a733f68e4c31de8be4ca0c30d71ec46a08b85621,9548a24a4faf5db17b5251df407b4402de033ae8648ec321c850fe6105002cf1,f03e9b40548b237a49c65fc91de8d79034f2eebff1da0442b6af685a9adf95bd
controlled-relative-map-ridge-diagnostic,target-boston,osm-sionna-target-boston-bank-24,paired_active_alternative,788,16.081701544591247,20.282296953613187,0.17980841214159682,csi-pairs-formal-v2.1-v6,060d8671380acaf43bd0beb2c77ac5c6ec112e4ddc083451ab36a5916b7c9cac,ce0d6de3d77ed6edde2c9eca5f7ce4ab92c262b63ce50b25113c1cffc8a3ca46,False,CANDIDATE_NOT_DOMAIN_EVIDENCE,c63b699ed767134007e47157a733f68e4c31de8be4ca0c30d71ec46a08b85621,9548a24a4faf5db17b5251df407b4402de033ae8648ec321c850fe6105002cf1,f03e9b40548b237a49c65fc91de8d79034f2eebff1da0442b6af685a9adf95bd
controlled-relative-map-ridge-diagnostic,target-boston,osm-sionna-target-boston-bank-24,paired_null_alternative,788,16.08680395844182,20.074997880549198,0.0,csi-pairs-formal-v2.1-v6,060d8671380acaf43bd0beb2c77ac5c6ec112e4ddc083451ab36a5916b7c9cac,ce0d6de3d77ed6edde2c9eca5f7ce4ab92c262b63ce50b25113c1cffc8a3ca46,False,CANDIDATE_NOT_DOMAIN_EVIDENCE,c63b699ed767134007e47157a733f68e4c31de8be4ca0c30d71ec46a08b85621,9548a24a4faf5db17b5251df407b4402de033ae8648ec321c850fe6105002cf1,f03e9b40548b237a49c65fc91de8d79034f2eebff1da0442b6af685a9adf95bd
controlled-relative-map-ridge-diagnostic,target-boston,osm-sionna-target-boston-bank-24,wrong_city,788,34.947720281788214,40.24172407581835,18.897072660359175,csi-pairs-formal-v2.1-v6,060d8671380acaf43bd0beb2c77ac5c6ec112e4ddc083451ab36a5916b7c9cac,ce0d6de3d77ed6edde2c9eca5f7ce4ab92c262b63ce50b25113c1cffc8a3ca46,False,CANDIDATE_NOT_DOMAIN_EVIDENCE,c63b699ed767134007e47157a733f68e4c31de8be4ca0c30d71ec46a08b85621,9548a24a4faf5db17b5251df407b4402de033ae8648ec321c850fe6105002cf1,f03e9b40548b237a49c65fc91de8d79034f2eebff1da0442b6af685a9adf95bd
controlled-relative-map-ridge-diagnostic,target-boston,osm-sionna-target-boston-bank-25,correct,784,43.74657237680057,49.56293069255184,0.0,csi-pairs-formal-v2.1-v6,060d8671380acaf43bd0beb2c77ac5c6ec112e4ddc083451ab36a5916b7c9cac,ce0d6de3d77ed6edde2c9eca5f7ce4ab92c262b63ce50b25113c1cffc8a3ca46,False,CANDIDATE_NOT_DOMAIN_EVIDENCE,c63b699ed767134007e47157a733f68e4c31de8be4ca0c30d71ec46a08b85621,9548a24a4faf5db17b5251df407b4402de033ae8648ec321c850fe6105002cf1,f03e9b40548b237a49c65fc91de8d79034f2eebff1da0442b6af685a9adf95bd
controlled-relative-map-ridge-diagnostic,target-boston,osm-sionna-target-boston-bank-25,empty,784,177.69234291609104,184.56436455391952,133.97302037489533,csi-pairs-formal-v2.1-v6,060d8671380acaf43bd0beb2c77ac5c6ec112e4ddc083451ab36a5916b7c9cac,ce0d6de3d77ed6edde2c9eca5f7ce4ab92c262b63ce50b25113c1cffc8a3ca46,False,CANDIDATE_NOT_DOMAIN_EVIDENCE,c63b699ed767134007e47157a733f68e4c31de8be4ca0c30d71ec46a08b85621,9548a24a4faf5db17b5251df407b4402de033ae8648ec321c850fe6105002cf1,f03e9b40548b237a49c65fc91de8d79034f2eebff1da0442b6af685a9adf95bd
controlled-relative-map-ridge-diagnostic,target-boston,osm-sionna-target-boston-bank-25,geometry_destroyed,784,487.4644373927785,495.8938758416018,443.493721951845,csi-pairs-formal-v2.1-v6,060d8671380acaf43bd0beb2c77ac5c6ec112e4ddc083451ab36a5916b7c9cac,ce0d6de3d77ed6edde2c9eca5f7ce4ab92c262b63ce50b25113c1cffc8a3ca46,False,CANDIDATE_NOT_DOMAIN_EVIDENCE,c63b699ed767134007e47157a733f68e4c31de8be4ca0c30d71ec46a08b85621,9548a24a4faf5db17b5251df407b4402de033ae8648ec321c850fe6105002cf1,f03e9b40548b237a49c65fc91de8d79034f2eebff1da0442b6af685a9adf95bd
controlled-relative-map-ridge-diagnostic,target-boston,osm-sionna-target-boston-bank-25,paired_active_alternative,784,43.77017747242293,49.576867834110324,-0.0013576067651150936,csi-pairs-formal-v2.1-v6,060d8671380acaf43bd0beb2c77ac5c6ec112e4ddc083451ab36a5916b7c9cac,ce0d6de3d77ed6edde2c9eca5f7ce4ab92c262b63ce50b25113c1cffc8a3ca46,False,CANDIDATE_NOT_DOMAIN_EVIDENCE,c63b699ed767134007e47157a733f68e4c31de8be4ca0c30d71ec46a08b85621,9548a24a4faf5db17b5251df407b4402de033ae8648ec321c850fe6105002cf1,f03e9b40548b237a49c65fc91de8d79034f2eebff1da0442b6af685a9adf95bd
controlled-relative-map-ridge-diagnostic,target-boston,osm-sionna-target-boston-bank-25,paired_null_alternative,784,43.74657237680057,49.56293069255184,0.0,csi-pairs-formal-v2.1-v6,060d8671380acaf43bd0beb2c77ac5c6ec112e4ddc083451ab36a5916b7c9cac,ce0d6de3d77ed6edde2c9eca5f7ce4ab92c262b63ce50b25113c1cffc8a3ca46,False,CANDIDATE_NOT_DOMAIN_EVIDENCE,c63b699ed767134007e47157a733f68e4c31de8be4ca0c30d71ec46a08b85621,9548a24a4faf5db17b5251df407b4402de033ae8648ec321c850fe6105002cf1,f03e9b40548b237a49c65fc91de8d79034f2eebff1da0442b6af685a9adf95bd
controlled-relative-map-ridge-diagnostic,target-boston,osm-sionna-target-boston-bank-25,wrong_city,784,44.58525715509464,55.04947736974955,0.841228215620383,csi-pairs-formal-v2.1-v6,060d8671380acaf43bd0beb2c77ac5c6ec112e4ddc083451ab36a5916b7c9cac,ce0d6de3d77ed6edde2c9eca5f7ce4ab92c262b63ce50b25113c1cffc8a3ca46,False,CANDIDATE_NOT_DOMAIN_EVIDENCE,c63b699ed767134007e47157a733f68e4c31de8be4ca0c30d71ec46a08b85621,9548a24a4faf5db17b5251df407b4402de033ae8648ec321c850fe6105002cf1,f03e9b40548b237a49c65fc91de8d79034f2eebff1da0442b6af685a9adf95bd
controlled-relative-map-ridge-diagnostic,target-boston,osm-sionna-target-boston-bank-26,correct,848,8.110705395082189,15.68820185537379,0.0,csi-pairs-formal-v2.1-v6,060d8671380acaf43bd0beb2c77ac5c6ec112e4ddc083451ab36a5916b7c9cac,ce0d6de3d77ed6edde2c9eca5f7ce4ab92c262b63ce50b25113c1cffc8a3ca46,False,CANDIDATE_NOT_DOMAIN_EVIDENCE,c63b699ed767134007e47157a733f68e4c31de8be4ca0c30d71ec46a08b85621,9548a24a4faf5db17b5251df407b4402de033ae8648ec321c850fe6105002cf1,f03e9b40548b237a49c65fc91de8d79034f2eebff1da0442b6af685a9adf95bd
controlled-relative-map-ridge-diagnostic,target-boston,osm-sionna-target-boston-bank-26,empty,848,143.337220681496,149.3246697853693,135.63269452534394,csi-pairs-formal-v2.1-v6,060d8671380acaf43bd0beb2c77ac5c6ec112e4ddc083451ab36a5916b7c9cac,ce0d6de3d77ed6edde2c9eca5f7ce4ab92c262b63ce50b25113c1cffc8a3ca46,False,CANDIDATE_NOT_DOMAIN_EVIDENCE,c63b699ed767134007e47157a733f68e4c31de8be4ca0c30d71ec46a08b85621,9548a24a4faf5db17b5251df407b4402de033ae8648ec321c850fe6105002cf1,f03e9b40548b237a49c65fc91de8d79034f2eebff1da0442b6af685a9adf95bd
controlled-relative-map-ridge-diagnostic,target-boston,osm-sionna-target-boston-bank-26,geometry_destroyed,848,637.0399413156119,642.999996920407,628.5928971701443,csi-pairs-formal-v2.1-v6,060d8671380acaf43bd0beb2c77ac5c6ec112e4ddc083451ab36a5916b7c9cac,ce0d6de3d77ed6edde2c9eca5f7ce4ab92c262b63ce50b25113c1cffc8a3ca46,False,CANDIDATE_NOT_DOMAIN_EVIDENCE,c63b699ed767134007e47157a733f68e4c31de8be4ca0c30d71ec46a08b85621,9548a24a4faf5db17b5251df407b4402de033ae8648ec321c850fe6105002cf1,f03e9b40548b237a49c65fc91de8d79034f2eebff1da0442b6af685a9adf95bd
controlled-relative-map-ridge-diagnostic,target-boston,osm-sionna-target-boston-bank-26,paired_active_alternative,848,8.067677915618024,15.681681199489368,0.020241865281455773,csi-pairs-formal-v2.1-v6,060d8671380acaf43bd0beb2c77ac5c6ec112e4ddc083451ab36a5916b7c9cac,ce0d6de3d77ed6edde2c9eca5f7ce4ab92c262b63ce50b25113c1cffc8a3ca46,False,CANDIDATE_NOT_DOMAIN_EVIDENCE,c63b699ed767134007e47157a733f68e4c31de8be4ca0c30d71ec46a08b85621,9548a24a4faf5db17b5251df407b4402de033ae8648ec321c850fe6105002cf1,f03e9b40548b237a49c65fc91de8d79034f2eebff1da0442b6af685a9adf95bd
controlled-relative-map-ridge-diagnostic,target-boston,osm-sionna-target-boston-bank-26,paired_null_alternative,848,8.110705395082189,15.68820185537379,0.0,csi-pairs-formal-v2.1-v6,060d8671380acaf43bd0beb2c77ac5c6ec112e4ddc083451ab36a5916b7c9cac,ce0d6de3d77ed6edde2c9eca5f7ce4ab92c262b63ce50b25113c1cffc8a3ca46,False,CANDIDATE_NOT_DOMAIN_EVIDENCE,c63b699ed767134007e47157a733f68e4c31de8be4ca0c30d71ec46a08b85621,9548a24a4faf5db17b5251df407b4402de033ae8648ec321c850fe6105002cf1,f03e9b40548b237a49c65fc91de8d79034f2eebff1da0442b6af685a9adf95bd
controlled-relative-map-ridge-diagnostic,target-boston,osm-sionna-target-boston-bank-26,wrong_city,848,26.61592859128612,31.509877513611414,19.98039373136671,csi-pairs-formal-v2.1-v6,060d8671380acaf43bd0beb2c77ac5c6ec112e4ddc083451ab36a5916b7c9cac,ce0d6de3d77ed6edde2c9eca5f7ce4ab92c262b63ce50b25113c1cffc8a3ca46,False,CANDIDATE_NOT_DOMAIN_EVIDENCE,c63b699ed767134007e47157a733f68e4c31de8be4ca0c30d71ec46a08b85621,9548a24a4faf5db17b5251df407b4402de033ae8648ec321c850fe6105002cf1,f03e9b40548b237a49c65fc91de8d79034f2eebff1da0442b6af685a9adf95bd
controlled-relative-map-ridge-diagnostic,target-boston,osm-sionna-target-boston-bank-27,correct,832,79.73718350859559,83.60471033579017,0.0,csi-pairs-formal-v2.1-v6,060d8671380acaf43bd0beb2c77ac5c6ec112e4ddc083451ab36a5916b7c9cac,ce0d6de3d77ed6edde2c9eca5f7ce4ab92c262b63ce50b25113c1cffc8a3ca46,False,CANDIDATE_NOT_DOMAIN_EVIDENCE,c63b699ed767134007e47157a733f68e4c31de8be4ca0c30d71ec46a08b85621,9548a24a4faf5db17b5251df407b4402de033ae8648ec321c850fe6105002cf1,f03e9b40548b237a49c65fc91de8d79034f2eebff1da0442b6af685a9adf95bd
controlled-relative-map-ridge-diagnostic,target-boston,osm-sionna-target-boston-bank-27,empty,832,175.9908531154679,183.29999180234708,96.02079204253599,csi-pairs-formal-v2.1-v6,060d8671380acaf43bd0beb2c77ac5c6ec112e4ddc083451ab36a5916b7c9cac,ce0d6de3d77ed6edde2c9eca5f7ce4ab92c262b63ce50b25113c1cffc8a3ca46,False,CANDIDATE_NOT_DOMAIN_EVIDENCE,c63b699ed767134007e47157a733f68e4c31de8be4ca0c30d71ec46a08b85621,9548a24a4faf5db17b5251df407b4402de033ae8648ec321c850fe6105002cf1,f03e9b40548b237a49c65fc91de8d79034f2eebff1da0442b6af685a9adf95bd
controlled-relative-map-ridge-diagnostic,target-boston,osm-sionna-target-boston-bank-27,geometry_destroyed,832,1219.49131118152,1228.1440312414818,1139.8544657624154,csi-pairs-formal-v2.1-v6,060d8671380acaf43bd0beb2c77ac5c6ec112e4ddc083451ab36a5916b7c9cac,ce0d6de3d77ed6edde2c9eca5f7ce4ab92c262b63ce50b25113c1cffc8a3ca46,False,CANDIDATE_NOT_DOMAIN_EVIDENCE,c63b699ed767134007e47157a733f68e4c31de8be4ca0c30d71ec46a08b85621,9548a24a4faf5db17b5251df407b4402de033ae8648ec321c850fe6105002cf1,f03e9b40548b237a49c65fc91de8d79034f2eebff1da0442b6af685a9adf95bd
controlled-relative-map-ridge-diagnostic,target-boston,osm-sionna-target-boston-bank-27,paired_active_alternative,832,79.59420422119871,83.7399851576196,0.00020599568830448334,csi-pairs-formal-v2.1-v6,060d8671380acaf43bd0beb2c77ac5c6ec112e4ddc083451ab36a5916b7c9cac,ce0d6de3d77ed6edde2c9eca5f7ce4ab92c262b63ce50b25113c1cffc8a3ca46,False,CANDIDATE_NOT_DOMAIN_EVIDENCE,c63b699ed767134007e47157a733f68e4c31de8be4ca0c30d71ec46a08b85621,9548a24a4faf5db17b5251df407b4402de033ae8648ec321c850fe6105002cf1,f03e9b40548b237a49c65fc91de8d79034f2eebff1da0442b6af685a9adf95bd
controlled-relative-map-ridge-diagnostic,target-boston,osm-sionna-target-boston-bank-27,paired_null_alternative,832,79.73718350859559,83.60471033579017,5.197668640022357e-05,csi-pairs-formal-v2.1-v6,060d8671380acaf43bd0beb2c77ac5c6ec112e4ddc083451ab36a5916b7c9cac,ce0d6de3d77ed6edde2c9eca5f7ce4ab92c262b63ce50b25113c1cffc8a3ca46,False,CANDIDATE_NOT_DOMAIN_EVIDENCE,c63b699ed767134007e47157a733f68e4c31de8be4ca0c30d71ec46a08b85621,9548a24a4faf5db17b5251df407b4402de033ae8648ec321c850fe6105002cf1,f03e9b40548b237a49c65fc91de8d79034f2eebff1da0442b6af685a9adf95bd
controlled-relative-map-ridge-diagnostic,target-boston,osm-sionna-target-boston-bank-27,wrong_city,832,42.57591368944842,51.99280291144646,-36.82318204483297,csi-pairs-formal-v2.1-v6,060d8671380acaf43bd0beb2c77ac5c6ec112e4ddc083451ab36a5916b7c9cac,ce0d6de3d77ed6edde2c9eca5f7ce4ab92c262b63ce50b25113c1cffc8a3ca46,False,CANDIDATE_NOT_DOMAIN_EVIDENCE,c63b699ed767134007e47157a733f68e4c31de8be4ca0c30d71ec46a08b85621,9548a24a4faf5db17b5251df407b4402de033ae8648ec321c850fe6105002cf1,f03e9b40548b237a49c65fc91de8d79034f2eebff1da0442b6af685a9adf95bd
controlled-relative-map-ridge-diagnostic,target-boston,osm-sionna-target-boston-bank-28,correct,848,94.20185407474533,113.1619725711618,0.0,csi-pairs-formal-v2.1-v6,060d8671380acaf43bd0beb2c77ac5c6ec112e4ddc083451ab36a5916b7c9cac,ce0d6de3d77ed6edde2c9eca5f7ce4ab92c262b63ce50b25113c1cffc8a3ca46,False,CANDIDATE_NOT_DOMAIN_EVIDENCE,c63b699ed767134007e47157a733f68e4c31de8be4ca0c30d71ec46a08b85621,9548a24a4faf5db17b5251df407b4402de033ae8648ec321c850fe6105002cf1,f03e9b40548b237a49c65fc91de8d79034f2eebff1da0442b6af685a9adf95bd
controlled-relative-map-ridge-diagnostic,target-boston,osm-sionna-target-boston-bank-28,empty,848,134.2472924902246,141.7666673542926,38.39174342101934,csi-pairs-formal-v2.1-v6,060d8671380acaf43bd0beb2c77ac5c6ec112e4ddc083451ab36a5916b7c9cac,ce0d6de3d77ed6edde2c9eca5f7ce4ab92c262b63ce50b25113c1cffc8a3ca46,False,CANDIDATE_NOT_DOMAIN_EVIDENCE,c63b699ed767134007e47157a733f68e4c31de8be4ca0c30d71ec46a08b85621,9548a24a4faf5db17b5251df407b4402de033ae8648ec321c850fe6105002cf1,f03e9b40548b237a49c65fc91de8d79034f2eebff1da0442b6af685a9adf95bd
controlled-relative-map-ridge-diagnostic,target-boston,osm-sionna-target-boston-bank-28,geometry_destroyed,848,621.3041859063114,634.3935398808651,527.2242338663966,csi-pairs-formal-v2.1-v6,060d8671380acaf43bd0beb2c77ac5c6ec112e4ddc083451ab36a5916b7c9cac,ce0d6de3d77ed6edde2c9eca5f7ce4ab92c262b63ce50b25113c1cffc8a3ca46,False,CANDIDATE_NOT_DOMAIN_EVIDENCE,c63b699ed767134007e47157a733f68e4c31de8be4ca0c30d71ec46a08b85621,9548a24a4faf5db17b5251df407b4402de033ae8648ec321c850fe6105002cf1,f03e9b40548b237a49c65fc91de8d79034f2eebff1da0442b6af685a9adf95bd
controlled-relative-map-ridge-diagnostic,target-boston,osm-sionna-target-boston-bank-28,paired_active_alternative,848,94.23253038405221,113.20215645562506,-7.973631903723799e-05,csi-pairs-formal-v2.1-v6,060d8671380acaf43bd0beb2c77ac5c6ec112e4ddc083451ab36a5916b7c9cac,ce0d6de3d77ed6edde2c9eca5f7ce4ab92c262b63ce50b25113c1cffc8a3ca46,False,CANDIDATE_NOT_DOMAIN_EVIDENCE,c63b699ed767134007e47157a733f68e4c31de8be4ca0c30d71ec46a08b85621,9548a24a4faf5db17b5251df407b4402de033ae8648ec321c850fe6105002cf1,f03e9b40548b237a49c65fc91de8d79034f2eebff1da0442b6af685a9adf95bd
controlled-relative-map-ridge-diagnostic,target-boston,osm-sionna-target-boston-bank-28,paired_null_alternative,848,94.20185407474533,113.1619725711618,0.0,csi-pairs-formal-v2.1-v6,060d8671380acaf43bd0beb2c77ac5c6ec112e4ddc083451ab36a5916b7c9cac,ce0d6de3d77ed6edde2c9eca5f7ce4ab92c262b63ce50b25113c1cffc8a3ca46,False,CANDIDATE_NOT_DOMAIN_EVIDENCE,c63b699ed767134007e47157a733f68e4c31de8be4ca0c30d71ec46a08b85621,9548a24a4faf5db17b5251df407b4402de033ae8648ec321c850fe6105002cf1,f03e9b40548b237a49c65fc91de8d79034f2eebff1da0442b6af685a9adf95bd
controlled-relative-map-ridge-diagnostic,target-boston,osm-sionna-target-boston-bank-28,wrong_city,848,30.889094848389654,42.61790200820959,-63.12752995253888,csi-pairs-formal-v2.1-v6,060d8671380acaf43bd0beb2c77ac5c6ec112e4ddc083451ab36a5916b7c9cac,ce0d6de3d77ed6edde2c9eca5f7ce4ab92c262b63ce50b25113c1cffc8a3ca46,False,CANDIDATE_NOT_DOMAIN_EVIDENCE,c63b699ed767134007e47157a733f68e4c31de8be4ca0c30d71ec46a08b85621,9548a24a4faf5db17b5251df407b4402de033ae8648ec321c850fe6105002cf1,f03e9b40548b237a49c65fc91de8d79034f2eebff1da0442b6af685a9adf95bd
controlled-relative-map-ridge-diagnostic,target-boston,osm-sionna-target-boston-bank-29,correct,784,82.33452854491432,87.60479335346476,0.0,csi-pairs-formal-v2.1-v6,060d8671380acaf43bd0beb2c77ac5c6ec112e4ddc083451ab36a5916b7c9cac,ce0d6de3d77ed6edde2c9eca5f7ce4ab92c262b63ce50b25113c1cffc8a3ca46,False,CANDIDATE_NOT_DOMAIN_EVIDENCE,c63b699ed767134007e47157a733f68e4c31de8be4ca0c30d71ec46a08b85621,9548a24a4faf5db17b5251df407b4402de033ae8648ec321c850fe6105002cf1,f03e9b40548b237a49c65fc91de8d79034f2eebff1da0442b6af685a9adf95bd
controlled-relative-map-ridge-diagnostic,target-boston,osm-sionna-target-boston-bank-29,empty,784,149.03109241753404,153.7490371137821,66.54411827600447,csi-pairs-formal-v2.1-v6,060d8671380acaf43bd0beb2c77ac5c6ec112e4ddc083451ab36a5916b7c9cac,ce0d6de3d77ed6edde2c9eca5f7ce4ab92c262b63ce50b25113c1cffc8a3ca46,False,CANDIDATE_NOT_DOMAIN_EVIDENCE,c63b699ed767134007e47157a733f68e4c31de8be4ca0c30d71ec46a08b85621,9548a24a4faf5db17b5251df407b4402de033ae8648ec321c850fe6105002cf1,f03e9b40548b237a49c65fc91de8d79034f2eebff1da0442b6af685a9adf95bd
controlled-relative-map-ridge-diagnostic,target-boston,osm-sionna-target-boston-bank-29,geometry_destroyed,784,877.4484733050099,890.6812704639541,794.8428097656266,csi-pairs-formal-v2.1-v6,060d8671380acaf43bd0beb2c77ac5c6ec112e4ddc083451ab36a5916b7c9cac,ce0d6de3d77ed6edde2c9eca5f7ce4ab92c262b63ce50b25113c1cffc8a3ca46,False,CANDIDATE_NOT_DOMAIN_EVIDENCE,c63b699ed767134007e47157a733f68e4c31de8be4ca0c30d71ec46a08b85621,9548a24a4faf5db17b5251df407b4402de033ae8648ec321c850fe6105002cf1,f03e9b40548b237a49c65fc91de8d79034f2eebff1da0442b6af685a9adf95bd
controlled-relative-map-ridge-diagnostic,target-boston,osm-sionna-target-boston-bank-29,paired_active_alternative,784,82.3863565887309,87.66353696771765,-7.253781466687315e-05,csi-pairs-formal-v2.1-v6,060d8671380acaf43bd0beb2c77ac5c6ec112e4ddc083451ab36a5916b7c9cac,ce0d6de3d77ed6edde2c9eca5f7ce4ab92c262b63ce50b25113c1cffc8a3ca46,False,CANDIDATE_NOT_DOMAIN_EVIDENCE,c63b699ed767134007e47157a733f68e4c31de8be4ca0c30d71ec46a08b85621,9548a24a4faf5db17b5251df407b4402de033ae8648ec321c850fe6105002cf1,f03e9b40548b237a49c65fc91de8d79034f2eebff1da0442b6af685a9adf95bd
controlled-relative-map-ridge-diagnostic,target-boston,osm-sionna-target-boston-bank-29,paired_null_alternative,784,82.33452854491432,87.60479335346476,0.0,csi-pairs-formal-v2.1-v6,060d8671380acaf43bd0beb2c77ac5c6ec112e4ddc083451ab36a5916b7c9cac,ce0d6de3d77ed6edde2c9eca5f7ce4ab92c262b63ce50b25113c1cffc8a3ca46,False,CANDIDATE_NOT_DOMAIN_EVIDENCE,c63b699ed767134007e47157a733f68e4c31de8be4ca0c30d71ec46a08b85621,9548a24a4faf5db17b5251df407b4402de033ae8648ec321c850fe6105002cf1,f03e9b40548b237a49c65fc91de8d79034f2eebff1da0442b6af685a9adf95bd
controlled-relative-map-ridge-diagnostic,target-boston,osm-sionna-target-boston-bank-29,wrong_city,784,5.481129439351888,12.017231926510522,-78.6471790059,csi-pairs-formal-v2.1-v6,060d8671380acaf43bd0beb2c77ac5c6ec112e4ddc083451ab36a5916b7c9cac,ce0d6de3d77ed6edde2c9eca5f7ce4ab92c262b63ce50b25113c1cffc8a3ca46,False,CANDIDATE_NOT_DOMAIN_EVIDENCE,c63b699ed767134007e47157a733f68e4c31de8be4ca0c30d71ec46a08b85621,9548a24a4faf5db17b5251df407b4402de033ae8648ec321c850fe6105002cf1,f03e9b40548b237a49c65fc91de8d79034f2eebff1da0442b6af685a9adf95bd
controlled-relative-map-ridge-diagnostic,target-boston,osm-sionna-target-boston-bank-30,correct,832,142.87052175301596,160.70243646962606,0.0,csi-pairs-formal-v2.1-v6,060d8671380acaf43bd0beb2c77ac5c6ec112e4ddc083451ab36a5916b7c9cac,ce0d6de3d77ed6edde2c9eca5f7ce4ab92c262b63ce50b25113c1cffc8a3ca46,False,CANDIDATE_NOT_DOMAIN_EVIDENCE,c63b699ed767134007e47157a733f68e4c31de8be4ca0c30d71ec46a08b85621,9548a24a4faf5db17b5251df407b4402de033ae8648ec321c850fe6105002cf1,f03e9b40548b237a49c65fc91de8d79034f2eebff1da0442b6af685a9adf95bd
controlled-relative-map-ridge-diagnostic,target-boston,osm-sionna-target-boston-bank-30,empty,832,137.26993048507444,143.26602467258692,-4.726130068997151,csi-pairs-formal-v2.1-v6,060d8671380acaf43bd0beb2c77ac5c6ec112e4ddc083451ab36a5916b7c9cac,ce0d6de3d77ed6edde2c9eca5f7ce4ab92c262b63ce50b25113c1cffc8a3ca46,False,CANDIDATE_NOT_DOMAIN_EVIDENCE,c63b699ed767134007e47157a733f68e4c31de8be4ca0c30d71ec46a08b85621,9548a24a4faf5db17b5251df407b4402de033ae8648ec321c850fe6105002cf1,f03e9b40548b237a49c65fc91de8d79034f2eebff1da0442b6af685a9adf95bd
controlled-relative-map-ridge-diagnostic,target-boston,osm-sionna-target-boston-bank-30,geometry_destroyed,832,616.0405552953616,633.8137346389249,472.8686155667003,csi-pairs-formal-v2.1-v6,060d8671380acaf43bd0beb2c77ac5c6ec112e4ddc083451ab36a5916b7c9cac,ce0d6de3d77ed6edde2c9eca5f7ce4ab92c262b63ce50b25113c1cffc8a3ca46,False,CANDIDATE_NOT_DOMAIN_EVIDENCE,c63b699ed767134007e47157a733f68e4c31de8be4ca0c30d71ec46a08b85621,9548a24a4faf5db17b5251df407b4402de033ae8648ec321c850fe6105002cf1,f03e9b40548b237a49c65fc91de8d79034f2eebff1da0442b6af685a9adf95bd
controlled-relative-map-ridge-diagnostic,target-boston,osm-sionna-target-boston-bank-30,paired_active_alternative,832,142.87135455403498,160.72324081239648,0.00012943212793459224,csi-pairs-formal-v2.1-v6,060d8671380acaf43bd0beb2c77ac5c6ec112e4ddc083451ab36a5916b7c9cac,ce0d6de3d77ed6edde2c9eca5f7ce4ab92c262b63ce50b25113c1cffc8a3ca46,False,CANDIDATE_NOT_DOMAIN_EVIDENCE,c63b699ed767134007e47157a733f68e4c31de8be4ca0c30d71ec46a08b85621,9548a24a4faf5db17b5251df407b4402de033ae8648ec321c850fe6105002cf1,f03e9b40548b237a49c65fc91de8d79034f2eebff1da0442b6af685a9adf95bd
controlled-relative-map-ridge-diagnostic,target-boston,osm-sionna-target-boston-bank-30,paired_null_alternative,832,142.87052175301596,160.70243646962606,0.0,csi-pairs-formal-v2.1-v6,060d8671380acaf43bd0beb2c77ac5c6ec112e4ddc083451ab36a5916b7c9cac,ce0d6de3d77ed6edde2c9eca5f7ce4ab92c262b63ce50b25113c1cffc8a3ca46,False,CANDIDATE_NOT_DOMAIN_EVIDENCE,c63b699ed767134007e47157a733f68e4c31de8be4ca0c30d71ec46a08b85621,9548a24a4faf5db17b5251df407b4402de033ae8648ec321c850fe6105002cf1,f03e9b40548b237a49c65fc91de8d79034f2eebff1da0442b6af685a9adf95bd
controlled-relative-map-ridge-diagnostic,target-boston,osm-sionna-target-boston-bank-30,wrong_city,832,17.43692686491893,34.9887773775404,-125.69845874641638,csi-pairs-formal-v2.1-v6,060d8671380acaf43bd0beb2c77ac5c6ec112e4ddc083451ab36a5916b7c9cac,ce0d6de3d77ed6edde2c9eca5f7ce4ab92c262b63ce50b25113c1cffc8a3ca46,False,CANDIDATE_NOT_DOMAIN_EVIDENCE,c63b699ed767134007e47157a733f68e4c31de8be4ca0c30d71ec46a08b85621,9548a24a4faf5db17b5251df407b4402de033ae8648ec321c850fe6105002cf1,f03e9b40548b237a49c65fc91de8d79034f2eebff1da0442b6af685a9adf95bd
controlled-relative-map-ridge-diagnostic,target-boston,osm-sionna-target-boston-bank-31,correct,764,107.516414385406,113.65513542987232,0.0,csi-pairs-formal-v2.1-v6,060d8671380acaf43bd0beb2c77ac5c6ec112e4ddc083451ab36a5916b7c9cac,ce0d6de3d77ed6edde2c9eca5f7ce4ab92c262b63ce50b25113c1cffc8a3ca46,False,CANDIDATE_NOT_DOMAIN_EVIDENCE,c63b699ed767134007e47157a733f68e4c31de8be4ca0c30d71ec46a08b85621,9548a24a4faf5db17b5251df407b4402de033ae8648ec321c850fe6105002cf1,f03e9b40548b237a49c65fc91de8d79034f2eebff1da0442b6af685a9adf95bd
controlled-relative-map-ridge-diagnostic,target-boston,osm-sionna-target-boston-bank-31,empty,764,164.07141647948956,168.35184841203647,56.48770156769487,csi-pairs-formal-v2.1-v6,060d8671380acaf43bd0beb2c77ac5c6ec112e4ddc083451ab36a5916b7c9cac,ce0d6de3d77ed6edde2c9eca5f7ce4ab92c262b63ce50b25113c1cffc8a3ca46,False,CANDIDATE_NOT_DOMAIN_EVIDENCE,c63b699ed767134007e47157a733f68e4c31de8be4ca0c30d71ec46a08b85621,9548a24a4faf5db17b5251df407b4402de033ae8648ec321c850fe6105002cf1,f03e9b40548b237a49c65fc91de8d79034f2eebff1da0442b6af685a9adf95bd
controlled-relative-map-ridge-diagnostic,target-boston,osm-sionna-target-boston-bank-31,geometry_destroyed,764,155.0445247632507,163.4217731051909,47.4743950788138,csi-pairs-formal-v2.1-v6,060d8671380acaf43bd0beb2c77ac5c6ec112e4ddc083451ab36a5916b7c9cac,ce0d6de3d77ed6edde2c9eca5f7ce4ab92c262b63ce50b25113c1cffc8a3ca46,False,CANDIDATE_NOT_DOMAIN_EVIDENCE,c63b699ed767134007e47157a733f68e4c31de8be4ca0c30d71ec46a08b85621,9548a24a4faf5db17b5251df407b4402de033ae8648ec321c850fe6105002cf1,f03e9b40548b237a49c65fc91de8d79034f2eebff1da0442b6af685a9adf95bd
controlled-relative-map-ridge-diagnostic,target-boston,osm-sionna-target-boston-bank-31,paired_active_alternative,764,107.45337978190534,113.55106063216239,-0.31482097727229075,csi-pairs-formal-v2.1-v6,060d8671380acaf43bd0beb2c77ac5c6ec112e4ddc083451ab36a5916b7c9cac,ce0d6de3d77ed6edde2c9eca5f7ce4ab92c262b63ce50b25113c1cffc8a3ca46,False,CANDIDATE_NOT_DOMAIN_EVIDENCE,c63b699ed767134007e47157a733f68e4c31de8be4ca0c30d71ec46a08b85621,9548a24a4faf5db17b5251df407b4402de033ae8648ec321c850fe6105002cf1,f03e9b40548b237a49c65fc91de8d79034f2eebff1da0442b6af685a9adf95bd
controlled-relative-map-ridge-diagnostic,target-boston,osm-sionna-target-boston-bank-31,paired_null_alternative,764,107.516414385406,113.65513542987232,0.0,csi-pairs-formal-v2.1-v6,060d8671380acaf43bd0beb2c77ac5c6ec112e4ddc083451ab36a5916b7c9cac,ce0d6de3d77ed6edde2c9eca5f7ce4ab92c262b63ce50b25113c1cffc8a3ca46,False,CANDIDATE_NOT_DOMAIN_EVIDENCE,c63b699ed767134007e47157a733f68e4c31de8be4ca0c30d71ec46a08b85621,9548a24a4faf5db17b5251df407b4402de033ae8648ec321c850fe6105002cf1,f03e9b40548b237a49c65fc91de8d79034f2eebff1da0442b6af685a9adf95bd
controlled-relative-map-ridge-diagnostic,target-boston,osm-sionna-target-boston-bank-31,wrong_city,764,25.465229200425014,31.661390710104254,-82.01476959661986,csi-pairs-formal-v2.1-v6,060d8671380acaf43bd0beb2c77ac5c6ec112e4ddc083451ab36a5916b7c9cac,ce0d6de3d77ed6edde2c9eca5f7ce4ab92c262b63ce50b25113c1cffc8a3ca46,False,CANDIDATE_NOT_DOMAIN_EVIDENCE,c63b699ed767134007e47157a733f68e4c31de8be4ca0c30d71ec46a08b85621,9548a24a4faf5db17b5251df407b4402de033ae8648ec321c850fe6105002cf1,f03e9b40548b237a49c65fc91de8d79034f2eebff1da0442b6af685a9adf95bd
controlled-relative-map-ridge-diagnostic,target-boston,osm-sionna-target-boston-bank-32,correct,768,21.58795420289448,29.385444489687057,0.0,csi-pairs-formal-v2.1-v6,060d8671380acaf43bd0beb2c77ac5c6ec112e4ddc083451ab36a5916b7c9cac,ce0d6de3d77ed6edde2c9eca5f7ce4ab92c262b63ce50b25113c1cffc8a3ca46,False,CANDIDATE_NOT_DOMAIN_EVIDENCE,c63b699ed767134007e47157a733f68e4c31de8be4ca0c30d71ec46a08b85621,9548a24a4faf5db17b5251df407b4402de033ae8648ec321c850fe6105002cf1,f03e9b40548b237a49c65fc91de8d79034f2eebff1da0442b6af685a9adf95bd
controlled-relative-map-ridge-diagnostic,target-boston,osm-sionna-target-boston-bank-32,empty,768,172.3432395853419,178.94115064891687,151.25770718369893,csi-pairs-formal-v2.1-v6,060d8671380acaf43bd0beb2c77ac5c6ec112e4ddc083451ab36a5916b7c9cac,ce0d6de3d77ed6edde2c9eca5f7ce4ab92c262b63ce50b25113c1cffc8a3ca46,False,CANDIDATE_NOT_DOMAIN_EVIDENCE,c63b699ed767134007e47157a733f68e4c31de8be4ca0c30d71ec46a08b85621,9548a24a4faf5db17b5251df407b4402de033ae8648ec321c850fe6105002cf1,f03e9b40548b237a49c65fc91de8d79034f2eebff1da0442b6af685a9adf95bd
controlled-relative-map-ridge-diagnostic,target-boston,osm-sionna-target-boston-bank-32,geometry_destroyed,768,429.88025088013103,436.7137316798564,408.25251533391565,csi-pairs-formal-v2.1-v6,060d8671380acaf43bd0beb2c77ac5c6ec112e4ddc083451ab36a5916b7c9cac,ce0d6de3d77ed6edde2c9eca5f7ce4ab92c262b63ce50b25113c1cffc8a3ca46,False,CANDIDATE_NOT_DOMAIN_EVIDENCE,c63b699ed767134007e47157a733f68e4c31de8be4ca0c30d71ec46a08b85621,9548a24a4faf5db17b5251df407b4402de033ae8648ec321c850fe6105002cf1,f03e9b40548b237a49c65fc91de8d79034f2eebff1da0442b6af685a9adf95bd
controlled-relative-map-ridge-diagnostic,target-boston,osm-sionna-target-boston-bank-32,paired_active_alternative,768,21.513041224204215,29.42096409631961,0.00948853882485956,csi-pairs-formal-v2.1-v6,060d8671380acaf43bd0beb2c77ac5c6ec112e4ddc083451ab36a5916b7c9cac,ce0d6de3d77ed6edde2c9eca5f7ce4ab92c262b63ce50b25113c1cffc8a3ca46,False,CANDIDATE_NOT_DOMAIN_EVIDENCE,c63b699ed767134007e47157a733f68e4c31de8be4ca0c30d71ec46a08b85621,9548a24a4faf5db17b5251df407b4402de033ae8648ec321c850fe6105002cf1,f03e9b40548b237a49c65fc91de8d79034f2eebff1da0442b6af685a9adf95bd
controlled-relative-map-ridge-diagnostic,target-boston,osm-sionna-target-boston-bank-32,paired_null_alternative,768,21.58795420289448,29.385444489687057,0.0,csi-pairs-formal-v2.1-v6,060d8671380acaf43bd0beb2c77ac5c6ec112e4ddc083451ab36a5916b7c9cac,ce0d6de3d77ed6edde2c9eca5f7ce4ab92c262b63ce50b25113c1cffc8a3ca46,False,CANDIDATE_NOT_DOMAIN_EVIDENCE,c63b699ed767134007e47157a733f68e4c31de8be4ca0c30d71ec46a08b85621,9548a24a4faf5db17b5251df407b4402de033ae8648ec321c850fe6105002cf1,f03e9b40548b237a49c65fc91de8d79034f2eebff1da0442b6af685a9adf95bd
controlled-relative-map-ridge-diagnostic,target-boston,osm-sionna-target-boston-bank-32,wrong_city,768,38.222300072218516,46.89769830672592,16.810640758013378,csi-pairs-formal-v2.1-v6,060d8671380acaf43bd0beb2c77ac5c6ec112e4ddc083451ab36a5916b7c9cac,ce0d6de3d77ed6edde2c9eca5f7ce4ab92c262b63ce50b25113c1cffc8a3ca46,False,CANDIDATE_NOT_DOMAIN_EVIDENCE,c63b699ed767134007e47157a733f68e4c31de8be4ca0c30d71ec46a08b85621,9548a24a4faf5db17b5251df407b4402de033ae8648ec321c850fe6105002cf1,f03e9b40548b237a49c65fc91de8d79034f2eebff1da0442b6af685a9adf95bd
controlled-relative-map-ridge-diagnostic,target-boston,osm-sionna-target-boston-bank-33,correct,732,64.56816424096425,69.95842447113957,0.0,csi-pairs-formal-v2.1-v6,060d8671380acaf43bd0beb2c77ac5c6ec112e4ddc083451ab36a5916b7c9cac,ce0d6de3d77ed6edde2c9eca5f7ce4ab92c262b63ce50b25113c1cffc8a3ca46,False,CANDIDATE_NOT_DOMAIN_EVIDENCE,c63b699ed767134007e47157a733f68e4c31de8be4ca0c30d71ec46a08b85621,9548a24a4faf5db17b5251df407b4402de033ae8648ec321c850fe6105002cf1,f03e9b40548b237a49c65fc91de8d79034f2eebff1da0442b6af685a9adf95bd
controlled-relative-map-ridge-diagnostic,target-boston,osm-sionna-target-boston-bank-33,empty,732,120.53457742618019,122.22805933883866,55.83645456847274,csi-pairs-formal-v2.1-v6,060d8671380acaf43bd0beb2c77ac5c6ec112e4ddc083451ab36a5916b7c9cac,ce0d6de3d77ed6edde2c9eca5f7ce4ab92c262b63ce50b25113c1cffc8a3ca46,False,CANDIDATE_NOT_DOMAIN_EVIDENCE,c63b699ed767134007e47157a733f68e4c31de8be4ca0c30d71ec46a08b85621,9548a24a4faf5db17b5251df407b4402de033ae8648ec321c850fe6105002cf1,f03e9b40548b237a49c65fc91de8d79034f2eebff1da0442b6af685a9adf95bd
controlled-relative-map-ridge-diagnostic,target-boston,osm-sionna-target-boston-bank-33,geometry_destroyed,732,1210.31236321946,1218.134517788673,1146.2383555192382,csi-pairs-formal-v2.1-v6,060d8671380acaf43bd0beb2c77ac5c6ec112e4ddc083451ab36a5916b7c9cac,ce0d6de3d77ed6edde2c9eca5f7ce4ab92c262b63ce50b25113c1cffc8a3ca46,False,CANDIDATE_NOT_DOMAIN_EVIDENCE,c63b699ed767134007e47157a733f68e4c31de8be4ca0c30d71ec46a08b85621,9548a24a4faf5db17b5251df407b4402de033ae8648ec321c850fe6105002cf1,f03e9b40548b237a49c65fc91de8d79034f2eebff1da0442b6af685a9adf95bd
controlled-relative-map-ridge-diagnostic,target-boston,osm-sionna-target-boston-bank-33,paired_active_alternative,732,64.47682628456766,70.03562340404461,0.03890880840696198,csi-pairs-formal-v2.1-v6,060d8671380acaf43bd0beb2c77ac5c6ec112e4ddc083451ab36a5916b7c9cac,ce0d6de3d77ed6edde2c9eca5f7ce4ab92c262b63ce50b25113c1cffc8a3ca46,False,CANDIDATE_NOT_DOMAIN_EVIDENCE,c63b699ed767134007e47157a733f68e4c31de8be4ca0c30d71ec46a08b85621,9548a24a4faf5db17b5251df407b4402de033ae8648ec321c850fe6105002cf1,f03e9b40548b237a49c65fc91de8d79034f2eebff1da0442b6af685a9adf95bd
controlled-relative-map-ridge-diagnostic,target-boston,osm-sionna-target-boston-bank-33,paired_null_alternative,732,64.56816424096425,69.95842447113957,0.0,csi-pairs-formal-v2.1-v6,060d8671380acaf43bd0beb2c77ac5c6ec112e4ddc083451ab36a5916b7c9cac,ce0d6de3d77ed6edde2c9eca5f7ce4ab92c262b63ce50b25113c1cffc8a3ca46,False,CANDIDATE_NOT_DOMAIN_EVIDENCE,c63b699ed767134007e47157a733f68e4c31de8be4ca0c30d71ec46a08b85621,9548a24a4faf5db17b5251df407b4402de033ae8648ec321c850fe6105002cf1,f03e9b40548b237a49c65fc91de8d79034f2eebff1da0442b6af685a9adf95bd
controlled-relative-map-ridge-diagnostic,target-boston,osm-sionna-target-boston-bank-33,wrong_city,732,91.79478732222893,97.5082473045625,27.050881120828272,csi-pairs-formal-v2.1-v6,060d8671380acaf43bd0beb2c77ac5c6ec112e4ddc083451ab36a5916b7c9cac,ce0d6de3d77ed6edde2c9eca5f7ce4ab92c262b63ce50b25113c1cffc8a3ca46,False,CANDIDATE_NOT_DOMAIN_EVIDENCE,c63b699ed767134007e47157a733f68e4c31de8be4ca0c30d71ec46a08b85621,9548a24a4faf5db17b5251df407b4402de033ae8648ec321c850fe6105002cf1,f03e9b40548b237a49c65fc91de8d79034f2eebff1da0442b6af685a9adf95bd
controlled-relative-map-ridge-diagnostic,target-boston,osm-sionna-target-boston-bank-34,correct,768,17.188889133889496,25.205840449497906,0.0,csi-pairs-formal-v2.1-v6,060d8671380acaf43bd0beb2c77ac5c6ec112e4ddc083451ab36a5916b7c9cac,ce0d6de3d77ed6edde2c9eca5f7ce4ab92c262b63ce50b25113c1cffc8a3ca46,False,CANDIDATE_NOT_DOMAIN_EVIDENCE,c63b699ed767134007e47157a733f68e4c31de8be4ca0c30d71ec46a08b85621,9548a24a4faf5db17b5251df407b4402de033ae8648ec321c850fe6105002cf1,f03e9b40548b237a49c65fc91de8d79034f2eebff1da0442b6af685a9adf95bd
controlled-relative-map-ridge-diagnostic,target-boston,osm-sionna-target-boston-bank-34,empty,768,141.65556518695976,151.95224027056452,123.71892720058474,csi-pairs-formal-v2.1-v6,060d8671380acaf43bd0beb2c77ac5c6ec112e4ddc083451ab36a5916b7c9cac,ce0d6de3d77ed6edde2c9eca5f7ce4ab92c262b63ce50b25113c1cffc8a3ca46,False,CANDIDATE_NOT_DOMAIN_EVIDENCE,c63b699ed767134007e47157a733f68e4c31de8be4ca0c30d71ec46a08b85621,9548a24a4faf5db17b5251df407b4402de033ae8648ec321c850fe6105002cf1,f03e9b40548b237a49c65fc91de8d79034f2eebff1da0442b6af685a9adf95bd
controlled-relative-map-ridge-diagnostic,target-boston,osm-sionna-target-boston-bank-34,geometry_destroyed,768,486.73377051886075,496.1542644750937,469.62143704722325,csi-pairs-formal-v2.1-v6,060d8671380acaf43bd0beb2c77ac5c6ec112e4ddc083451ab36a5916b7c9cac,ce0d6de3d77ed6edde2c9eca5f7ce4ab92c262b63ce50b25113c1cffc8a3ca46,False,CANDIDATE_NOT_DOMAIN_EVIDENCE,c63b699ed767134007e47157a733f68e4c31de8be4ca0c30d71ec46a08b85621,9548a24a4faf5db17b5251df407b4402de033ae8648ec321c850fe6105002cf1,f03e9b40548b237a49c65fc91de8d79034f2eebff1da0442b6af685a9adf95bd
controlled-relative-map-ridge-diagnostic,target-boston,osm-sionna-target-boston-bank-34,paired_active_alternative,768,17.1850680617083,25.19656113923261,-0.0012337283444336933,csi-pairs-formal-v2.1-v6,060d8671380acaf43bd0beb2c77ac5c6ec112e4ddc083451ab36a5916b7c9cac,ce0d6de3d77ed6edde2c9eca5f7ce4ab92c262b63ce50b25113c1cffc8a3ca46,False,CANDIDATE_NOT_DOMAIN_EVIDENCE,c63b699ed767134007e47157a733f68e4c31de8be4ca0c30d71ec46a08b85621,9548a24a4faf5db17b5251df407b4402de033ae8648ec321c850fe6105002cf1,f03e9b40548b237a49c65fc91de8d79034f2eebff1da0442b6af685a9adf95bd
controlled-relative-map-ridge-diagnostic,target-boston,osm-sionna-target-boston-bank-34,paired_null_alternative,768,17.188889133889496,25.205840449497906,0.0,csi-pairs-formal-v2.1-v6,060d8671380acaf43bd0beb2c77ac5c6ec112e4ddc083451ab36a5916b7c9cac,ce0d6de3d77ed6edde2c9eca5f7ce4ab92c262b63ce50b25113c1cffc8a3ca46,False,CANDIDATE_NOT_DOMAIN_EVIDENCE,c63b699ed767134007e47157a733f68e4c31de8be4ca0c30d71ec46a08b85621,9548a24a4faf5db17b5251df407b4402de033ae8648ec321c850fe6105002cf1,f03e9b40548b237a49c65fc91de8d79034f2eebff1da0442b6af685a9adf95bd
controlled-relative-map-ridge-diagnostic,target-boston,osm-sionna-target-boston-bank-34,wrong_city,768,11.661761418839152,19.375970073938188,-5.677495368603383,csi-pairs-formal-v2.1-v6,060d8671380acaf43bd0beb2c77ac5c6ec112e4ddc083451ab36a5916b7c9cac,ce0d6de3d77ed6edde2c9eca5f7ce4ab92c262b63ce50b25113c1cffc8a3ca46,False,CANDIDATE_NOT_DOMAIN_EVIDENCE,c63b699ed767134007e47157a733f68e4c31de8be4ca0c30d71ec46a08b85621,9548a24a4faf5db17b5251df407b4402de033ae8648ec321c850fe6105002cf1,f03e9b40548b237a49c65fc91de8d79034f2eebff1da0442b6af685a9adf95bd
controlled-relative-map-ridge-diagnostic,target-boston,osm-sionna-target-boston-bank-35,correct,784,54.36232020060547,62.48159294334176,0.0,csi-pairs-formal-v2.1-v6,060d8671380acaf43bd0beb2c77ac5c6ec112e4ddc083451ab36a5916b7c9cac,ce0d6de3d77ed6edde2c9eca5f7ce4ab92c262b63ce50b25113c1cffc8a3ca46,False,CANDIDATE_NOT_DOMAIN_EVIDENCE,c63b699ed767134007e47157a733f68e4c31de8be4ca0c30d71ec46a08b85621,9548a24a4faf5db17b5251df407b4402de033ae8648ec321c850fe6105002cf1,f03e9b40548b237a49c65fc91de8d79034f2eebff1da0442b6af685a9adf95bd
controlled-relative-map-ridge-diagnostic,target-boston,osm-sionna-target-boston-bank-35,empty,784,152.57125812803199,157.872274238258,98.56065250883958,csi-pairs-formal-v2.1-v6,060d8671380acaf43bd0beb2c77ac5c6ec112e4ddc083451ab36a5916b7c9cac,ce0d6de3d77ed6edde2c9eca5f7ce4ab92c262b63ce50b25113c1cffc8a3ca46,False,CANDIDATE_NOT_DOMAIN_EVIDENCE,c63b699ed767134007e47157a733f68e4c31de8be4ca0c30d71ec46a08b85621,9548a24a4faf5db17b5251df407b4402de033ae8648ec321c850fe6105002cf1,f03e9b40548b237a49c65fc91de8d79034f2eebff1da0442b6af685a9adf95bd
controlled-relative-map-ridge-diagnostic,target-boston,osm-sionna-target-boston-bank-35,geometry_destroyed,784,567.9233856616352,576.74350878368,513.7639494636,csi-pairs-formal-v2.1-v6,060d8671380acaf43bd0beb2c77ac5c6ec112e4ddc083451ab36a5916b7c9cac,ce0d6de3d77ed6edde2c9eca5f7ce4ab92c262b63ce50b25113c1cffc8a3ca46,False,CANDIDATE_NOT_DOMAIN_EVIDENCE,c63b699ed767134007e47157a733f68e4c31de8be4ca0c30d71ec46a08b85621,9548a24a4faf5db17b5251df407b4402de033ae8648ec321c850fe6105002cf1,f03e9b40548b237a49c65fc91de8d79034f2eebff1da0442b6af685a9adf95bd
controlled-relative-map-ridge-diagnostic,target-boston,osm-sionna-target-boston-bank-35,paired_active_alternative,784,54.389602532304885,62.8720814079854,0.00017896100997205622,csi-pairs-formal-v2.1-v6,060d8671380acaf43bd0beb2c77ac5c6ec112e4ddc083451ab36a5916b7c9cac,ce0d6de3d77ed6edde2c9eca5f7ce4ab92c262b63ce50b25113c1cffc8a3ca46,False,CANDIDATE_NOT_DOMAIN_EVIDENCE,c63b699ed767134007e47157a733f68e4c31de8be4ca0c30d71ec46a08b85621,9548a24a4faf5db17b5251df407b4402de033ae8648ec321c850fe6105002cf1,f03e9b40548b237a49c65fc91de8d79034f2eebff1da0442b6af685a9adf95bd
controlled-relative-map-ridge-diagnostic,target-boston,osm-sionna-target-boston-bank-35,paired_null_alternative,784,54.36232020060547,62.48159294334176,0.0,csi-pairs-formal-v2.1-v6,060d8671380acaf43bd0beb2c77ac5c6ec112e4ddc083451ab36a5916b7c9cac,ce0d6de3d77ed6edde2c9eca5f7ce4ab92c262b63ce50b25113c1cffc8a3ca46,False,CANDIDATE_NOT_DOMAIN_EVIDENCE,c63b699ed767134007e47157a733f68e4c31de8be4ca0c30d71ec46a08b85621,9548a24a4faf5db17b5251df407b4402de033ae8648ec321c850fe6105002cf1,f03e9b40548b237a49c65fc91de8d79034f2eebff1da0442b6af685a9adf95bd
controlled-relative-map-ridge-diagnostic,target-boston,osm-sionna-target-boston-bank-35,wrong_city,784,8.250551447807112,14.98383188750507,-46.325805736438454,csi-pairs-formal-v2.1-v6,060d8671380acaf43bd0beb2c77ac5c6ec112e4ddc083451ab36a5916b7c9cac,ce0d6de3d77ed6edde2c9eca5f7ce4ab92c262b63ce50b25113c1cffc8a3ca46,False,CANDIDATE_NOT_DOMAIN_EVIDENCE,c63b699ed767134007e47157a733f68e4c31de8be4ca0c30d71ec46a08b85621,9548a24a4faf5db17b5251df407b4402de033ae8648ec321c850fe6105002cf1,f03e9b40548b237a49c65fc91de8d79034f2eebff1da0442b6af685a9adf95bd
controlled-relative-map-ridge-diagnostic,target-boston,osm-sionna-target-boston-bank-36,correct,784,83.86390322714111,89.32282702515855,0.0,csi-pairs-formal-v2.1-v6,060d8671380acaf43bd0beb2c77ac5c6ec112e4ddc083451ab36a5916b7c9cac,ce0d6de3d77ed6edde2c9eca5f7ce4ab92c262b63ce50b25113c1cffc8a3ca46,False,CANDIDATE_NOT_DOMAIN_EVIDENCE,c63b699ed767134007e47157a733f68e4c31de8be4ca0c30d71ec46a08b85621,9548a24a4faf5db17b5251df407b4402de033ae8648ec321c850fe6105002cf1,f03e9b40548b237a49c65fc91de8d79034f2eebff1da0442b6af685a9adf95bd
controlled-relative-map-ridge-diagnostic,target-boston,osm-sionna-target-boston-bank-36,empty,784,149.45120732627998,153.6481512750287,66.10898587934341,csi-pairs-formal-v2.1-v6,060d8671380acaf43bd0beb2c77ac5c6ec112e4ddc083451ab36a5916b7c9cac,ce0d6de3d77ed6edde2c9eca5f7ce4ab92c262b63ce50b25113c1cffc8a3ca46,False,CANDIDATE_NOT_DOMAIN_EVIDENCE,c63b699ed767134007e47157a733f68e4c31de8be4ca0c30d71ec46a08b85621,9548a24a4faf5db17b5251df407b4402de033ae8648ec321c850fe6105002cf1,f03e9b40548b237a49c65fc91de8d79034f2eebff1da0442b6af685a9adf95bd
controlled-relative-map-ridge-diagnostic,target-boston,osm-sionna-target-boston-bank-36,geometry_destroyed,784,487.656810448279,499.3440620356914,403.5954417632406,csi-pairs-formal-v2.1-v6,060d8671380acaf43bd0beb2c77ac5c6ec112e4ddc083451ab36a5916b7c9cac,ce0d6de3d77ed6edde2c9eca5f7ce4ab92c262b63ce50b25113c1cffc8a3ca46,False,CANDIDATE_NOT_DOMAIN_EVIDENCE,c63b699ed767134007e47157a733f68e4c31de8be4ca0c30d71ec46a08b85621,9548a24a4faf5db17b5251df407b4402de033ae8648ec321c850fe6105002cf1,f03e9b40548b237a49c65fc91de8d79034f2eebff1da0442b6af685a9adf95bd
controlled-relative-map-ridge-diagnostic,target-boston,osm-sionna-target-boston-bank-36,paired_active_alternative,784,83.8052549222524,89.26315636305883,0.13460846452026232,csi-pairs-formal-v2.1-v6,060d8671380acaf43bd0beb2c77ac5c6ec112e4ddc083451ab36a5916b7c9cac,ce0d6de3d77ed6edde2c9eca5f7ce4ab92c262b63ce50b25113c1cffc8a3ca46,False,CANDIDATE_NOT_DOMAIN_EVIDENCE,c63b699ed767134007e47157a733f68e4c31de8be4ca0c30d71ec46a08b85621,9548a24a4faf5db17b5251df407b4402de033ae8648ec321c850fe6105002cf1,f03e9b40548b237a49c65fc91de8d79034f2eebff1da0442b6af685a9adf95bd
controlled-relative-map-ridge-diagnostic,target-boston,osm-sionna-target-boston-bank-36,paired_null_alternative,784,83.86390322714111,89.32282702515855,0.0,csi-pairs-formal-v2.1-v6,060d8671380acaf43bd0beb2c77ac5c6ec112e4ddc083451ab36a5916b7c9cac,ce0d6de3d77ed6edde2c9eca5f7ce4ab92c262b63ce50b25113c1cffc8a3ca46,False,CANDIDATE_NOT_DOMAIN_EVIDENCE,c63b699ed767134007e47157a733f68e4c31de8be4ca0c30d71ec46a08b85621,9548a24a4faf5db17b5251df407b4402de033ae8648ec321c850fe6105002cf1,f03e9b40548b237a49c65fc91de8d79034f2eebff1da0442b6af685a9adf95bd
controlled-relative-map-ridge-diagnostic,target-boston,osm-sionna-target-boston-bank-36,wrong_city,784,6.437179789284928,10.251673432268971,-80.03822215220003,csi-pairs-formal-v2.1-v6,060d8671380acaf43bd0beb2c77ac5c6ec112e4ddc083451ab36a5916b7c9cac,ce0d6de3d77ed6edde2c9eca5f7ce4ab92c262b63ce50b25113c1cffc8a3ca46,False,CANDIDATE_NOT_DOMAIN_EVIDENCE,c63b699ed767134007e47157a733f68e4c31de8be4ca0c30d71ec46a08b85621,9548a24a4faf5db17b5251df407b4402de033ae8648ec321c850fe6105002cf1,f03e9b40548b237a49c65fc91de8d79034f2eebff1da0442b6af685a9adf95bd
controlled-relative-map-ridge-diagnostic,target-boston,osm-sionna-target-boston-bank-37,correct,720,78.82944191085997,87.34021540773294,0.0,csi-pairs-formal-v2.1-v6,060d8671380acaf43bd0beb2c77ac5c6ec112e4ddc083451ab36a5916b7c9cac,ce0d6de3d77ed6edde2c9eca5f7ce4ab92c262b63ce50b25113c1cffc8a3ca46,False,CANDIDATE_NOT_DOMAIN_EVIDENCE,c63b699ed767134007e47157a733f68e4c31de8be4ca0c30d71ec46a08b85621,9548a24a4faf5db17b5251df407b4402de033ae8648ec321c850fe6105002cf1,f03e9b40548b237a49c65fc91de8d79034f2eebff1da0442b6af685a9adf95bd
controlled-relative-map-ridge-diagnostic,target-boston,osm-sionna-target-boston-bank-37,empty,720,147.81166507920062,157.55161238203334,68.62982125646914,csi-pairs-formal-v2.1-v6,060d8671380acaf43bd0beb2c77ac5c6ec112e4ddc083451ab36a5916b7c9cac,ce0d6de3d77ed6edde2c9eca5f7ce4ab92c262b63ce50b25113c1cffc8a3ca46,False,CANDIDATE_NOT_DOMAIN_EVIDENCE,c63b699ed767134007e47157a733f68e4c31de8be4ca0c30d71ec46a08b85621,9548a24a4faf5db17b5251df407b4402de033ae8648ec321c850fe6105002cf1,f03e9b40548b237a49c65fc91de8d79034f2eebff1da0442b6af685a9adf95bd
controlled-relative-map-ridge-diagnostic,target-boston,osm-sionna-target-boston-bank-37,geometry_destroyed,720,858.9939736206392,869.010006409571,780.9056181444859,csi-pairs-formal-v2.1-v6,060d8671380acaf43bd0beb2c77ac5c6ec112e4ddc083451ab36a5916b7c9cac,ce0d6de3d77ed6edde2c9eca5f7ce4ab92c262b63ce50b25113c1cffc8a3ca46,False,CANDIDATE_NOT_DOMAIN_EVIDENCE,c63b699ed767134007e47157a733f68e4c31de8be4ca0c30d71ec46a08b85621,9548a24a4faf5db17b5251df407b4402de033ae8648ec321c850fe6105002cf1,f03e9b40548b237a49c65fc91de8d79034f2eebff1da0442b6af685a9adf95bd
controlled-relative-map-ridge-diagnostic,target-boston,osm-sionna-target-boston-bank-37,paired_active_alternative,720,78.85052942336236,87.39222501585456,-0.0001685299852383082,csi-pairs-formal-v2.1-v6,060d8671380acaf43bd0beb2c77ac5c6ec112e4ddc083451ab36a5916b7c9cac,ce0d6de3d77ed6edde2c9eca5f7ce4ab92c262b63ce50b25113c1cffc8a3ca46,False,CANDIDATE_NOT_DOMAIN_EVIDENCE,c63b699ed767134007e47157a733f68e4c31de8be4ca0c30d71ec46a08b85621,9548a24a4faf5db17b5251df407b4402de033ae8648ec321c850fe6105002cf1,f03e9b40548b237a49c65fc91de8d79034f2eebff1da0442b6af685a9adf95bd
controlled-relative-map-ridge-diagnostic,target-boston,osm-sionna-target-boston-bank-37,paired_null_alternative,720,78.82944191085997,87.34021540773294,0.0,csi-pairs-formal-v2.1-v6,060d8671380acaf43bd0beb2c77ac5c6ec112e4ddc083451ab36a5916b7c9cac,ce0d6de3d77ed6edde2c9eca5f7ce4ab92c262b63ce50b25113c1cffc8a3ca46,False,CANDIDATE_NOT_DOMAIN_EVIDENCE,c63b699ed767134007e47157a733f68e4c31de8be4ca0c30d71ec46a08b85621,9548a24a4faf5db17b5251df407b4402de033ae8648ec321c850fe6105002cf1,f03e9b40548b237a49c65fc91de8d79034f2eebff1da0442b6af685a9adf95bd
controlled-relative-map-ridge-diagnostic,target-boston,osm-sionna-target-boston-bank-37,wrong_city,720,5.3636725251335395,14.657413153988522,-76.14635173028046,csi-pairs-formal-v2.1-v6,060d8671380acaf43bd0beb2c77ac5c6ec112e4ddc083451ab36a5916b7c9cac,ce0d6de3d77ed6edde2c9eca5f7ce4ab92c262b63ce50b25113c1cffc8a3ca46,False,CANDIDATE_NOT_DOMAIN_EVIDENCE,c63b699ed767134007e47157a733f68e4c31de8be4ca0c30d71ec46a08b85621,9548a24a4faf5db17b5251df407b4402de033ae8648ec321c850fe6105002cf1,f03e9b40548b237a49c65fc91de8d79034f2eebff1da0442b6af685a9adf95bd
controlled-relative-map-ridge-diagnostic,target-boston,osm-sionna-target-boston-bank-38,correct,864,128.71651807516398,132.1207879250339,0.0,csi-pairs-formal-v2.1-v6,060d8671380acaf43bd0beb2c77ac5c6ec112e4ddc083451ab36a5916b7c9cac,ce0d6de3d77ed6edde2c9eca5f7ce4ab92c262b63ce50b25113c1cffc8a3ca46,False,CANDIDATE_NOT_DOMAIN_EVIDENCE,c63b699ed767134007e47157a733f68e4c31de8be4ca0c30d71ec46a08b85621,9548a24a4faf5db17b5251df407b4402de033ae8648ec321c850fe6105002cf1,f03e9b40548b237a49c65fc91de8d79034f2eebff1da0442b6af685a9adf95bd
controlled-relative-map-ridge-diagnostic,target-boston,osm-sionna-target-boston-bank-38,empty,864,122.88582609265106,126.14670157924238,-5.429091552770927,csi-pairs-formal-v2.1-v6,060d8671380acaf43bd0beb2c77ac5c6ec112e4ddc083451ab36a5916b7c9cac,ce0d6de3d77ed6edde2c9eca5f7ce4ab92c262b63ce50b25113c1cffc8a3ca46,False,CANDIDATE_NOT_DOMAIN_EVIDENCE,c63b699ed767134007e47157a733f68e4c31de8be4ca0c30d71ec46a08b85621,9548a24a4faf5db17b5251df407b4402de033ae8648ec321c850fe6105002cf1,f03e9b40548b237a49c65fc91de8d79034f2eebff1da0442b6af685a9adf95bd
controlled-relative-map-ridge-diagnostic,target-boston,osm-sionna-target-boston-bank-38,geometry_destroyed,864,546.0458188570756,551.0733806280823,417.6430242625935,csi-pairs-formal-v2.1-v6,060d8671380acaf43bd0beb2c77ac5c6ec112e4ddc083451ab36a5916b7c9cac,ce0d6de3d77ed6edde2c9eca5f7ce4ab92c262b63ce50b25113c1cffc8a3ca46,False,CANDIDATE_NOT_DOMAIN_EVIDENCE,c63b699ed767134007e47157a733f68e4c31de8be4ca0c30d71ec46a08b85621,9548a24a4faf5db17b5251df407b4402de033ae8648ec321c850fe6105002cf1,f03e9b40548b237a49c65fc91de8d79034f2eebff1da0442b6af685a9adf95bd
controlled-relative-map-ridge-diagnostic,target-boston,osm-sionna-target-boston-bank-38,paired_active_alternative,864,128.72643700615876,132.17527345170137,0.21556826731946188,csi-pairs-formal-v2.1-v6,060d8671380acaf43bd0beb2c77ac5c6ec112e4ddc083451ab36a5916b7c9cac,ce0d6de3d77ed6edde2c9eca5f7ce4ab92c262b63ce50b25113c1cffc8a3ca46,False,CANDIDATE_NOT_DOMAIN_EVIDENCE,c63b699ed767134007e47157a733f68e4c31de8be4ca0c30d71ec46a08b85621,9548a24a4faf5db17b5251df407b4402de033ae8648ec321c850fe6105002cf1,f03e9b40548b237a49c65fc91de8d79034f2eebff1da0442b6af685a9adf95bd
controlled-relative-map-ridge-diagnostic,target-boston,osm-sionna-target-boston-bank-38,paired_null_alternative,864,128.71651807516398,132.1207879250339,0.0,csi-pairs-formal-v2.1-v6,060d8671380acaf43bd0beb2c77ac5c6ec112e4ddc083451ab36a5916b7c9cac,ce0d6de3d77ed6edde2c9eca5f7ce4ab92c262b63ce50b25113c1cffc8a3ca46,False,CANDIDATE_NOT_DOMAIN_EVIDENCE,c63b699ed767134007e47157a733f68e4c31de8be4ca0c30d71ec46a08b85621,9548a24a4faf5db17b5251df407b4402de033ae8648ec321c850fe6105002cf1,f03e9b40548b237a49c65fc91de8d79034f2eebff1da0442b6af685a9adf95bd
controlled-relative-map-ridge-diagnostic,target-boston,osm-sionna-target-boston-bank-38,wrong_city,864,64.24964805525937,67.4373098396143,-64.55254476685741,csi-pairs-formal-v2.1-v6,060d8671380acaf43bd0beb2c77ac5c6ec112e4ddc083451ab36a5916b7c9cac,ce0d6de3d77ed6edde2c9eca5f7ce4ab92c262b63ce50b25113c1cffc8a3ca46,False,CANDIDATE_NOT_DOMAIN_EVIDENCE,c63b699ed767134007e47157a733f68e4c31de8be4ca0c30d71ec46a08b85621,9548a24a4faf5db17b5251df407b4402de033ae8648ec321c850fe6105002cf1,f03e9b40548b237a49c65fc91de8d79034f2eebff1da0442b6af685a9adf95bd
controlled-relative-map-ridge-diagnostic,target-boston,osm-sionna-target-boston-bank-39,correct,864,43.187741431438496,61.15396203824509,0.0,csi-pairs-formal-v2.1-v6,060d8671380acaf43bd0beb2c77ac5c6ec112e4ddc083451ab36a5916b7c9cac,ce0d6de3d77ed6edde2c9eca5f7ce4ab92c262b63ce50b25113c1cffc8a3ca46,False,CANDIDATE_NOT_DOMAIN_EVIDENCE,c63b699ed767134007e47157a733f68e4c31de8be4ca0c30d71ec46a08b85621,9548a24a4faf5db17b5251df407b4402de033ae8648ec321c850fe6105002cf1,f03e9b40548b237a49c65fc91de8d79034f2eebff1da0442b6af685a9adf95bd
controlled-relative-map-ridge-diagnostic,target-boston,osm-sionna-target-boston-bank-39,empty,864,155.39278480486684,160.20038810920687,112.23678195545703,csi-pairs-formal-v2.1-v6,060d8671380acaf43bd0beb2c77ac5c6ec112e4ddc083451ab36a5916b7c9cac,ce0d6de3d77ed6edde2c9eca5f7ce4ab92c262b63ce50b25113c1cffc8a3ca46,False,CANDIDATE_NOT_DOMAIN_EVIDENCE,c63b699ed767134007e47157a733f68e4c31de8be4ca0c30d71ec46a08b85621,9548a24a4faf5db17b5251df407b4402de033ae8648ec321c850fe6105002cf1,f03e9b40548b237a49c65fc91de8d79034f2eebff1da0442b6af685a9adf95bd
controlled-relative-map-ridge-diagnostic,target-boston,osm-sionna-target-boston-bank-39,geometry_destroyed,864,940.8707519471504,957.2222436192536,897.220397824306,csi-pairs-formal-v2.1-v6,060d8671380acaf43bd0beb2c77ac5c6ec112e4ddc083451ab36a5916b7c9cac,ce0d6de3d77ed6edde2c9eca5f7ce4ab92c262b63ce50b25113c1cffc8a3ca46,False,CANDIDATE_NOT_DOMAIN_EVIDENCE,c63b699ed767134007e47157a733f68e4c31de8be4ca0c30d71ec46a08b85621,9548a24a4faf5db17b5251df407b4402de033ae8648ec321c850fe6105002cf1,f03e9b40548b237a49c65fc91de8d79034f2eebff1da0442b6af685a9adf95bd
controlled-relative-map-ridge-diagnostic,target-boston,osm-sionna-target-boston-bank-39,paired_active_alternative,864,43.22129865454271,61.26550949764788,0.0013412543509865316,csi-pairs-formal-v2.1-v6,060d8671380acaf43bd0beb2c77ac5c6ec112e4ddc083451ab36a5916b7c9cac,ce0d6de3d77ed6edde2c9eca5f7ce4ab92c262b63ce50b25113c1cffc8a3ca46,False,CANDIDATE_NOT_DOMAIN_EVIDENCE,c63b699ed767134007e47157a733f68e4c31de8be4ca0c30d71ec46a08b85621,9548a24a4faf5db17b5251df407b4402de033ae8648ec321c850fe6105002cf1,f03e9b40548b237a49c65fc91de8d79034f2eebff1da0442b6af685a9adf95bd
controlled-relative-map-ridge-diagnostic,target-boston,osm-sionna-target-boston-bank-39,paired_null_alternative,864,43.187741431438496,61.15396203824509,0.0,csi-pairs-formal-v2.1-v6,060d8671380acaf43bd0beb2c77ac5c6ec112e4ddc083451ab36a5916b7c9cac,ce0d6de3d77ed6edde2c9eca5f7ce4ab92c262b63ce50b25113c1cffc8a3ca46,False,CANDIDATE_NOT_DOMAIN_EVIDENCE,c63b699ed767134007e47157a733f68e4c31de8be4ca0c30d71ec46a08b85621,9548a24a4faf5db17b5251df407b4402de033ae8648ec321c850fe6105002cf1,f03e9b40548b237a49c65fc91de8d79034f2eebff1da0442b6af685a9adf95bd
controlled-relative-map-ridge-diagnostic,target-boston,osm-sionna-target-boston-bank-39,wrong_city,864,11.09016321522368,18.477867466916855,-32.762517536533,csi-pairs-formal-v2.1-v6,060d8671380acaf43bd0beb2c77ac5c6ec112e4ddc083451ab36a5916b7c9cac,ce0d6de3d77ed6edde2c9eca5f7ce4ab92c262b63ce50b25113c1cffc8a3ca46,False,CANDIDATE_NOT_DOMAIN_EVIDENCE,c63b699ed767134007e47157a733f68e4c31de8be4ca0c30d71ec46a08b85621,9548a24a4faf5db17b5251df407b4402de033ae8648ec321c850fe6105002cf1,f03e9b40548b237a49c65fc91de8d79034f2eebff1da0442b6af685a9adf95bd
controlled-relative-map-ridge-diagnostic,target-boston,osm-sionna-target-boston-bank-40,correct,832,101.52557081389403,108.858325838721,0.0,csi-pairs-formal-v2.1-v6,060d8671380acaf43bd0beb2c77ac5c6ec112e4ddc083451ab36a5916b7c9cac,ce0d6de3d77ed6edde2c9eca5f7ce4ab92c262b63ce50b25113c1cffc8a3ca46,False,CANDIDATE_NOT_DOMAIN_EVIDENCE,c63b699ed767134007e47157a733f68e4c31de8be4ca0c30d71ec46a08b85621,9548a24a4faf5db17b5251df407b4402de033ae8648ec321c850fe6105002cf1,f03e9b40548b237a49c65fc91de8d79034f2eebff1da0442b6af685a9adf95bd
controlled-relative-map-ridge-diagnostic,target-boston,osm-sionna-target-boston-bank-40,empty,832,120.77345925456262,122.57566456331234,19.218533341572844,csi-pairs-formal-v2.1-v6,060d8671380acaf43bd0beb2c77ac5c6ec112e4ddc083451ab36a5916b7c9cac,ce0d6de3d77ed6edde2c9eca5f7ce4ab92c262b63ce50b25113c1cffc8a3ca46,False,CANDIDATE_NOT_DOMAIN_EVIDENCE,c63b699ed767134007e47157a733f68e4c31de8be4ca0c30d71ec46a08b85621,9548a24a4faf5db17b5251df407b4402de033ae8648ec321c850fe6105002cf1,f03e9b40548b237a49c65fc91de8d79034f2eebff1da0442b6af685a9adf95bd
controlled-relative-map-ridge-diagnostic,target-boston,osm-sionna-target-boston-bank-40,geometry_destroyed,832,949.5526283331128,958.1857524256711,848.0192756855938,csi-pairs-formal-v2.1-v6,060d8671380acaf43bd0beb2c77ac5c6ec112e4ddc083451ab36a5916b7c9cac,ce0d6de3d77ed6edde2c9eca5f7ce4ab92c262b63ce50b25113c1cffc8a3ca46,False,CANDIDATE_NOT_DOMAIN_EVIDENCE,c63b699ed767134007e47157a733f68e4c31de8be4ca0c30d71ec46a08b85621,9548a24a4faf5db17b5251df407b4402de033ae8648ec321c850fe6105002cf1,f03e9b40548b237a49c65fc91de8d79034f2eebff1da0442b6af685a9adf95bd
controlled-relative-map-ridge-diagnostic,target-boston,osm-sionna-target-boston-bank-40,paired_active_alternative,832,101.51330519910388,108.85397042370805,-1.8366895133681282e-05,csi-pairs-formal-v2.1-v6,060d8671380acaf43bd0beb2c77ac5c6ec112e4ddc083451ab36a5916b7c9cac,ce0d6de3d77ed6edde2c9eca5f7ce4ab92c262b63ce50b25113c1cffc8a3ca46,False,CANDIDATE_NOT_DOMAIN_EVIDENCE,c63b699ed767134007e47157a733f68e4c31de8be4ca0c30d71ec46a08b85621,9548a24a4faf5db17b5251df407b4402de033ae8648ec321c850fe6105002cf1,f03e9b40548b237a49c65fc91de8d79034f2eebff1da0442b6af685a9adf95bd
controlled-relative-map-ridge-diagnostic,target-boston,osm-sionna-target-boston-bank-40,paired_null_alternative,832,101.52557081389403,108.858325838721,0.0,csi-pairs-formal-v2.1-v6,060d8671380acaf43bd0beb2c77ac5c6ec112e4ddc083451ab36a5916b7c9cac,ce0d6de3d77ed6edde2c9eca5f7ce4ab92c262b63ce50b25113c1cffc8a3ca46,False,CANDIDATE_NOT_DOMAIN_EVIDENCE,c63b699ed767134007e47157a733f68e4c31de8be4ca0c30d71ec46a08b85621,9548a24a4faf5db17b5251df407b4402de033ae8648ec321c850fe6105002cf1,f03e9b40548b237a49c65fc91de8d79034f2eebff1da0442b6af685a9adf95bd
controlled-relative-map-ridge-diagnostic,target-boston,osm-sionna-target-boston-bank-40,wrong_city,832,96.37271215108854,104.33180501404179,-5.098371309292659,csi-pairs-formal-v2.1-v6,060d8671380acaf43bd0beb2c77ac5c6ec112e4ddc083451ab36a5916b7c9cac,ce0d6de3d77ed6edde2c9eca5f7ce4ab92c262b63ce50b25113c1cffc8a3ca46,False,CANDIDATE_NOT_DOMAIN_EVIDENCE,c63b699ed767134007e47157a733f68e4c31de8be4ca0c30d71ec46a08b85621,9548a24a4faf5db17b5251df407b4402de033ae8648ec321c850fe6105002cf1,f03e9b40548b237a49c65fc91de8d79034f2eebff1da0442b6af685a9adf95bd
controlled-relative-map-ridge-diagnostic,target-seattle,osm-sionna-target-seattle-bank-00,correct,720,112.61790217595652,128.33412509642855,0.0,csi-pairs-formal-v2.1-v6,060d8671380acaf43bd0beb2c77ac5c6ec112e4ddc083451ab36a5916b7c9cac,ce0d6de3d77ed6edde2c9eca5f7ce4ab92c262b63ce50b25113c1cffc8a3ca46,False,CANDIDATE_NOT_DOMAIN_EVIDENCE,c63b699ed767134007e47157a733f68e4c31de8be4ca0c30d71ec46a08b85621,9548a24a4faf5db17b5251df407b4402de033ae8648ec321c850fe6105002cf1,f03e9b40548b237a49c65fc91de8d79034f2eebff1da0442b6af685a9adf95bd
controlled-relative-map-ridge-diagnostic,target-seattle,osm-sionna-target-seattle-bank-00,empty,720,120.7035587458123,122.51841456419979,7.667469391919745,csi-pairs-formal-v2.1-v6,060d8671380acaf43bd0beb2c77ac5c6ec112e4ddc083451ab36a5916b7c9cac,ce0d6de3d77ed6edde2c9eca5f7ce4ab92c262b63ce50b25113c1cffc8a3ca46,False,CANDIDATE_NOT_DOMAIN_EVIDENCE,c63b699ed767134007e47157a733f68e4c31de8be4ca0c30d71ec46a08b85621,9548a24a4faf5db17b5251df407b4402de033ae8648ec321c850fe6105002cf1,f03e9b40548b237a49c65fc91de8d79034f2eebff1da0442b6af685a9adf95bd
controlled-relative-map-ridge-diagnostic,target-seattle,osm-sionna-target-seattle-bank-00,geometry_destroyed,720,180.95702637334313,196.0330035798166,67.69966508902337,csi-pairs-formal-v2.1-v6,060d8671380acaf43bd0beb2c77ac5c6ec112e4ddc083451ab36a5916b7c9cac,ce0d6de3d77ed6edde2c9eca5f7ce4ab92c262b63ce50b25113c1cffc8a3ca46,False,CANDIDATE_NOT_DOMAIN_EVIDENCE,c63b699ed767134007e47157a733f68e4c31de8be4ca0c30d71ec46a08b85621,9548a24a4faf5db17b5251df407b4402de033ae8648ec321c850fe6105002cf1,f03e9b40548b237a49c65fc91de8d79034f2eebff1da0442b6af685a9adf95bd
controlled-relative-map-ridge-diagnostic,target-seattle,osm-sionna-target-seattle-bank-00,paired_active_alternative,720,112.68005409292954,128.5898415863036,-5.132272838892504e-05,csi-pairs-formal-v2.1-v6,060d8671380acaf43bd0beb2c77ac5c6ec112e4ddc083451ab36a5916b7c9cac,ce0d6de3d77ed6edde2c9eca5f7ce4ab92c262b63ce50b25113c1cffc8a3ca46,False,CANDIDATE_NOT_DOMAIN_EVIDENCE,c63b699ed767134007e47157a733f68e4c31de8be4ca0c30d71ec46a08b85621,9548a24a4faf5db17b5251df407b4402de033ae8648ec321c850fe6105002cf1,f03e9b40548b237a49c65fc91de8d79034f2eebff1da0442b6af685a9adf95bd
controlled-relative-map-ridge-diagnostic,target-seattle,osm-sionna-target-seattle-bank-00,paired_null_alternative,720,112.61790217595652,128.33412509642855,0.0,csi-pairs-formal-v2.1-v6,060d8671380acaf43bd0beb2c77ac5c6ec112e4ddc083451ab36a5916b7c9cac,ce0d6de3d77ed6edde2c9eca5f7ce4ab92c262b63ce50b25113c1cffc8a3ca46,False,CANDIDATE_NOT_DOMAIN_EVIDENCE,c63b699ed767134007e47157a733f68e4c31de8be4ca0c30d71ec46a08b85621,9548a24a4faf5db17b5251df407b4402de033ae8648ec321c850fe6105002cf1,f03e9b40548b237a49c65fc91de8d79034f2eebff1da0442b6af685a9adf95bd
controlled-relative-map-ridge-diagnostic,target-seattle,osm-sionna-target-seattle-bank-00,wrong_city,720,74.32469457412896,90.35575295137855,-38.04496403493238,csi-pairs-formal-v2.1-v6,060d8671380acaf43bd0beb2c77ac5c6ec112e4ddc083451ab36a5916b7c9cac,ce0d6de3d77ed6edde2c9eca5f7ce4ab92c262b63ce50b25113c1cffc8a3ca46,False,CANDIDATE_NOT_DOMAIN_EVIDENCE,c63b699ed767134007e47157a733f68e4c31de8be4ca0c30d71ec46a08b85621,9548a24a4faf5db17b5251df407b4402de033ae8648ec321c850fe6105002cf1,f03e9b40548b237a49c65fc91de8d79034f2eebff1da0442b6af685a9adf95bd
controlled-relative-map-ridge-diagnostic,target-seattle,osm-sionna-target-seattle-bank-01,correct,736,71.05633644113554,90.1348728002919,0.0,csi-pairs-formal-v2.1-v6,060d8671380acaf43bd0beb2c77ac5c6ec112e4ddc083451ab36a5916b7c9cac,ce0d6de3d77ed6edde2c9eca5f7ce4ab92c262b63ce50b25113c1cffc8a3ca46,False,CANDIDATE_NOT_DOMAIN_EVIDENCE,c63b699ed767134007e47157a733f68e4c31de8be4ca0c30d71ec46a08b85621,9548a24a4faf5db17b5251df407b4402de033ae8648ec321c850fe6105002cf1,f03e9b40548b237a49c65fc91de8d79034f2eebff1da0442b6af685a9adf95bd
controlled-relative-map-ridge-diagnostic,target-seattle,osm-sionna-target-seattle-bank-01,empty,736,127.33397534023143,136.05586877109403,56.29101235353258,csi-pairs-formal-v2.1-v6,060d8671380acaf43bd0beb2c77ac5c6ec112e4ddc083451ab36a5916b7c9cac,ce0d6de3d77ed6edde2c9eca5f7ce4ab92c262b63ce50b25113c1cffc8a3ca46,False,CANDIDATE_NOT_DOMAIN_EVIDENCE,c63b699ed767134007e47157a733f68e4c31de8be4ca0c30d71ec46a08b85621,9548a24a4faf5db17b5251df407b4402de033ae8648ec321c850fe6105002cf1,f03e9b40548b237a49c65fc91de8d79034f2eebff1da0442b6af685a9adf95bd
controlled-relative-map-ridge-diagnostic,target-seattle,osm-sionna-target-seattle-bank-01,geometry_destroyed,736,345.1131254796883,364.0267875050275,274.1022803903735,csi-pairs-formal-v2.1-v6,060d8671380acaf43bd0beb2c77ac5c6ec112e4ddc083451ab36a5916b7c9cac,ce0d6de3d77ed6edde2c9eca5f7ce4ab92c262b63ce50b25113c1cffc8a3ca46,False,CANDIDATE_NOT_DOMAIN_EVIDENCE,c63b699ed767134007e47157a733f68e4c31de8be4ca0c30d71ec46a08b85621,9548a24a4faf5db17b5251df407b4402de033ae8648ec321c850fe6105002cf1,f03e9b40548b237a49c65fc91de8d79034f2eebff1da0442b6af685a9adf95bd
controlled-relative-map-ridge-diagnostic,target-seattle,osm-sionna-target-seattle-bank-01,paired_active_alternative,736,70.91365771974375,90.27830121908758,5.718485001438012e-05,csi-pairs-formal-v2.1-v6,060d8671380acaf43bd0beb2c77ac5c6ec112e4ddc083451ab36a5916b7c9cac,ce0d6de3d77ed6edde2c9eca5f7ce4ab92c262b63ce50b25113c1cffc8a3ca46,False,CANDIDATE_NOT_DOMAIN_EVIDENCE,c63b699ed767134007e47157a733f68e4c31de8be4ca0c30d71ec46a08b85621,9548a24a4faf5db17b5251df407b4402de033ae8648ec321c850fe6105002cf1,f03e9b40548b237a49c65fc91de8d79034f2eebff1da0442b6af685a9adf95bd
controlled-relative-map-ridge-diagnostic,target-seattle,osm-sionna-target-seattle-bank-01,paired_null_alternative,736,71.05633644113554,90.1348728002919,0.0,csi-pairs-formal-v2.1-v6,060d8671380acaf43bd0beb2c77ac5c6ec112e4ddc083451ab36a5916b7c9cac,ce0d6de3d77ed6edde2c9eca5f7ce4ab92c262b63ce50b25113c1cffc8a3ca46,False,CANDIDATE_NOT_DOMAIN_EVIDENCE,c63b699ed767134007e47157a733f68e4c31de8be4ca0c30d71ec46a08b85621,9548a24a4faf5db17b5251df407b4402de033ae8648ec321c850fe6105002cf1,f03e9b40548b237a49c65fc91de8d79034f2eebff1da0442b6af685a9adf95bd
controlled-relative-map-ridge-diagnostic,target-seattle,osm-sionna-target-seattle-bank-01,wrong_city,736,41.15215788721228,60.11111537960137,-30.058421964977402,csi-pairs-formal-v2.1-v6,060d8671380acaf43bd0beb2c77ac5c6ec112e4ddc083451ab36a5916b7c9cac,ce0d6de3d77ed6edde2c9eca5f7ce4ab92c262b63ce50b25113c1cffc8a3ca46,False,CANDIDATE_NOT_DOMAIN_EVIDENCE,c63b699ed767134007e47157a733f68e4c31de8be4ca0c30d71ec46a08b85621,9548a24a4faf5db17b5251df407b4402de033ae8648ec321c850fe6105002cf1,f03e9b40548b237a49c65fc91de8d79034f2eebff1da0442b6af685a9adf95bd
controlled-relative-map-ridge-diagnostic,target-seattle,osm-sionna-target-seattle-bank-02,correct,568,70.28129094511795,74.62894678682491,0.0,csi-pairs-formal-v2.1-v6,060d8671380acaf43bd0beb2c77ac5c6ec112e4ddc083451ab36a5916b7c9cac,ce0d6de3d77ed6edde2c9eca5f7ce4ab92c262b63ce50b25113c1cffc8a3ca46,False,CANDIDATE_NOT_DOMAIN_EVIDENCE,c63b699ed767134007e47157a733f68e4c31de8be4ca0c30d71ec46a08b85621,9548a24a4faf5db17b5251df407b4402de033ae8648ec321c850fe6105002cf1,f03e9b40548b237a49c65fc91de8d79034f2eebff1da0442b6af685a9adf95bd
controlled-relative-map-ridge-diagnostic,target-seattle,osm-sionna-target-seattle-bank-02,empty,568,121.52235822143479,123.68319556186864,51.3695941919976,csi-pairs-formal-v2.1-v6,060d8671380acaf43bd0beb2c77ac5c6ec112e4ddc083451ab36a5916b7c9cac,ce0d6de3d77ed6edde2c9eca5f7ce4ab92c262b63ce50b25113c1cffc8a3ca46,False,CANDIDATE_NOT_DOMAIN_EVIDENCE,c63b699ed767134007e47157a733f68e4c31de8be4ca0c30d71ec46a08b85621,9548a24a4faf5db17b5251df407b4402de033ae8648ec321c850fe6105002cf1,f03e9b40548b237a49c65fc91de8d79034f2eebff1da0442b6af685a9adf95bd
controlled-relative-map-ridge-diagnostic,target-seattle,osm-sionna-target-seattle-bank-02,geometry_destroyed,568,584.2316810859438,590.658594684797,514.0510970267924,csi-pairs-formal-v2.1-v6,060d8671380acaf43bd0beb2c77ac5c6ec112e4ddc083451ab36a5916b7c9cac,ce0d6de3d77ed6edde2c9eca5f7ce4ab92c262b63ce50b25113c1cffc8a3ca46,False,CANDIDATE_NOT_DOMAIN_EVIDENCE,c63b699ed767134007e47157a733f68e4c31de8be4ca0c30d71ec46a08b85621,9548a24a4faf5db17b5251df407b4402de033ae8648ec321c850fe6105002cf1,f03e9b40548b237a49c65fc91de8d79034f2eebff1da0442b6af685a9adf95bd
controlled-relative-map-ridge-diagnostic,target-seattle,osm-sionna-target-seattle-bank-02,paired_active_alternative,568,70.3154790358729,74.69887246500194,7.149961898988977e-05,csi-pairs-formal-v2.1-v6,060d8671380acaf43bd0beb2c77ac5c6ec112e4ddc083451ab36a5916b7c9cac,ce0d6de3d77ed6edde2c9eca5f7ce4ab92c262b63ce50b25113c1cffc8a3ca46,False,CANDIDATE_NOT_DOMAIN_EVIDENCE,c63b699ed767134007e47157a733f68e4c31de8be4ca0c30d71ec46a08b85621,9548a24a4faf5db17b5251df407b4402de033ae8648ec321c850fe6105002cf1,f03e9b40548b237a49c65fc91de8d79034f2eebff1da0442b6af685a9adf95bd
controlled-relative-map-ridge-diagnostic,target-seattle,osm-sionna-target-seattle-bank-02,paired_null_alternative,568,70.28129094511795,74.62894678682491,0.0,csi-pairs-formal-v2.1-v6,060d8671380acaf43bd0beb2c77ac5c6ec112e4ddc083451ab36a5916b7c9cac,ce0d6de3d77ed6edde2c9eca5f7ce4ab92c262b63ce50b25113c1cffc8a3ca46,False,CANDIDATE_NOT_DOMAIN_EVIDENCE,c63b699ed767134007e47157a733f68e4c31de8be4ca0c30d71ec46a08b85621,9548a24a4faf5db17b5251df407b4402de033ae8648ec321c850fe6105002cf1,f03e9b40548b237a49c65fc91de8d79034f2eebff1da0442b6af685a9adf95bd
controlled-relative-map-ridge-diagnostic,target-seattle,osm-sionna-target-seattle-bank-02,wrong_city,568,68.50077850426985,74.23420472311048,-1.608260229852128,csi-pairs-formal-v2.1-v6,060d8671380acaf43bd0beb2c77ac5c6ec112e4ddc083451ab36a5916b7c9cac,ce0d6de3d77ed6edde2c9eca5f7ce4ab92c262b63ce50b25113c1cffc8a3ca46,False,CANDIDATE_NOT_DOMAIN_EVIDENCE,c63b699ed767134007e47157a733f68e4c31de8be4ca0c30d71ec46a08b85621,9548a24a4faf5db17b5251df407b4402de033ae8648ec321c850fe6105002cf1,f03e9b40548b237a49c65fc91de8d79034f2eebff1da0442b6af685a9adf95bd
controlled-relative-map-ridge-diagnostic,target-seattle,osm-sionna-target-seattle-bank-03,correct,688,257.533228182739,268.5843180400362,0.0,csi-pairs-formal-v2.1-v6,060d8671380acaf43bd0beb2c77ac5c6ec112e4ddc083451ab36a5916b7c9cac,ce0d6de3d77ed6edde2c9eca5f7ce4ab92c262b63ce50b25113c1cffc8a3ca46,False,CANDIDATE_NOT_DOMAIN_EVIDENCE,c63b699ed767134007e47157a733f68e4c31de8be4ca0c30d71ec46a08b85621,9548a24a4faf5db17b5251df407b4402de033ae8648ec321c850fe6105002cf1,f03e9b40548b237a49c65fc91de8d79034f2eebff1da0442b6af685a9adf95bd
controlled-relative-map-ridge-diagnostic,target-seattle,osm-sionna-target-seattle-bank-03,empty,688,153.7718841512304,160.33920693445242,-104.174066160857,csi-pairs-formal-v2.1-v6,060d8671380acaf43bd0beb2c77ac5c6ec112e4ddc083451ab36a5916b7c9cac,ce0d6de3d77ed6edde2c9eca5f7ce4ab92c262b63ce50b25113c1cffc8a3ca46,False,CANDIDATE_NOT_DOMAIN_EVIDENCE,c63b699ed767134007e47157a733f68e4c31de8be4ca0c30d71ec46a08b85621,9548a24a4faf5db17b5251df407b4402de033ae8648ec321c850fe6105002cf1,f03e9b40548b237a49c65fc91de8d79034f2eebff1da0442b6af685a9adf95bd
controlled-relative-map-ridge-diagnostic,target-seattle,osm-sionna-target-seattle-bank-03,geometry_destroyed,688,953.7325729655129,960.8576866453996,696.1144209645793,csi-pairs-formal-v2.1-v6,060d8671380acaf43bd0beb2c77ac5c6ec112e4ddc083451ab36a5916b7c9cac,ce0d6de3d77ed6edde2c9eca5f7ce4ab92c262b63ce50b25113c1cffc8a3ca46,False,CANDIDATE_NOT_DOMAIN_EVIDENCE,c63b699ed767134007e47157a733f68e4c31de8be4ca0c30d71ec46a08b85621,9548a24a4faf5db17b5251df407b4402de033ae8648ec321c850fe6105002cf1,f03e9b40548b237a49c65fc91de8d79034f2eebff1da0442b6af685a9adf95bd
controlled-relative-map-ridge-diagnostic,target-seattle,osm-sionna-target-seattle-bank-03,paired_active_alternative,688,257.49996648434086,268.3865475173305,-5.015119418771974e-05,csi-pairs-formal-v2.1-v6,060d8671380acaf43bd0beb2c77ac5c6ec112e4ddc083451ab36a5916b7c9cac,ce0d6de3d77ed6edde2c9eca5f7ce4ab92c262b63ce50b25113c1cffc8a3ca46,False,CANDIDATE_NOT_DOMAIN_EVIDENCE,c63b699ed767134007e47157a733f68e4c31de8be4ca0c30d71ec46a08b85621,9548a24a4faf5db17b5251df407b4402de033ae8648ec321c850fe6105002cf1,f03e9b40548b237a49c65fc91de8d79034f2eebff1da0442b6af685a9adf95bd
controlled-relative-map-ridge-diagnostic,target-seattle,osm-sionna-target-seattle-bank-03,paired_null_alternative,688,257.533228182739,268.5843180400362,0.0,csi-pairs-formal-v2.1-v6,060d8671380acaf43bd0beb2c77ac5c6ec112e4ddc083451ab36a5916b7c9cac,ce0d6de3d77ed6edde2c9eca5f7ce4ab92c262b63ce50b25113c1cffc8a3ca46,False,CANDIDATE_NOT_DOMAIN_EVIDENCE,c63b699ed767134007e47157a733f68e4c31de8be4ca0c30d71ec46a08b85621,9548a24a4faf5db17b5251df407b4402de033ae8648ec321c850fe6105002cf1,f03e9b40548b237a49c65fc91de8d79034f2eebff1da0442b6af685a9adf95bd
controlled-relative-map-ridge-diagnostic,target-seattle,osm-sionna-target-seattle-bank-03,wrong_city,688,9.777615507738695,20.810179095352886,-247.68708290267068,csi-pairs-formal-v2.1-v6,060d8671380acaf43bd0beb2c77ac5c6ec112e4ddc083451ab36a5916b7c9cac,ce0d6de3d77ed6edde2c9eca5f7ce4ab92c262b63ce50b25113c1cffc8a3ca46,False,CANDIDATE_NOT_DOMAIN_EVIDENCE,c63b699ed767134007e47157a733f68e4c31de8be4ca0c30d71ec46a08b85621,9548a24a4faf5db17b5251df407b4402de033ae8648ec321c850fe6105002cf1,f03e9b40548b237a49c65fc91de8d79034f2eebff1da0442b6af685a9adf95bd
controlled-relative-map-ridge-diagnostic,target-seattle,osm-sionna-target-seattle-bank-04,correct,720,96.7760707605048,104.25708363180797,0.0,csi-pairs-formal-v2.1-v6,060d8671380acaf43bd0beb2c77ac5c6ec112e4ddc083451ab36a5916b7c9cac,ce0d6de3d77ed6edde2c9eca5f7ce4ab92c262b63ce50b25113c1cffc8a3ca46,False,CANDIDATE_NOT_DOMAIN_EVIDENCE,c63b699ed767134007e47157a733f68e4c31de8be4ca0c30d71ec46a08b85621,9548a24a4faf5db17b5251df407b4402de033ae8648ec321c850fe6105002cf1,f03e9b40548b237a49c65fc91de8d79034f2eebff1da0442b6af685a9adf95bd
controlled-relative-map-ridge-diagnostic,target-seattle,osm-sionna-target-seattle-bank-04,empty,720,137.8789883730243,146.84990795957364,42.273446238983944,csi-pairs-formal-v2.1-v6,060d8671380acaf43bd0beb2c77ac5c6ec112e4ddc083451ab36a5916b7c9cac,ce0d6de3d77ed6edde2c9eca5f7ce4ab92c262b63ce50b25113c1cffc8a3ca46,False,CANDIDATE_NOT_DOMAIN_EVIDENCE,c63b699ed767134007e47157a733f68e4c31de8be4ca0c30d71ec46a08b85621,9548a24a4faf5db17b5251df407b4402de033ae8648ec321c850fe6105002cf1,f03e9b40548b237a49c65fc91de8d79034f2eebff1da0442b6af685a9adf95bd
controlled-relative-map-ridge-diagnostic,target-seattle,osm-sionna-target-seattle-bank-04,geometry_destroyed,720,976.005750577317,993.1899843401328,877.9202500031136,csi-pairs-formal-v2.1-v6,060d8671380acaf43bd0beb2c77ac5c6ec112e4ddc083451ab36a5916b7c9cac,ce0d6de3d77ed6edde2c9eca5f7ce4ab92c262b63ce50b25113c1cffc8a3ca46,False,CANDIDATE_NOT_DOMAIN_EVIDENCE,c63b699ed767134007e47157a733f68e4c31de8be4ca0c30d71ec46a08b85621,9548a24a4faf5db17b5251df407b4402de033ae8648ec321c850fe6105002cf1,f03e9b40548b237a49c65fc91de8d79034f2eebff1da0442b6af685a9adf95bd
controlled-relative-map-ridge-diagnostic,target-seattle,osm-sionna-target-seattle-bank-04,paired_active_alternative,720,96.85463885953911,104.34740383176033,-0.00014438593962040613,csi-pairs-formal-v2.1-v6,060d8671380acaf43bd0beb2c77ac5c6ec112e4ddc083451ab36a5916b7c9cac,ce0d6de3d77ed6edde2c9eca5f7ce4ab92c262b63ce50b25113c1cffc8a3ca46,False,CANDIDATE_NOT_DOMAIN_EVIDENCE,c63b699ed767134007e47157a733f68e4c31de8be4ca0c30d71ec46a08b85621,9548a24a4faf5db17b5251df407b4402de033ae8648ec321c850fe6105002cf1,f03e9b40548b237a49c65fc91de8d79034f2eebff1da0442b6af685a9adf95bd
controlled-relative-map-ridge-diagnostic,target-seattle,osm-sionna-target-seattle-bank-04,paired_null_alternative,720,96.7760707605048,104.25708363180797,0.0,csi-pairs-formal-v2.1-v6,060d8671380acaf43bd0beb2c77ac5c6ec112e4ddc083451ab36a5916b7c9cac,ce0d6de3d77ed6edde2c9eca5f7ce4ab92c262b63ce50b25113c1cffc8a3ca46,False,CANDIDATE_NOT_DOMAIN_EVIDENCE,c63b699ed767134007e47157a733f68e4c31de8be4ca0c30d71ec46a08b85621,9548a24a4faf5db17b5251df407b4402de033ae8648ec321c850fe6105002cf1,f03e9b40548b237a49c65fc91de8d79034f2eebff1da0442b6af685a9adf95bd
controlled-relative-map-ridge-diagnostic,target-seattle,osm-sionna-target-seattle-bank-04,wrong_city,720,17.502029054102465,34.98792860285963,-79.6681439751881,csi-pairs-formal-v2.1-v6,060d8671380acaf43bd0beb2c77ac5c6ec112e4ddc083451ab36a5916b7c9cac,ce0d6de3d77ed6edde2c9eca5f7ce4ab92c262b63ce50b25113c1cffc8a3ca46,False,CANDIDATE_NOT_DOMAIN_EVIDENCE,c63b699ed767134007e47157a733f68e4c31de8be4ca0c30d71ec46a08b85621,9548a24a4faf5db17b5251df407b4402de033ae8648ec321c850fe6105002cf1,f03e9b40548b237a49c65fc91de8d79034f2eebff1da0442b6af685a9adf95bd
controlled-relative-map-ridge-diagnostic,target-seattle,osm-sionna-target-seattle-bank-05,correct,736,72.43237395193319,83.7517972482855,0.0,csi-pairs-formal-v2.1-v6,060d8671380acaf43bd0beb2c77ac5c6ec112e4ddc083451ab36a5916b7c9cac,ce0d6de3d77ed6edde2c9eca5f7ce4ab92c262b63ce50b25113c1cffc8a3ca46,False,CANDIDATE_NOT_DOMAIN_EVIDENCE,c63b699ed767134007e47157a733f68e4c31de8be4ca0c30d71ec46a08b85621,9548a24a4faf5db17b5251df407b4402de033ae8648ec321c850fe6105002cf1,f03e9b40548b237a49c65fc91de8d79034f2eebff1da0442b6af685a9adf95bd
controlled-relative-map-ridge-diagnostic,target-seattle,osm-sionna-target-seattle-bank-05,empty,736,127.52007025780415,131.87128757652258,55.035453091586,csi-pairs-formal-v2.1-v6,060d8671380acaf43bd0beb2c77ac5c6ec112e4ddc083451ab36a5916b7c9cac,ce0d6de3d77ed6edde2c9eca5f7ce4ab92c262b63ce50b25113c1cffc8a3ca46,False,CANDIDATE_NOT_DOMAIN_EVIDENCE,c63b699ed767134007e47157a733f68e4c31de8be4ca0c30d71ec46a08b85621,9548a24a4faf5db17b5251df407b4402de033ae8648ec321c850fe6105002cf1,f03e9b40548b237a49c65fc91de8d79034f2eebff1da0442b6af685a9adf95bd
controlled-relative-map-ridge-diagnostic,target-seattle,osm-sionna-target-seattle-bank-05,geometry_destroyed,736,554.1696000856156,566.0436498306067,481.84658729007157,csi-pairs-formal-v2.1-v6,060d8671380acaf43bd0beb2c77ac5c6ec112e4ddc083451ab36a5916b7c9cac,ce0d6de3d77ed6edde2c9eca5f7ce4ab92c262b63ce50b25113c1cffc8a3ca46,False,CANDIDATE_NOT_DOMAIN_EVIDENCE,c63b699ed767134007e47157a733f68e4c31de8be4ca0c30d71ec46a08b85621,9548a24a4faf5db17b5251df407b4402de033ae8648ec321c850fe6105002cf1,f03e9b40548b237a49c65fc91de8d79034f2eebff1da0442b6af685a9adf95bd
controlled-relative-map-ridge-diagnostic,target-seattle,osm-sionna-target-seattle-bank-05,paired_active_alternative,736,72.44357302545153,83.76434444097711,-8.198118204916227e-05,csi-pairs-formal-v2.1-v6,060d8671380acaf43bd0beb2c77ac5c6ec112e4ddc083451ab36a5916b7c9cac,ce0d6de3d77ed6edde2c9eca5f7ce4ab92c262b63ce50b25113c1cffc8a3ca46,False,CANDIDATE_NOT_DOMAIN_EVIDENCE,c63b699ed767134007e47157a733f68e4c31de8be4ca0c30d71ec46a08b85621,9548a24a4faf5db17b5251df407b4402de033ae8648ec321c850fe6105002cf1,f03e9b40548b237a49c65fc91de8d79034f2eebff1da0442b6af685a9adf95bd
controlled-relative-map-ridge-diagnostic,target-seattle,osm-sionna-target-seattle-bank-05,paired_null_alternative,736,72.43237395193319,83.7517972482855,0.0,csi-pairs-formal-v2.1-v6,060d8671380acaf43bd0beb2c77ac5c6ec112e4ddc083451ab36a5916b7c9cac,ce0d6de3d77ed6edde2c9eca5f7ce4ab92c262b63ce50b25113c1cffc8a3ca46,False,CANDIDATE_NOT_DOMAIN_EVIDENCE,c63b699ed767134007e47157a733f68e4c31de8be4ca0c30d71ec46a08b85621,9548a24a4faf5db17b5251df407b4402de033ae8648ec321c850fe6105002cf1,f03e9b40548b237a49c65fc91de8d79034f2eebff1da0442b6af685a9adf95bd
controlled-relative-map-ridge-diagnostic,target-seattle,osm-sionna-target-seattle-bank-05,wrong_city,736,42.04594106072097,53.75490501852383,-30.124262249426735,csi-pairs-formal-v2.1-v6,060d8671380acaf43bd0beb2c77ac5c6ec112e4ddc083451ab36a5916b7c9cac,ce0d6de3d77ed6edde2c9eca5f7ce4ab92c262b63ce50b25113c1cffc8a3ca46,False,CANDIDATE_NOT_DOMAIN_EVIDENCE,c63b699ed767134007e47157a733f68e4c31de8be4ca0c30d71ec46a08b85621,9548a24a4faf5db17b5251df407b4402de033ae8648ec321c850fe6105002cf1,f03e9b40548b237a49c65fc91de8d79034f2eebff1da0442b6af685a9adf95bd
controlled-relative-map-ridge-diagnostic,target-seattle,osm-sionna-target-seattle-bank-06,correct,688,300.46930333170684,307.64065490509114,0.0,csi-pairs-formal-v2.1-v6,060d8671380acaf43bd0beb2c77ac5c6ec112e4ddc083451ab36a5916b7c9cac,ce0d6de3d77ed6edde2c9eca5f7ce4ab92c262b63ce50b25113c1cffc8a3ca46,False,CANDIDATE_NOT_DOMAIN_EVIDENCE,c63b699ed767134007e47157a733f68e4c31de8be4ca0c30d71ec46a08b85621,9548a24a4faf5db17b5251df407b4402de033ae8648ec321c850fe6105002cf1,f03e9b40548b237a49c65fc91de8d79034f2eebff1da0442b6af685a9adf95bd
controlled-relative-map-ridge-diagnostic,target-seattle,osm-sionna-target-seattle-bank-06,empty,688,178.34714820144166,183.46589734574218,-122.41823023230657,csi-pairs-formal-v2.1-v6,060d8671380acaf43bd0beb2c77ac5c6ec112e4ddc083451ab36a5916b7c9cac,ce0d6de3d77ed6edde2c9eca5f7ce4ab92c262b63ce50b25113c1cffc8a3ca46,False,CANDIDATE_NOT_DOMAIN_EVIDENCE,c63b699ed767134007e47157a733f68e4c31de8be4ca0c30d71ec46a08b85621,9548a24a4faf5db17b5251df407b4402de033ae8648ec321c850fe6105002cf1,f03e9b40548b237a49c65fc91de8d79034f2eebff1da0442b6af685a9adf95bd
controlled-relative-map-ridge-diagnostic,target-seattle,osm-sionna-target-seattle-bank-06,geometry_destroyed,688,763.5063712480498,771.2286932884826,463.21726634557194,csi-pairs-formal-v2.1-v6,060d8671380acaf43bd0beb2c77ac5c6ec112e4ddc083451ab36a5916b7c9cac,ce0d6de3d77ed6edde2c9eca5f7ce4ab92c262b63ce50b25113c1cffc8a3ca46,False,CANDIDATE_NOT_DOMAIN_EVIDENCE,c63b699ed767134007e47157a733f68e4c31de8be4ca0c30d71ec46a08b85621,9548a24a4faf5db17b5251df407b4402de033ae8648ec321c850fe6105002cf1,f03e9b40548b237a49c65fc91de8d79034f2eebff1da0442b6af685a9adf95bd
controlled-relative-map-ridge-diagnostic,target-seattle,osm-sionna-target-seattle-bank-06,paired_active_alternative,688,300.4132826469419,307.62682149920136,-0.23478622129940163,csi-pairs-formal-v2.1-v6,060d8671380acaf43bd0beb2c77ac5c6ec112e4ddc083451ab36a5916b7c9cac,ce0d6de3d77ed6edde2c9eca5f7ce4ab92c262b63ce50b25113c1cffc8a3ca46,False,CANDIDATE_NOT_DOMAIN_EVIDENCE,c63b699ed767134007e47157a733f68e4c31de8be4ca0c30d71ec46a08b85621,9548a24a4faf5db17b5251df407b4402de033ae8648ec321c850fe6105002cf1,f03e9b40548b237a49c65fc91de8d79034f2eebff1da0442b6af685a9adf95bd
controlled-relative-map-ridge-diagnostic,target-seattle,osm-sionna-target-seattle-bank-06,paired_null_alternative,688,300.46930333170684,307.64065490509114,0.0,csi-pairs-formal-v2.1-v6,060d8671380acaf43bd0beb2c77ac5c6ec112e4ddc083451ab36a5916b7c9cac,ce0d6de3d77ed6edde2c9eca5f7ce4ab92c262b63ce50b25113c1cffc8a3ca46,False,CANDIDATE_NOT_DOMAIN_EVIDENCE,c63b699ed767134007e47157a733f68e4c31de8be4ca0c30d71ec46a08b85621,9548a24a4faf5db17b5251df407b4402de033ae8648ec321c850fe6105002cf1,f03e9b40548b237a49c65fc91de8d79034f2eebff1da0442b6af685a9adf95bd
controlled-relative-map-ridge-diagnostic,target-seattle,osm-sionna-target-seattle-bank-06,wrong_city,688,45.362253722376956,52.385748952642366,-255.4016723084464,csi-pairs-formal-v2.1-v6,060d8671380acaf43bd0beb2c77ac5c6ec112e4ddc083451ab36a5916b7c9cac,ce0d6de3d77ed6edde2c9eca5f7ce4ab92c262b63ce50b25113c1cffc8a3ca46,False,CANDIDATE_NOT_DOMAIN_EVIDENCE,c63b699ed767134007e47157a733f68e4c31de8be4ca0c30d71ec46a08b85621,9548a24a4faf5db17b5251df407b4402de033ae8648ec321c850fe6105002cf1,f03e9b40548b237a49c65fc91de8d79034f2eebff1da0442b6af685a9adf95bd
controlled-relative-map-ridge-diagnostic,target-seattle,osm-sionna-target-seattle-bank-07,correct,736,90.92762684394535,94.21468400602068,0.0,csi-pairs-formal-v2.1-v6,060d8671380acaf43bd0beb2c77ac5c6ec112e4ddc083451ab36a5916b7c9cac,ce0d6de3d77ed6edde2c9eca5f7ce4ab92c262b63ce50b25113c1cffc8a3ca46,False,CANDIDATE_NOT_DOMAIN_EVIDENCE,c63b699ed767134007e47157a733f68e4c31de8be4ca0c30d71ec46a08b85621,9548a24a4faf5db17b5251df407b4402de033ae8648ec321c850fe6105002cf1,f03e9b40548b237a49c65fc91de8d79034f2eebff1da0442b6af685a9adf95bd
controlled-relative-map-ridge-diagnostic,target-seattle,osm-sionna-target-seattle-bank-07,empty,736,124.18769113016629,127.71710608806012,33.84473276232467,csi-pairs-formal-v2.1-v6,060d8671380acaf43bd0beb2c77ac5c6ec112e4ddc083451ab36a5916b7c9cac,ce0d6de3d77ed6edde2c9eca5f7ce4ab92c262b63ce50b25113c1cffc8a3ca46,False,CANDIDATE_NOT_DOMAIN_EVIDENCE,c63b699ed767134007e47157a733f68e4c31de8be4ca0c30d71ec46a08b85621,9548a24a4faf5db17b5251df407b4402de033ae8648ec321c850fe6105002cf1,f03e9b40548b237a49c65fc91de8d79034f2eebff1da0442b6af685a9adf95bd
controlled-relative-map-ridge-diagnostic,target-seattle,osm-sionna-target-seattle-bank-07,geometry_destroyed,736,189.26356191794827,208.54278454749948,98.89732458351318,csi-pairs-formal-v2.1-v6,060d8671380acaf43bd0beb2c77ac5c6ec112e4ddc083451ab36a5916b7c9cac,ce0d6de3d77ed6edde2c9eca5f7ce4ab92c262b63ce50b25113c1cffc8a3ca46,False,CANDIDATE_NOT_DOMAIN_EVIDENCE,c63b699ed767134007e47157a733f68e4c31de8be4ca0c30d71ec46a08b85621,9548a24a4faf5db17b5251df407b4402de033ae8648ec321c850fe6105002cf1,f03e9b40548b237a49c65fc91de8d79034f2eebff1da0442b6af685a9adf95bd
controlled-relative-map-ridge-diagnostic,target-seattle,osm-sionna-target-seattle-bank-07,paired_active_alternative,736,90.91820615633458,94.20414283035907,0.0009613714981711041,csi-pairs-formal-v2.1-v6,060d8671380acaf43bd0beb2c77ac5c6ec112e4ddc083451ab36a5916b7c9cac,ce0d6de3d77ed6edde2c9eca5f7ce4ab92c262b63ce50b25113c1cffc8a3ca46,False,CANDIDATE_NOT_DOMAIN_EVIDENCE,c63b699ed767134007e47157a733f68e4c31de8be4ca0c30d71ec46a08b85621,9548a24a4faf5db17b5251df407b4402de033ae8648ec321c850fe6105002cf1,f03e9b40548b237a49c65fc91de8d79034f2eebff1da0442b6af685a9adf95bd
controlled-relative-map-ridge-diagnostic,target-seattle,osm-sionna-target-seattle-bank-07,paired_null_alternative,736,90.92762684394535,94.21468400602068,0.0,csi-pairs-formal-v2.1-v6,060d8671380acaf43bd0beb2c77ac5c6ec112e4ddc083451ab36a5916b7c9cac,ce0d6de3d77ed6edde2c9eca5f7ce4ab92c262b63ce50b25113c1cffc8a3ca46,False,CANDIDATE_NOT_DOMAIN_EVIDENCE,c63b699ed767134007e47157a733f68e4c31de8be4ca0c30d71ec46a08b85621,9548a24a4faf5db17b5251df407b4402de033ae8648ec321c850fe6105002cf1,f03e9b40548b237a49c65fc91de8d79034f2eebff1da0442b6af685a9adf95bd
controlled-relative-map-ridge-diagnostic,target-seattle,osm-sionna-target-seattle-bank-07,wrong_city,736,53.79500595224181,72.96316647188193,-36.686100722575546,csi-pairs-formal-v2.1-v6,060d8671380acaf43bd0beb2c77ac5c6ec112e4ddc083451ab36a5916b7c9cac,ce0d6de3d77ed6edde2c9eca5f7ce4ab92c262b63ce50b25113c1cffc8a3ca46,False,CANDIDATE_NOT_DOMAIN_EVIDENCE,c63b699ed767134007e47157a733f68e4c31de8be4ca0c30d71ec46a08b85621,9548a24a4faf5db17b5251df407b4402de033ae8648ec321c850fe6105002cf1,f03e9b40548b237a49c65fc91de8d79034f2eebff1da0442b6af685a9adf95bd
controlled-relative-map-ridge-diagnostic,target-seattle,osm-sionna-target-seattle-bank-08,correct,832,89.1734220614382,93.25096367465888,0.0,csi-pairs-formal-v2.1-v6,060d8671380acaf43bd0beb2c77ac5c6ec112e4ddc083451ab36a5916b7c9cac,ce0d6de3d77ed6edde2c9eca5f7ce4ab92c262b63ce50b25113c1cffc8a3ca46,False,CANDIDATE_NOT_DOMAIN_EVIDENCE,c63b699ed767134007e47157a733f68e4c31de8be4ca0c30d71ec46a08b85621,9548a24a4faf5db17b5251df407b4402de033ae8648ec321c850fe6105002cf1,f03e9b40548b237a49c65fc91de8d79034f2eebff1da0442b6af685a9adf95bd
controlled-relative-map-ridge-diagnostic,target-seattle,osm-sionna-target-seattle-bank-08,empty,832,121.96309937662139,123.78199866541891,32.47581801496576,csi-pairs-formal-v2.1-v6,060d8671380acaf43bd0beb2c77ac5c6ec112e4ddc083451ab36a5916b7c9cac,ce0d6de3d77ed6edde2c9eca5f7ce4ab92c262b63ce50b25113c1cffc8a3ca46,False,CANDIDATE_NOT_DOMAIN_EVIDENCE,c63b699ed767134007e47157a733f68e4c31de8be4ca0c30d71ec46a08b85621,9548a24a4faf5db17b5251df407b4402de033ae8648ec321c850fe6105002cf1,f03e9b40548b237a49c65fc91de8d79034f2eebff1da0442b6af685a9adf95bd
controlled-relative-map-ridge-diagnostic,target-seattle,osm-sionna-target-seattle-bank-08,geometry_destroyed,832,466.6509343498523,471.2496296935284,377.6597375677569,csi-pairs-formal-v2.1-v6,060d8671380acaf43bd0beb2c77ac5c6ec112e4ddc083451ab36a5916b7c9cac,ce0d6de3d77ed6edde2c9eca5f7ce4ab92c262b63ce50b25113c1cffc8a3ca46,False,CANDIDATE_NOT_DOMAIN_EVIDENCE,c63b699ed767134007e47157a733f68e4c31de8be4ca0c30d71ec46a08b85621,9548a24a4faf5db17b5251df407b4402de033ae8648ec321c850fe6105002cf1,f03e9b40548b237a49c65fc91de8d79034f2eebff1da0442b6af685a9adf95bd
controlled-relative-map-ridge-diagnostic,target-seattle,osm-sionna-target-seattle-bank-08,paired_active_alternative,832,89.14433198154038,93.09844299272342,0.05469245204743345,csi-pairs-formal-v2.1-v6,060d8671380acaf43bd0beb2c77ac5c6ec112e4ddc083451ab36a5916b7c9cac,ce0d6de3d77ed6edde2c9eca5f7ce4ab92c262b63ce50b25113c1cffc8a3ca46,False,CANDIDATE_NOT_DOMAIN_EVIDENCE,c63b699ed767134007e47157a733f68e4c31de8be4ca0c30d71ec46a08b85621,9548a24a4faf5db17b5251df407b4402de033ae8648ec321c850fe6105002cf1,f03e9b40548b237a49c65fc91de8d79034f2eebff1da0442b6af685a9adf95bd
controlled-relative-map-ridge-diagnostic,target-seattle,osm-sionna-target-seattle-bank-08,paired_null_alternative,832,89.1734220614382,93.25096367465888,0.0,csi-pairs-formal-v2.1-v6,060d8671380acaf43bd0beb2c77ac5c6ec112e4ddc083451ab36a5916b7c9cac,ce0d6de3d77ed6edde2c9eca5f7ce4ab92c262b63ce50b25113c1cffc8a3ca46,False,CANDIDATE_NOT_DOMAIN_EVIDENCE,c63b699ed767134007e47157a733f68e4c31de8be4ca0c30d71ec46a08b85621,9548a24a4faf5db17b5251df407b4402de033ae8648ec321c850fe6105002cf1,f03e9b40548b237a49c65fc91de8d79034f2eebff1da0442b6af685a9adf95bd
controlled-relative-map-ridge-diagnostic,target-seattle,osm-sionna-target-seattle-bank-08,wrong_city,832,70.6622920979905,74.75122010953568,-18.54024712660734,csi-pairs-formal-v2.1-v6,060d8671380acaf43bd0beb2c77ac5c6ec112e4ddc083451ab36a5916b7c9cac,ce0d6de3d77ed6edde2c9eca5f7ce4ab92c262b63ce50b25113c1cffc8a3ca46,False,CANDIDATE_NOT_DOMAIN_EVIDENCE,c63b699ed767134007e47157a733f68e4c31de8be4ca0c30d71ec46a08b85621,9548a24a4faf5db17b5251df407b4402de033ae8648ec321c850fe6105002cf1,f03e9b40548b237a49c65fc91de8d79034f2eebff1da0442b6af685a9adf95bd
controlled-relative-map-ridge-diagnostic,target-seattle,osm-sionna-target-seattle-bank-09,correct,816,109.94901994027859,118.80817266391324,0.0,csi-pairs-formal-v2.1-v6,060d8671380acaf43bd0beb2c77ac5c6ec112e4ddc083451ab36a5916b7c9cac,ce0d6de3d77ed6edde2c9eca5f7ce4ab92c262b63ce50b25113c1cffc8a3ca46,False,CANDIDATE_NOT_DOMAIN_EVIDENCE,c63b699ed767134007e47157a733f68e4c31de8be4ca0c30d71ec46a08b85621,9548a24a4faf5db17b5251df407b4402de033ae8648ec321c850fe6105002cf1,f03e9b40548b237a49c65fc91de8d79034f2eebff1da0442b6af685a9adf95bd
controlled-relative-map-ridge-diagnostic,target-seattle,osm-sionna-target-seattle-bank-09,empty,816,142.315354451279,151.75201805775708,32.65782746068046,csi-pairs-formal-v2.1-v6,060d8671380acaf43bd0beb2c77ac5c6ec112e4ddc083451ab36a5916b7c9cac,ce0d6de3d77ed6edde2c9eca5f7ce4ab92c262b63ce50b25113c1cffc8a3ca46,False,CANDIDATE_NOT_DOMAIN_EVIDENCE,c63b699ed767134007e47157a733f68e4c31de8be4ca0c30d71ec46a08b85621,9548a24a4faf5db17b5251df407b4402de033ae8648ec321c850fe6105002cf1,f03e9b40548b237a49c65fc91de8d79034f2eebff1da0442b6af685a9adf95bd
controlled-relative-map-ridge-diagnostic,target-seattle,osm-sionna-target-seattle-bank-09,geometry_destroyed,816,577.8101534751652,589.1939227219842,468.4138977112251,csi-pairs-formal-v2.1-v6,060d8671380acaf43bd0beb2c77ac5c6ec112e4ddc083451ab36a5916b7c9cac,ce0d6de3d77ed6edde2c9eca5f7ce4ab92c262b63ce50b25113c1cffc8a3ca46,False,CANDIDATE_NOT_DOMAIN_EVIDENCE,c63b699ed767134007e47157a733f68e4c31de8be4ca0c30d71ec46a08b85621,9548a24a4faf5db17b5251df407b4402de033ae8648ec321c850fe6105002cf1,f03e9b40548b237a49c65fc91de8d79034f2eebff1da0442b6af685a9adf95bd
controlled-relative-map-ridge-diagnostic,target-seattle,osm-sionna-target-seattle-bank-09,paired_active_alternative,816,109.9810008887001,118.8024018428068,-2.2075233999885313e-05,csi-pairs-formal-v2.1-v6,060d8671380acaf43bd0beb2c77ac5c6ec112e4ddc083451ab36a5916b7c9cac,ce0d6de3d77ed6edde2c9eca5f7ce4ab92c262b63ce50b25113c1cffc8a3ca46,False,CANDIDATE_NOT_DOMAIN_EVIDENCE,c63b699ed767134007e47157a733f68e4c31de8be4ca0c30d71ec46a08b85621,9548a24a4faf5db17b5251df407b4402de033ae8648ec321c850fe6105002cf1,f03e9b40548b237a49c65fc91de8d79034f2eebff1da0442b6af685a9adf95bd
controlled-relative-map-ridge-diagnostic,target-seattle,osm-sionna-target-seattle-bank-09,paired_null_alternative,816,109.94901994027859,118.80817266391324,0.0,csi-pairs-formal-v2.1-v6,060d8671380acaf43bd0beb2c77ac5c6ec112e4ddc083451ab36a5916b7c9cac,ce0d6de3d77ed6edde2c9eca5f7ce4ab92c262b63ce50b25113c1cffc8a3ca46,False,CANDIDATE_NOT_DOMAIN_EVIDENCE,c63b699ed767134007e47157a733f68e4c31de8be4ca0c30d71ec46a08b85621,9548a24a4faf5db17b5251df407b4402de033ae8648ec321c850fe6105002cf1,f03e9b40548b237a49c65fc91de8d79034f2eebff1da0442b6af685a9adf95bd
controlled-relative-map-ridge-diagnostic,target-seattle,osm-sionna-target-seattle-bank-09,wrong_city,816,12.049452189025423,20.959052637577496,-97.99102375248631,csi-pairs-formal-v2.1-v6,060d8671380acaf43bd0beb2c77ac5c6ec112e4ddc083451ab36a5916b7c9cac,ce0d6de3d77ed6edde2c9eca5f7ce4ab92c262b63ce50b25113c1cffc8a3ca46,False,CANDIDATE_NOT_DOMAIN_EVIDENCE,c63b699ed767134007e47157a733f68e4c31de8be4ca0c30d71ec46a08b85621,9548a24a4faf5db17b5251df407b4402de033ae8648ec321c850fe6105002cf1,f03e9b40548b237a49c65fc91de8d79034f2eebff1da0442b6af685a9adf95bd
controlled-relative-map-ridge-diagnostic,target-seattle,osm-sionna-target-seattle-bank-10,correct,848,87.37079178258216,104.85283485953397,0.0,csi-pairs-formal-v2.1-v6,060d8671380acaf43bd0beb2c77ac5c6ec112e4ddc083451ab36a5916b7c9cac,ce0d6de3d77ed6edde2c9eca5f7ce4ab92c262b63ce50b25113c1cffc8a3ca46,False,CANDIDATE_NOT_DOMAIN_EVIDENCE,c63b699ed767134007e47157a733f68e4c31de8be4ca0c30d71ec46a08b85621,9548a24a4faf5db17b5251df407b4402de033ae8648ec321c850fe6105002cf1,f03e9b40548b237a49c65fc91de8d79034f2eebff1da0442b6af685a9adf95bd
controlled-relative-map-ridge-diagnostic,target-seattle,osm-sionna-target-seattle-bank-10,empty,848,141.34718720230993,151.8491595258955,53.65575703498726,csi-pairs-formal-v2.1-v6,060d8671380acaf43bd0beb2c77ac5c6ec112e4ddc083451ab36a5916b7c9cac,ce0d6de3d77ed6edde2c9eca5f7ce4ab92c262b63ce50b25113c1cffc8a3ca46,False,CANDIDATE_NOT_DOMAIN_EVIDENCE,c63b699ed767134007e47157a733f68e4c31de8be4ca0c30d71ec46a08b85621,9548a24a4faf5db17b5251df407b4402de033ae8648ec321c850fe6105002cf1,f03e9b40548b237a49c65fc91de8d79034f2eebff1da0442b6af685a9adf95bd
controlled-relative-map-ridge-diagnostic,target-seattle,osm-sionna-target-seattle-bank-10,geometry_destroyed,848,1132.5918878602206,1140.9817247438448,1045.5416164556948,csi-pairs-formal-v2.1-v6,060d8671380acaf43bd0beb2c77ac5c6ec112e4ddc083451ab36a5916b7c9cac,ce0d6de3d77ed6edde2c9eca5f7ce4ab92c262b63ce50b25113c1cffc8a3ca46,False,CANDIDATE_NOT_DOMAIN_EVIDENCE,c63b699ed767134007e47157a733f68e4c31de8be4ca0c30d71ec46a08b85621,9548a24a4faf5db17b5251df407b4402de033ae8648ec321c850fe6105002cf1,f03e9b40548b237a49c65fc91de8d79034f2eebff1da0442b6af685a9adf95bd
controlled-relative-map-ridge-diagnostic,target-seattle,osm-sionna-target-seattle-bank-10,paired_active_alternative,848,87.34667002455181,104.729651769616,-0.00033899438834339435,csi-pairs-formal-v2.1-v6,060d8671380acaf43bd0beb2c77ac5c6ec112e4ddc083451ab36a5916b7c9cac,ce0d6de3d77ed6edde2c9eca5f7ce4ab92c262b63ce50b25113c1cffc8a3ca46,False,CANDIDATE_NOT_DOMAIN_EVIDENCE,c63b699ed767134007e47157a733f68e4c31de8be4ca0c30d71ec46a08b85621,9548a24a4faf5db17b5251df407b4402de033ae8648ec321c850fe6105002cf1,f03e9b40548b237a49c65fc91de8d79034f2eebff1da0442b6af685a9adf95bd
controlled-relative-map-ridge-diagnostic,target-seattle,osm-sionna-target-seattle-bank-10,paired_null_alternative,848,87.37079178258216,104.85283485953397,0.0,csi-pairs-formal-v2.1-v6,060d8671380acaf43bd0beb2c77ac5c6ec112e4ddc083451ab36a5916b7c9cac,ce0d6de3d77ed6edde2c9eca5f7ce4ab92c262b63ce50b25113c1cffc8a3ca46,False,CANDIDATE_NOT_DOMAIN_EVIDENCE,c63b699ed767134007e47157a733f68e4c31de8be4ca0c30d71ec46a08b85621,9548a24a4faf5db17b5251df407b4402de033ae8648ec321c850fe6105002cf1,f03e9b40548b237a49c65fc91de8d79034f2eebff1da0442b6af685a9adf95bd
controlled-relative-map-ridge-diagnostic,target-seattle,osm-sionna-target-seattle-bank-10,wrong_city,848,12.728568696776257,19.38820995098145,-74.68568083898825,csi-pairs-formal-v2.1-v6,060d8671380acaf43bd0beb2c77ac5c6ec112e4ddc083451ab36a5916b7c9cac,ce0d6de3d77ed6edde2c9eca5f7ce4ab92c262b63ce50b25113c1cffc8a3ca46,False,CANDIDATE_NOT_DOMAIN_EVIDENCE,c63b699ed767134007e47157a733f68e4c31de8be4ca0c30d71ec46a08b85621,9548a24a4faf5db17b5251df407b4402de033ae8648ec321c850fe6105002cf1,f03e9b40548b237a49c65fc91de8d79034f2eebff1da0442b6af685a9adf95bd
controlled-relative-map-ridge-diagnostic,target-seattle,osm-sionna-target-seattle-bank-11,correct,664,94.43911772958663,98.97273423801563,0.0,csi-pairs-formal-v2.1-v6,060d8671380acaf43bd0beb2c77ac5c6ec112e4ddc083451ab36a5916b7c9cac,ce0d6de3d77ed6edde2c9eca5f7ce4ab92c262b63ce50b25113c1cffc8a3ca46,False,CANDIDATE_NOT_DOMAIN_EVIDENCE,c63b699ed767134007e47157a733f68e4c31de8be4ca0c30d71ec46a08b85621,9548a24a4faf5db17b5251df407b4402de033ae8648ec321c850fe6105002cf1,f03e9b40548b237a49c65fc91de8d79034f2eebff1da0442b6af685a9adf95bd
controlled-relative-map-ridge-diagnostic,target-seattle,osm-sionna-target-seattle-bank-11,empty,664,125.03078637966112,129.00790721286174,30.12991810681347,csi-pairs-formal-v2.1-v6,060d8671380acaf43bd0beb2c77ac5c6ec112e4ddc083451ab36a5916b7c9cac,ce0d6de3d77ed6edde2c9eca5f7ce4ab92c262b63ce50b25113c1cffc8a3ca46,False,CANDIDATE_NOT_DOMAIN_EVIDENCE,c63b699ed767134007e47157a733f68e4c31de8be4ca0c30d71ec46a08b85621,9548a24a4faf5db17b5251df407b4402de033ae8648ec321c850fe6105002cf1,f03e9b40548b237a49c65fc91de8d79034f2eebff1da0442b6af685a9adf95bd
controlled-relative-map-ridge-diagnostic,target-seattle,osm-sionna-target-seattle-bank-11,geometry_destroyed,664,447.62996012562394,453.10727428487274,353.42689857314053,csi-pairs-formal-v2.1-v6,060d8671380acaf43bd0beb2c77ac5c6ec112e4ddc083451ab36a5916b7c9cac,ce0d6de3d77ed6edde2c9eca5f7ce4ab92c262b63ce50b25113c1cffc8a3ca46,False,CANDIDATE_NOT_DOMAIN_EVIDENCE,c63b699ed767134007e47157a733f68e4c31de8be4ca0c30d71ec46a08b85621,9548a24a4faf5db17b5251df407b4402de033ae8648ec321c850fe6105002cf1,f03e9b40548b237a49c65fc91de8d79034f2eebff1da0442b6af685a9adf95bd
controlled-relative-map-ridge-diagnostic,target-seattle,osm-sionna-target-seattle-bank-11,paired_active_alternative,664,94.42269055712569,99.07026513129668,0.06584244472141165,csi-pairs-formal-v2.1-v6,060d8671380acaf43bd0beb2c77ac5c6ec112e4ddc083451ab36a5916b7c9cac,ce0d6de3d77ed6edde2c9eca5f7ce4ab92c262b63ce50b25113c1cffc8a3ca46,False,CANDIDATE_NOT_DOMAIN_EVIDENCE,c63b699ed767134007e47157a733f68e4c31de8be4ca0c30d71ec46a08b85621,9548a24a4faf5db17b5251df407b4402de033ae8648ec321c850fe6105002cf1,f03e9b40548b237a49c65fc91de8d79034f2eebff1da0442b6af685a9adf95bd
controlled-relative-map-ridge-diagnostic,target-seattle,osm-sionna-target-seattle-bank-11,paired_null_alternative,664,94.43911772958663,98.97273423801563,0.0,csi-pairs-formal-v2.1-v6,060d8671380acaf43bd0beb2c77ac5c6ec112e4ddc083451ab36a5916b7c9cac,ce0d6de3d77ed6edde2c9eca5f7ce4ab92c262b63ce50b25113c1cffc8a3ca46,False,CANDIDATE_NOT_DOMAIN_EVIDENCE,c63b699ed767134007e47157a733f68e4c31de8be4ca0c30d71ec46a08b85621,9548a24a4faf5db17b5251df407b4402de033ae8648ec321c850fe6105002cf1,f03e9b40548b237a49c65fc91de8d79034f2eebff1da0442b6af685a9adf95bd
controlled-relative-map-ridge-diagnostic,target-seattle,osm-sionna-target-seattle-bank-11,wrong_city,664,53.16400302194291,57.75437575753525,-41.44882123815512,csi-pairs-formal-v2.1-v6,060d8671380acaf43bd0beb2c77ac5c6ec112e4ddc083451ab36a5916b7c9cac,ce0d6de3d77ed6edde2c9eca5f7ce4ab92c262b63ce50b25113c1cffc8a3ca46,False,CANDIDATE_NOT_DOMAIN_EVIDENCE,c63b699ed767134007e47157a733f68e4c31de8be4ca0c30d71ec46a08b85621,9548a24a4faf5db17b5251df407b4402de033ae8648ec321c850fe6105002cf1,f03e9b40548b237a49c65fc91de8d79034f2eebff1da0442b6af685a9adf95bd
controlled-relative-map-ridge-diagnostic,target-seattle,osm-sionna-target-seattle-bank-12,correct,720,55.1413679013495,58.62393485795581,0.0,csi-pairs-formal-v2.1-v6,060d8671380acaf43bd0beb2c77ac5c6ec112e4ddc083451ab36a5916b7c9cac,ce0d6de3d77ed6edde2c9eca5f7ce4ab92c262b63ce50b25113c1cffc8a3ca46,False,CANDIDATE_NOT_DOMAIN_EVIDENCE,c63b699ed767134007e47157a733f68e4c31de8be4ca0c30d71ec46a08b85621,9548a24a4faf5db17b5251df407b4402de033ae8648ec321c850fe6105002cf1,f03e9b40548b237a49c65fc91de8d79034f2eebff1da0442b6af685a9adf95bd
controlled-relative-map-ridge-diagnostic,target-seattle,osm-sionna-target-seattle-bank-12,empty,720,128.68736239871674,131.963834454761,73.96302018125763,csi-pairs-formal-v2.1-v6,060d8671380acaf43bd0beb2c77ac5c6ec112e4ddc083451ab36a5916b7c9cac,ce0d6de3d77ed6edde2c9eca5f7ce4ab92c262b63ce50b25113c1cffc8a3ca46,False,CANDIDATE_NOT_DOMAIN_EVIDENCE,c63b699ed767134007e47157a733f68e4c31de8be4ca0c30d71ec46a08b85621,9548a24a4faf5db17b5251df407b4402de033ae8648ec321c850fe6105002cf1,f03e9b40548b237a49c65fc91de8d79034f2eebff1da0442b6af685a9adf95bd
controlled-relative-map-ridge-diagnostic,target-seattle,osm-sionna-target-seattle-bank-12,geometry_destroyed,720,663.8107485359462,681.3794343197972,608.5082856210668,csi-pairs-formal-v2.1-v6,060d8671380acaf43bd0beb2c77ac5c6ec112e4ddc083451ab36a5916b7c9cac,ce0d6de3d77ed6edde2c9eca5f7ce4ab92c262b63ce50b25113c1cffc8a3ca46,False,CANDIDATE_NOT_DOMAIN_EVIDENCE,c63b699ed767134007e47157a733f68e4c31de8be4ca0c30d71ec46a08b85621,9548a24a4faf5db17b5251df407b4402de033ae8648ec321c850fe6105002cf1,f03e9b40548b237a49c65fc91de8d79034f2eebff1da0442b6af685a9adf95bd
controlled-relative-map-ridge-diagnostic,target-seattle,osm-sionna-target-seattle-bank-12,paired_active_alternative,720,55.23592100929186,58.83303102916695,-6.562529776488191e-06,csi-pairs-formal-v2.1-v6,060d8671380acaf43bd0beb2c77ac5c6ec112e4ddc083451ab36a5916b7c9cac,ce0d6de3d77ed6edde2c9eca5f7ce4ab92c262b63ce50b25113c1cffc8a3ca46,False,CANDIDATE_NOT_DOMAIN_EVIDENCE,c63b699ed767134007e47157a733f68e4c31de8be4ca0c30d71ec46a08b85621,9548a24a4faf5db17b5251df407b4402de033ae8648ec321c850fe6105002cf1,f03e9b40548b237a49c65fc91de8d79034f2eebff1da0442b6af685a9adf95bd
controlled-relative-map-ridge-diagnostic,target-seattle,osm-sionna-target-seattle-bank-12,paired_null_alternative,720,55.1413679013495,58.62393485795581,0.0,csi-pairs-formal-v2.1-v6,060d8671380acaf43bd0beb2c77ac5c6ec112e4ddc083451ab36a5916b7c9cac,ce0d6de3d77ed6edde2c9eca5f7ce4ab92c262b63ce50b25113c1cffc8a3ca46,False,CANDIDATE_NOT_DOMAIN_EVIDENCE,c63b699ed767134007e47157a733f68e4c31de8be4ca0c30d71ec46a08b85621,9548a24a4faf5db17b5251df407b4402de033ae8648ec321c850fe6105002cf1,f03e9b40548b237a49c65fc91de8d79034f2eebff1da0442b6af685a9adf95bd
controlled-relative-map-ridge-diagnostic,target-seattle,osm-sionna-target-seattle-bank-12,wrong_city,720,38.87308514240314,56.50986432649284,-16.19572010177536,csi-pairs-formal-v2.1-v6,060d8671380acaf43bd0beb2c77ac5c6ec112e4ddc083451ab36a5916b7c9cac,ce0d6de3d77ed6edde2c9eca5f7ce4ab92c262b63ce50b25113c1cffc8a3ca46,False,CANDIDATE_NOT_DOMAIN_EVIDENCE,c63b699ed767134007e47157a733f68e4c31de8be4ca0c30d71ec46a08b85621,9548a24a4faf5db17b5251df407b4402de033ae8648ec321c850fe6105002cf1,f03e9b40548b237a49c65fc91de8d79034f2eebff1da0442b6af685a9adf95bd
controlled-relative-map-ridge-diagnostic,target-seattle,osm-sionna-target-seattle-bank-13,correct,864,65.80868154816608,85.4642667672644,0.0,csi-pairs-formal-v2.1-v6,060d8671380acaf43bd0beb2c77ac5c6ec112e4ddc083451ab36a5916b7c9cac,ce0d6de3d77ed6edde2c9eca5f7ce4ab92c262b63ce50b25113c1cffc8a3ca46,False,CANDIDATE_NOT_DOMAIN_EVIDENCE,c63b699ed767134007e47157a733f68e4c31de8be4ca0c30d71ec46a08b85621,9548a24a4faf5db17b5251df407b4402de033ae8648ec321c850fe6105002cf1,f03e9b40548b237a49c65fc91de8d79034f2eebff1da0442b6af685a9adf95bd
controlled-relative-map-ridge-diagnostic,target-seattle,osm-sionna-target-seattle-bank-13,empty,864,132.7791824731987,144.02304014682082,64.81779972555427,csi-pairs-formal-v2.1-v6,060d8671380acaf43bd0beb2c77ac5c6ec112e4ddc083451ab36a5916b7c9cac,ce0d6de3d77ed6edde2c9eca5f7ce4ab92c262b63ce50b25113c1cffc8a3ca46,False,CANDIDATE_NOT_DOMAIN_EVIDENCE,c63b699ed767134007e47157a733f68e4c31de8be4ca0c30d71ec46a08b85621,9548a24a4faf5db17b5251df407b4402de033ae8648ec321c850fe6105002cf1,f03e9b40548b237a49c65fc91de8d79034f2eebff1da0442b6af685a9adf95bd
controlled-relative-map-ridge-diagnostic,target-seattle,osm-sionna-target-seattle-bank-13,geometry_destroyed,864,1065.0907231213223,1074.0254801157705,999.8319583779825,csi-pairs-formal-v2.1-v6,060d8671380acaf43bd0beb2c77ac5c6ec112e4ddc083451ab36a5916b7c9cac,ce0d6de3d77ed6edde2c9eca5f7ce4ab92c262b63ce50b25113c1cffc8a3ca46,False,CANDIDATE_NOT_DOMAIN_EVIDENCE,c63b699ed767134007e47157a733f68e4c31de8be4ca0c30d71ec46a08b85621,9548a24a4faf5db17b5251df407b4402de033ae8648ec321c850fe6105002cf1,f03e9b40548b237a49c65fc91de8d79034f2eebff1da0442b6af685a9adf95bd
controlled-relative-map-ridge-diagnostic,target-seattle,osm-sionna-target-seattle-bank-13,paired_active_alternative,864,65.80907083567914,85.35202468589351,-0.00013245956742480303,csi-pairs-formal-v2.1-v6,060d8671380acaf43bd0beb2c77ac5c6ec112e4ddc083451ab36a5916b7c9cac,ce0d6de3d77ed6edde2c9eca5f7ce4ab92c262b63ce50b25113c1cffc8a3ca46,False,CANDIDATE_NOT_DOMAIN_EVIDENCE,c63b699ed767134007e47157a733f68e4c31de8be4ca0c30d71ec46a08b85621,9548a24a4faf5db17b5251df407b4402de033ae8648ec321c850fe6105002cf1,f03e9b40548b237a49c65fc91de8d79034f2eebff1da0442b6af685a9adf95bd
controlled-relative-map-ridge-diagnostic,target-seattle,osm-sionna-target-seattle-bank-13,paired_null_alternative,864,65.80868154816608,85.4642667672644,0.0,csi-pairs-formal-v2.1-v6,060d8671380acaf43bd0beb2c77ac5c6ec112e4ddc083451ab36a5916b7c9cac,ce0d6de3d77ed6edde2c9eca5f7ce4ab92c262b63ce50b25113c1cffc8a3ca46,False,CANDIDATE_NOT_DOMAIN_EVIDENCE,c63b699ed767134007e47157a733f68e4c31de8be4ca0c30d71ec46a08b85621,9548a24a4faf5db17b5251df407b4402de033ae8648ec321c850fe6105002cf1,f03e9b40548b237a49c65fc91de8d79034f2eebff1da0442b6af685a9adf95bd
controlled-relative-map-ridge-diagnostic,target-seattle,osm-sionna-target-seattle-bank-13,wrong_city,864,32.95263472033648,37.34091720786102,-32.8602916461147,csi-pairs-formal-v2.1-v6,060d8671380acaf43bd0beb2c77ac5c6ec112e4ddc083451ab36a5916b7c9cac,ce0d6de3d77ed6edde2c9eca5f7ce4ab92c262b63ce50b25113c1cffc8a3ca46,False,CANDIDATE_NOT_DOMAIN_EVIDENCE,c63b699ed767134007e47157a733f68e4c31de8be4ca0c30d71ec46a08b85621,9548a24a4faf5db17b5251df407b4402de033ae8648ec321c850fe6105002cf1,f03e9b40548b237a49c65fc91de8d79034f2eebff1da0442b6af685a9adf95bd
controlled-relative-map-ridge-diagnostic,target-seattle,osm-sionna-target-seattle-bank-14,correct,352,71.75425952707249,78.96784427788378,0.0,csi-pairs-formal-v2.1-v6,060d8671380acaf43bd0beb2c77ac5c6ec112e4ddc083451ab36a5916b7c9cac,ce0d6de3d77ed6edde2c9eca5f7ce4ab92c262b63ce50b25113c1cffc8a3ca46,False,CANDIDATE_NOT_DOMAIN_EVIDENCE,c63b699ed767134007e47157a733f68e4c31de8be4ca0c30d71ec46a08b85621,9548a24a4faf5db17b5251df407b4402de033ae8648ec321c850fe6105002cf1,f03e9b40548b237a49c65fc91de8d79034f2eebff1da0442b6af685a9adf95bd
controlled-relative-map-ridge-diagnostic,target-seattle,osm-sionna-target-seattle-bank-14,empty,352,120.98902157470164,122.43934823885607,49.02671629504266,csi-pairs-formal-v2.1-v6,060d8671380acaf43bd0beb2c77ac5c6ec112e4ddc083451ab36a5916b7c9cac,ce0d6de3d77ed6edde2c9eca5f7ce4ab92c262b63ce50b25113c1cffc8a3ca46,False,CANDIDATE_NOT_DOMAIN_EVIDENCE,c63b699ed767134007e47157a733f68e4c31de8be4ca0c30d71ec46a08b85621,9548a24a4faf5db17b5251df407b4402de033ae8648ec321c850fe6105002cf1,f03e9b40548b237a49c65fc91de8d79034f2eebff1da0442b6af685a9adf95bd
controlled-relative-map-ridge-diagnostic,target-seattle,osm-sionna-target-seattle-bank-14,geometry_destroyed,352,344.4874424004172,351.9348022847211,272.6045727025163,csi-pairs-formal-v2.1-v6,060d8671380acaf43bd0beb2c77ac5c6ec112e4ddc083451ab36a5916b7c9cac,ce0d6de3d77ed6edde2c9eca5f7ce4ab92c262b63ce50b25113c1cffc8a3ca46,False,CANDIDATE_NOT_DOMAIN_EVIDENCE,c63b699ed767134007e47157a733f68e4c31de8be4ca0c30d71ec46a08b85621,9548a24a4faf5db17b5251df407b4402de033ae8648ec321c850fe6105002cf1,f03e9b40548b237a49c65fc91de8d79034f2eebff1da0442b6af685a9adf95bd
controlled-relative-map-ridge-diagnostic,target-seattle,osm-sionna-target-seattle-bank-14,paired_active_alternative,352,71.69779488090279,78.97042621135395,-0.000714307933790792,csi-pairs-formal-v2.1-v6,060d8671380acaf43bd0beb2c77ac5c6ec112e4ddc083451ab36a5916b7c9cac,ce0d6de3d77ed6edde2c9eca5f7ce4ab92c262b63ce50b25113c1cffc8a3ca46,False,CANDIDATE_NOT_DOMAIN_EVIDENCE,c63b699ed767134007e47157a733f68e4c31de8be4ca0c30d71ec46a08b85621,9548a24a4faf5db17b5251df407b4402de033ae8648ec321c850fe6105002cf1,f03e9b40548b237a49c65fc91de8d79034f2eebff1da0442b6af685a9adf95bd
controlled-relative-map-ridge-diagnostic,target-seattle,osm-sionna-target-seattle-bank-14,paired_null_alternative,352,71.75425952707249,78.96784427788378,0.0,csi-pairs-formal-v2.1-v6,060d8671380acaf43bd0beb2c77ac5c6ec112e4ddc083451ab36a5916b7c9cac,ce0d6de3d77ed6edde2c9eca5f7ce4ab92c262b63ce50b25113c1cffc8a3ca46,False,CANDIDATE_NOT_DOMAIN_EVIDENCE,c63b699ed767134007e47157a733f68e4c31de8be4ca0c30d71ec46a08b85621,9548a24a4faf5db17b5251df407b4402de033ae8648ec321c850fe6105002cf1,f03e9b40548b237a49c65fc91de8d79034f2eebff1da0442b6af685a9adf95bd
controlled-relative-map-ridge-diagnostic,target-seattle,osm-sionna-target-seattle-bank-14,wrong_city,352,80.95623781548848,88.3686202896679,9.194254892604533,csi-pairs-formal-v2.1-v6,060d8671380acaf43bd0beb2c77ac5c6ec112e4ddc083451ab36a5916b7c9cac,ce0d6de3d77ed6edde2c9eca5f7ce4ab92c262b63ce50b25113c1cffc8a3ca46,False,CANDIDATE_NOT_DOMAIN_EVIDENCE,c63b699ed767134007e47157a733f68e4c31de8be4ca0c30d71ec46a08b85621,9548a24a4faf5db17b5251df407b4402de033ae8648ec321c850fe6105002cf1,f03e9b40548b237a49c65fc91de8d79034f2eebff1da0442b6af685a9adf95bd
controlled-relative-map-ridge-diagnostic,target-seattle,osm-sionna-target-seattle-bank-15,correct,752,181.50572127631426,197.7018264861455,0.0,csi-pairs-formal-v2.1-v6,060d8671380acaf43bd0beb2c77ac5c6ec112e4ddc083451ab36a5916b7c9cac,ce0d6de3d77ed6edde2c9eca5f7ce4ab92c262b63ce50b25113c1cffc8a3ca46,False,CANDIDATE_NOT_DOMAIN_EVIDENCE,c63b699ed767134007e47157a733f68e4c31de8be4ca0c30d71ec46a08b85621,9548a24a4faf5db17b5251df407b4402de033ae8648ec321c850fe6105002cf1,f03e9b40548b237a49c65fc91de8d79034f2eebff1da0442b6af685a9adf95bd
controlled-relative-map-ridge-diagnostic,target-seattle,osm-sionna-target-seattle-bank-15,empty,752,137.2284988582894,143.25606613950748,-44.29858691330419,csi-pairs-formal-v2.1-v6,060d8671380acaf43bd0beb2c77ac5c6ec112e4ddc083451ab36a5916b7c9cac,ce0d6de3d77ed6edde2c9eca5f7ce4ab92c262b63ce50b25113c1cffc8a3ca46,False,CANDIDATE_NOT_DOMAIN_EVIDENCE,c63b699ed767134007e47157a733f68e4c31de8be4ca0c30d71ec46a08b85621,9548a24a4faf5db17b5251df407b4402de033ae8648ec321c850fe6105002cf1,f03e9b40548b237a49c65fc91de8d79034f2eebff1da0442b6af685a9adf95bd
controlled-relative-map-ridge-diagnostic,target-seattle,osm-sionna-target-seattle-bank-15,geometry_destroyed,752,737.8929316406095,755.2560176447348,556.0534786719529,csi-pairs-formal-v2.1-v6,060d8671380acaf43bd0beb2c77ac5c6ec112e4ddc083451ab36a5916b7c9cac,ce0d6de3d77ed6edde2c9eca5f7ce4ab92c262b63ce50b25113c1cffc8a3ca46,False,CANDIDATE_NOT_DOMAIN_EVIDENCE,c63b699ed767134007e47157a733f68e4c31de8be4ca0c30d71ec46a08b85621,9548a24a4faf5db17b5251df407b4402de033ae8648ec321c850fe6105002cf1,f03e9b40548b237a49c65fc91de8d79034f2eebff1da0442b6af685a9adf95bd
controlled-relative-map-ridge-diagnostic,target-seattle,osm-sionna-target-seattle-bank-15,paired_active_alternative,752,181.37190190215318,197.73732921256087,-4.576793443789029e-05,csi-pairs-formal-v2.1-v6,060d8671380acaf43bd0beb2c77ac5c6ec112e4ddc083451ab36a5916b7c9cac,ce0d6de3d77ed6edde2c9eca5f7ce4ab92c262b63ce50b25113c1cffc8a3ca46,False,CANDIDATE_NOT_DOMAIN_EVIDENCE,c63b699ed767134007e47157a733f68e4c31de8be4ca0c30d71ec46a08b85621,9548a24a4faf5db17b5251df407b4402de033ae8648ec321c850fe6105002cf1,f03e9b40548b237a49c65fc91de8d79034f2eebff1da0442b6af685a9adf95bd
controlled-relative-map-ridge-diagnostic,target-seattle,osm-sionna-target-seattle-bank-15,paired_null_alternative,752,181.50572127631426,197.7018264861455,0.0,csi-pairs-formal-v2.1-v6,060d8671380acaf43bd0beb2c77ac5c6ec112e4ddc083451ab36a5916b7c9cac,ce0d6de3d77ed6edde2c9eca5f7ce4ab92c262b63ce50b25113c1cffc8a3ca46,False,CANDIDATE_NOT_DOMAIN_EVIDENCE,c63b699ed767134007e47157a733f68e4c31de8be4ca0c30d71ec46a08b85621,9548a24a4faf5db17b5251df407b4402de033ae8648ec321c850fe6105002cf1,f03e9b40548b237a49c65fc91de8d79034f2eebff1da0442b6af685a9adf95bd
controlled-relative-map-ridge-diagnostic,target-seattle,osm-sionna-target-seattle-bank-15,wrong_city,752,18.633207480559214,35.844253044041686,-163.06965064668225,csi-pairs-formal-v2.1-v6,060d8671380acaf43bd0beb2c77ac5c6ec112e4ddc083451ab36a5916b7c9cac,ce0d6de3d77ed6edde2c9eca5f7ce4ab92c262b63ce50b25113c1cffc8a3ca46,False,CANDIDATE_NOT_DOMAIN_EVIDENCE,c63b699ed767134007e47157a733f68e4c31de8be4ca0c30d71ec46a08b85621,9548a24a4faf5db17b5251df407b4402de033ae8648ec321c850fe6105002cf1,f03e9b40548b237a49c65fc91de8d79034f2eebff1da0442b6af685a9adf95bd
controlled-relative-map-ridge-diagnostic,target-seattle,osm-sionna-target-seattle-bank-16,correct,816,64.08713234388668,69.60264320720371,0.0,csi-pairs-formal-v2.1-v6,060d8671380acaf43bd0beb2c77ac5c6ec112e4ddc083451ab36a5916b7c9cac,ce0d6de3d77ed6edde2c9eca5f7ce4ab92c262b63ce50b25113c1cffc8a3ca46,False,CANDIDATE_NOT_DOMAIN_EVIDENCE,c63b699ed767134007e47157a733f68e4c31de8be4ca0c30d71ec46a08b85621,9548a24a4faf5db17b5251df407b4402de033ae8648ec321c850fe6105002cf1,f03e9b40548b237a49c65fc91de8d79034f2eebff1da0442b6af685a9adf95bd
controlled-relative-map-ridge-diagnostic,target-seattle,osm-sionna-target-seattle-bank-16,empty,816,149.29517509878724,154.1695018727003,85.11256275212111,csi-pairs-formal-v2.1-v6,060d8671380acaf43bd0beb2c77ac5c6ec112e4ddc083451ab36a5916b7c9cac,ce0d6de3d77ed6edde2c9eca5f7ce4ab92c262b63ce50b25113c1cffc8a3ca46,False,CANDIDATE_NOT_DOMAIN_EVIDENCE,c63b699ed767134007e47157a733f68e4c31de8be4ca0c30d71ec46a08b85621,9548a24a4faf5db17b5251df407b4402de033ae8648ec321c850fe6105002cf1,f03e9b40548b237a49c65fc91de8d79034f2eebff1da0442b6af685a9adf95bd
controlled-relative-map-ridge-diagnostic,target-seattle,osm-sionna-target-seattle-bank-16,geometry_destroyed,816,659.5382387911123,669.4884167550567,595.7497947513789,csi-pairs-formal-v2.1-v6,060d8671380acaf43bd0beb2c77ac5c6ec112e4ddc083451ab36a5916b7c9cac,ce0d6de3d77ed6edde2c9eca5f7ce4ab92c262b63ce50b25113c1cffc8a3ca46,False,CANDIDATE_NOT_DOMAIN_EVIDENCE,c63b699ed767134007e47157a733f68e4c31de8be4ca0c30d71ec46a08b85621,9548a24a4faf5db17b5251df407b4402de033ae8648ec321c850fe6105002cf1,f03e9b40548b237a49c65fc91de8d79034f2eebff1da0442b6af685a9adf95bd
controlled-relative-map-ridge-diagnostic,target-seattle,osm-sionna-target-seattle-bank-16,paired_active_alternative,816,64.09555864024162,69.67732537479463,0.09582927414131603,csi-pairs-formal-v2.1-v6,060d8671380acaf43bd0beb2c77ac5c6ec112e4ddc083451ab36a5916b7c9cac,ce0d6de3d77ed6edde2c9eca5f7ce4ab92c262b63ce50b25113c1cffc8a3ca46,False,CANDIDATE_NOT_DOMAIN_EVIDENCE,c63b699ed767134007e47157a733f68e4c31de8be4ca0c30d71ec46a08b85621,9548a24a4faf5db17b5251df407b4402de033ae8648ec321c850fe6105002cf1,f03e9b40548b237a49c65fc91de8d79034f2eebff1da0442b6af685a9adf95bd
controlled-relative-map-ridge-diagnostic,target-seattle,osm-sionna-target-seattle-bank-16,paired_null_alternative,816,64.08713234388668,69.60264320720371,0.0,csi-pairs-formal-v2.1-v6,060d8671380acaf43bd0beb2c77ac5c6ec112e4ddc083451ab36a5916b7c9cac,ce0d6de3d77ed6edde2c9eca5f7ce4ab92c262b63ce50b25113c1cffc8a3ca46,False,CANDIDATE_NOT_DOMAIN_EVIDENCE,c63b699ed767134007e47157a733f68e4c31de8be4ca0c30d71ec46a08b85621,9548a24a4faf5db17b5251df407b4402de033ae8648ec321c850fe6105002cf1,f03e9b40548b237a49c65fc91de8d79034f2eebff1da0442b6af685a9adf95bd
controlled-relative-map-ridge-diagnostic,target-seattle,osm-sionna-target-seattle-bank-16,wrong_city,816,5.524157433522809,11.202452772369657,-59.423120301192405,csi-pairs-formal-v2.1-v6,060d8671380acaf43bd0beb2c77ac5c6ec112e4ddc083451ab36a5916b7c9cac,ce0d6de3d77ed6edde2c9eca5f7ce4ab92c262b63ce50b25113c1cffc8a3ca46,False,CANDIDATE_NOT_DOMAIN_EVIDENCE,c63b699ed767134007e47157a733f68e4c31de8be4ca0c30d71ec46a08b85621,9548a24a4faf5db17b5251df407b4402de033ae8648ec321c850fe6105002cf1,f03e9b40548b237a49c65fc91de8d79034f2eebff1da0442b6af685a9adf95bd
controlled-relative-map-ridge-diagnostic,target-seattle,osm-sionna-target-seattle-bank-17,correct,784,49.89204432896529,53.854480114693246,0.0,csi-pairs-formal-v2.1-v6,060d8671380acaf43bd0beb2c77ac5c6ec112e4ddc083451ab36a5916b7c9cac,ce0d6de3d77ed6edde2c9eca5f7ce4ab92c262b63ce50b25113c1cffc8a3ca46,False,CANDIDATE_NOT_DOMAIN_EVIDENCE,c63b699ed767134007e47157a733f68e4c31de8be4ca0c30d71ec46a08b85621,9548a24a4faf5db17b5251df407b4402de033ae8648ec321c850fe6105002cf1,f03e9b40548b237a49c65fc91de8d79034f2eebff1da0442b6af685a9adf95bd
controlled-relative-map-ridge-diagnostic,target-seattle,osm-sionna-target-seattle-bank-17,empty,784,122.82951720596841,125.49719964717778,74.11928915830035,csi-pairs-formal-v2.1-v6,060d8671380acaf43bd0beb2c77ac5c6ec112e4ddc083451ab36a5916b7c9cac,ce0d6de3d77ed6edde2c9eca5f7ce4ab92c262b63ce50b25113c1cffc8a3ca46,False,CANDIDATE_NOT_DOMAIN_EVIDENCE,c63b699ed767134007e47157a733f68e4c31de8be4ca0c30d71ec46a08b85621,9548a24a4faf5db17b5251df407b4402de033ae8648ec321c850fe6105002cf1,f03e9b40548b237a49c65fc91de8d79034f2eebff1da0442b6af685a9adf95bd
controlled-relative-map-ridge-diagnostic,target-seattle,osm-sionna-target-seattle-bank-17,geometry_destroyed,784,862.7702521675889,874.8469736503222,813.2028761300106,csi-pairs-formal-v2.1-v6,060d8671380acaf43bd0beb2c77ac5c6ec112e4ddc083451ab36a5916b7c9cac,ce0d6de3d77ed6edde2c9eca5f7ce4ab92c262b63ce50b25113c1cffc8a3ca46,False,CANDIDATE_NOT_DOMAIN_EVIDENCE,c63b699ed767134007e47157a733f68e4c31de8be4ca0c30d71ec46a08b85621,9548a24a4faf5db17b5251df407b4402de033ae8648ec321c850fe6105002cf1,f03e9b40548b237a49c65fc91de8d79034f2eebff1da0442b6af685a9adf95bd
controlled-relative-map-ridge-diagnostic,target-seattle,osm-sionna-target-seattle-bank-17,paired_active_alternative,784,49.88473499647725,53.870914552565736,5.810792549709731e-05,csi-pairs-formal-v2.1-v6,060d8671380acaf43bd0beb2c77ac5c6ec112e4ddc083451ab36a5916b7c9cac,ce0d6de3d77ed6edde2c9eca5f7ce4ab92c262b63ce50b25113c1cffc8a3ca46,False,CANDIDATE_NOT_DOMAIN_EVIDENCE,c63b699ed767134007e47157a733f68e4c31de8be4ca0c30d71ec46a08b85621,9548a24a4faf5db17b5251df407b4402de033ae8648ec321c850fe6105002cf1,f03e9b40548b237a49c65fc91de8d79034f2eebff1da0442b6af685a9adf95bd
controlled-relative-map-ridge-diagnostic,target-seattle,osm-sionna-target-seattle-bank-17,paired_null_alternative,784,49.89204432896529,53.854480114693246,0.0,csi-pairs-formal-v2.1-v6,060d8671380acaf43bd0beb2c77ac5c6ec112e4ddc083451ab36a5916b7c9cac,ce0d6de3d77ed6edde2c9eca5f7ce4ab92c262b63ce50b25113c1cffc8a3ca46,False,CANDIDATE_NOT_DOMAIN_EVIDENCE,c63b699ed767134007e47157a733f68e4c31de8be4ca0c30d71ec46a08b85621,9548a24a4faf5db17b5251df407b4402de033ae8648ec321c850fe6105002cf1,f03e9b40548b237a49c65fc91de8d79034f2eebff1da0442b6af685a9adf95bd
controlled-relative-map-ridge-diagnostic,target-seattle,osm-sionna-target-seattle-bank-17,wrong_city,784,61.02953854769193,72.94837391220027,11.052302423401521,csi-pairs-formal-v2.1-v6,060d8671380acaf43bd0beb2c77ac5c6ec112e4ddc083451ab36a5916b7c9cac,ce0d6de3d77ed6edde2c9eca5f7ce4ab92c262b63ce50b25113c1cffc8a3ca46,False,CANDIDATE_NOT_DOMAIN_EVIDENCE,c63b699ed767134007e47157a733f68e4c31de8be4ca0c30d71ec46a08b85621,9548a24a4faf5db17b5251df407b4402de033ae8648ec321c850fe6105002cf1,f03e9b40548b237a49c65fc91de8d79034f2eebff1da0442b6af685a9adf95bd
controlled-relative-map-ridge-diagnostic,target-seattle,osm-sionna-target-seattle-bank-18,correct,672,100.13723091514923,113.06903089243228,0.0,csi-pairs-formal-v2.1-v6,060d8671380acaf43bd0beb2c77ac5c6ec112e4ddc083451ab36a5916b7c9cac,ce0d6de3d77ed6edde2c9eca5f7ce4ab92c262b63ce50b25113c1cffc8a3ca46,False,CANDIDATE_NOT_DOMAIN_EVIDENCE,c63b699ed767134007e47157a733f68e4c31de8be4ca0c30d71ec46a08b85621,9548a24a4faf5db17b5251df407b4402de033ae8648ec321c850fe6105002cf1,f03e9b40548b237a49c65fc91de8d79034f2eebff1da0442b6af685a9adf95bd
controlled-relative-map-ridge-diagnostic,target-seattle,osm-sionna-target-seattle-bank-18,empty,672,124.22375115376681,128.8333826524715,23.130268206578776,csi-pairs-formal-v2.1-v6,060d8671380acaf43bd0beb2c77ac5c6ec112e4ddc083451ab36a5916b7c9cac,ce0d6de3d77ed6edde2c9eca5f7ce4ab92c262b63ce50b25113c1cffc8a3ca46,False,CANDIDATE_NOT_DOMAIN_EVIDENCE,c63b699ed767134007e47157a733f68e4c31de8be4ca0c30d71ec46a08b85621,9548a24a4faf5db17b5251df407b4402de033ae8648ec321c850fe6105002cf1,f03e9b40548b237a49c65fc91de8d79034f2eebff1da0442b6af685a9adf95bd
controlled-relative-map-ridge-diagnostic,target-seattle,osm-sionna-target-seattle-bank-18,geometry_destroyed,672,983.8970094002414,991.0048967003494,883.8738750901879,csi-pairs-formal-v2.1-v6,060d8671380acaf43bd0beb2c77ac5c6ec112e4ddc083451ab36a5916b7c9cac,ce0d6de3d77ed6edde2c9eca5f7ce4ab92c262b63ce50b25113c1cffc8a3ca46,False,CANDIDATE_NOT_DOMAIN_EVIDENCE,c63b699ed767134007e47157a733f68e4c31de8be4ca0c30d71ec46a08b85621,9548a24a4faf5db17b5251df407b4402de033ae8648ec321c850fe6105002cf1,f03e9b40548b237a49c65fc91de8d79034f2eebff1da0442b6af685a9adf95bd
controlled-relative-map-ridge-diagnostic,target-seattle,osm-sionna-target-seattle-bank-18,paired_active_alternative,672,100.09442749496125,112.89091204714877,-0.12183717577612185,csi-pairs-formal-v2.1-v6,060d8671380acaf43bd0beb2c77ac5c6ec112e4ddc083451ab36a5916b7c9cac,ce0d6de3d77ed6edde2c9eca5f7ce4ab92c262b63ce50b25113c1cffc8a3ca46,False,CANDIDATE_NOT_DOMAIN_EVIDENCE,c63b699ed767134007e47157a733f68e4c31de8be4ca0c30d71ec46a08b85621,9548a24a4faf5db17b5251df407b4402de033ae8648ec321c850fe6105002cf1,f03e9b40548b237a49c65fc91de8d79034f2eebff1da0442b6af685a9adf95bd
controlled-relative-map-ridge-diagnostic,target-seattle,osm-sionna-target-seattle-bank-18,paired_null_alternative,672,100.13723091514923,113.06903089243228,0.0,csi-pairs-formal-v2.1-v6,060d8671380acaf43bd0beb2c77ac5c6ec112e4ddc083451ab36a5916b7c9cac,ce0d6de3d77ed6edde2c9eca5f7ce4ab92c262b63ce50b25113c1cffc8a3ca46,False,CANDIDATE_NOT_DOMAIN_EVIDENCE,c63b699ed767134007e47157a733f68e4c31de8be4ca0c30d71ec46a08b85621,9548a24a4faf5db17b5251df407b4402de033ae8648ec321c850fe6105002cf1,f03e9b40548b237a49c65fc91de8d79034f2eebff1da0442b6af685a9adf95bd
controlled-relative-map-ridge-diagnostic,target-seattle,osm-sionna-target-seattle-bank-18,wrong_city,672,54.9281258336177,59.39327012503856,-45.14297607282437,csi-pairs-formal-v2.1-v6,060d8671380acaf43bd0beb2c77ac5c6ec112e4ddc083451ab36a5916b7c9cac,ce0d6de3d77ed6edde2c9eca5f7ce4ab92c262b63ce50b25113c1cffc8a3ca46,False,CANDIDATE_NOT_DOMAIN_EVIDENCE,c63b699ed767134007e47157a733f68e4c31de8be4ca0c30d71ec46a08b85621,9548a24a4faf5db17b5251df407b4402de033ae8648ec321c850fe6105002cf1,f03e9b40548b237a49c65fc91de8d79034f2eebff1da0442b6af685a9adf95bd
controlled-relative-map-ridge-diagnostic,target-seattle,osm-sionna-target-seattle-bank-19,correct,756,14.185998330279034,22.17731667511857,0.0,csi-pairs-formal-v2.1-v6,060d8671380acaf43bd0beb2c77ac5c6ec112e4ddc083451ab36a5916b7c9cac,ce0d6de3d77ed6edde2c9eca5f7ce4ab92c262b63ce50b25113c1cffc8a3ca46,False,CANDIDATE_NOT_DOMAIN_EVIDENCE,c63b699ed767134007e47157a733f68e4c31de8be4ca0c30d71ec46a08b85621,9548a24a4faf5db17b5251df407b4402de033ae8648ec321c850fe6105002cf1,f03e9b40548b237a49c65fc91de8d79034f2eebff1da0442b6af685a9adf95bd
controlled-relative-map-ridge-diagnostic,target-seattle,osm-sionna-target-seattle-bank-19,empty,756,120.03700133276102,121.46623017863092,106.16798982218894,csi-pairs-formal-v2.1-v6,060d8671380acaf43bd0beb2c77ac5c6ec112e4ddc083451ab36a5916b7c9cac,ce0d6de3d77ed6edde2c9eca5f7ce4ab92c262b63ce50b25113c1cffc8a3ca46,False,CANDIDATE_NOT_DOMAIN_EVIDENCE,c63b699ed767134007e47157a733f68e4c31de8be4ca0c30d71ec46a08b85621,9548a24a4faf5db17b5251df407b4402de033ae8648ec321c850fe6105002cf1,f03e9b40548b237a49c65fc91de8d79034f2eebff1da0442b6af685a9adf95bd
controlled-relative-map-ridge-diagnostic,target-seattle,osm-sionna-target-seattle-bank-19,geometry_destroyed,756,1133.5657390483348,1143.303958569948,1119.1242515923464,csi-pairs-formal-v2.1-v6,060d8671380acaf43bd0beb2c77ac5c6ec112e4ddc083451ab36a5916b7c9cac,ce0d6de3d77ed6edde2c9eca5f7ce4ab92c262b63ce50b25113c1cffc8a3ca46,False,CANDIDATE_NOT_DOMAIN_EVIDENCE,c63b699ed767134007e47157a733f68e4c31de8be4ca0c30d71ec46a08b85621,9548a24a4faf5db17b5251df407b4402de033ae8648ec321c850fe6105002cf1,f03e9b40548b237a49c65fc91de8d79034f2eebff1da0442b6af685a9adf95bd
controlled-relative-map-ridge-diagnostic,target-seattle,osm-sionna-target-seattle-bank-19,paired_active_alternative,756,14.128320723505546,22.144226916861392,0.028649219795129355,csi-pairs-formal-v2.1-v6,060d8671380acaf43bd0beb2c77ac5c6ec112e4ddc083451ab36a5916b7c9cac,ce0d6de3d77ed6edde2c9eca5f7ce4ab92c262b63ce50b25113c1cffc8a3ca46,False,CANDIDATE_NOT_DOMAIN_EVIDENCE,c63b699ed767134007e47157a733f68e4c31de8be4ca0c30d71ec46a08b85621,9548a24a4faf5db17b5251df407b4402de033ae8648ec321c850fe6105002cf1,f03e9b40548b237a49c65fc91de8d79034f2eebff1da0442b6af685a9adf95bd
controlled-relative-map-ridge-diagnostic,target-seattle,osm-sionna-target-seattle-bank-19,paired_null_alternative,756,14.185998330279034,22.17731667511857,0.0,csi-pairs-formal-v2.1-v6,060d8671380acaf43bd0beb2c77ac5c6ec112e4ddc083451ab36a5916b7c9cac,ce0d6de3d77ed6edde2c9eca5f7ce4ab92c262b63ce50b25113c1cffc8a3ca46,False,CANDIDATE_NOT_DOMAIN_EVIDENCE,c63b699ed767134007e47157a733f68e4c31de8be4ca0c30d71ec46a08b85621,9548a24a4faf5db17b5251df407b4402de033ae8648ec321c850fe6105002cf1,f03e9b40548b237a49c65fc91de8d79034f2eebff1da0442b6af685a9adf95bd
controlled-relative-map-ridge-diagnostic,target-seattle,osm-sionna-target-seattle-bank-19,wrong_city,756,81.07006992528673,90.09638284767479,67.36534772395214,csi-pairs-formal-v2.1-v6,060d8671380acaf43bd0beb2c77ac5c6ec112e4ddc083451ab36a5916b7c9cac,ce0d6de3d77ed6edde2c9eca5f7ce4ab92c262b63ce50b25113c1cffc8a3ca46,False,CANDIDATE_NOT_DOMAIN_EVIDENCE,c63b699ed767134007e47157a733f68e4c31de8be4ca0c30d71ec46a08b85621,9548a24a4faf5db17b5251df407b4402de033ae8648ec321c850fe6105002cf1,f03e9b40548b237a49c65fc91de8d79034f2eebff1da0442b6af685a9adf95bd
controlled-relative-map-ridge-diagnostic,target-seattle,osm-sionna-target-seattle-bank-20,correct,768,68.1907101663673,79.67532001032339,0.0,csi-pairs-formal-v2.1-v6,060d8671380acaf43bd0beb2c77ac5c6ec112e4ddc083451ab36a5916b7c9cac,ce0d6de3d77ed6edde2c9eca5f7ce4ab92c262b63ce50b25113c1cffc8a3ca46,False,CANDIDATE_NOT_DOMAIN_EVIDENCE,c63b699ed767134007e47157a733f68e4c31de8be4ca0c30d71ec46a08b85621,9548a24a4faf5db17b5251df407b4402de033ae8648ec321c850fe6105002cf1,f03e9b40548b237a49c65fc91de8d79034f2eebff1da0442b6af685a9adf95bd
controlled-relative-map-ridge-diagnostic,target-seattle,osm-sionna-target-seattle-bank-20,empty,768,134.3356960103077,143.11305243870225,67.0059027762596,csi-pairs-formal-v2.1-v6,060d8671380acaf43bd0beb2c77ac5c6ec112e4ddc083451ab36a5916b7c9cac,ce0d6de3d77ed6edde2c9eca5f7ce4ab92c262b63ce50b25113c1cffc8a3ca46,False,CANDIDATE_NOT_DOMAIN_EVIDENCE,c63b699ed767134007e47157a733f68e4c31de8be4ca0c30d71ec46a08b85621,9548a24a4faf5db17b5251df407b4402de033ae8648ec321c850fe6105002cf1,f03e9b40548b237a49c65fc91de8d79034f2eebff1da0442b6af685a9adf95bd
controlled-relative-map-ridge-diagnostic,target-seattle,osm-sionna-target-seattle-bank-20,geometry_destroyed,768,456.4212531150738,472.2824868839393,388.25729811399617,csi-pairs-formal-v2.1-v6,060d8671380acaf43bd0beb2c77ac5c6ec112e4ddc083451ab36a5916b7c9cac,ce0d6de3d77ed6edde2c9eca5f7ce4ab92c262b63ce50b25113c1cffc8a3ca46,False,CANDIDATE_NOT_DOMAIN_EVIDENCE,c63b699ed767134007e47157a733f68e4c31de8be4ca0c30d71ec46a08b85621,9548a24a4faf5db17b5251df407b4402de033ae8648ec321c850fe6105002cf1,f03e9b40548b237a49c65fc91de8d79034f2eebff1da0442b6af685a9adf95bd
controlled-relative-map-ridge-diagnostic,target-seattle,osm-sionna-target-seattle-bank-20,paired_active_alternative,768,68.10496620121359,79.7122803735762,0.0002708563351845328,csi-pairs-formal-v2.1-v6,060d8671380acaf43bd0beb2c77ac5c6ec112e4ddc083451ab36a5916b7c9cac,ce0d6de3d77ed6edde2c9eca5f7ce4ab92c262b63ce50b25113c1cffc8a3ca46,False,CANDIDATE_NOT_DOMAIN_EVIDENCE,c63b699ed767134007e47157a733f68e4c31de8be4ca0c30d71ec46a08b85621,9548a24a4faf5db17b5251df407b4402de033ae8648ec321c850fe6105002cf1,f03e9b40548b237a49c65fc91de8d79034f2eebff1da0442b6af685a9adf95bd
controlled-relative-map-ridge-diagnostic,target-seattle,osm-sionna-target-seattle-bank-20,paired_null_alternative,768,68.1907101663673,79.67532001032339,0.0,csi-pairs-formal-v2.1-v6,060d8671380acaf43bd0beb2c77ac5c6ec112e4ddc083451ab36a5916b7c9cac,ce0d6de3d77ed6edde2c9eca5f7ce4ab92c262b63ce50b25113c1cffc8a3ca46,False,CANDIDATE_NOT_DOMAIN_EVIDENCE,c63b699ed767134007e47157a733f68e4c31de8be4ca0c30d71ec46a08b85621,9548a24a4faf5db17b5251df407b4402de033ae8648ec321c850fe6105002cf1,f03e9b40548b237a49c65fc91de8d79034f2eebff1da0442b6af685a9adf95bd
controlled-relative-map-ridge-diagnostic,target-seattle,osm-sionna-target-seattle-bank-20,wrong_city,768,25.070349492171104,42.62399739212309,-42.970324582821945,csi-pairs-formal-v2.1-v6,060d8671380acaf43bd0beb2c77ac5c6ec112e4ddc083451ab36a5916b7c9cac,ce0d6de3d77ed6edde2c9eca5f7ce4ab92c262b63ce50b25113c1cffc8a3ca46,False,CANDIDATE_NOT_DOMAIN_EVIDENCE,c63b699ed767134007e47157a733f68e4c31de8be4ca0c30d71ec46a08b85621,9548a24a4faf5db17b5251df407b4402de033ae8648ec321c850fe6105002cf1,f03e9b40548b237a49c65fc91de8d79034f2eebff1da0442b6af685a9adf95bd
controlled-relative-map-ridge-diagnostic,target-seattle,osm-sionna-target-seattle-bank-21,correct,782,147.6488561031903,154.71434354870092,0.0,csi-pairs-formal-v2.1-v6,060d8671380acaf43bd0beb2c77ac5c6ec112e4ddc083451ab36a5916b7c9cac,ce0d6de3d77ed6edde2c9eca5f7ce4ab92c262b63ce50b25113c1cffc8a3ca46,False,CANDIDATE_NOT_DOMAIN_EVIDENCE,c63b699ed767134007e47157a733f68e4c31de8be4ca0c30d71ec46a08b85621,9548a24a4faf5db17b5251df407b4402de033ae8648ec321c850fe6105002cf1,f03e9b40548b237a49c65fc91de8d79034f2eebff1da0442b6af685a9adf95bd
controlled-relative-map-ridge-diagnostic,target-seattle,osm-sionna-target-seattle-bank-21,empty,782,120.86042660666237,122.18680459668548,-27.94030284799377,csi-pairs-formal-v2.1-v6,060d8671380acaf43bd0beb2c77ac5c6ec112e4ddc083451ab36a5916b7c9cac,ce0d6de3d77ed6edde2c9eca5f7ce4ab92c262b63ce50b25113c1cffc8a3ca46,False,CANDIDATE_NOT_DOMAIN_EVIDENCE,c63b699ed767134007e47157a733f68e4c31de8be4ca0c30d71ec46a08b85621,9548a24a4faf5db17b5251df407b4402de033ae8648ec321c850fe6105002cf1,f03e9b40548b237a49c65fc91de8d79034f2eebff1da0442b6af685a9adf95bd
controlled-relative-map-ridge-diagnostic,target-seattle,osm-sionna-target-seattle-bank-21,geometry_destroyed,782,1671.4148376303385,1680.031404806575,1523.4808204133105,csi-pairs-formal-v2.1-v6,060d8671380acaf43bd0beb2c77ac5c6ec112e4ddc083451ab36a5916b7c9cac,ce0d6de3d77ed6edde2c9eca5f7ce4ab92c262b63ce50b25113c1cffc8a3ca46,False,CANDIDATE_NOT_DOMAIN_EVIDENCE,c63b699ed767134007e47157a733f68e4c31de8be4ca0c30d71ec46a08b85621,9548a24a4faf5db17b5251df407b4402de033ae8648ec321c850fe6105002cf1,f03e9b40548b237a49c65fc91de8d79034f2eebff1da0442b6af685a9adf95bd
controlled-relative-map-ridge-diagnostic,target-seattle,osm-sionna-target-seattle-bank-21,paired_active_alternative,782,147.68276365133477,154.65142460727094,0.11231957949274829,csi-pairs-formal-v2.1-v6,060d8671380acaf43bd0beb2c77ac5c6ec112e4ddc083451ab36a5916b7c9cac,ce0d6de3d77ed6edde2c9eca5f7ce4ab92c262b63ce50b25113c1cffc8a3ca46,False,CANDIDATE_NOT_DOMAIN_EVIDENCE,c63b699ed767134007e47157a733f68e4c31de8be4ca0c30d71ec46a08b85621,9548a24a4faf5db17b5251df407b4402de033ae8648ec321c850fe6105002cf1,f03e9b40548b237a49c65fc91de8d79034f2eebff1da0442b6af685a9adf95bd
controlled-relative-map-ridge-diagnostic,target-seattle,osm-sionna-target-seattle-bank-21,paired_null_alternative,782,147.6382847396337,154.71434354870092,-0.11179174061913955,csi-pairs-formal-v2.1-v6,060d8671380acaf43bd0beb2c77ac5c6ec112e4ddc083451ab36a5916b7c9cac,ce0d6de3d77ed6edde2c9eca5f7ce4ab92c262b63ce50b25113c1cffc8a3ca46,False,CANDIDATE_NOT_DOMAIN_EVIDENCE,c63b699ed767134007e47157a733f68e4c31de8be4ca0c30d71ec46a08b85621,9548a24a4faf5db17b5251df407b4402de033ae8648ec321c850fe6105002cf1,f03e9b40548b237a49c65fc91de8d79034f2eebff1da0442b6af685a9adf95bd
controlled-relative-map-ridge-diagnostic,target-seattle,osm-sionna-target-seattle-bank-21,wrong_city,782,74.57219765123737,80.7449294303324,-73.11215394720043,csi-pairs-formal-v2.1-v6,060d8671380acaf43bd0beb2c77ac5c6ec112e4ddc083451ab36a5916b7c9cac,ce0d6de3d77ed6edde2c9eca5f7ce4ab92c262b63ce50b25113c1cffc8a3ca46,False,CANDIDATE_NOT_DOMAIN_EVIDENCE,c63b699ed767134007e47157a733f68e4c31de8be4ca0c30d71ec46a08b85621,9548a24a4faf5db17b5251df407b4402de033ae8648ec321c850fe6105002cf1,f03e9b40548b237a49c65fc91de8d79034f2eebff1da0442b6af685a9adf95bd
controlled-relative-map-ridge-diagnostic,target-seattle,osm-sionna-target-seattle-bank-22,correct,800,72.00555600426333,78.20411424216512,0.0,csi-pairs-formal-v2.1-v6,060d8671380acaf43bd0beb2c77ac5c6ec112e4ddc083451ab36a5916b7c9cac,ce0d6de3d77ed6edde2c9eca5f7ce4ab92c262b63ce50b25113c1cffc8a3ca46,False,CANDIDATE_NOT_DOMAIN_EVIDENCE,c63b699ed767134007e47157a733f68e4c31de8be4ca0c30d71ec46a08b85621,9548a24a4faf5db17b5251df407b4402de033ae8648ec321c850fe6105002cf1,f03e9b40548b237a49c65fc91de8d79034f2eebff1da0442b6af685a9adf95bd
controlled-relative-map-ridge-diagnostic,target-seattle,osm-sionna-target-seattle-bank-22,empty,800,170.5628712433795,175.03332635502122,98.64974160218408,csi-pairs-formal-v2.1-v6,060d8671380acaf43bd0beb2c77ac5c6ec112e4ddc083451ab36a5916b7c9cac,ce0d6de3d77ed6edde2c9eca5f7ce4ab92c262b63ce50b25113c1cffc8a3ca46,False,CANDIDATE_NOT_DOMAIN_EVIDENCE,c63b699ed767134007e47157a733f68e4c31de8be4ca0c30d71ec46a08b85621,9548a24a4faf5db17b5251df407b4402de033ae8648ec321c850fe6105002cf1,f03e9b40548b237a49c65fc91de8d79034f2eebff1da0442b6af685a9adf95bd
controlled-relative-map-ridge-diagnostic,target-seattle,osm-sionna-target-seattle-bank-22,geometry_destroyed,800,279.17044823627975,286.987644833262,207.0569416852403,csi-pairs-formal-v2.1-v6,060d8671380acaf43bd0beb2c77ac5c6ec112e4ddc083451ab36a5916b7c9cac,ce0d6de3d77ed6edde2c9eca5f7ce4ab92c262b63ce50b25113c1cffc8a3ca46,False,CANDIDATE_NOT_DOMAIN_EVIDENCE,c63b699ed767134007e47157a733f68e4c31de8be4ca0c30d71ec46a08b85621,9548a24a4faf5db17b5251df407b4402de033ae8648ec321c850fe6105002cf1,f03e9b40548b237a49c65fc91de8d79034f2eebff1da0442b6af685a9adf95bd
controlled-relative-map-ridge-diagnostic,target-seattle,osm-sionna-target-seattle-bank-22,paired_active_alternative,800,72.12962557805358,78.16249668309109,-0.04293825504776905,csi-pairs-formal-v2.1-v6,060d8671380acaf43bd0beb2c77ac5c6ec112e4ddc083451ab36a5916b7c9cac,ce0d6de3d77ed6edde2c9eca5f7ce4ab92c262b63ce50b25113c1cffc8a3ca46,False,CANDIDATE_NOT_DOMAIN_EVIDENCE,c63b699ed767134007e47157a733f68e4c31de8be4ca0c30d71ec46a08b85621,9548a24a4faf5db17b5251df407b4402de033ae8648ec321c850fe6105002cf1,f03e9b40548b237a49c65fc91de8d79034f2eebff1da0442b6af685a9adf95bd
controlled-relative-map-ridge-diagnostic,target-seattle,osm-sionna-target-seattle-bank-22,paired_null_alternative,800,72.00555600426333,78.20411424216512,0.0,csi-pairs-formal-v2.1-v6,060d8671380acaf43bd0beb2c77ac5c6ec112e4ddc083451ab36a5916b7c9cac,ce0d6de3d77ed6edde2c9eca5f7ce4ab92c262b63ce50b25113c1cffc8a3ca46,False,CANDIDATE_NOT_DOMAIN_EVIDENCE,c63b699ed767134007e47157a733f68e4c31de8be4ca0c30d71ec46a08b85621,9548a24a4faf5db17b5251df407b4402de033ae8648ec321c850fe6105002cf1,f03e9b40548b237a49c65fc91de8d79034f2eebff1da0442b6af685a9adf95bd
controlled-relative-map-ridge-diagnostic,target-seattle,osm-sionna-target-seattle-bank-22,wrong_city,800,34.41160256728419,41.06742615747953,-37.343134625327,csi-pairs-formal-v2.1-v6,060d8671380acaf43bd0beb2c77ac5c6ec112e4ddc083451ab36a5916b7c9cac,ce0d6de3d77ed6edde2c9eca5f7ce4ab92c262b63ce50b25113c1cffc8a3ca46,False,CANDIDATE_NOT_DOMAIN_EVIDENCE,c63b699ed767134007e47157a733f68e4c31de8be4ca0c30d71ec46a08b85621,9548a24a4faf5db17b5251df407b4402de033ae8648ec321c850fe6105002cf1,f03e9b40548b237a49c65fc91de8d79034f2eebff1da0442b6af685a9adf95bd
controlled-relative-map-ridge-diagnostic,target-seattle,osm-sionna-target-seattle-bank-23,correct,968,99.83003747566454,105.08596940696948,0.0,csi-pairs-formal-v2.1-v6,060d8671380acaf43bd0beb2c77ac5c6ec112e4ddc083451ab36a5916b7c9cac,ce0d6de3d77ed6edde2c9eca5f7ce4ab92c262b63ce50b25113c1cffc8a3ca46,False,CANDIDATE_NOT_DOMAIN_EVIDENCE,c63b699ed767134007e47157a733f68e4c31de8be4ca0c30d71ec46a08b85621,9548a24a4faf5db17b5251df407b4402de033ae8648ec321c850fe6105002cf1,f03e9b40548b237a49c65fc91de8d79034f2eebff1da0442b6af685a9adf95bd
controlled-relative-map-ridge-diagnostic,target-seattle,osm-sionna-target-seattle-bank-23,empty,968,164.5914400069843,168.61053066115858,64.7551354063302,csi-pairs-formal-v2.1-v6,060d8671380acaf43bd0beb2c77ac5c6ec112e4ddc083451ab36a5916b7c9cac,ce0d6de3d77ed6edde2c9eca5f7ce4ab92c262b63ce50b25113c1cffc8a3ca46,False,CANDIDATE_NOT_DOMAIN_EVIDENCE,c63b699ed767134007e47157a733f68e4c31de8be4ca0c30d71ec46a08b85621,9548a24a4faf5db17b5251df407b4402de033ae8648ec321c850fe6105002cf1,f03e9b40548b237a49c65fc91de8d79034f2eebff1da0442b6af685a9adf95bd
controlled-relative-map-ridge-diagnostic,target-seattle,osm-sionna-target-seattle-bank-23,geometry_destroyed,968,760.4232424454065,769.0014329690068,660.2678389140925,csi-pairs-formal-v2.1-v6,060d8671380acaf43bd0beb2c77ac5c6ec112e4ddc083451ab36a5916b7c9cac,ce0d6de3d77ed6edde2c9eca5f7ce4ab92c262b63ce50b25113c1cffc8a3ca46,False,CANDIDATE_NOT_DOMAIN_EVIDENCE,c63b699ed767134007e47157a733f68e4c31de8be4ca0c30d71ec46a08b85621,9548a24a4faf5db17b5251df407b4402de033ae8648ec321c850fe6105002cf1,f03e9b40548b237a49c65fc91de8d79034f2eebff1da0442b6af685a9adf95bd
controlled-relative-map-ridge-diagnostic,target-seattle,osm-sionna-target-seattle-bank-23,paired_active_alternative,968,100.01820580155561,105.32503662133789,-0.0002966285079040176,csi-pairs-formal-v2.1-v6,060d8671380acaf43bd0beb2c77ac5c6ec112e4ddc083451ab36a5916b7c9cac,ce0d6de3d77ed6edde2c9eca5f7ce4ab92c262b63ce50b25113c1cffc8a3ca46,False,CANDIDATE_NOT_DOMAIN_EVIDENCE,c63b699ed767134007e47157a733f68e4c31de8be4ca0c30d71ec46a08b85621,9548a24a4faf5db17b5251df407b4402de033ae8648ec321c850fe6105002cf1,f03e9b40548b237a49c65fc91de8d79034f2eebff1da0442b6af685a9adf95bd
controlled-relative-map-ridge-diagnostic,target-seattle,osm-sionna-target-seattle-bank-23,paired_null_alternative,968,99.83003747566454,105.08596940696948,0.0,csi-pairs-formal-v2.1-v6,060d8671380acaf43bd0beb2c77ac5c6ec112e4ddc083451ab36a5916b7c9cac,ce0d6de3d77ed6edde2c9eca5f7ce4ab92c262b63ce50b25113c1cffc8a3ca46,False,CANDIDATE_NOT_DOMAIN_EVIDENCE,c63b699ed767134007e47157a733f68e4c31de8be4ca0c30d71ec46a08b85621,9548a24a4faf5db17b5251df407b4402de033ae8648ec321c850fe6105002cf1,f03e9b40548b237a49c65fc91de8d79034f2eebff1da0442b6af685a9adf95bd
controlled-relative-map-ridge-diagnostic,target-seattle,osm-sionna-target-seattle-bank-23,wrong_city,968,26.625825920594217,31.69495961076908,-73.52364487102807,csi-pairs-formal-v2.1-v6,060d8671380acaf43bd0beb2c77ac5c6ec112e4ddc083451ab36a5916b7c9cac,ce0d6de3d77ed6edde2c9eca5f7ce4ab92c262b63ce50b25113c1cffc8a3ca46,False,CANDIDATE_NOT_DOMAIN_EVIDENCE,c63b699ed767134007e47157a733f68e4c31de8be4ca0c30d71ec46a08b85621,9548a24a4faf5db17b5251df407b4402de033ae8648ec321c850fe6105002cf1,f03e9b40548b237a49c65fc91de8d79034f2eebff1da0442b6af685a9adf95bd
controlled-relative-map-ridge-diagnostic,target-seattle,osm-sionna-target-seattle-bank-24,correct,800,74.35495456904054,83.2429927401374,0.0,csi-pairs-formal-v2.1-v6,060d8671380acaf43bd0beb2c77ac5c6ec112e4ddc083451ab36a5916b7c9cac,ce0d6de3d77ed6edde2c9eca5f7ce4ab92c262b63ce50b25113c1cffc8a3ca46,False,CANDIDATE_NOT_DOMAIN_EVIDENCE,c63b699ed767134007e47157a733f68e4c31de8be4ca0c30d71ec46a08b85621,9548a24a4faf5db17b5251df407b4402de033ae8648ec321c850fe6105002cf1,f03e9b40548b237a49c65fc91de8d79034f2eebff1da0442b6af685a9adf95bd
controlled-relative-map-ridge-diagnostic,target-seattle,osm-sionna-target-seattle-bank-24,empty,800,148.12992203801775,154.1131770880996,74.0440561879996,csi-pairs-formal-v2.1-v6,060d8671380acaf43bd0beb2c77ac5c6ec112e4ddc083451ab36a5916b7c9cac,ce0d6de3d77ed6edde2c9eca5f7ce4ab92c262b63ce50b25113c1cffc8a3ca46,False,CANDIDATE_NOT_DOMAIN_EVIDENCE,c63b699ed767134007e47157a733f68e4c31de8be4ca0c30d71ec46a08b85621,9548a24a4faf5db17b5251df407b4402de033ae8648ec321c850fe6105002cf1,f03e9b40548b237a49c65fc91de8d79034f2eebff1da0442b6af685a9adf95bd
controlled-relative-map-ridge-diagnostic,target-seattle,osm-sionna-target-seattle-bank-24,geometry_destroyed,800,842.5194440053697,851.9146022989587,768.2836502543726,csi-pairs-formal-v2.1-v6,060d8671380acaf43bd0beb2c77ac5c6ec112e4ddc083451ab36a5916b7c9cac,ce0d6de3d77ed6edde2c9eca5f7ce4ab92c262b63ce50b25113c1cffc8a3ca46,False,CANDIDATE_NOT_DOMAIN_EVIDENCE,c63b699ed767134007e47157a733f68e4c31de8be4ca0c30d71ec46a08b85621,9548a24a4faf5db17b5251df407b4402de033ae8648ec321c850fe6105002cf1,f03e9b40548b237a49c65fc91de8d79034f2eebff1da0442b6af685a9adf95bd
controlled-relative-map-ridge-diagnostic,target-seattle,osm-sionna-target-seattle-bank-24,paired_active_alternative,800,74.33525271708584,83.41034464924151,2.2624366195600487e-05,csi-pairs-formal-v2.1-v6,060d8671380acaf43bd0beb2c77ac5c6ec112e4ddc083451ab36a5916b7c9cac,ce0d6de3d77ed6edde2c9eca5f7ce4ab92c262b63ce50b25113c1cffc8a3ca46,False,CANDIDATE_NOT_DOMAIN_EVIDENCE,c63b699ed767134007e47157a733f68e4c31de8be4ca0c30d71ec46a08b85621,9548a24a4faf5db17b5251df407b4402de033ae8648ec321c850fe6105002cf1,f03e9b40548b237a49c65fc91de8d79034f2eebff1da0442b6af685a9adf95bd
controlled-relative-map-ridge-diagnostic,target-seattle,osm-sionna-target-seattle-bank-24,paired_null_alternative,800,74.40432632629478,83.25657909667731,0.0,csi-pairs-formal-v2.1-v6,060d8671380acaf43bd0beb2c77ac5c6ec112e4ddc083451ab36a5916b7c9cac,ce0d6de3d77ed6edde2c9eca5f7ce4ab92c262b63ce50b25113c1cffc8a3ca46,False,CANDIDATE_NOT_DOMAIN_EVIDENCE,c63b699ed767134007e47157a733f68e4c31de8be4ca0c30d71ec46a08b85621,9548a24a4faf5db17b5251df407b4402de033ae8648ec321c850fe6105002cf1,f03e9b40548b237a49c65fc91de8d79034f2eebff1da0442b6af685a9adf95bd
controlled-relative-map-ridge-diagnostic,target-seattle,osm-sionna-target-seattle-bank-24,wrong_city,800,5.404617101201923,11.30570155277794,-71.56794805466902,csi-pairs-formal-v2.1-v6,060d8671380acaf43bd0beb2c77ac5c6ec112e4ddc083451ab36a5916b7c9cac,ce0d6de3d77ed6edde2c9eca5f7ce4ab92c262b63ce50b25113c1cffc8a3ca46,False,CANDIDATE_NOT_DOMAIN_EVIDENCE,c63b699ed767134007e47157a733f68e4c31de8be4ca0c30d71ec46a08b85621,9548a24a4faf5db17b5251df407b4402de033ae8648ec321c850fe6105002cf1,f03e9b40548b237a49c65fc91de8d79034f2eebff1da0442b6af685a9adf95bd
controlled-relative-map-ridge-diagnostic,target-seattle,osm-sionna-target-seattle-bank-25,correct,744,24.022443951085286,31.407825476690686,0.0,csi-pairs-formal-v2.1-v6,060d8671380acaf43bd0beb2c77ac5c6ec112e4ddc083451ab36a5916b7c9cac,ce0d6de3d77ed6edde2c9eca5f7ce4ab92c262b63ce50b25113c1cffc8a3ca46,False,CANDIDATE_NOT_DOMAIN_EVIDENCE,c63b699ed767134007e47157a733f68e4c31de8be4ca0c30d71ec46a08b85621,9548a24a4faf5db17b5251df407b4402de033ae8648ec321c850fe6105002cf1,f03e9b40548b237a49c65fc91de8d79034f2eebff1da0442b6af685a9adf95bd
controlled-relative-map-ridge-diagnostic,target-seattle,osm-sionna-target-seattle-bank-25,empty,744,134.69862440487321,144.9052509962457,110.53136114951928,csi-pairs-formal-v2.1-v6,060d8671380acaf43bd0beb2c77ac5c6ec112e4ddc083451ab36a5916b7c9cac,ce0d6de3d77ed6edde2c9eca5f7ce4ab92c262b63ce50b25113c1cffc8a3ca46,False,CANDIDATE_NOT_DOMAIN_EVIDENCE,c63b699ed767134007e47157a733f68e4c31de8be4ca0c30d71ec46a08b85621,9548a24a4faf5db17b5251df407b4402de033ae8648ec321c850fe6105002cf1,f03e9b40548b237a49c65fc91de8d79034f2eebff1da0442b6af685a9adf95bd
controlled-relative-map-ridge-diagnostic,target-seattle,osm-sionna-target-seattle-bank-25,geometry_destroyed,744,1188.4760701692026,1197.3101539418828,1164.4804912877494,csi-pairs-formal-v2.1-v6,060d8671380acaf43bd0beb2c77ac5c6ec112e4ddc083451ab36a5916b7c9cac,ce0d6de3d77ed6edde2c9eca5f7ce4ab92c262b63ce50b25113c1cffc8a3ca46,False,CANDIDATE_NOT_DOMAIN_EVIDENCE,c63b699ed767134007e47157a733f68e4c31de8be4ca0c30d71ec46a08b85621,9548a24a4faf5db17b5251df407b4402de033ae8648ec321c850fe6105002cf1,f03e9b40548b237a49c65fc91de8d79034f2eebff1da0442b6af685a9adf95bd
controlled-relative-map-ridge-diagnostic,target-seattle,osm-sionna-target-seattle-bank-25,paired_active_alternative,744,24.133439350853024,31.378050211733516,0.007227943549459326,csi-pairs-formal-v2.1-v6,060d8671380acaf43bd0beb2c77ac5c6ec112e4ddc083451ab36a5916b7c9cac,ce0d6de3d77ed6edde2c9eca5f7ce4ab92c262b63ce50b25113c1cffc8a3ca46,False,CANDIDATE_NOT_DOMAIN_EVIDENCE,c63b699ed767134007e47157a733f68e4c31de8be4ca0c30d71ec46a08b85621,9548a24a4faf5db17b5251df407b4402de033ae8648ec321c850fe6105002cf1,f03e9b40548b237a49c65fc91de8d79034f2eebff1da0442b6af685a9adf95bd
controlled-relative-map-ridge-diagnostic,target-seattle,osm-sionna-target-seattle-bank-25,paired_null_alternative,744,24.034485177771955,31.407825476690686,0.0,csi-pairs-formal-v2.1-v6,060d8671380acaf43bd0beb2c77ac5c6ec112e4ddc083451ab36a5916b7c9cac,ce0d6de3d77ed6edde2c9eca5f7ce4ab92c262b63ce50b25113c1cffc8a3ca46,False,CANDIDATE_NOT_DOMAIN_EVIDENCE,c63b699ed767134007e47157a733f68e4c31de8be4ca0c30d71ec46a08b85621,9548a24a4faf5db17b5251df407b4402de033ae8648ec321c850fe6105002cf1,f03e9b40548b237a49c65fc91de8d79034f2eebff1da0442b6af685a9adf95bd
controlled-relative-map-ridge-diagnostic,target-seattle,osm-sionna-target-seattle-bank-25,wrong_city,744,31.66454765123727,37.44989974845128,7.177771817419403,csi-pairs-formal-v2.1-v6,060d8671380acaf43bd0beb2c77ac5c6ec112e4ddc083451ab36a5916b7c9cac,ce0d6de3d77ed6edde2c9eca5f7ce4ab92c262b63ce50b25113c1cffc8a3ca46,False,CANDIDATE_NOT_DOMAIN_EVIDENCE,c63b699ed767134007e47157a733f68e4c31de8be4ca0c30d71ec46a08b85621,9548a24a4faf5db17b5251df407b4402de033ae8648ec321c850fe6105002cf1,f03e9b40548b237a49c65fc91de8d79034f2eebff1da0442b6af685a9adf95bd
controlled-relative-map-ridge-diagnostic,target-seattle,osm-sionna-target-seattle-bank-26,correct,512,90.30704986352322,95.65298913304188,0.0,csi-pairs-formal-v2.1-v6,060d8671380acaf43bd0beb2c77ac5c6ec112e4ddc083451ab36a5916b7c9cac,ce0d6de3d77ed6edde2c9eca5f7ce4ab92c262b63ce50b25113c1cffc8a3ca46,False,CANDIDATE_NOT_DOMAIN_EVIDENCE,c63b699ed767134007e47157a733f68e4c31de8be4ca0c30d71ec46a08b85621,9548a24a4faf5db17b5251df407b4402de033ae8648ec321c850fe6105002cf1,f03e9b40548b237a49c65fc91de8d79034f2eebff1da0442b6af685a9adf95bd
controlled-relative-map-ridge-diagnostic,target-seattle,osm-sionna-target-seattle-bank-26,empty,512,158.0737113837977,162.50007447627178,67.81161102824399,csi-pairs-formal-v2.1-v6,060d8671380acaf43bd0beb2c77ac5c6ec112e4ddc083451ab36a5916b7c9cac,ce0d6de3d77ed6edde2c9eca5f7ce4ab92c262b63ce50b25113c1cffc8a3ca46,False,CANDIDATE_NOT_DOMAIN_EVIDENCE,c63b699ed767134007e47157a733f68e4c31de8be4ca0c30d71ec46a08b85621,9548a24a4faf5db17b5251df407b4402de033ae8648ec321c850fe6105002cf1,f03e9b40548b237a49c65fc91de8d79034f2eebff1da0442b6af685a9adf95bd
controlled-relative-map-ridge-diagnostic,target-seattle,osm-sionna-target-seattle-bank-26,geometry_destroyed,512,1202.364764849814,1209.4922379454267,1112.3769527894083,csi-pairs-formal-v2.1-v6,060d8671380acaf43bd0beb2c77ac5c6ec112e4ddc083451ab36a5916b7c9cac,ce0d6de3d77ed6edde2c9eca5f7ce4ab92c262b63ce50b25113c1cffc8a3ca46,False,CANDIDATE_NOT_DOMAIN_EVIDENCE,c63b699ed767134007e47157a733f68e4c31de8be4ca0c30d71ec46a08b85621,9548a24a4faf5db17b5251df407b4402de033ae8648ec321c850fe6105002cf1,f03e9b40548b237a49c65fc91de8d79034f2eebff1da0442b6af685a9adf95bd
controlled-relative-map-ridge-diagnostic,target-seattle,osm-sionna-target-seattle-bank-26,paired_active_alternative,512,90.31500381403163,95.77701008259157,4.203652402168245e-06,csi-pairs-formal-v2.1-v6,060d8671380acaf43bd0beb2c77ac5c6ec112e4ddc083451ab36a5916b7c9cac,ce0d6de3d77ed6edde2c9eca5f7ce4ab92c262b63ce50b25113c1cffc8a3ca46,False,CANDIDATE_NOT_DOMAIN_EVIDENCE,c63b699ed767134007e47157a733f68e4c31de8be4ca0c30d71ec46a08b85621,9548a24a4faf5db17b5251df407b4402de033ae8648ec321c850fe6105002cf1,f03e9b40548b237a49c65fc91de8d79034f2eebff1da0442b6af685a9adf95bd
controlled-relative-map-ridge-diagnostic,target-seattle,osm-sionna-target-seattle-bank-26,paired_null_alternative,512,90.30704986352322,95.65298913304188,0.0,csi-pairs-formal-v2.1-v6,060d8671380acaf43bd0beb2c77ac5c6ec112e4ddc083451ab36a5916b7c9cac,ce0d6de3d77ed6edde2c9eca5f7ce4ab92c262b63ce50b25113c1cffc8a3ca46,False,CANDIDATE_NOT_DOMAIN_EVIDENCE,c63b699ed767134007e47157a733f68e4c31de8be4ca0c30d71ec46a08b85621,9548a24a4faf5db17b5251df407b4402de033ae8648ec321c850fe6105002cf1,f03e9b40548b237a49c65fc91de8d79034f2eebff1da0442b6af685a9adf95bd
controlled-relative-map-ridge-diagnostic,target-seattle,osm-sionna-target-seattle-bank-26,wrong_city,512,17.411957413186595,23.689877950848796,-72.79783289721499,csi-pairs-formal-v2.1-v6,060d8671380acaf43bd0beb2c77ac5c6ec112e4ddc083451ab36a5916b7c9cac,ce0d6de3d77ed6edde2c9eca5f7ce4ab92c262b63ce50b25113c1cffc8a3ca46,False,CANDIDATE_NOT_DOMAIN_EVIDENCE,c63b699ed767134007e47157a733f68e4c31de8be4ca0c30d71ec46a08b85621,9548a24a4faf5db17b5251df407b4402de033ae8648ec321c850fe6105002cf1,f03e9b40548b237a49c65fc91de8d79034f2eebff1da0442b6af685a9adf95bd
controlled-relative-map-ridge-diagnostic,target-seattle,osm-sionna-target-seattle-bank-27,correct,736,81.15521616671563,101.19625020823443,0.0,csi-pairs-formal-v2.1-v6,060d8671380acaf43bd0beb2c77ac5c6ec112e4ddc083451ab36a5916b7c9cac,ce0d6de3d77ed6edde2c9eca5f7ce4ab92c262b63ce50b25113c1cffc8a3ca46,False,CANDIDATE_NOT_DOMAIN_EVIDENCE,c63b699ed767134007e47157a733f68e4c31de8be4ca0c30d71ec46a08b85621,9548a24a4faf5db17b5251df407b4402de033ae8648ec321c850fe6105002cf1,f03e9b40548b237a49c65fc91de8d79034f2eebff1da0442b6af685a9adf95bd
controlled-relative-map-ridge-diagnostic,target-seattle,osm-sionna-target-seattle-bank-27,empty,736,128.95214586098896,131.07292313342464,48.05561283756686,csi-pairs-formal-v2.1-v6,060d8671380acaf43bd0beb2c77ac5c6ec112e4ddc083451ab36a5916b7c9cac,ce0d6de3d77ed6edde2c9eca5f7ce4ab92c262b63ce50b25113c1cffc8a3ca46,False,CANDIDATE_NOT_DOMAIN_EVIDENCE,c63b699ed767134007e47157a733f68e4c31de8be4ca0c30d71ec46a08b85621,9548a24a4faf5db17b5251df407b4402de033ae8648ec321c850fe6105002cf1,f03e9b40548b237a49c65fc91de8d79034f2eebff1da0442b6af685a9adf95bd
controlled-relative-map-ridge-diagnostic,target-seattle,osm-sionna-target-seattle-bank-27,geometry_destroyed,736,364.7592952446738,384.6798322605117,283.68127056577373,csi-pairs-formal-v2.1-v6,060d8671380acaf43bd0beb2c77ac5c6ec112e4ddc083451ab36a5916b7c9cac,ce0d6de3d77ed6edde2c9eca5f7ce4ab92c262b63ce50b25113c1cffc8a3ca46,False,CANDIDATE_NOT_DOMAIN_EVIDENCE,c63b699ed767134007e47157a733f68e4c31de8be4ca0c30d71ec46a08b85621,9548a24a4faf5db17b5251df407b4402de033ae8648ec321c850fe6105002cf1,f03e9b40548b237a49c65fc91de8d79034f2eebff1da0442b6af685a9adf95bd
controlled-relative-map-ridge-diagnostic,target-seattle,osm-sionna-target-seattle-bank-27,paired_active_alternative,736,81.16815380249486,101.32310824793001,-3.21411272850014e-05,csi-pairs-formal-v2.1-v6,060d8671380acaf43bd0beb2c77ac5c6ec112e4ddc083451ab36a5916b7c9cac,ce0d6de3d77ed6edde2c9eca5f7ce4ab92c262b63ce50b25113c1cffc8a3ca46,False,CANDIDATE_NOT_DOMAIN_EVIDENCE,c63b699ed767134007e47157a733f68e4c31de8be4ca0c30d71ec46a08b85621,9548a24a4faf5db17b5251df407b4402de033ae8648ec321c850fe6105002cf1,f03e9b40548b237a49c65fc91de8d79034f2eebff1da0442b6af685a9adf95bd
controlled-relative-map-ridge-diagnostic,target-seattle,osm-sionna-target-seattle-bank-27,paired_null_alternative,736,81.15521616671563,101.19625020823443,0.0,csi-pairs-formal-v2.1-v6,060d8671380acaf43bd0beb2c77ac5c6ec112e4ddc083451ab36a5916b7c9cac,ce0d6de3d77ed6edde2c9eca5f7ce4ab92c262b63ce50b25113c1cffc8a3ca46,False,CANDIDATE_NOT_DOMAIN_EVIDENCE,c63b699ed767134007e47157a733f68e4c31de8be4ca0c30d71ec46a08b85621,9548a24a4faf5db17b5251df407b4402de033ae8648ec321c850fe6105002cf1,f03e9b40548b237a49c65fc91de8d79034f2eebff1da0442b6af685a9adf95bd
controlled-relative-map-ridge-diagnostic,target-seattle,osm-sionna-target-seattle-bank-27,wrong_city,736,39.97450792231531,59.97761301772381,-41.15174082034565,csi-pairs-formal-v2.1-v6,060d8671380acaf43bd0beb2c77ac5c6ec112e4ddc083451ab36a5916b7c9cac,ce0d6de3d77ed6edde2c9eca5f7ce4ab92c262b63ce50b25113c1cffc8a3ca46,False,CANDIDATE_NOT_DOMAIN_EVIDENCE,c63b699ed767134007e47157a733f68e4c31de8be4ca0c30d71ec46a08b85621,9548a24a4faf5db17b5251df407b4402de033ae8648ec321c850fe6105002cf1,f03e9b40548b237a49c65fc91de8d79034f2eebff1da0442b6af685a9adf95bd
controlled-relative-map-ridge-diagnostic,target-seattle,osm-sionna-target-seattle-bank-28,correct,896,135.02618928703214,151.5047536260966,0.0,csi-pairs-formal-v2.1-v6,060d8671380acaf43bd0beb2c77ac5c6ec112e4ddc083451ab36a5916b7c9cac,ce0d6de3d77ed6edde2c9eca5f7ce4ab92c262b63ce50b25113c1cffc8a3ca46,False,CANDIDATE_NOT_DOMAIN_EVIDENCE,c63b699ed767134007e47157a733f68e4c31de8be4ca0c30d71ec46a08b85621,9548a24a4faf5db17b5251df407b4402de033ae8648ec321c850fe6105002cf1,f03e9b40548b237a49c65fc91de8d79034f2eebff1da0442b6af685a9adf95bd
controlled-relative-map-ridge-diagnostic,target-seattle,osm-sionna-target-seattle-bank-28,empty,896,137.4249194773425,143.64727804369807,2.277466744525512,csi-pairs-formal-v2.1-v6,060d8671380acaf43bd0beb2c77ac5c6ec112e4ddc083451ab36a5916b7c9cac,ce0d6de3d77ed6edde2c9eca5f7ce4ab92c262b63ce50b25113c1cffc8a3ca46,False,CANDIDATE_NOT_DOMAIN_EVIDENCE,c63b699ed767134007e47157a733f68e4c31de8be4ca0c30d71ec46a08b85621,9548a24a4faf5db17b5251df407b4402de033ae8648ec321c850fe6105002cf1,f03e9b40548b237a49c65fc91de8d79034f2eebff1da0442b6af685a9adf95bd
controlled-relative-map-ridge-diagnostic,target-seattle,osm-sionna-target-seattle-bank-28,geometry_destroyed,896,1351.3979597781781,1368.23257078004,1215.7545115356993,csi-pairs-formal-v2.1-v6,060d8671380acaf43bd0beb2c77ac5c6ec112e4ddc083451ab36a5916b7c9cac,ce0d6de3d77ed6edde2c9eca5f7ce4ab92c262b63ce50b25113c1cffc8a3ca46,False,CANDIDATE_NOT_DOMAIN_EVIDENCE,c63b699ed767134007e47157a733f68e4c31de8be4ca0c30d71ec46a08b85621,9548a24a4faf5db17b5251df407b4402de033ae8648ec321c850fe6105002cf1,f03e9b40548b237a49c65fc91de8d79034f2eebff1da0442b6af685a9adf95bd
controlled-relative-map-ridge-diagnostic,target-seattle,osm-sionna-target-seattle-bank-28,paired_active_alternative,896,135.04016608950073,151.5469343185942,6.391159934793222e-05,csi-pairs-formal-v2.1-v6,060d8671380acaf43bd0beb2c77ac5c6ec112e4ddc083451ab36a5916b7c9cac,ce0d6de3d77ed6edde2c9eca5f7ce4ab92c262b63ce50b25113c1cffc8a3ca46,False,CANDIDATE_NOT_DOMAIN_EVIDENCE,c63b699ed767134007e47157a733f68e4c31de8be4ca0c30d71ec46a08b85621,9548a24a4faf5db17b5251df407b4402de033ae8648ec321c850fe6105002cf1,f03e9b40548b237a49c65fc91de8d79034f2eebff1da0442b6af685a9adf95bd
controlled-relative-map-ridge-diagnostic,target-seattle,osm-sionna-target-seattle-bank-28,paired_null_alternative,896,135.02618928703214,151.5047536260966,0.0,csi-pairs-formal-v2.1-v6,060d8671380acaf43bd0beb2c77ac5c6ec112e4ddc083451ab36a5916b7c9cac,ce0d6de3d77ed6edde2c9eca5f7ce4ab92c262b63ce50b25113c1cffc8a3ca46,False,CANDIDATE_NOT_DOMAIN_EVIDENCE,c63b699ed767134007e47157a733f68e4c31de8be4ca0c30d71ec46a08b85621,9548a24a4faf5db17b5251df407b4402de033ae8648ec321c850fe6105002cf1,f03e9b40548b237a49c65fc91de8d79034f2eebff1da0442b6af685a9adf95bd
controlled-relative-map-ridge-diagnostic,target-seattle,osm-sionna-target-seattle-bank-28,wrong_city,896,17.839905088354598,34.35705113000772,-117.3353140412679,csi-pairs-formal-v2.1-v6,060d8671380acaf43bd0beb2c77ac5c6ec112e4ddc083451ab36a5916b7c9cac,ce0d6de3d77ed6edde2c9eca5f7ce4ab92c262b63ce50b25113c1cffc8a3ca46,False,CANDIDATE_NOT_DOMAIN_EVIDENCE,c63b699ed767134007e47157a733f68e4c31de8be4ca0c30d71ec46a08b85621,9548a24a4faf5db17b5251df407b4402de033ae8648ec321c850fe6105002cf1,f03e9b40548b237a49c65fc91de8d79034f2eebff1da0442b6af685a9adf95bd
controlled-relative-map-ridge-diagnostic,target-seattle,osm-sionna-target-seattle-bank-29,correct,784,76.62385461955753,86.634518927796,0.0,csi-pairs-formal-v2.1-v6,060d8671380acaf43bd0beb2c77ac5c6ec112e4ddc083451ab36a5916b7c9cac,ce0d6de3d77ed6edde2c9eca5f7ce4ab92c262b63ce50b25113c1cffc8a3ca46,False,CANDIDATE_NOT_DOMAIN_EVIDENCE,c63b699ed767134007e47157a733f68e4c31de8be4ca0c30d71ec46a08b85621,9548a24a4faf5db17b5251df407b4402de033ae8648ec321c850fe6105002cf1,f03e9b40548b237a49c65fc91de8d79034f2eebff1da0442b6af685a9adf95bd
controlled-relative-map-ridge-diagnostic,target-seattle,osm-sionna-target-seattle-bank-29,empty,784,135.83297887674289,142.12612461465415,60.62966583583672,csi-pairs-formal-v2.1-v6,060d8671380acaf43bd0beb2c77ac5c6ec112e4ddc083451ab36a5916b7c9cac,ce0d6de3d77ed6edde2c9eca5f7ce4ab92c262b63ce50b25113c1cffc8a3ca46,False,CANDIDATE_NOT_DOMAIN_EVIDENCE,c63b699ed767134007e47157a733f68e4c31de8be4ca0c30d71ec46a08b85621,9548a24a4faf5db17b5251df407b4402de033ae8648ec321c850fe6105002cf1,f03e9b40548b237a49c65fc91de8d79034f2eebff1da0442b6af685a9adf95bd
controlled-relative-map-ridge-diagnostic,target-seattle,osm-sionna-target-seattle-bank-29,geometry_destroyed,784,1032.890556761659,1050.3950713159027,957.1973373626073,csi-pairs-formal-v2.1-v6,060d8671380acaf43bd0beb2c77ac5c6ec112e4ddc083451ab36a5916b7c9cac,ce0d6de3d77ed6edde2c9eca5f7ce4ab92c262b63ce50b25113c1cffc8a3ca46,False,CANDIDATE_NOT_DOMAIN_EVIDENCE,c63b699ed767134007e47157a733f68e4c31de8be4ca0c30d71ec46a08b85621,9548a24a4faf5db17b5251df407b4402de033ae8648ec321c850fe6105002cf1,f03e9b40548b237a49c65fc91de8d79034f2eebff1da0442b6af685a9adf95bd
controlled-relative-map-ridge-diagnostic,target-seattle,osm-sionna-target-seattle-bank-29,paired_active_alternative,784,76.76025009888903,86.65425307993736,0.0006440871266519821,csi-pairs-formal-v2.1-v6,060d8671380acaf43bd0beb2c77ac5c6ec112e4ddc083451ab36a5916b7c9cac,ce0d6de3d77ed6edde2c9eca5f7ce4ab92c262b63ce50b25113c1cffc8a3ca46,False,CANDIDATE_NOT_DOMAIN_EVIDENCE,c63b699ed767134007e47157a733f68e4c31de8be4ca0c30d71ec46a08b85621,9548a24a4faf5db17b5251df407b4402de033ae8648ec321c850fe6105002cf1,f03e9b40548b237a49c65fc91de8d79034f2eebff1da0442b6af685a9adf95bd
controlled-relative-map-ridge-diagnostic,target-seattle,osm-sionna-target-seattle-bank-29,paired_null_alternative,784,76.62385461955753,86.634518927796,0.0,csi-pairs-formal-v2.1-v6,060d8671380acaf43bd0beb2c77ac5c6ec112e4ddc083451ab36a5916b7c9cac,ce0d6de3d77ed6edde2c9eca5f7ce4ab92c262b63ce50b25113c1cffc8a3ca46,False,CANDIDATE_NOT_DOMAIN_EVIDENCE,c63b699ed767134007e47157a733f68e4c31de8be4ca0c30d71ec46a08b85621,9548a24a4faf5db17b5251df407b4402de033ae8648ec321c850fe6105002cf1,f03e9b40548b237a49c65fc91de8d79034f2eebff1da0442b6af685a9adf95bd
controlled-relative-map-ridge-diagnostic,target-seattle,osm-sionna-target-seattle-bank-29,wrong_city,784,20.446018495809824,37.08737651063155,-54.80479996090561,csi-pairs-formal-v2.1-v6,060d8671380acaf43bd0beb2c77ac5c6ec112e4ddc083451ab36a5916b7c9cac,ce0d6de3d77ed6edde2c9eca5f7ce4ab92c262b63ce50b25113c1cffc8a3ca46,False,CANDIDATE_NOT_DOMAIN_EVIDENCE,c63b699ed767134007e47157a733f68e4c31de8be4ca0c30d71ec46a08b85621,9548a24a4faf5db17b5251df407b4402de033ae8648ec321c850fe6105002cf1,f03e9b40548b237a49c65fc91de8d79034f2eebff1da0442b6af685a9adf95bd
controlled-relative-map-ridge-diagnostic,target-seattle,osm-sionna-target-seattle-bank-30,correct,896,129.21238665488022,134.50881589231824,0.0,csi-pairs-formal-v2.1-v6,060d8671380acaf43bd0beb2c77ac5c6ec112e4ddc083451ab36a5916b7c9cac,ce0d6de3d77ed6edde2c9eca5f7ce4ab92c262b63ce50b25113c1cffc8a3ca46,False,CANDIDATE_NOT_DOMAIN_EVIDENCE,c63b699ed767134007e47157a733f68e4c31de8be4ca0c30d71ec46a08b85621,9548a24a4faf5db17b5251df407b4402de033ae8648ec321c850fe6105002cf1,f03e9b40548b237a49c65fc91de8d79034f2eebff1da0442b6af685a9adf95bd
controlled-relative-map-ridge-diagnostic,target-seattle,osm-sionna-target-seattle-bank-30,empty,896,143.08419395517865,154.6315109804171,14.507111222199015,csi-pairs-formal-v2.1-v6,060d8671380acaf43bd0beb2c77ac5c6ec112e4ddc083451ab36a5916b7c9cac,ce0d6de3d77ed6edde2c9eca5f7ce4ab92c262b63ce50b25113c1cffc8a3ca46,False,CANDIDATE_NOT_DOMAIN_EVIDENCE,c63b699ed767134007e47157a733f68e4c31de8be4ca0c30d71ec46a08b85621,9548a24a4faf5db17b5251df407b4402de033ae8648ec321c850fe6105002cf1,f03e9b40548b237a49c65fc91de8d79034f2eebff1da0442b6af685a9adf95bd
controlled-relative-map-ridge-diagnostic,target-seattle,osm-sionna-target-seattle-bank-30,geometry_destroyed,896,1341.9943592047625,1350.0042876653656,1212.7686689370366,csi-pairs-formal-v2.1-v6,060d8671380acaf43bd0beb2c77ac5c6ec112e4ddc083451ab36a5916b7c9cac,ce0d6de3d77ed6edde2c9eca5f7ce4ab92c262b63ce50b25113c1cffc8a3ca46,False,CANDIDATE_NOT_DOMAIN_EVIDENCE,c63b699ed767134007e47157a733f68e4c31de8be4ca0c30d71ec46a08b85621,9548a24a4faf5db17b5251df407b4402de033ae8648ec321c850fe6105002cf1,f03e9b40548b237a49c65fc91de8d79034f2eebff1da0442b6af685a9adf95bd
controlled-relative-map-ridge-diagnostic,target-seattle,osm-sionna-target-seattle-bank-30,paired_active_alternative,896,129.2321600187973,134.46834879574416,0.03950120671999713,csi-pairs-formal-v2.1-v6,060d8671380acaf43bd0beb2c77ac5c6ec112e4ddc083451ab36a5916b7c9cac,ce0d6de3d77ed6edde2c9eca5f7ce4ab92c262b63ce50b25113c1cffc8a3ca46,False,CANDIDATE_NOT_DOMAIN_EVIDENCE,c63b699ed767134007e47157a733f68e4c31de8be4ca0c30d71ec46a08b85621,9548a24a4faf5db17b5251df407b4402de033ae8648ec321c850fe6105002cf1,f03e9b40548b237a49c65fc91de8d79034f2eebff1da0442b6af685a9adf95bd
controlled-relative-map-ridge-diagnostic,target-seattle,osm-sionna-target-seattle-bank-30,paired_null_alternative,896,129.21238665488022,134.50881589231824,0.0,csi-pairs-formal-v2.1-v6,060d8671380acaf43bd0beb2c77ac5c6ec112e4ddc083451ab36a5916b7c9cac,ce0d6de3d77ed6edde2c9eca5f7ce4ab92c262b63ce50b25113c1cffc8a3ca46,False,CANDIDATE_NOT_DOMAIN_EVIDENCE,c63b699ed767134007e47157a733f68e4c31de8be4ca0c30d71ec46a08b85621,9548a24a4faf5db17b5251df407b4402de033ae8648ec321c850fe6105002cf1,f03e9b40548b237a49c65fc91de8d79034f2eebff1da0442b6af685a9adf95bd
controlled-relative-map-ridge-diagnostic,target-seattle,osm-sionna-target-seattle-bank-30,wrong_city,896,28.410201192618203,35.7786161898982,-100.61514974826216,csi-pairs-formal-v2.1-v6,060d8671380acaf43bd0beb2c77ac5c6ec112e4ddc083451ab36a5916b7c9cac,ce0d6de3d77ed6edde2c9eca5f7ce4ab92c262b63ce50b25113c1cffc8a3ca46,False,CANDIDATE_NOT_DOMAIN_EVIDENCE,c63b699ed767134007e47157a733f68e4c31de8be4ca0c30d71ec46a08b85621,9548a24a4faf5db17b5251df407b4402de033ae8648ec321c850fe6105002cf1,f03e9b40548b237a49c65fc91de8d79034f2eebff1da0442b6af685a9adf95bd
controlled-relative-map-ridge-diagnostic,target-seattle,osm-sionna-target-seattle-bank-31,correct,864,195.23441139044766,202.4598734927642,0.0,csi-pairs-formal-v2.1-v6,060d8671380acaf43bd0beb2c77ac5c6ec112e4ddc083451ab36a5916b7c9cac,ce0d6de3d77ed6edde2c9eca5f7ce4ab92c262b63ce50b25113c1cffc8a3ca46,False,CANDIDATE_NOT_DOMAIN_EVIDENCE,c63b699ed767134007e47157a733f68e4c31de8be4ca0c30d71ec46a08b85621,9548a24a4faf5db17b5251df407b4402de033ae8648ec321c850fe6105002cf1,f03e9b40548b237a49c65fc91de8d79034f2eebff1da0442b6af685a9adf95bd
controlled-relative-map-ridge-diagnostic,target-seattle,osm-sionna-target-seattle-bank-31,empty,864,139.5810428739119,148.362406926628,-53.07163000667052,csi-pairs-formal-v2.1-v6,060d8671380acaf43bd0beb2c77ac5c6ec112e4ddc083451ab36a5916b7c9cac,ce0d6de3d77ed6edde2c9eca5f7ce4ab92c262b63ce50b25113c1cffc8a3ca46,False,CANDIDATE_NOT_DOMAIN_EVIDENCE,c63b699ed767134007e47157a733f68e4c31de8be4ca0c30d71ec46a08b85621,9548a24a4faf5db17b5251df407b4402de033ae8648ec321c850fe6105002cf1,f03e9b40548b237a49c65fc91de8d79034f2eebff1da0442b6af685a9adf95bd
controlled-relative-map-ridge-diagnostic,target-seattle,osm-sionna-target-seattle-bank-31,geometry_destroyed,864,1225.2345371679999,1242.62866792424,1029.9066808222349,csi-pairs-formal-v2.1-v6,060d8671380acaf43bd0beb2c77ac5c6ec112e4ddc083451ab36a5916b7c9cac,ce0d6de3d77ed6edde2c9eca5f7ce4ab92c262b63ce50b25113c1cffc8a3ca46,False,CANDIDATE_NOT_DOMAIN_EVIDENCE,c63b699ed767134007e47157a733f68e4c31de8be4ca0c30d71ec46a08b85621,9548a24a4faf5db17b5251df407b4402de033ae8648ec321c850fe6105002cf1,f03e9b40548b237a49c65fc91de8d79034f2eebff1da0442b6af685a9adf95bd
controlled-relative-map-ridge-diagnostic,target-seattle,osm-sionna-target-seattle-bank-31,paired_active_alternative,864,195.1697282075249,202.51810928311133,4.637618687297618e-06,csi-pairs-formal-v2.1-v6,060d8671380acaf43bd0beb2c77ac5c6ec112e4ddc083451ab36a5916b7c9cac,ce0d6de3d77ed6edde2c9eca5f7ce4ab92c262b63ce50b25113c1cffc8a3ca46,False,CANDIDATE_NOT_DOMAIN_EVIDENCE,c63b699ed767134007e47157a733f68e4c31de8be4ca0c30d71ec46a08b85621,9548a24a4faf5db17b5251df407b4402de033ae8648ec321c850fe6105002cf1,f03e9b40548b237a49c65fc91de8d79034f2eebff1da0442b6af685a9adf95bd
controlled-relative-map-ridge-diagnostic,target-seattle,osm-sionna-target-seattle-bank-31,paired_null_alternative,864,195.23441139044766,202.4598734927642,0.0,csi-pairs-formal-v2.1-v6,060d8671380acaf43bd0beb2c77ac5c6ec112e4ddc083451ab36a5916b7c9cac,ce0d6de3d77ed6edde2c9eca5f7ce4ab92c262b63ce50b25113c1cffc8a3ca46,False,CANDIDATE_NOT_DOMAIN_EVIDENCE,c63b699ed767134007e47157a733f68e4c31de8be4ca0c30d71ec46a08b85621,9548a24a4faf5db17b5251df407b4402de033ae8648ec321c850fe6105002cf1,f03e9b40548b237a49c65fc91de8d79034f2eebff1da0442b6af685a9adf95bd
controlled-relative-map-ridge-diagnostic,target-seattle,osm-sionna-target-seattle-bank-31,wrong_city,864,17.33229566998262,34.03601105226136,-177.9866837866468,csi-pairs-formal-v2.1-v6,060d8671380acaf43bd0beb2c77ac5c6ec112e4ddc083451ab36a5916b7c9cac,ce0d6de3d77ed6edde2c9eca5f7ce4ab92c262b63ce50b25113c1cffc8a3ca46,False,CANDIDATE_NOT_DOMAIN_EVIDENCE,c63b699ed767134007e47157a733f68e4c31de8be4ca0c30d71ec46a08b85621,9548a24a4faf5db17b5251df407b4402de033ae8648ec321c850fe6105002cf1,f03e9b40548b237a49c65fc91de8d79034f2eebff1da0442b6af685a9adf95bd
controlled-relative-map-ridge-diagnostic,target-seattle,osm-sionna-target-seattle-bank-32,correct,736,130.26663306108088,139.93849804077217,0.0,csi-pairs-formal-v2.1-v6,060d8671380acaf43bd0beb2c77ac5c6ec112e4ddc083451ab36a5916b7c9cac,ce0d6de3d77ed6edde2c9eca5f7ce4ab92c262b63ce50b25113c1cffc8a3ca46,False,CANDIDATE_NOT_DOMAIN_EVIDENCE,c63b699ed767134007e47157a733f68e4c31de8be4ca0c30d71ec46a08b85621,9548a24a4faf5db17b5251df407b4402de033ae8648ec321c850fe6105002cf1,f03e9b40548b237a49c65fc91de8d79034f2eebff1da0442b6af685a9adf95bd
controlled-relative-map-ridge-diagnostic,target-seattle,osm-sionna-target-seattle-bank-32,empty,736,125.8486813734614,128.63139188543184,-5.08846477453821,csi-pairs-formal-v2.1-v6,060d8671380acaf43bd0beb2c77ac5c6ec112e4ddc083451ab36a5916b7c9cac,ce0d6de3d77ed6edde2c9eca5f7ce4ab92c262b63ce50b25113c1cffc8a3ca46,False,CANDIDATE_NOT_DOMAIN_EVIDENCE,c63b699ed767134007e47157a733f68e4c31de8be4ca0c30d71ec46a08b85621,9548a24a4faf5db17b5251df407b4402de033ae8648ec321c850fe6105002cf1,f03e9b40548b237a49c65fc91de8d79034f2eebff1da0442b6af685a9adf95bd
controlled-relative-map-ridge-diagnostic,target-seattle,osm-sionna-target-seattle-bank-32,geometry_destroyed,736,1447.6924251040555,1454.7471298456974,1317.8059959386674,csi-pairs-formal-v2.1-v6,060d8671380acaf43bd0beb2c77ac5c6ec112e4ddc083451ab36a5916b7c9cac,ce0d6de3d77ed6edde2c9eca5f7ce4ab92c262b63ce50b25113c1cffc8a3ca46,False,CANDIDATE_NOT_DOMAIN_EVIDENCE,c63b699ed767134007e47157a733f68e4c31de8be4ca0c30d71ec46a08b85621,9548a24a4faf5db17b5251df407b4402de033ae8648ec321c850fe6105002cf1,f03e9b40548b237a49c65fc91de8d79034f2eebff1da0442b6af685a9adf95bd
controlled-relative-map-ridge-diagnostic,target-seattle,osm-sionna-target-seattle-bank-32,paired_active_alternative,736,130.2125653978429,139.9106007530254,-9.934412848622287e-05,csi-pairs-formal-v2.1-v6,060d8671380acaf43bd0beb2c77ac5c6ec112e4ddc083451ab36a5916b7c9cac,ce0d6de3d77ed6edde2c9eca5f7ce4ab92c262b63ce50b25113c1cffc8a3ca46,False,CANDIDATE_NOT_DOMAIN_EVIDENCE,c63b699ed767134007e47157a733f68e4c31de8be4ca0c30d71ec46a08b85621,9548a24a4faf5db17b5251df407b4402de033ae8648ec321c850fe6105002cf1,f03e9b40548b237a49c65fc91de8d79034f2eebff1da0442b6af685a9adf95bd
controlled-relative-map-ridge-diagnostic,target-seattle,osm-sionna-target-seattle-bank-32,paired_null_alternative,736,130.26663306108088,139.93849804077217,0.0,csi-pairs-formal-v2.1-v6,060d8671380acaf43bd0beb2c77ac5c6ec112e4ddc083451ab36a5916b7c9cac,ce0d6de3d77ed6edde2c9eca5f7ce4ab92c262b63ce50b25113c1cffc8a3ca46,False,CANDIDATE_NOT_DOMAIN_EVIDENCE,c63b699ed767134007e47157a733f68e4c31de8be4ca0c30d71ec46a08b85621,9548a24a4faf5db17b5251df407b4402de033ae8648ec321c850fe6105002cf1,f03e9b40548b237a49c65fc91de8d79034f2eebff1da0442b6af685a9adf95bd
controlled-relative-map-ridge-diagnostic,target-seattle,osm-sionna-target-seattle-bank-32,wrong_city,736,50.90404034986984,54.49592702166417,-79.36507611635086,csi-pairs-formal-v2.1-v6,060d8671380acaf43bd0beb2c77ac5c6ec112e4ddc083451ab36a5916b7c9cac,ce0d6de3d77ed6edde2c9eca5f7ce4ab92c262b63ce50b25113c1cffc8a3ca46,False,CANDIDATE_NOT_DOMAIN_EVIDENCE,c63b699ed767134007e47157a733f68e4c31de8be4ca0c30d71ec46a08b85621,9548a24a4faf5db17b5251df407b4402de033ae8648ec321c850fe6105002cf1,f03e9b40548b237a49c65fc91de8d79034f2eebff1da0442b6af685a9adf95bd
controlled-relative-map-ridge-diagnostic,target-seattle,osm-sionna-target-seattle-bank-33,correct,704,186.61048884588058,193.82872419735224,0.0,csi-pairs-formal-v2.1-v6,060d8671380acaf43bd0beb2c77ac5c6ec112e4ddc083451ab36a5916b7c9cac,ce0d6de3d77ed6edde2c9eca5f7ce4ab92c262b63ce50b25113c1cffc8a3ca46,False,CANDIDATE_NOT_DOMAIN_EVIDENCE,c63b699ed767134007e47157a733f68e4c31de8be4ca0c30d71ec46a08b85621,9548a24a4faf5db17b5251df407b4402de033ae8648ec321c850fe6105002cf1,f03e9b40548b237a49c65fc91de8d79034f2eebff1da0442b6af685a9adf95bd
controlled-relative-map-ridge-diagnostic,target-seattle,osm-sionna-target-seattle-bank-33,empty,704,170.28115101222633,175.52185863249943,-16.44395989554836,csi-pairs-formal-v2.1-v6,060d8671380acaf43bd0beb2c77ac5c6ec112e4ddc083451ab36a5916b7c9cac,ce0d6de3d77ed6edde2c9eca5f7ce4ab92c262b63ce50b25113c1cffc8a3ca46,False,CANDIDATE_NOT_DOMAIN_EVIDENCE,c63b699ed767134007e47157a733f68e4c31de8be4ca0c30d71ec46a08b85621,9548a24a4faf5db17b5251df407b4402de033ae8648ec321c850fe6105002cf1,f03e9b40548b237a49c65fc91de8d79034f2eebff1da0442b6af685a9adf95bd
controlled-relative-map-ridge-diagnostic,target-seattle,osm-sionna-target-seattle-bank-33,geometry_destroyed,704,971.9193550827409,979.6853189709133,785.516805789198,csi-pairs-formal-v2.1-v6,060d8671380acaf43bd0beb2c77ac5c6ec112e4ddc083451ab36a5916b7c9cac,ce0d6de3d77ed6edde2c9eca5f7ce4ab92c262b63ce50b25113c1cffc8a3ca46,False,CANDIDATE_NOT_DOMAIN_EVIDENCE,c63b699ed767134007e47157a733f68e4c31de8be4ca0c30d71ec46a08b85621,9548a24a4faf5db17b5251df407b4402de033ae8648ec321c850fe6105002cf1,f03e9b40548b237a49c65fc91de8d79034f2eebff1da0442b6af685a9adf95bd
controlled-relative-map-ridge-diagnostic,target-seattle,osm-sionna-target-seattle-bank-33,paired_active_alternative,704,186.62152899075164,193.77296568494162,-0.061223823683434375,csi-pairs-formal-v2.1-v6,060d8671380acaf43bd0beb2c77ac5c6ec112e4ddc083451ab36a5916b7c9cac,ce0d6de3d77ed6edde2c9eca5f7ce4ab92c262b63ce50b25113c1cffc8a3ca46,False,CANDIDATE_NOT_DOMAIN_EVIDENCE,c63b699ed767134007e47157a733f68e4c31de8be4ca0c30d71ec46a08b85621,9548a24a4faf5db17b5251df407b4402de033ae8648ec321c850fe6105002cf1,f03e9b40548b237a49c65fc91de8d79034f2eebff1da0442b6af685a9adf95bd
controlled-relative-map-ridge-diagnostic,target-seattle,osm-sionna-target-seattle-bank-33,paired_null_alternative,704,186.61048884588058,193.82872419735224,0.0,csi-pairs-formal-v2.1-v6,060d8671380acaf43bd0beb2c77ac5c6ec112e4ddc083451ab36a5916b7c9cac,ce0d6de3d77ed6edde2c9eca5f7ce4ab92c262b63ce50b25113c1cffc8a3ca46,False,CANDIDATE_NOT_DOMAIN_EVIDENCE,c63b699ed767134007e47157a733f68e4c31de8be4ca0c30d71ec46a08b85621,9548a24a4faf5db17b5251df407b4402de033ae8648ec321c850fe6105002cf1,f03e9b40548b237a49c65fc91de8d79034f2eebff1da0442b6af685a9adf95bd
controlled-relative-map-ridge-diagnostic,target-seattle,osm-sionna-target-seattle-bank-33,wrong_city,704,34.71767345840677,42.65720083740633,-152.02445768310668,csi-pairs-formal-v2.1-v6,060d8671380acaf43bd0beb2c77ac5c6ec112e4ddc083451ab36a5916b7c9cac,ce0d6de3d77ed6edde2c9eca5f7ce4ab92c262b63ce50b25113c1cffc8a3ca46,False,CANDIDATE_NOT_DOMAIN_EVIDENCE,c63b699ed767134007e47157a733f68e4c31de8be4ca0c30d71ec46a08b85621,9548a24a4faf5db17b5251df407b4402de033ae8648ec321c850fe6105002cf1,f03e9b40548b237a49c65fc91de8d79034f2eebff1da0442b6af685a9adf95bd
controlled-relative-map-ridge-diagnostic,target-seattle,osm-sionna-target-seattle-bank-34,correct,896,136.39548944554642,145.64745116233246,0.0,csi-pairs-formal-v2.1-v6,060d8671380acaf43bd0beb2c77ac5c6ec112e4ddc083451ab36a5916b7c9cac,ce0d6de3d77ed6edde2c9eca5f7ce4ab92c262b63ce50b25113c1cffc8a3ca46,False,CANDIDATE_NOT_DOMAIN_EVIDENCE,c63b699ed767134007e47157a733f68e4c31de8be4ca0c30d71ec46a08b85621,9548a24a4faf5db17b5251df407b4402de033ae8648ec321c850fe6105002cf1,f03e9b40548b237a49c65fc91de8d79034f2eebff1da0442b6af685a9adf95bd
controlled-relative-map-ridge-diagnostic,target-seattle,osm-sionna-target-seattle-bank-34,empty,896,124.79607962412379,127.96360593354768,-11.4068476743359,csi-pairs-formal-v2.1-v6,060d8671380acaf43bd0beb2c77ac5c6ec112e4ddc083451ab36a5916b7c9cac,ce0d6de3d77ed6edde2c9eca5f7ce4ab92c262b63ce50b25113c1cffc8a3ca46,False,CANDIDATE_NOT_DOMAIN_EVIDENCE,c63b699ed767134007e47157a733f68e4c31de8be4ca0c30d71ec46a08b85621,9548a24a4faf5db17b5251df407b4402de033ae8648ec321c850fe6105002cf1,f03e9b40548b237a49c65fc91de8d79034f2eebff1da0442b6af685a9adf95bd
controlled-relative-map-ridge-diagnostic,target-seattle,osm-sionna-target-seattle-bank-34,geometry_destroyed,896,766.7469033752278,777.0647384238393,630.6836407147335,csi-pairs-formal-v2.1-v6,060d8671380acaf43bd0beb2c77ac5c6ec112e4ddc083451ab36a5916b7c9cac,ce0d6de3d77ed6edde2c9eca5f7ce4ab92c262b63ce50b25113c1cffc8a3ca46,False,CANDIDATE_NOT_DOMAIN_EVIDENCE,c63b699ed767134007e47157a733f68e4c31de8be4ca0c30d71ec46a08b85621,9548a24a4faf5db17b5251df407b4402de033ae8648ec321c850fe6105002cf1,f03e9b40548b237a49c65fc91de8d79034f2eebff1da0442b6af685a9adf95bd
controlled-relative-map-ridge-diagnostic,target-seattle,osm-sionna-target-seattle-bank-34,paired_active_alternative,896,136.41781333581508,145.57452246444973,-2.718759267850146e-05,csi-pairs-formal-v2.1-v6,060d8671380acaf43bd0beb2c77ac5c6ec112e4ddc083451ab36a5916b7c9cac,ce0d6de3d77ed6edde2c9eca5f7ce4ab92c262b63ce50b25113c1cffc8a3ca46,False,CANDIDATE_NOT_DOMAIN_EVIDENCE,c63b699ed767134007e47157a733f68e4c31de8be4ca0c30d71ec46a08b85621,9548a24a4faf5db17b5251df407b4402de033ae8648ec321c850fe6105002cf1,f03e9b40548b237a49c65fc91de8d79034f2eebff1da0442b6af685a9adf95bd
controlled-relative-map-ridge-diagnostic,target-seattle,osm-sionna-target-seattle-bank-34,paired_null_alternative,896,136.3575445716614,145.64745116233246,2.363416101047733e-06,csi-pairs-formal-v2.1-v6,060d8671380acaf43bd0beb2c77ac5c6ec112e4ddc083451ab36a5916b7c9cac,ce0d6de3d77ed6edde2c9eca5f7ce4ab92c262b63ce50b25113c1cffc8a3ca46,False,CANDIDATE_NOT_DOMAIN_EVIDENCE,c63b699ed767134007e47157a733f68e4c31de8be4ca0c30d71ec46a08b85621,9548a24a4faf5db17b5251df407b4402de033ae8648ec321c850fe6105002cf1,f03e9b40548b237a49c65fc91de8d79034f2eebff1da0442b6af685a9adf95bd
controlled-relative-map-ridge-diagnostic,target-seattle,osm-sionna-target-seattle-bank-34,wrong_city,896,51.676892575682956,60.75991148479051,-84.80901762494295,csi-pairs-formal-v2.1-v6,060d8671380acaf43bd0beb2c77ac5c6ec112e4ddc083451ab36a5916b7c9cac,ce0d6de3d77ed6edde2c9eca5f7ce4ab92c262b63ce50b25113c1cffc8a3ca46,False,CANDIDATE_NOT_DOMAIN_EVIDENCE,c63b699ed767134007e47157a733f68e4c31de8be4ca0c30d71ec46a08b85621,9548a24a4faf5db17b5251df407b4402de033ae8648ec321c850fe6105002cf1,f03e9b40548b237a49c65fc91de8d79034f2eebff1da0442b6af685a9adf95bd
controlled-relative-map-ridge-diagnostic,target-seattle,osm-sionna-target-seattle-bank-35,correct,816,118.99748497306305,122.82344525411628,0.0,csi-pairs-formal-v2.1-v6,060d8671380acaf43bd0beb2c77ac5c6ec112e4ddc083451ab36a5916b7c9cac,ce0d6de3d77ed6edde2c9eca5f7ce4ab92c262b63ce50b25113c1cffc8a3ca46,False,CANDIDATE_NOT_DOMAIN_EVIDENCE,c63b699ed767134007e47157a733f68e4c31de8be4ca0c30d71ec46a08b85621,9548a24a4faf5db17b5251df407b4402de033ae8648ec321c850fe6105002cf1,f03e9b40548b237a49c65fc91de8d79034f2eebff1da0442b6af685a9adf95bd
controlled-relative-map-ridge-diagnostic,target-seattle,osm-sionna-target-seattle-bank-35,empty,816,141.20406799186117,147.02600158329457,21.968905600292928,csi-pairs-formal-v2.1-v6,060d8671380acaf43bd0beb2c77ac5c6ec112e4ddc083451ab36a5916b7c9cac,ce0d6de3d77ed6edde2c9eca5f7ce4ab92c262b63ce50b25113c1cffc8a3ca46,False,CANDIDATE_NOT_DOMAIN_EVIDENCE,c63b699ed767134007e47157a733f68e4c31de8be4ca0c30d71ec46a08b85621,9548a24a4faf5db17b5251df407b4402de033ae8648ec321c850fe6105002cf1,f03e9b40548b237a49c65fc91de8d79034f2eebff1da0442b6af685a9adf95bd
controlled-relative-map-ridge-diagnostic,target-seattle,osm-sionna-target-seattle-bank-35,geometry_destroyed,816,812.4178007438791,818.6280510172976,694.4836775564966,csi-pairs-formal-v2.1-v6,060d8671380acaf43bd0beb2c77ac5c6ec112e4ddc083451ab36a5916b7c9cac,ce0d6de3d77ed6edde2c9eca5f7ce4ab92c262b63ce50b25113c1cffc8a3ca46,False,CANDIDATE_NOT_DOMAIN_EVIDENCE,c63b699ed767134007e47157a733f68e4c31de8be4ca0c30d71ec46a08b85621,9548a24a4faf5db17b5251df407b4402de033ae8648ec321c850fe6105002cf1,f03e9b40548b237a49c65fc91de8d79034f2eebff1da0442b6af685a9adf95bd
controlled-relative-map-ridge-diagnostic,target-seattle,osm-sionna-target-seattle-bank-35,paired_active_alternative,816,118.99347405058185,122.74195611342182,0.00025962210369812055,csi-pairs-formal-v2.1-v6,060d8671380acaf43bd0beb2c77ac5c6ec112e4ddc083451ab36a5916b7c9cac,ce0d6de3d77ed6edde2c9eca5f7ce4ab92c262b63ce50b25113c1cffc8a3ca46,False,CANDIDATE_NOT_DOMAIN_EVIDENCE,c63b699ed767134007e47157a733f68e4c31de8be4ca0c30d71ec46a08b85621,9548a24a4faf5db17b5251df407b4402de033ae8648ec321c850fe6105002cf1,f03e9b40548b237a49c65fc91de8d79034f2eebff1da0442b6af685a9adf95bd
controlled-relative-map-ridge-diagnostic,target-seattle,osm-sionna-target-seattle-bank-35,paired_null_alternative,816,118.99748497306305,122.82344525411628,0.0,csi-pairs-formal-v2.1-v6,060d8671380acaf43bd0beb2c77ac5c6ec112e4ddc083451ab36a5916b7c9cac,ce0d6de3d77ed6edde2c9eca5f7ce4ab92c262b63ce50b25113c1cffc8a3ca46,False,CANDIDATE_NOT_DOMAIN_EVIDENCE,c63b699ed767134007e47157a733f68e4c31de8be4ca0c30d71ec46a08b85621,9548a24a4faf5db17b5251df407b4402de033ae8648ec321c850fe6105002cf1,f03e9b40548b237a49c65fc91de8d79034f2eebff1da0442b6af685a9adf95bd
controlled-relative-map-ridge-diagnostic,target-seattle,osm-sionna-target-seattle-bank-35,wrong_city,816,29.401364828224306,33.29194626746628,-89.51788150831574,csi-pairs-formal-v2.1-v6,060d8671380acaf43bd0beb2c77ac5c6ec112e4ddc083451ab36a5916b7c9cac,ce0d6de3d77ed6edde2c9eca5f7ce4ab92c262b63ce50b25113c1cffc8a3ca46,False,CANDIDATE_NOT_DOMAIN_EVIDENCE,c63b699ed767134007e47157a733f68e4c31de8be4ca0c30d71ec46a08b85621,9548a24a4faf5db17b5251df407b4402de033ae8648ec321c850fe6105002cf1,f03e9b40548b237a49c65fc91de8d79034f2eebff1da0442b6af685a9adf95bd
controlled-relative-map-ridge-diagnostic,target-seattle,osm-sionna-target-seattle-bank-36,correct,880,41.07343188565497,45.01915624107795,0.0,csi-pairs-formal-v2.1-v6,060d8671380acaf43bd0beb2c77ac5c6ec112e4ddc083451ab36a5916b7c9cac,ce0d6de3d77ed6edde2c9eca5f7ce4ab92c262b63ce50b25113c1cffc8a3ca46,False,CANDIDATE_NOT_DOMAIN_EVIDENCE,c63b699ed767134007e47157a733f68e4c31de8be4ca0c30d71ec46a08b85621,9548a24a4faf5db17b5251df407b4402de033ae8648ec321c850fe6105002cf1,f03e9b40548b237a49c65fc91de8d79034f2eebff1da0442b6af685a9adf95bd
controlled-relative-map-ridge-diagnostic,target-seattle,osm-sionna-target-seattle-bank-36,empty,880,128.62382665086443,145.24502634846672,87.78605791487178,csi-pairs-formal-v2.1-v6,060d8671380acaf43bd0beb2c77ac5c6ec112e4ddc083451ab36a5916b7c9cac,ce0d6de3d77ed6edde2c9eca5f7ce4ab92c262b63ce50b25113c1cffc8a3ca46,False,CANDIDATE_NOT_DOMAIN_EVIDENCE,c63b699ed767134007e47157a733f68e4c31de8be4ca0c30d71ec46a08b85621,9548a24a4faf5db17b5251df407b4402de033ae8648ec321c850fe6105002cf1,f03e9b40548b237a49c65fc91de8d79034f2eebff1da0442b6af685a9adf95bd
controlled-relative-map-ridge-diagnostic,target-seattle,osm-sionna-target-seattle-bank-36,geometry_destroyed,880,1234.819081820207,1241.7262566520194,1193.4101746233955,csi-pairs-formal-v2.1-v6,060d8671380acaf43bd0beb2c77ac5c6ec112e4ddc083451ab36a5916b7c9cac,ce0d6de3d77ed6edde2c9eca5f7ce4ab92c262b63ce50b25113c1cffc8a3ca46,False,CANDIDATE_NOT_DOMAIN_EVIDENCE,c63b699ed767134007e47157a733f68e4c31de8be4ca0c30d71ec46a08b85621,9548a24a4faf5db17b5251df407b4402de033ae8648ec321c850fe6105002cf1,f03e9b40548b237a49c65fc91de8d79034f2eebff1da0442b6af685a9adf95bd
controlled-relative-map-ridge-diagnostic,target-seattle,osm-sionna-target-seattle-bank-36,paired_active_alternative,880,41.06157751067147,44.93597602579256,-5.15993751548649e-06,csi-pairs-formal-v2.1-v6,060d8671380acaf43bd0beb2c77ac5c6ec112e4ddc083451ab36a5916b7c9cac,ce0d6de3d77ed6edde2c9eca5f7ce4ab92c262b63ce50b25113c1cffc8a3ca46,False,CANDIDATE_NOT_DOMAIN_EVIDENCE,c63b699ed767134007e47157a733f68e4c31de8be4ca0c30d71ec46a08b85621,9548a24a4faf5db17b5251df407b4402de033ae8648ec321c850fe6105002cf1,f03e9b40548b237a49c65fc91de8d79034f2eebff1da0442b6af685a9adf95bd
controlled-relative-map-ridge-diagnostic,target-seattle,osm-sionna-target-seattle-bank-36,paired_null_alternative,880,41.07343188565497,45.01915624107795,0.0,csi-pairs-formal-v2.1-v6,060d8671380acaf43bd0beb2c77ac5c6ec112e4ddc083451ab36a5916b7c9cac,ce0d6de3d77ed6edde2c9eca5f7ce4ab92c262b63ce50b25113c1cffc8a3ca46,False,CANDIDATE_NOT_DOMAIN_EVIDENCE,c63b699ed767134007e47157a733f68e4c31de8be4ca0c30d71ec46a08b85621,9548a24a4faf5db17b5251df407b4402de033ae8648ec321c850fe6105002cf1,f03e9b40548b237a49c65fc91de8d79034f2eebff1da0442b6af685a9adf95bd
controlled-relative-map-ridge-diagnostic,target-seattle,osm-sionna-target-seattle-bank-36,wrong_city,880,27.654751761461043,32.811107503356325,-13.163216749541556,csi-pairs-formal-v2.1-v6,060d8671380acaf43bd0beb2c77ac5c6ec112e4ddc083451ab36a5916b7c9cac,ce0d6de3d77ed6edde2c9eca5f7ce4ab92c262b63ce50b25113c1cffc8a3ca46,False,CANDIDATE_NOT_DOMAIN_EVIDENCE,c63b699ed767134007e47157a733f68e4c31de8be4ca0c30d71ec46a08b85621,9548a24a4faf5db17b5251df407b4402de033ae8648ec321c850fe6105002cf1,f03e9b40548b237a49c65fc91de8d79034f2eebff1da0442b6af685a9adf95bd
controlled-relative-map-ridge-diagnostic,target-seattle,osm-sionna-target-seattle-bank-37,correct,664,48.12707234746205,52.980113615657515,0.0,csi-pairs-formal-v2.1-v6,060d8671380acaf43bd0beb2c77ac5c6ec112e4ddc083451ab36a5916b7c9cac,ce0d6de3d77ed6edde2c9eca5f7ce4ab92c262b63ce50b25113c1cffc8a3ca46,False,CANDIDATE_NOT_DOMAIN_EVIDENCE,c63b699ed767134007e47157a733f68e4c31de8be4ca0c30d71ec46a08b85621,9548a24a4faf5db17b5251df407b4402de033ae8648ec321c850fe6105002cf1,f03e9b40548b237a49c65fc91de8d79034f2eebff1da0442b6af685a9adf95bd
controlled-relative-map-ridge-diagnostic,target-seattle,osm-sionna-target-seattle-bank-37,empty,664,122.61841216106251,125.82161879174713,74.7210483724316,csi-pairs-formal-v2.1-v6,060d8671380acaf43bd0beb2c77ac5c6ec112e4ddc083451ab36a5916b7c9cac,ce0d6de3d77ed6edde2c9eca5f7ce4ab92c262b63ce50b25113c1cffc8a3ca46,False,CANDIDATE_NOT_DOMAIN_EVIDENCE,c63b699ed767134007e47157a733f68e4c31de8be4ca0c30d71ec46a08b85621,9548a24a4faf5db17b5251df407b4402de033ae8648ec321c850fe6105002cf1,f03e9b40548b237a49c65fc91de8d79034f2eebff1da0442b6af685a9adf95bd
controlled-relative-map-ridge-diagnostic,target-seattle,osm-sionna-target-seattle-bank-37,geometry_destroyed,664,1350.626530882651,1363.5157526382125,1301.587020185072,csi-pairs-formal-v2.1-v6,060d8671380acaf43bd0beb2c77ac5c6ec112e4ddc083451ab36a5916b7c9cac,ce0d6de3d77ed6edde2c9eca5f7ce4ab92c262b63ce50b25113c1cffc8a3ca46,False,CANDIDATE_NOT_DOMAIN_EVIDENCE,c63b699ed767134007e47157a733f68e4c31de8be4ca0c30d71ec46a08b85621,9548a24a4faf5db17b5251df407b4402de033ae8648ec321c850fe6105002cf1,f03e9b40548b237a49c65fc91de8d79034f2eebff1da0442b6af685a9adf95bd
controlled-relative-map-ridge-diagnostic,target-seattle,osm-sionna-target-seattle-bank-37,paired_active_alternative,664,48.12705815017004,53.07731038716147,-0.0007436533193256878,csi-pairs-formal-v2.1-v6,060d8671380acaf43bd0beb2c77ac5c6ec112e4ddc083451ab36a5916b7c9cac,ce0d6de3d77ed6edde2c9eca5f7ce4ab92c262b63ce50b25113c1cffc8a3ca46,False,CANDIDATE_NOT_DOMAIN_EVIDENCE,c63b699ed767134007e47157a733f68e4c31de8be4ca0c30d71ec46a08b85621,9548a24a4faf5db17b5251df407b4402de033ae8648ec321c850fe6105002cf1,f03e9b40548b237a49c65fc91de8d79034f2eebff1da0442b6af685a9adf95bd
controlled-relative-map-ridge-diagnostic,target-seattle,osm-sionna-target-seattle-bank-37,paired_null_alternative,664,48.12707234746205,52.980113615657515,0.0,csi-pairs-formal-v2.1-v6,060d8671380acaf43bd0beb2c77ac5c6ec112e4ddc083451ab36a5916b7c9cac,ce0d6de3d77ed6edde2c9eca5f7ce4ab92c262b63ce50b25113c1cffc8a3ca46,False,CANDIDATE_NOT_DOMAIN_EVIDENCE,c63b699ed767134007e47157a733f68e4c31de8be4ca0c30d71ec46a08b85621,9548a24a4faf5db17b5251df407b4402de033ae8648ec321c850fe6105002cf1,f03e9b40548b237a49c65fc91de8d79034f2eebff1da0442b6af685a9adf95bd
controlled-relative-map-ridge-diagnostic,target-seattle,osm-sionna-target-seattle-bank-37,wrong_city,664,61.033894141476736,73.09681794832493,13.025491179688796,csi-pairs-formal-v2.1-v6,060d8671380acaf43bd0beb2c77ac5c6ec112e4ddc083451ab36a5916b7c9cac,ce0d6de3d77ed6edde2c9eca5f7ce4ab92c262b63ce50b25113c1cffc8a3ca46,False,CANDIDATE_NOT_DOMAIN_EVIDENCE,c63b699ed767134007e47157a733f68e4c31de8be4ca0c30d71ec46a08b85621,9548a24a4faf5db17b5251df407b4402de033ae8648ec321c850fe6105002cf1,f03e9b40548b237a49c65fc91de8d79034f2eebff1da0442b6af685a9adf95bd
controlled-relative-map-ridge-diagnostic,target-seattle,osm-sionna-target-seattle-bank-38,correct,784,76.82363305679527,88.48605567411231,0.0,csi-pairs-formal-v2.1-v6,060d8671380acaf43bd0beb2c77ac5c6ec112e4ddc083451ab36a5916b7c9cac,ce0d6de3d77ed6edde2c9eca5f7ce4ab92c262b63ce50b25113c1cffc8a3ca46,False,CANDIDATE_NOT_DOMAIN_EVIDENCE,c63b699ed767134007e47157a733f68e4c31de8be4ca0c30d71ec46a08b85621,9548a24a4faf5db17b5251df407b4402de033ae8648ec321c850fe6105002cf1,f03e9b40548b237a49c65fc91de8d79034f2eebff1da0442b6af685a9adf95bd
controlled-relative-map-ridge-diagnostic,target-seattle,osm-sionna-target-seattle-bank-38,empty,784,136.48106593524625,141.75401777591455,60.09120077459892,csi-pairs-formal-v2.1-v6,060d8671380acaf43bd0beb2c77ac5c6ec112e4ddc083451ab36a5916b7c9cac,ce0d6de3d77ed6edde2c9eca5f7ce4ab92c262b63ce50b25113c1cffc8a3ca46,False,CANDIDATE_NOT_DOMAIN_EVIDENCE,c63b699ed767134007e47157a733f68e4c31de8be4ca0c30d71ec46a08b85621,9548a24a4faf5db17b5251df407b4402de033ae8648ec321c850fe6105002cf1,f03e9b40548b237a49c65fc91de8d79034f2eebff1da0442b6af685a9adf95bd
controlled-relative-map-ridge-diagnostic,target-seattle,osm-sionna-target-seattle-bank-38,geometry_destroyed,784,1175.4218060771811,1191.61384823767,1098.3705275732686,csi-pairs-formal-v2.1-v6,060d8671380acaf43bd0beb2c77ac5c6ec112e4ddc083451ab36a5916b7c9cac,ce0d6de3d77ed6edde2c9eca5f7ce4ab92c262b63ce50b25113c1cffc8a3ca46,False,CANDIDATE_NOT_DOMAIN_EVIDENCE,c63b699ed767134007e47157a733f68e4c31de8be4ca0c30d71ec46a08b85621,9548a24a4faf5db17b5251df407b4402de033ae8648ec321c850fe6105002cf1,f03e9b40548b237a49c65fc91de8d79034f2eebff1da0442b6af685a9adf95bd
controlled-relative-map-ridge-diagnostic,target-seattle,osm-sionna-target-seattle-bank-38,paired_active_alternative,784,76.9790003534671,88.47473570335394,-0.00029381932047556347,csi-pairs-formal-v2.1-v6,060d8671380acaf43bd0beb2c77ac5c6ec112e4ddc083451ab36a5916b7c9cac,ce0d6de3d77ed6edde2c9eca5f7ce4ab92c262b63ce50b25113c1cffc8a3ca46,False,CANDIDATE_NOT_DOMAIN_EVIDENCE,c63b699ed767134007e47157a733f68e4c31de8be4ca0c30d71ec46a08b85621,9548a24a4faf5db17b5251df407b4402de033ae8648ec321c850fe6105002cf1,f03e9b40548b237a49c65fc91de8d79034f2eebff1da0442b6af685a9adf95bd
controlled-relative-map-ridge-diagnostic,target-seattle,osm-sionna-target-seattle-bank-38,paired_null_alternative,784,76.82363305679527,88.48605567411231,0.0,csi-pairs-formal-v2.1-v6,060d8671380acaf43bd0beb2c77ac5c6ec112e4ddc083451ab36a5916b7c9cac,ce0d6de3d77ed6edde2c9eca5f7ce4ab92c262b63ce50b25113c1cffc8a3ca46,False,CANDIDATE_NOT_DOMAIN_EVIDENCE,c63b699ed767134007e47157a733f68e4c31de8be4ca0c30d71ec46a08b85621,9548a24a4faf5db17b5251df407b4402de033ae8648ec321c850fe6105002cf1,f03e9b40548b237a49c65fc91de8d79034f2eebff1da0442b6af685a9adf95bd
controlled-relative-map-ridge-diagnostic,target-seattle,osm-sionna-target-seattle-bank-38,wrong_city,784,19.462215213087337,35.103078770433655,-56.73418119041428,csi-pairs-formal-v2.1-v6,060d8671380acaf43bd0beb2c77ac5c6ec112e4ddc083451ab36a5916b7c9cac,ce0d6de3d77ed6edde2c9eca5f7ce4ab92c262b63ce50b25113c1cffc8a3ca46,False,CANDIDATE_NOT_DOMAIN_EVIDENCE,c63b699ed767134007e47157a733f68e4c31de8be4ca0c30d71ec46a08b85621,9548a24a4faf5db17b5251df407b4402de033ae8648ec321c850fe6105002cf1,f03e9b40548b237a49c65fc91de8d79034f2eebff1da0442b6af685a9adf95bd
controlled-relative-map-ridge-diagnostic,target-seattle,osm-sionna-target-seattle-bank-39,correct,832,6.286919796088965,10.860594963999954,0.0,csi-pairs-formal-v2.1-v6,060d8671380acaf43bd0beb2c77ac5c6ec112e4ddc083451ab36a5916b7c9cac,ce0d6de3d77ed6edde2c9eca5f7ce4ab92c262b63ce50b25113c1cffc8a3ca46,False,CANDIDATE_NOT_DOMAIN_EVIDENCE,c63b699ed767134007e47157a733f68e4c31de8be4ca0c30d71ec46a08b85621,9548a24a4faf5db17b5251df407b4402de033ae8648ec321c850fe6105002cf1,f03e9b40548b237a49c65fc91de8d79034f2eebff1da0442b6af685a9adf95bd
controlled-relative-map-ridge-diagnostic,target-seattle,osm-sionna-target-seattle-bank-39,empty,832,167.13203981233198,173.31366836450735,161.81840402074124,csi-pairs-formal-v2.1-v6,060d8671380acaf43bd0beb2c77ac5c6ec112e4ddc083451ab36a5916b7c9cac,ce0d6de3d77ed6edde2c9eca5f7ce4ab92c262b63ce50b25113c1cffc8a3ca46,False,CANDIDATE_NOT_DOMAIN_EVIDENCE,c63b699ed767134007e47157a733f68e4c31de8be4ca0c30d71ec46a08b85621,9548a24a4faf5db17b5251df407b4402de033ae8648ec321c850fe6105002cf1,f03e9b40548b237a49c65fc91de8d79034f2eebff1da0442b6af685a9adf95bd
controlled-relative-map-ridge-diagnostic,target-seattle,osm-sionna-target-seattle-bank-39,geometry_destroyed,832,455.13633109487705,461.7172446421958,450.03649305927786,csi-pairs-formal-v2.1-v6,060d8671380acaf43bd0beb2c77ac5c6ec112e4ddc083451ab36a5916b7c9cac,ce0d6de3d77ed6edde2c9eca5f7ce4ab92c262b63ce50b25113c1cffc8a3ca46,False,CANDIDATE_NOT_DOMAIN_EVIDENCE,c63b699ed767134007e47157a733f68e4c31de8be4ca0c30d71ec46a08b85621,9548a24a4faf5db17b5251df407b4402de033ae8648ec321c850fe6105002cf1,f03e9b40548b237a49c65fc91de8d79034f2eebff1da0442b6af685a9adf95bd
controlled-relative-map-ridge-diagnostic,target-seattle,osm-sionna-target-seattle-bank-39,paired_active_alternative,832,6.305360836168393,10.636656015500613,-0.0029735176081064907,csi-pairs-formal-v2.1-v6,060d8671380acaf43bd0beb2c77ac5c6ec112e4ddc083451ab36a5916b7c9cac,ce0d6de3d77ed6edde2c9eca5f7ce4ab92c262b63ce50b25113c1cffc8a3ca46,False,CANDIDATE_NOT_DOMAIN_EVIDENCE,c63b699ed767134007e47157a733f68e4c31de8be4ca0c30d71ec46a08b85621,9548a24a4faf5db17b5251df407b4402de033ae8648ec321c850fe6105002cf1,f03e9b40548b237a49c65fc91de8d79034f2eebff1da0442b6af685a9adf95bd
controlled-relative-map-ridge-diagnostic,target-seattle,osm-sionna-target-seattle-bank-39,paired_null_alternative,832,6.286919796088965,10.860594963999954,0.0,csi-pairs-formal-v2.1-v6,060d8671380acaf43bd0beb2c77ac5c6ec112e4ddc083451ab36a5916b7c9cac,ce0d6de3d77ed6edde2c9eca5f7ce4ab92c262b63ce50b25113c1cffc8a3ca46,False,CANDIDATE_NOT_DOMAIN_EVIDENCE,c63b699ed767134007e47157a733f68e4c31de8be4ca0c30d71ec46a08b85621,9548a24a4faf5db17b5251df407b4402de033ae8648ec321c850fe6105002cf1,f03e9b40548b237a49c65fc91de8d79034f2eebff1da0442b6af685a9adf95bd
controlled-relative-map-ridge-diagnostic,target-seattle,osm-sionna-target-seattle-bank-39,wrong_city,832,29.518124399475,38.33787825250642,24.899687333127396,csi-pairs-formal-v2.1-v6,060d8671380acaf43bd0beb2c77ac5c6ec112e4ddc083451ab36a5916b7c9cac,ce0d6de3d77ed6edde2c9eca5f7ce4ab92c262b63ce50b25113c1cffc8a3ca46,False,CANDIDATE_NOT_DOMAIN_EVIDENCE,c63b699ed767134007e47157a733f68e4c31de8be4ca0c30d71ec46a08b85621,9548a24a4faf5db17b5251df407b4402de033ae8648ec321c850fe6105002cf1,f03e9b40548b237a49c65fc91de8d79034f2eebff1da0442b6af685a9adf95bd
controlled-relative-map-ridge-diagnostic,target-seattle,osm-sionna-target-seattle-bank-40,correct,776,80.93926970257039,86.41879463910244,0.0,csi-pairs-formal-v2.1-v6,060d8671380acaf43bd0beb2c77ac5c6ec112e4ddc083451ab36a5916b7c9cac,ce0d6de3d77ed6edde2c9eca5f7ce4ab92c262b63ce50b25113c1cffc8a3ca46,False,CANDIDATE_NOT_DOMAIN_EVIDENCE,c63b699ed767134007e47157a733f68e4c31de8be4ca0c30d71ec46a08b85621,9548a24a4faf5db17b5251df407b4402de033ae8648ec321c850fe6105002cf1,f03e9b40548b237a49c65fc91de8d79034f2eebff1da0442b6af685a9adf95bd
controlled-relative-map-ridge-diagnostic,target-seattle,osm-sionna-target-seattle-bank-40,empty,776,120.64044428237274,122.10703985647372,39.932085690540646,csi-pairs-formal-v2.1-v6,060d8671380acaf43bd0beb2c77ac5c6ec112e4ddc083451ab36a5916b7c9cac,ce0d6de3d77ed6edde2c9eca5f7ce4ab92c262b63ce50b25113c1cffc8a3ca46,False,CANDIDATE_NOT_DOMAIN_EVIDENCE,c63b699ed767134007e47157a733f68e4c31de8be4ca0c30d71ec46a08b85621,9548a24a4faf5db17b5251df407b4402de033ae8648ec321c850fe6105002cf1,f03e9b40548b237a49c65fc91de8d79034f2eebff1da0442b6af685a9adf95bd
controlled-relative-map-ridge-diagnostic,target-seattle,osm-sionna-target-seattle-bank-40,geometry_destroyed,776,914.989292550595,921.8114250758915,834.1237490250588,csi-pairs-formal-v2.1-v6,060d8671380acaf43bd0beb2c77ac5c6ec112e4ddc083451ab36a5916b7c9cac,ce0d6de3d77ed6edde2c9eca5f7ce4ab92c262b63ce50b25113c1cffc8a3ca46,False,CANDIDATE_NOT_DOMAIN_EVIDENCE,c63b699ed767134007e47157a733f68e4c31de8be4ca0c30d71ec46a08b85621,9548a24a4faf5db17b5251df407b4402de033ae8648ec321c850fe6105002cf1,f03e9b40548b237a49c65fc91de8d79034f2eebff1da0442b6af685a9adf95bd
controlled-relative-map-ridge-diagnostic,target-seattle,osm-sionna-target-seattle-bank-40,paired_active_alternative,776,80.94011385926122,86.42713244070922,-0.05119484274007391,csi-pairs-formal-v2.1-v6,060d8671380acaf43bd0beb2c77ac5c6ec112e4ddc083451ab36a5916b7c9cac,ce0d6de3d77ed6edde2c9eca5f7ce4ab92c262b63ce50b25113c1cffc8a3ca46,False,CANDIDATE_NOT_DOMAIN_EVIDENCE,c63b699ed767134007e47157a733f68e4c31de8be4ca0c30d71ec46a08b85621,9548a24a4faf5db17b5251df407b4402de033ae8648ec321c850fe6105002cf1,f03e9b40548b237a49c65fc91de8d79034f2eebff1da0442b6af685a9adf95bd
controlled-relative-map-ridge-diagnostic,target-seattle,osm-sionna-target-seattle-bank-40,paired_null_alternative,776,80.93926970257039,86.41879463910244,0.0,csi-pairs-formal-v2.1-v6,060d8671380acaf43bd0beb2c77ac5c6ec112e4ddc083451ab36a5916b7c9cac,ce0d6de3d77ed6edde2c9eca5f7ce4ab92c262b63ce50b25113c1cffc8a3ca46,False,CANDIDATE_NOT_DOMAIN_EVIDENCE,c63b699ed767134007e47157a733f68e4c31de8be4ca0c30d71ec46a08b85621,9548a24a4faf5db17b5251df407b4402de033ae8648ec321c850fe6105002cf1,f03e9b40548b237a49c65fc91de8d79034f2eebff1da0442b6af685a9adf95bd
controlled-relative-map-ridge-diagnostic,target-seattle,osm-sionna-target-seattle-bank-40,wrong_city,776,85.45287340615599,91.67843653839013,4.58739947195869,csi-pairs-formal-v2.1-v6,060d8671380acaf43bd0beb2c77ac5c6ec112e4ddc083451ab36a5916b7c9cac,ce0d6de3d77ed6edde2c9eca5f7ce4ab92c262b63ce50b25113c1cffc8a3ca46,False,CANDIDATE_NOT_DOMAIN_EVIDENCE,c63b699ed767134007e47157a733f68e4c31de8be4ca0c30d71ec46a08b85621,9548a24a4faf5db17b5251df407b4402de033ae8648ec321c850fe6105002cf1,f03e9b40548b237a49c65fc91de8d79034f2eebff1da0442b6af685a9adf95bd
